Sales,SVD_1,SVD_2
1.0,2829.1337837818305,2.7462843624800013
1.0000000000000002,2828.4260610434076,3.434086183624547
1.0,2834.797047711748,-2.8908907482254715
1.0000000000000002,2834.089860390551,-2.226002779001314
1.0,2843.9841483841014,2.0337358375609127
1.0000000000000002,2845.400062635448,0.6354774452977393
1.0,2831.965960358208,-0.07969147448262874
1.0,2834.797814936521,-2.9171122260316493
1.0,2829.8421621293232,2.01770943810969
1.0,2830.54971090497,1.3314862798472253
1.0000000000000002,2819.2398477891047,-1.528315855666453
1.0,2829.842055021064,2.043558277019886
1.0,2834.089705647177,-2.2009570017286832
1.0,2831.2579694713313,0.6295959287710985
1.0,2833.381834975202,-1.5213660789105576
1.0,2829.841352543346,2.0417232663585523
1.0000000000000002,2846.815785625454,-0.816191501246266
1.0,2829.1341328136177,2.7425820150500093
1.0,2820.6554175868105,-2.9244305919003954
1.0,2834.797769574505,-2.9165497339763182
1.0000000000000002,2834.7977671256117,-2.923598024864592
1.0,2833.381778385862,-1.4754828274130585
1.0,2842.568299553687,3.433069861924526
1.0,2842.5682899937824,3.4493434380523973
1.0,2831.25809175776,0.614084890760526
1.0000000000000002,2844.691828991576,1.3444781297285089
1.0,2844.6920608326823,1.3544682812155198
1.0000000000000002,2834.08959537737,-2.2276833172359023
1.0,2831.96594065455,-0.07302487617425586
1.0000000000000002,2842.5683669646282,3.4387868312983882
1.0,2845.4000544612595,0.6374587571716067
1.0000000000000002,2829.8421980044777,2.0256191498297778
1.0,2845.3997894452677,0.6368849943195443
1.0,2831.9656715238793,-0.08288516960177437
1.0000000000000002,2819.947687567553,-2.2281316856637585
1.0,2831.9652362854804,-0.08236698910617096
1.0,2847.5240585604033,-1.5432279737526278
1.0000000000000002,2834.089846213141,-2.1995137836902234
1.0,2842.567227640339,3.4828787811510313
1.0000000000000002,2834.7975397454734,-2.9006971651744937
1.0000000000000002,2834.797062376823,-2.8965582367282376
1.0,2834.7966833327405,-2.8950042871379624
1.0,2831.257228096792,0.6287876886179818
0.9833333333333332,2834.0898115773166,-2.2258135761190343
0.9833333333333332,2819.947372938478,-2.227273713678739
0.9833333333333332,2833.381864041457,-1.5281025681448204
0.9833333333333332,2834.089817055218,-2.2268610153988866
0.9833333333333332,2819.239787263893,-1.5413952957207375
1.0,2830.5492711692295,1.3260423361008145
0.9833333333333332,2831.9659081041855,-0.0804789168301978
0.9833333333333332,2842.56742507992,3.4623470220306833
0.9833333333333332,2829.841692760803,2.0214623631279047
0.9833333333333332,2843.9840851177196,2.0413276827542153
0.9833333333333332,2847.524117127738,-1.5531646535206038
0.9833333333333332,2833.381858488624,-1.520622479062873
1.0000000000000002,2833.381833502908,-1.5067880594870748
0.9833333333333332,2820.6556487879097,-2.9330172397702152
0.9833333333333332,2829.8410823559743,2.0380750627291717
0.9833333333333332,2834.797734521652,-2.9138402211455676
0.9833333333333332,2834.0898096189835,-2.2067802456342265
0.9833333333333332,2834.7970278549997,-2.9015066466995503
1.0000000000000002,2842.5682394879063,3.460486464844125
0.9833333333333332,2828.4260905602378,3.4293488122585885
0.9833333333333332,2829.1342000158306,2.7223120377295
0.9833333333333332,2831.966122161519,-0.10178075032745308
0.9833333333333332,2846.108036783064,-0.1116726540705347
0.9833333333333332,2842.5679193007104,3.4521135964945655
0.9833333333333332,2818.5315115668145,-0.8109687251039767
0.9833333333333332,2833.3818492556534,-1.4894049176008033
0.9833333333333332,2832.673882717774,-0.7976181431840299
0.9833333333333332,2819.9473354967417,-2.2139916437125597
0.9833333333333332,2833.3808525989916,-1.492017771169591
0.9833333333333332,2830.5500941499545,1.300704176423653
1.0,2829.1340974081877,2.7351901757619315
0.9833333333333332,2819.239689835163,-1.5091530020417305
0.9833333333333332,2846.815813618307,-0.8223245220725546
0.9833333333333332,2831.257956218274,0.6277273045167423
0.9833333333333332,2830.5497581903064,1.3428517905935171
0.9833333333333332,2833.3816184169764,-1.4929365045092649
0.9833333333333332,2832.673687156665,-0.7857929525116935
1.0,2834.0890416078546,-2.198103241509157
0.9833333333333332,2834.797769381607,-2.9007846530079076
0.9833333333333332,2829.1342343439283,2.7227593177594027
0.9666666666666668,2834.089783449868,-2.1867927041179356
0.9666666666666665,2817.8237539032543,-0.10636728308934569
0.9666666666666668,2820.65565900162,-2.9218403294832664
0.9666666666666665,2819.9477090850783,-2.221258880045455
0.9833333333333332,2829.842059269357,2.0304353107650037
0.9833333333333332,2834.089778883283,-2.1904840959361986
0.9666666666666665,2820.6556862466955,-2.925540452566921
0.9666666666666668,2845.4001885458947,0.6355350140239969
0.9666666666666665,2830.55000418845,1.3304825264043458
0.9666666666666665,2834.0897664292006,-2.208731261715379
0.9833333333333332,2842.568022187816,3.470784241005513
0.9666666666666668,2828.4261081893487,3.4419574005599576
0.9666666666666668,2819.947661166204,-2.221995892792103
0.9666666666666665,2819.2397192942162,-1.5197679779413567
0.9666666666666665,2846.815751443668,-0.8188316420637474
0.9666666666666665,2843.9843020471703,2.039078157080859
0.9666666666666668,2801.5579123043785,1.9723217035761647
0.9666666666666665,2843.2758957797996,2.7580286838694414
0.9666666666666668,2820.6557482366775,-2.940126534229385
0.9666666666666665,2834.0895012544956,-2.1923818046886563
0.9833333333333332,2834.08980872672,-2.197006252952766
0.9666666666666668,2829.134066574044,2.734144913104345
0.9833333333333332,2831.2579534730276,0.6232499748167918
0.9666666666666668,2831.257241417291,0.603182342603082
0.9666666666666665,2842.5682379799578,3.4634809214505857
0.9666666666666668,2842.5682123572155,3.457934534347367
0.9833333333333332,2834.089973542665,-2.210667642942406
0.9666666666666665,2833.3820454471506,-1.533521597387015
0.9666666666666668,2834.7977653746448,-2.9093061602667105
0.9833333333333332,2829.841191848384,2.02419929799813
0.9666666666666665,2831.257940220848,0.6204007297844388
0.9666666666666665,2843.9840854768454,2.048057586605135
0.9666666666666665,2842.5676021633612,3.435816897284946
0.9666666666666668,2846.1081878154555,-0.12953286483930673
0.9666666666666665,2842.567452832372,3.4666987840074075
0.9833333333333332,2842.568230955688,3.4506091921387645
0.9666666666666668,2842.5682610684753,3.437502174701856
0.9666666666666668,2842.5682740129,3.4473285168266536
0.9666666666666668,2830.550134023732,1.3129054657411323
0.9666666666666665,2843.275483090825,2.755330033798678
0.9666666666666665,2842.5682159160915,3.453658600948195
0.9666666666666665,2847.52409966682,-1.5495188096703907
0.9666666666666668,2843.9841382919635,2.045736098597929
0.9666666666666668,2845.4001943653784,0.6259445001100133
0.9666666666666668,2846.1078026307177,-0.10754626043478081
0.9833333333333332,2842.567478403343,3.468389098976424
0.9833333333333332,2845.400045626103,0.638631543068239
0.9833333333333332,2843.276286941513,2.7575368952939225
0.9666666666666665,2834.79688491164,-2.9133665861259823
0.9833333333333332,2830.549463580374,1.321648048031403
0.9666666666666665,2831.9657118332784,-0.07976171147313157
0.9666666666666668,2843.9841275983454,2.0452563068054452
0.9666666666666668,2831.2579800965673,0.6298639418979126
0.9666666666666668,2801.557926073868,1.9705744917843842
0.9666666666666665,2832.673878627744,-0.8209387079583028
0.9833333333333332,2829.8417917487263,2.038022277180295
0.9666666666666668,2843.2759723212653,2.7669245891900194
0.9666666666666668,2842.5682843352342,3.4500283987646068
0.95,2828.426249626539,3.4285819059212526
0.95,2819.9473741588977,-2.2057234264383947
0.9666666666666668,2829.8421215805047,2.03803016704274
0.9499999999999998,2846.816000140297,-0.8158819737675572
0.95,2848.2320415825448,-2.2326480747707005
0.9666666666666668,2802.265888790189,1.2655906222507494
0.9666666666666668,2834.0895823199953,-2.19085411649763
0.9499999999999998,2834.089167566686,-2.2065433578146956
0.9666666666666665,2847.523997409612,-1.532762506852039
0.95,2831.9656530107977,-0.0808035142809701
0.9499999999999998,2831.257710401081,0.6262108113170467
0.9499999999999998,2830.5499556564505,1.324046367307819
0.9499999999999998,2843.983328938301,2.0498394140114793
0.9499999999999998,2829.8421607793184,2.017210104888381
0.9666666666666665,2844.692050280728,1.3569213778445086
0.95,2820.655649309874,-2.9229418818046926
0.9499999999999998,2820.655411669373,-2.9254796898494244
0.95,2829.134108303965,2.740966998992747
0.9499999999999998,2834.7975359051875,-2.8946446342510903
0.95,2842.568369161017,3.4473863766200923
0.95,2834.7977880484436,-2.9085310499819097
0.95,2834.089853500485,-2.2189009186749855
0.95,2844.6922374177066,1.3320664528432227
0.9666666666666665,2843.2761929365392,2.7522425286775154
0.9499999999999998,2828.4262331002037,3.427661966336718
0.9499999999999998,2829.842032133129,2.0324807052407046
0.9666666666666668,2843.9841172586716,2.053518068733011
0.95,2847.522973591827,-1.5183773931478035
0.95,2819.9476582665184,-2.220414097311934
0.9499999999999998,2819.239412861225,-1.501075643492316
0.9499999999999998,2815.6998440699895,1.9999994398270458
0.95,2843.2760642663643,2.7408055274759295
0.9666666666666668,2819.9477080046504,-2.2272926115136498
0.9666666666666665,2831.2579926114067,0.6078231216521894
0.95,2842.568229824968,3.427907365306269
0.9499999999999998,2846.108073295285,-0.11432824313845778
0.9666666666666668,2830.5497067057213,1.3270708013721808
0.9666666666666668,2834.089476573738,-2.1902659383264695
0.9499999999999998,2845.400006205615,0.6441246193139286
0.95,2843.276150852666,2.7429997363621115
0.9499999999999998,2844.6922213548014,1.3282949916629199
0.9666666666666668,2843.9842758679465,2.034697903038387
0.9499999999999998,2844.692090536208,1.3471277197857334
0.95,2834.089677231987,-2.2244864120591767
0.95,2828.4261127389573,3.4364738084189566
0.95,2834.0897798025403,-2.198081946776902
0.95,2833.381576063599,-1.4963513272337805
0.95,2834.7970582005855,-2.90124775831074
0.9666666666666668,2846.8157362132106,-0.8374672952901795
0.9666666666666668,2829.1337697638246,2.729443292441514
0.9666666666666668,2843.2759138867186,2.764320680212032
0.95,2834.797762753046,-2.912610534838235
0.95,2843.27614892616,2.755895442265868
0.9499999999999998,2831.9656995258397,-0.08192982720734056
0.9666666666666668,2834.0897734563696,-2.196137948613056
0.95,2833.3815803055536,-1.5050075342847704
0.95,2819.947700443993,-2.2124537822510417
0.9666666666666668,2817.823484411465,-0.11233936231604451
0.9333333333333332,2834.0897270301207,-2.207414169579584
0.9333333333333332,2834.089759169941,-2.1980602520322825
0.9333333333333332,2847.5236619262855,-1.5320804439321882
0.9333333333333332,2846.816113265116,-0.8341296948716409
0.95,2833.381122776011,-1.4876578780872254
0.9333333333333332,2847.5237432845524,-1.529407079082044
0.9333333333333332,2829.8417936063965,2.0476718078341465
0.9333333333333332,2842.568216316732,3.4698443811179702
0.9333333333333332,2842.568261641049,3.45338186773338
0.9333333333333332,2845.3997844699165,0.6461310584176648
0.9333333333333332,2844.6918376335234,1.3583980991939626
0.9333333333333332,2833.3817900949257,-1.4927425193771597
0.9333333333333332,2847.5236894032387,-1.5289698837278878
0.9333333333333332,2829.8417160440945,2.023095363581308
0.95,2846.1082364110866,-0.12424605931597903
0.95,2828.4257655835013,3.4296059715399934
0.9333333333333332,2817.8237657387754,-0.11213160073193512
0.9333333333333332,2846.1082008488943,-0.14760715178154588
0.9333333333333332,2829.842043754233,2.0342179743084716
0.9333333333333332,2843.2754676248187,2.754309504840372
0.9333333333333332,2846.107749942777,-0.12362420859003158
0.9333333333333332,2830.5493151011865,1.3330514880687445
0.9333333333333332,2833.38116180781,-1.494105574748563
0.9333333333333332,2845.399972839254,0.6355742080457111
0.9333333333333332,2831.2578016179655,0.6166875267176666
0.9499999999999998,2818.530988643544,-0.8161963279306657
0.9333333333333332,2834.0895561165507,-2.2278260613873795
0.9333333333333332,2831.965599016095,-0.08990355282857188
0.9333333333333332,2834.089814835869,-2.1989834177674945
0.95,2842.568440510913,3.448312202785049
0.9333333333333332,2829.8420360947985,2.0332312997323063
0.9333333333333332,2834.797753543159,-2.9077979863695944
0.9333333333333332,2834.089928206164,-2.2213265731570666
0.95,2831.9656391451067,-0.07355943585793155
0.9333333333333332,2829.134209291904,2.7255918448384233
0.9333333333333332,2830.5499924623373,1.3257589507909695
0.9333333333333332,2831.9657145834262,-0.07392780650384011
0.9333333333333332,2843.9833963217025,2.0657249639569306
0.9333333333333332,2834.7975722210435,-2.891477136084441
0.9333333333333332,2829.134027626796,2.7327605948620963
0.9333333333333332,2804.3895449774636,-0.8362424211802285
0.9333333333333332,2831.965246383311,-0.08550854285378309
0.9333333333333332,2833.3815937664804,-1.5128789987549718
0.9333333333333332,2834.089833307142,-2.2257707101002233
0.9333333333333332,2831.9651685758104,-0.08544841588223054
0.9333333333333332,2846.1077528613077,-0.11017907033708964
0.9333333333333332,2848.2319542618134,-2.2381809070821674
0.95,2834.7976628042957,-2.9133196636940553
0.9333333333333332,2847.523024316939,-1.5240709870174072
0.95,2834.797827241575,-2.912037537065343
0.9333333333333332,2834.0897703376068,-2.181920117989024
0.9333333333333332,2834.7974842395565,-2.907360087430179
0.9333333333333332,2833.38187570727,-1.514420855274509
0.95,2843.2756411644496,2.7111488585453913
0.95,2834.7979822312336,-2.9498430113621086
0.9333333333333332,2834.7976880208275,-2.9118525175218597
0.9333333333333332,2816.4079355382028,1.2824616596468086
0.9333333333333332,2819.239744099525,-1.516538440527995
0.9333333333333332,2846.8161774601463,-0.8310265814682124
0.9333333333333332,2832.673683522384,-0.7869319377372233
0.9333333333333332,2843.2761668822454,2.7602523520220195
0.9166666666666666,2831.9659282913867,-0.08144906635428631
0.9166666666666666,2830.5500092155935,1.3268714361831144
0.9166666666666666,2846.108104443468,-0.11305154975531227
0.9166666666666666,2829.841964012166,2.015222885241303
0.9166666666666666,2830.5499933229203,1.3296929431464999
0.9166666666666666,2817.8238633258243,-0.12559528612921628
0.9166666666666666,2833.3818523489476,-1.4942560071559035
0.9166666666666666,2831.2579762936384,0.6308264647902206
0.9166666666666666,2844.692077872268,1.3367776667168627
0.9166666666666666,2834.797927290933,-2.9167403814623114
0.9166666666666666,2830.5497382565754,1.3333064878374141
0.9166666666666666,2831.965953362771,-0.08028916535503895
0.9166666666666666,2832.673951123068,-0.7803327327761739
0.9166666666666666,2834.0895050342606,-2.2057374706720156
0.9166666666666666,2831.2576908018023,0.6313172970680399
0.9166666666666666,2843.2761750430464,2.7459905526327284
0.9333333333333332,2831.9658995147056,-0.09372759237892792
0.9166666666666666,2834.0897860059918,-2.184688277938451
0.9166666666666666,2829.1340732950084,2.741985822928352
0.9166666666666666,2846.1082190237057,-0.11046422582408778
0.9166666666666666,2830.5501328663963,1.3059904572000203
0.9166666666666666,2829.84219160092,2.029409285723364
0.9333333333333332,2847.5241551627055,-1.5452664297143865
0.9166666666666666,2842.568206923172,3.4460001168998398
0.9166666666666666,2834.0897972525013,-2.1957589805904782
0.9166666666666666,2834.7978133423344,-2.913355770999617
0.9333333333333332,2832.67362427017,-0.7796316242363167
0.9166666666666666,2834.7977593116184,-2.8995898361496697
0.9166666666666666,2847.5241124903823,-1.5485800697333716
0.9166666666666666,2829.1340511275316,2.736060363055155
0.9166666666666666,2817.115509128596,0.5981781135167994
0.9166666666666666,2829.841479100274,2.0240341175913965
0.9166666666666666,2834.0898609939713,-2.2327153883946416
0.9166666666666666,2830.5497204944945,1.3259815735721436
0.9333333333333332,2830.5500059428623,1.3262679472966772
0.9166666666666666,2846.107753406788,-0.09988173944999375
0.9333333333333332,2834.797725247764,-2.898934244591371
0.9166666666666666,2831.9658852462107,-0.08734723272535411
0.9166666666666666,2842.5681879625017,3.4633446109060197
0.9166666666666666,2834.089803785416,-2.2094425739749357
0.9166666666666666,2833.3818952212587,-1.492194673766788
0.9166666666666666,2845.3997505145085,0.6423515778470384
0.9166666666666666,2847.523957534788,-1.5348200152573777
0.9166666666666666,2830.549422835747,1.321859005272734
0.9166666666666666,2829.134042997688,2.732106447201278
0.9166666666666666,2834.089688779501,-2.223260006495592
0.9166666666666666,2820.655666787933,-2.932917522766862
0.9166666666666666,2833.3819467642847,-1.5090586970159923
0.9166666666666666,2831.96569086526,-0.08161892150745345
0.9166666666666666,2828.4260915711006,3.4348333157036737
0.9166666666666666,2829.1340871453717,2.7379138155285245
0.9166666666666666,2833.381840806716,-1.5001044307908193
0.9166666666666666,2848.231905377065,-2.2434224250545456
0.9166666666666666,2831.9660127254438,-0.09591438451114086
0.9166666666666666,2831.2580839526754,0.6111518553408815
0.9166666666666666,2831.2579314088425,0.6223715784359285
0.9166666666666666,2829.8407256610953,2.0317066314770735
0.9166666666666666,2834.089796261702,-2.226464315934561
0.9166666666666666,2832.673930059004,-0.8223013313760676
0.9333333333333332,2845.400018511636,0.6216692155014871
0.9333333333333332,2847.5240265811376,-1.5207017648369747
0.9166666666666666,2848.2320714710186,-2.256813776869439
0.9333333333333332,2829.134077710103,2.7410437871879187
0.9166666666666666,2828.426201590227,3.4218843510935417
0.9333333333333332,2828.4258383795927,3.430993143676183
0.9166666666666666,2833.3818576976932,-1.5014901422210316
0.9333333333333332,2833.3815888544946,-1.484654400565177
0.9166666666666666,2832.673224524913,-0.7816410952613746
0.9166666666666666,2831.257708347164,0.630392272818832
0.9166666666666666,2829.1340495202276,2.7350685505800323
0.8999999999999999,2843.276271344595,2.733425756699181
0.9166666666666666,2829.1340441676243,2.7309949596461425
0.8999999999999999,2829.134064896268,2.727988771155704
0.8999999999999999,2845.4000323880905,0.6195766771593711
0.8999999999999999,2820.6553083613635,-2.932508745880246
0.8999999999999999,2819.9477502059563,-2.2463496757974797
0.9166666666666666,2818.531835135855,-0.8350166569499395
0.8999999999999999,2834.7978370003243,-2.9114213394034896
0.8999999999999999,2834.089832840325,-2.221129449896497
0.8999999999999999,2829.841337729225,2.0382882765150856
0.8999999999999999,2845.3997586907094,0.6272189521160308
0.8999999999999999,2846.107803640114,-0.10602502495700131
0.8999999999999999,2817.8237373894344,-0.11650273381876748
0.8999999999999999,2843.2755120268325,2.7579098087991905
0.8999999999999999,2842.5682584778897,3.4299484425757067
0.8999999999999999,2834.0888528387595,-2.223738737965641
0.8999999999999999,2831.9658861452554,-0.11448442286508705
0.9166666666666666,2832.673939466714,-0.796996216624986
0.8999999999999999,2831.9659441884323,-0.09085395886148266
0.8999999999999999,2830.549718540222,1.3382030283132822
0.8999999999999999,2834.089738880774,-2.180537741746668
0.9166666666666666,2847.523981849649,-1.5188050609282073
0.8999999999999999,2834.089800815318,-2.195318440095914
0.8999999999999999,2829.841998621035,2.034602425342384
0.8999999999999999,2831.2572748686653,0.6278636630998691
0.8999999999999999,2833.3818638244347,-1.5219633986372174
0.8999999999999999,2842.5682593622287,3.444689883489716
0.9166666666666666,2833.3816075273166,-1.4866011763634603
0.8999999999999999,2846.107799164357,-0.11751946959532371
0.8999999999999999,2834.089883317334,-2.2206622631815396
0.8999999999999999,2819.239772064583,-1.5397624514190984
0.8999999999999999,2847.523992433404,-1.530125411155782
0.8999999999999999,2829.8420478118633,2.0423740401946806
0.8999999999999999,2843.9838712071355,2.0623540801148144
0.8999999999999999,2834.0897769949333,-2.207477727823142
0.8999999999999999,2829.1338095166657,2.7325180211703883
0.8999999999999999,2833.3819659049655,-1.5277144698405498
0.8999999999999999,2847.5240916961125,-1.5310233341468948
0.8999999999999999,2834.0898389453496,-2.2306226590014564
0.8999999999999999,2832.673930654077,-0.8220071448863489
0.8999999999999999,2847.524110596036,-1.5484420789567581
0.9166666666666666,2818.5318812034275,-0.8235394728530604
0.8999999999999999,2843.9842464821395,2.0428149917761607
0.8999999999999999,2829.8420216208974,2.0360649920569016
0.8999999999999999,2831.258091349103,0.6108251071141086
0.8999999999999999,2832.6738624555605,-0.7895419527078462
0.9166666666666666,2820.65560111638,-2.928186097411715
0.8999999999999999,2829.134028027081,2.7329288884490466
0.8999999999999999,2820.655784173066,-2.9440092878150326
0.8999999999999999,2829.842026120322,2.0258062519804865
0.8999999999999999,2818.5317110068418,-0.8275781666586018
0.9166666666666666,2828.4262180006613,3.422070806091216
0.8999999999999999,2830.5499911045486,1.3260022822974482
0.8999999999999999,2817.823769894338,-0.10628692015568175
0.8999999999999999,2829.1340460669676,2.7438105953756433
0.8999999999999999,2846.1077487140105,-0.10820982567026995
0.8999999999999999,2834.797742623333,-2.897492138160162
0.9166666666666666,2820.6556494275565,-2.920161302748927
0.9166666666666666,2802.265518337518,1.2919163051865432
0.8999999999999999,2832.6739398416103,-0.797837399999447
0.8999999999999999,2831.2580868617774,0.6037517737671462
0.8999999999999999,2834.089698467386,-2.214178187320113
0.8999999999999999,2829.8421440136085,2.004430268413773
0.8999999999999999,2842.568354740062,3.4404645204114583
0.8999999999999999,2818.531893907717,-0.8219850196799574
0.8833333333333333,2831.9659357109576,-0.07329756726181157
0.8833333333333333,2842.568237035134,3.4478778370071756
0.8833333333333333,2830.549972226706,1.3249702196428734
0.8999999999999999,2843.2754754902676,2.7526657092119353
0.8999999999999999,2831.2579553843275,0.6202365724020805
0.8833333333333333,2843.2758599870835,2.753602174689287
0.8833333333333333,2843.275940963961,2.7473117981764927
0.8833333333333333,2820.6557234710294,-2.9493036676951094
0.8833333333333333,2842.5682024595108,3.464506774300631
0.8833333333333333,2842.5674728797844,3.467328646542966
0.8833333333333333,2845.400071756232,0.6232804750880026
0.8833333333333333,2834.797220627895,-2.917837503042309
0.8833333333333333,2846.8153230528756,-0.8150387411879717
0.8833333333333333,2830.5497384036034,1.3334600482520444
0.8999999999999999,2847.523970151078,-1.499867227937276
0.8833333333333333,2819.9473674346063,-2.2052299971573057
0.8833333333333333,2846.1073583159673,-0.1036832730829442
0.8833333333333333,2834.089707622508,-2.2001537013791386
0.8833333333333333,2834.089580822379,-2.2050601852563987
0.8833333333333333,2842.568228327376,3.4412434021769696
0.8833333333333333,2829.13408054337,2.7377571166801924
0.8999999999999999,2833.3816192779245,-1.491391336230883
0.8833333333333333,2842.567981597111,3.462453639076328
0.8999999999999999,2834.7975578672717,-2.894820092973315
0.8833333333333333,2834.0899897342438,-2.2215267096797042
0.8833333333333333,2831.2579545943104,0.6185210008949181
0.8833333333333333,2833.381935109474,-1.497969023882887
0.8833333333333333,2802.265870271118,1.2673456392962121
0.8833333333333333,2820.654914069407,-2.9293917754100827
0.8833333333333333,2830.5501313122454,1.3058422152062212
0.8833333333333333,2828.4262357105313,3.4236643784041574
0.8833333333333333,2842.5678979247045,3.4680960799793374
0.8833333333333333,2843.2761664450654,2.730428617747909
0.8999999999999999,2833.3818902941152,-1.5276139854906672
0.8833333333333333,2843.275945358114,2.742067751846479
0.8833333333333333,2843.2761921194856,2.7581715867223173
0.8999999999999999,2830.5499994800593,1.3244759485398885
0.8833333333333333,2833.3812247254396,-1.5121308498924373
0.8833333333333333,2842.5681729024163,3.450349854628605
0.8833333333333333,2831.966019777493,-0.09923919994252155
0.8833333333333333,2843.275166754727,2.7578753939211786
0.8999999999999999,2834.089779152315,-2.209161548964977
0.8833333333333333,2842.568205893922,3.458104316394894
0.8833333333333333,2834.0897547246586,-2.197724531285383
0.8833333333333333,2842.568183297768,3.464581528029764
0.8999999999999999,2831.966049276639,-0.09784948948408029
0.8833333333333333,2834.7978216931765,-2.937720725186692
0.8833333333333333,2830.5499306549086,1.3220558094593053
0.8833333333333333,2829.133997632095,2.731955140701569
0.8833333333333333,2844.6918678160823,1.3508128027051252
0.8999999999999999,2832.6736122696752,-0.7679659313968881
0.8833333333333333,2832.673221818484,-0.7927350208688602
0.8833333333333333,2802.265887490839,1.2684963794178143
0.8833333333333333,2831.257273120543,0.6289579365591902
0.8833333333333333,2830.549989406082,1.3346856148959383
0.8833333333333333,2819.947810482581,-2.2378781697182513
0.8833333333333333,2820.655745164189,-2.9452622114928335
0.8833333333333333,2845.399786118803,0.6497399426015139
0.8833333333333333,2834.7979693208413,-2.9436160267749174
0.8833333333333333,2843.276232324643,2.7367413456414127
0.8833333333333333,2844.692095106962,1.3498348567834018
0.8833333333333333,2831.2579761662605,0.6229890746875875
0.8833333333333333,2829.8417165422993,2.0310227916810275
0.8999999999999998,2842.568216344962,3.453953898377498
0.8833333333333333,2843.275647861261,2.7357767423222152
0.8833333333333333,2831.2579402207757,0.6215018996268727
0.8833333333333333,2831.965944514596,-0.08932065973970296
0.8666666666666666,2817.1159301915527,0.5856759874355456
0.8666666666666666,2834.7975011482163,-2.9297489410245325
0.8666666666666666,2831.258010551343,0.6186673962914612
0.8666666666666666,2834.7971196635817,-2.9040977556438174
0.8666666666666666,2832.673910359749,-0.8170205654649331
0.8666666666666666,2843.2758833153093,2.7683025368994088
0.8666666666666666,2829.133780734435,2.7411828456781278
0.8666666666666666,2843.984111916715,2.0422428780364767
0.8666666666666666,2831.25808282407,0.6074705258053709
0.8666666666666666,2831.257958567612,0.6229716865891132
0.8666666666666666,2831.2579632471256,0.6293940916076485
0.8666666666666666,2831.9656682083028,-0.07850991420665777
0.8666666666666666,2834.0895259589147,-2.1952284775154967
0.8833333333333333,2832.67321484662,-0.8009824871520148
0.8666666666666666,2820.6556188050595,-2.927140133974227
0.8666666666666666,2831.257945720313,0.6186700067277852
0.8833333333333333,2831.9656978164253,-0.08196292177278751
0.8666666666666666,2831.2577338821307,0.6230271091336876
0.8666666666666666,2843.983422243693,2.05131182966095
0.8666666666666666,2848.2319511332857,-2.236351758066029
0.8666666666666666,2831.965913095099,-0.08210792042045256
0.8666666666666666,2834.797702843869,-2.898500839063257
0.8666666666666666,2820.6556564096923,-2.933017184663956
0.8666666666666666,2828.4253930067457,3.43755102934978
0.8666666666666666,2829.1341708552754,2.7207327726388995
0.8833333333333333,2848.2309405251503,-2.235627288129867
0.8666666666666666,2831.965880725603,-0.0813264924764805
0.8666666666666666,2829.8421258989224,2.021913365577946
0.8666666666666666,2842.5682194613023,3.436424428983216
0.8666666666666666,2828.4262003367153,3.4168114544658525
0.8666666666666666,2819.2397201322487,-1.5131269582872953
0.8666666666666666,2843.2759078732606,2.7641741760853757
0.8666666666666666,2833.381904444054,-1.5176875933354386
0.8666666666666666,2819.94736793577,-2.2351271537453856
0.8666666666666666,2819.239129497712,-1.538531061011182
0.8666666666666666,2830.5499888391337,1.3178730554629565
0.8833333333333333,2833.3816071627393,-1.5234370517416564
0.8666666666666666,2831.9659050307127,-0.07966192911345486
0.8666666666666666,2830.550000182917,1.3307841740447257
0.8666666666666666,2834.797702863835,-2.903179619987493
0.8666666666666666,2834.0898111309325,-2.212953192018259
0.8666666666666666,2829.8420068181026,2.0286940816134704
0.8666666666666666,2831.966057856983,-0.10618093032334719
0.8833333333333333,2846.1077739793454,-0.10591972021207414
0.8666666666666666,2834.797064380394,-2.922203522230149
0.8666666666666666,2831.965890706231,-0.08085769304229862
0.8666666666666666,2832.6736776091875,-0.781034965893837
0.8666666666666666,2817.115516250879,0.6044366987069433
0.8666666666666666,2818.5318151461274,-0.8133939106547561
0.8666666666666666,2834.089967210325,-2.240811334768209
0.8666666666666666,2834.797886526633,-2.9379848480796658
0.8666666666666666,2817.823717067289,-0.11563040514777374
0.8666666666666666,2833.382041794602,-1.539361452914858
0.8666666666666666,2816.4075537791687,1.3058988105611415
0.8666666666666666,2845.4000777922756,0.6318108355203103
0.8666666666666666,2831.9659597388886,-0.07619996046734413
0.8666666666666666,2831.965930042352,-0.07860500045334817
0.8666666666666666,2828.426086346264,3.4305038015377476
0.8666666666666666,2833.381157293525,-1.4919907614186338
0.8666666666666666,2834.797782581922,-2.925589143800079
0.8666666666666666,2843.275479667412,2.7277701181980074
0.8666666666666666,2830.5499906784457,1.3269284578650113
0.8499999999999999,2831.9659244527866,-0.07958233958922273
0.8499999999999999,2834.797916279935,-2.9163991134276186
0.8499999999999999,2829.1340484911298,2.732655617186688
0.8499999999999999,2845.400049085488,0.6226096685060841
0.8499999999999999,2831.9660666995965,-0.09706367686845498
0.8499999999999999,2831.257294222261,0.6224608648308769
0.8499999999999999,2829.841782518833,2.0413249729165317
0.8499999999999999,2829.133800189311,2.740824621301625
0.8499999999999999,2829.1342517495023,2.714104717416526
0.8499999999999999,2843.2754795716323,2.7480456627286087
0.8666666666666666,2830.549997348662,1.3229369655445848
0.8666666666666666,2844.6920861340564,1.3450679817806153
0.8499999999999999,2832.6738953343474,-0.7935485165836009
0.8499999999999999,2828.425386175406,3.438369153094325
0.8499999999999999,2819.947369715549,-2.222901790804836
0.8499999999999999,2828.4261054694475,3.4318006761397237
0.8499999999999999,2833.381782271617,-1.507864352671384
0.8499999999999999,2834.089941007208,-2.2287694851677053
0.8499999999999999,2843.276210819701,2.756887996395056
0.8499999999999999,2830.5499879787503,1.3207537619524485
0.8499999999999999,2831.9657996249825,-0.08897109309913478
0.8499999999999999,2829.8417891792374,2.047646592682387
0.8499999999999999,2843.276329668913,2.7366160189573105
0.8499999999999999,2828.426063641707,3.4236999940206827
0.8499999999999999,2842.5682735235,3.4229962111354473
0.8499999999999999,2834.0898215280586,-2.219977631684943
0.8499999999999999,2832.6736282267975,-0.7998624836579611
0.8499999999999999,2845.3997597328166,0.6587878424329722
0.8499999999999999,2829.8417808242752,2.0430748907307605
0.8499999999999999,2834.089581834021,-2.193405902764245
0.8499999999999999,2843.9839225793953,2.042581604470628
0.8499999999999999,2834.79776808309,-2.930677379570859
0.8499999999999999,2846.8157853978646,-0.8259902705923515
0.8499999999999999,2833.381618201902,-1.4921293849883759
0.8499999999999999,2842.567982876229,3.4698098423544
0.8666666666666666,2831.965652488893,-0.08222037205886779
0.8499999999999999,2834.7974609707258,-2.9161926085331427
0.8499999999999999,2843.9841239441294,2.048357534654774
0.8499999999999999,2834.089766119467,-2.190967390785099
0.8499999999999999,2815.6995698834003,2.00722664750226
0.8499999999999999,2845.400040573785,0.6208775533587307
0.8499999999999999,2844.692235597714,1.3121308086435504
0.8499999999999999,2817.1155293036777,0.5987713339638276
0.8499999999999999,2833.3818128877383,-1.4922279764099278
0.8499999999999999,2834.089694679449,-2.238198530131917
0.8499999999999999,2820.6556026530043,-2.927144523542778
0.8499999999999999,2832.673840433482,-0.7925413917715973
0.8666666666666666,2833.381799390246,-1.4827325365755486
0.8666666666666666,2832.673144078089,-0.8013964010683028
0.8666666666666666,2843.275885866057,2.763257309562071
0.8499999999999999,2832.673869685205,-0.8165880708592229
0.8499999999999999,2829.842031363218,2.0330607759211126
0.8499999999999999,2842.568171448379,3.4720466982646916
0.8499999999999999,2834.797165391842,-2.91446240348153
0.8666666666666666,2831.9659176385576,-0.075011393914065
0.8499999999999999,2834.089815153343,-2.2328649524647766
0.8499999999999999,2828.4261129331508,3.441027319596569
0.8499999999999999,2830.549982250564,1.3243194708266495
0.8499999999999999,2831.965909076873,-0.08150244777533747
0.8499999999999999,2820.6556127608033,-2.9280701589534255
0.8666666666666666,2834.089993304952,-2.243573092016295
0.8499999999999999,2834.0898310353955,-2.226972284215937
0.8333333333333333,2842.567514577644,3.4477971798858253
0.8333333333333333,2805.805304069612,-2.2378380794944683
0.8499999999999999,2828.4261011102853,3.4389807732280224
0.8333333333333333,2828.4261780116167,3.4123717589449027
0.8333333333333333,2818.531481904825,-0.8048725645505833
0.8499999999999999,2847.523978635646,-1.5206571472705261
0.8333333333333333,2847.5241037005,-1.5419975702915198
0.8333333333333333,2830.5497547674595,1.3353926144903165
0.8499999999999999,2831.9659331323937,-0.07315251022901849
0.8333333333333333,2820.6556608090573,-2.9269230210611963
0.8333333333333333,2842.5682517527607,3.445330146669548
0.8333333333333333,2831.9659146861554,-0.08370069364554214
0.8333333333333333,2829.8421696525625,2.0187572262993068
0.8333333333333333,2831.25810235389,0.6121242914124441
0.8333333333333333,2846.8157540927887,-0.8262284191666486
0.8499999999999999,2829.842025283917,2.033255738641001
0.8333333333333333,2842.568213605873,3.4305022413572273
0.8499999999999999,2833.381103458519,-1.4918597611436817
0.8333333333333333,2831.9649158731027,-0.084470793173342
0.8499999999999999,2834.0898034114944,-2.2249146897121794
0.8333333333333333,2845.4000005667467,0.6421522938997891
0.8333333333333333,2833.3818441504154,-1.4899059171417195
0.8333333333333333,2846.10783927519,-0.11588941311237347
0.8499999999999999,2829.841284037802,2.039954268700789
0.8333333333333333,2848.231906907155,-2.243653632852285
0.8333333333333333,2833.381789243343,-1.487538383834701
0.8333333333333333,2843.275887122771,2.764752615966265
0.8333333333333333,2834.7975188486107,-2.925780112256553
0.8333333333333333,2833.38104949419,-1.477200190333651
0.8333333333333333,2842.567997080921,3.461203795856539
0.8333333333333333,2834.7975140238386,-2.896405197463188
0.8333333333333333,2828.426054720598,3.4441150641442126
0.8499999999999999,2843.9838870736676,2.057106217901849
0.8333333333333333,2803.68159776508,-0.13024505251311563
0.8333333333333333,2834.797785700518,-2.9258890548378975
0.8499999999999999,2830.5499774238074,1.3256181043232667
0.8333333333333333,2833.381610001441,-1.520038479387809
0.8333333333333333,2833.381617327624,-1.5038195606432625
0.8333333333333333,2834.7977247576296,-2.9042311147568114
0.8333333333333333,2834.7978729424553,-2.918752244230036
0.8333333333333333,2847.523683533726,-1.5309043890809262
0.8333333333333333,2829.842124184958,2.01151605173352
0.8333333333333333,2831.257968156935,0.6290081348541907
0.8333333333333333,2842.5679936411266,3.451750799938789
0.8333333333333333,2830.549991020098,1.3234362499346046
0.8333333333333333,2819.239862459785,-1.5238544171466224
0.8333333333333333,2832.6729852016474,-0.7816230027799365
0.8333333333333333,2819.2397239312045,-1.509799191626626
0.8333333333333333,2830.5498012456005,1.3358824805334995
0.8333333333333333,2834.797047588108,-2.9049814939738985
0.8333333333333333,2831.257938504903,0.6257809211834451
0.8333333333333333,2834.7977301230253,-2.9022353131328638
0.8499999999999999,2834.7979157734526,-2.9320742290652166
0.8333333333333333,2843.2756155128623,2.744298083844698
0.8333333333333333,2847.523447029581,-1.5448814166513773
0.8333333333333333,2818.531834888292,-0.8351654727461293
0.8499999999999999,2843.2756067070454,2.743833306247278
0.8333333333333333,2832.673926771616,-0.7904962406214735
0.8333333333333333,2831.257961979138,0.6155599669070067
0.8333333333333333,2834.797760727272,-2.9238536473985026
0.8499999999999999,2800.1416263436895,3.40688085214896
0.8166666666666665,2829.8421535575844,2.0174372951935324
0.8166666666666665,2829.8421535575844,2.0174372951935324
0.8166666666666665,2843.2761779007715,2.757393040972761
0.8333333333333333,2801.557527771689,1.9920651377084773
0.8166666666666665,2834.797199946208,-2.9109559357981243
0.8333333333333333,2846.8161319254173,-0.8414005745191068
0.8166666666666665,2847.5236579866637,-1.5333599022811375
0.8333333333333333,2834.089476297127,-2.1892143640157853
0.8333333333333333,2802.9734181687318,0.5786752414782491
0.8166666666666665,2843.2754277886365,2.753769576747543
0.8166666666666665,2802.2658663849807,1.267364689374598
0.8333333333333333,2834.797917212874,-2.9140575375107103
0.8166666666666665,2829.1340654602923,2.735774812665373
0.8166666666666665,2802.2655013229155,1.2902075876080188
0.8166666666666665,2832.6739541438897,-0.798279653278167
0.8166666666666665,2834.089634011106,-2.19686275825716
0.8166666666666665,2842.56824970372,3.4304812908169064
0.8166666666666665,2831.965888457409,-0.08472961265010667
0.8166666666666665,2831.2576716079534,0.6150041718626936
0.8166666666666665,2828.425807421668,3.435263093106755
0.8166666666666665,2845.4000666216484,0.6397335135622879
0.8166666666666665,2818.5317076961983,-0.8221735126336701
0.8166666666666665,2844.692103840426,1.3371142556244846
0.8166666666666665,2843.275878066398,2.7503540015942702
0.8166666666666665,2829.84203380169,2.027829394486568
0.8166666666666665,2828.426207112584,3.4138149133121787
0.8166666666666665,2843.984333500028,2.0345238221413346
0.8166666666666665,2832.673912507353,-0.7795911949863923
0.8166666666666665,2834.7977534264337,-2.9002238646867204
0.8166666666666665,2832.6739430306034,-0.7945718776574722
0.8166666666666665,2830.549983828614,1.3278588489677088
0.8166666666666665,2843.984091512935,2.0587561238393515
0.8166666666666665,2844.692141571369,1.3425119198820845
0.8333333333333333,2833.3818670379137,-1.5253955990187889
0.8166666666666668,2842.5682724776175,3.4272892746806134
0.8166666666666665,2842.567997906319,3.460235319395559
0.8166666666666665,2831.965922873638,-0.09200306769897768
0.8166666666666665,2833.381865413322,-1.5032764829237186
0.8333333333333333,2834.0899157193658,-2.2175623761305245
0.8166666666666665,2818.5314408256277,-0.8055996608547294
0.8166666666666665,2848.2316810785155,-2.22888817683606
0.8166666666666665,2846.8159887243246,-0.8260754584298918
0.8166666666666665,2844.691789105077,1.3522903369497081
0.8166666666666665,2831.2580224900817,0.6278105941785512
0.8166666666666665,2831.257968740412,0.6235614999416277
0.8333333333333333,2842.5683438299657,3.4244690921073255
0.8166666666666665,2832.6731785371285,-0.7893758665215752
0.8166666666666665,2831.257688026837,0.6215307030549878
0.8166666666666665,2843.275506940182,2.748757385737034
0.8166666666666665,2833.3811684668317,-1.5028148325890214
0.8166666666666665,2830.5501135817326,1.311827364745008
0.8166666666666665,2834.0897977340314,-2.198617920398297
0.8166666666666665,2843.98344009471,2.0483399613506665
0.8166666666666665,2833.38182584731,-1.492131128432901
0.8166666666666665,2834.0898521619265,-2.209835898957911
0.8166666666666665,2843.2759111916384,2.773551583146802
0.8166666666666665,2817.8239392712035,-0.11385299717904056
0.8166666666666665,2833.3816129657835,-1.4894548348802834
0.8166666666666665,2844.6915075072225,1.3282514543850172
0.8166666666666665,2831.258100519422,0.6086389103018839
0.8166666666666665,2830.5501406727058,1.3131177590199095
0.8166666666666665,2829.1341709293706,2.720644363690903
0.8166666666666665,2842.568196402621,3.4638805956108523
0.8166666666666665,2832.6738710343166,-0.7923118042098083
0.8333333333333333,2832.673915468019,-0.7918405133997084
0.8166666666666665,2801.55749175622,1.9886489776189036
0.8166666666666665,2843.9840915414516,2.0416482459887697
0.8166666666666665,2831.2580540066347,0.5954915719092807
0.8166666666666665,2834.0897643232365,-2.211669969986713
0.8166666666666665,2842.568205156453,3.4623947380521853
0.8333333333333333,2833.381887027141,-1.5245060762824894
0.8166666666666665,2843.2751575810685,2.757552098644865
0.8166666666666665,2831.2570061881765,0.6000658708928118
0.8166666666666665,2833.3818351263662,-1.5041304667603717
0.8166666666666665,2829.842150807282,2.0117658506692364
0.8166666666666665,2846.1077450980138,-0.11247310653458598
0.8166666666666665,2834.089803296506,-2.197931863113459
0.8166666666666665,2829.842042308343,2.0332698537146228
0.8166666666666665,2844.6922110484684,1.329232858470734
0.8166666666666665,2846.1080306044996,-0.12303034841691494
0.7999999999999998,2831.257948972362,0.6232942560010666
0.8166666666666668,2833.3818411799425,-1.5117101340680343
0.7999999999999998,2845.4002099295694,0.6278251139520638
0.7999999999999998,2830.5496997305795,1.3239519310924264
0.7999999999999998,2842.567491623345,3.4640238489045747
0.7999999999999998,2828.4261958725724,3.4215333640018755
0.7999999999999998,2846.81571424408,-0.8114612989642163
0.7999999999999998,2818.5318286994925,-0.8349078079035527
0.7999999999999998,2834.7976696378387,-2.9036999275286566
0.8166666666666665,2833.3818713795667,-1.50679395900678
0.7999999999999998,2843.2754747262766,2.753533614079501
0.7999999999999998,2831.965233877793,-0.09073379382737048
0.8333333333333333,2834.796727535634,-2.899427681471092
0.7999999999999998,2831.9656304865916,-0.11022539009107155
0.8166666666666665,2834.0897731924892,-2.198496960131568
0.7999999999999998,2830.549655860352,1.3157228201249753
0.7999999999999998,2819.2394139585754,-1.5188059747617235
0.7999999999999998,2831.257962355257,0.6253902997829175
0.8166666666666663,2834.79776505759,-2.9115957726303368
0.7999999999999998,2846.107287713952,-0.11273216588290635
0.7999999999999998,2829.133919122387,2.718835714477211
0.8166666666666665,2834.0898718792537,-2.2256597745773323
0.7999999999999998,2845.3997999239573,0.6442622846070617
0.7999999999999998,2843.2761648109426,2.7606180578123096
0.7999999999999998,2829.841743353678,2.0389110778020583
0.7999999999999998,2843.275146675296,2.763037405961287
0.8166666666666665,2832.6738956147015,-0.8010495967587477
0.7999999999999998,2832.673920437419,-0.8148091752129939
0.7999999999999998,2843.9841268563014,2.055313857815888
0.7999999999999998,2829.1340570926495,2.737213718972739
0.7999999999999998,2830.549977672375,1.3254882187908483
0.7999999999999998,2847.523865700928,-1.5428436620034378
0.7999999999999998,2842.5674489035073,3.4456067202933522
0.7999999999999998,2830.5497110881247,1.324288516003934
0.7999999999999998,2843.9838231921494,2.055981963039249
0.8166666666666665,2845.3997554867974,0.6413015753129317
0.7999999999999998,2829.842021831636,2.0328497892777864
0.8166666666666663,2833.3818757086087,-1.5077872338583662
0.8166666666666665,2832.674029217856,-0.80588793293807
0.7999999999999998,2834.089072291232,-2.195621563744196
0.7999999999999998,2830.5501414118185,1.317348797976489
0.7999999999999998,2816.4077925300876,1.2950820296831107
0.7999999999999998,2831.257930450273,0.628526176397189
0.8166666666666665,2800.84958710604,2.701908122070189
0.8166666666666665,2847.5241399873926,-1.5403765409498065
0.8166666666666665,2843.9831704401527,2.062783786687334
0.8166666666666665,2845.400075913231,0.644344938202445
0.7999999999999998,2819.2394166147847,-1.502825204681676
0.7999999999999998,2846.81600738504,-0.8096448241971227
0.7999999999999998,2834.089801019634,-2.2105507950505747
0.7999999999999998,2831.2577127380337,0.6375089677388119
0.8166666666666665,2832.6739634026576,-0.7873079395817686
0.7999999999999998,2842.5681871562915,3.4572425767038872
0.7999999999999998,2834.089863904252,-2.2025599217249447
0.8166666666666665,2846.1080538607966,-0.10663556599245151
0.8,2843.275181003072,2.7624523707067743
0.7999999999999998,2834.7977205781312,-2.9109861409491544
0.8166666666666663,2834.7972378564077,-2.940644110152868
0.7833333333333332,2846.816039007548,-0.8162076590277784
0.7999999999999998,2802.9734400226985,0.5803775044107159
0.7833333333333332,2846.108170330513,-0.1373874198077523
0.7833333333333332,2820.6557890024546,-2.933955469565923
0.7833333333333332,2846.816160114373,-0.8478956134944421
0.7833333333333332,2834.089768169531,-2.196498264371962
0.7999999999999997,2834.0899733589026,-2.2245028411877024
0.7999999999999998,2833.3818488299908,-1.5016408241259884
0.7833333333333332,2834.0895056403906,-2.18590372418931
0.7833333333333332,2844.692209441141,1.3142112437991385
0.7833333333333332,2843.2759047268364,2.756983191297725
0.7833333333333332,2832.6732080509214,-0.8189880423049188
0.7999999999999998,2843.9841077433252,2.045563467369311
0.7999999999999998,2834.0895778490794,-2.1968356794672306
0.7833333333333332,2843.9842826479553,2.037582509933831
0.7833333333333332,2844.6921662562295,1.33344490401632
0.7833333333333332,2829.134201716099,2.728875771959226
0.7833333333333332,2834.08998109269,-2.2338424816012643
0.7833333333333332,2846.816046640218,-0.819191950210445
0.7833333333333332,2820.6557652490806,-2.950856419989204
0.7999999999999998,2831.2580912083445,0.6138418700953012
0.7833333333333332,2820.6556387890823,-2.9248186471761315
0.7833333333333332,2828.4260705984566,3.4363521234434415
0.7833333333333332,2820.6556291332104,-2.925837431565448
0.7833333333333332,2845.3997750873996,0.6265970029489977
0.7999999999999998,2834.7977288082757,-2.9110358838284824
0.7833333333333332,2834.7977076794427,-2.899461518345926
0.7833333333333332,2834.089959590562,-2.2413774550618655
0.7833333333333332,2833.381792639285,-1.5055767524429393
0.7833333333333332,2833.3819952266913,-1.5359983284941356
0.7833333333333332,2801.557530573806,1.9915368520296948
0.7833333333333332,2829.84215420395,2.016800876378431
0.7833333333333332,2833.3818321332064,-1.4975080063534767
0.7999999999999998,2834.089868694165,-2.225254580848861
0.7833333333333332,2844.691347390428,1.3464607503437915
0.7999999999999997,2847.524107193607,-1.5558989287049523
0.7833333333333332,2845.4000090687227,0.6247169367995802
0.7833333333333332,2830.549721069674,1.3299557245913514
0.7833333333333332,2830.5501159596893,1.306537926092866
0.7999999999999997,2843.9838673877093,2.049333568591344
0.7833333333333332,2848.231668230398,-2.2344113856775936
0.7833333333333332,2843.984098614562,2.054438826547715
0.7999999999999998,2834.0892091288765,-2.2059815871301636
0.7833333333333333,2843.2759188915466,2.7423395802573007
0.7833333333333332,2833.381092207164,-1.4872760409333414
0.7833333333333332,2834.7979501779796,-2.9273326154314336
0.7833333333333332,2832.6739483540982,-0.7884960217927902
0.7833333333333332,2819.947708318855,-2.2218485594355846
0.7833333333333332,2845.399502217434,0.6261038957896147
0.7833333333333332,2829.8412920000787,2.0183951314919373
0.7833333333333332,2828.4261045315648,3.435681094857875
0.7833333333333332,2847.5240717844977,-1.5420455935098334
0.7833333333333332,2815.6995986396737,2.00412214035084
0.7999999999999998,2832.6739178186026,-0.8001277953480074
0.7833333333333332,2845.4001667892658,0.6040819121719687
0.7833333333333332,2842.5675570400144,3.434003179031427
0.7833333333333332,2834.797468998827,-2.9079510028973843
0.7999999999999998,2831.965628603979,-0.0740173813180276
0.7833333333333332,2846.8161767376955,-0.8420578176487834
0.7833333333333332,2831.9659328086773,-0.0752264216619707
0.7833333333333332,2844.6920735398303,1.3283748815519139
0.7833333333333332,2832.6736196857005,-0.7736990195816777
0.7833333333333332,2848.2319291269664,-2.2460089543676225
0.7833333333333332,2833.3820101374563,-1.5105477321850884
0.7999999999999998,2834.089761602097,-2.1806400152645566
0.7999999999999998,2831.257843315445,0.6191810562692438
0.7833333333333332,2844.6920255928508,1.3368501710395466
0.7833333333333332,2846.8157194216624,-0.8238212216250494
0.7833333333333332,2834.0897954047905,-2.196712836961872
0.7666666666666665,2834.797765647258,-2.9157607996457893
0.7666666666666665,2833.381299154791,-1.5087481158101184
0.7666666666666665,2831.257930396557,0.6188824482081201
0.7666666666666665,2834.0897710566487,-2.194130123685727
0.7833333333333332,2834.7978955720437,-2.9099146664735973
0.7666666666666665,2834.088828636494,-2.213075077612582
0.7666666666666665,2831.964967718957,-0.08154272675488021
0.7666666666666665,2848.2320546136157,-2.2573668676039413
0.7666666666666665,2834.797797184142,-2.9161943888471638
0.7666666666666665,2819.2397186624353,-1.5210474756776153
0.7666666666666665,2831.9659153088824,-0.08662298312527834
0.7666666666666665,2830.54998058041,1.3259149563107768
0.7666666666666665,2834.7977379201807,-2.910981841675229
0.7666666666666665,2844.69206403599,1.348459110740114
0.7666666666666665,2831.9658926465886,-0.07950156516409125
0.7666666666666665,2829.842017307494,2.0302988784611045
0.7666666666666665,2842.5682596795637,3.451244460826441
0.7666666666666665,2819.946968102073,-2.2252037689199895
0.7666666666666665,2834.797505097222,-2.9333279275623134
0.7666666666666665,2843.9842342758984,2.0260121401216384
0.7666666666666665,2829.841964674946,2.030643555641621
0.7666666666666665,2819.947641147324,-2.2278195635485902
0.7666666666666665,2847.5240156041864,-1.5310920132346677
0.7666666666666665,2833.3816373539535,-1.5165365663626462
0.7666666666666665,2832.6738850866454,-0.7842779767242463
0.7833333333333332,2833.3808558596916,-1.5007232051611386
0.7666666666666665,2843.275623023688,2.741200409441853
0.7666666666666665,2834.089888077773,-2.2107014623037484
0.7833333333333332,2833.3808285870173,-1.4919765173269863
0.7666666666666665,2817.823858111203,-0.12773481440119855
0.7666666666666665,2833.38188268796,-1.503259779184302
0.7666666666666665,2829.842021700905,2.032733146013521
0.7666666666666665,2831.9659015862567,-0.08463134732637072
0.7666666666666665,2832.6739029315613,-0.7882974009309273
0.7833333333333331,2834.7977968457444,-2.925916698820826
0.7666666666666665,2834.0897677544235,-2.2029155893343955
0.7666666666666665,2834.089775952584,-2.1948094187083047
0.7666666666666665,2847.523410545104,-1.5449793894357302
0.7666666666666665,2832.673880407069,-0.7994308740727963
0.7666666666666665,2831.9659605407214,-0.08891715670657274
0.7833333333333332,2842.567476642588,3.46505850737085
0.7666666666666665,2828.426053586593,3.4351724682651215
0.7666666666666665,2819.947714842382,-2.223178348011611
0.7666666666666665,2832.672947320136,-0.7820806089205322
0.7666666666666665,2842.5672351608923,3.4758468994622764
0.7666666666666665,2845.399722574973,0.6494178304336732
0.7666666666666665,2842.568361940839,3.4210145718358502
0.7833333333333332,2829.1341706898693,2.7140446477110656
0.7666666666666665,2800.141850836613,3.396702251362792
0.7833333333333331,2833.3815860485674,-1.5113864313013283
0.7666666666666665,2834.089935907335,-2.2123175483496045
0.7666666666666665,2805.805549235153,-2.24345948977696
0.7666666666666665,2842.567446905988,3.444092820573673
0.7666666666666665,2846.108045178272,-0.1295743516374226
0.7666666666666665,2847.5236638602446,-1.5417008421194347
0.7833333333333332,2832.673641963544,-0.8146608511785159
0.7666666666666665,2817.823613317444,-0.11917554998938347
0.7666666666666665,2833.381147493927,-1.519532101430295
0.7666666666666665,2846.815983715779,-0.8253305413361471
0.7666666666666667,2834.7977544966902,-2.907867083601517
0.7666666666666667,2848.231942775896,-2.228524248095183
0.7666666666666665,2834.797730339455,-2.8944589158744787
0.7666666666666665,2820.655744152301,-2.9454450404122543
0.7666666666666665,2820.6556338111536,-2.9252797149002214
0.7666666666666665,2819.2397178270703,-1.5150413454963356
0.7666666666666665,2848.2320573504244,-2.2578239939473064
0.7666666666666665,2832.673939707488,-0.7993433334630513
0.7666666666666667,2848.2319556720754,-2.2289274363699327
0.7666666666666665,2844.692067332298,1.3235125315947185
0.7666666666666665,2829.13411389353,2.729742937104953
0.7666666666666665,2843.983873317986,2.0539275262217727
0.7666666666666665,2832.6740229355423,-0.802384439993202
0.7666666666666665,2834.7977517033146,-2.924011319254069
0.7666666666666665,2818.5314890670134,-0.8009605030368271
0.7833333333333332,2828.4260979405267,3.4344718299740973
0.7833333333333332,2806.513242177463,-2.944912625212978
0.7666666666666665,2846.8158073798795,-0.8081823137427528
0.7666666666666665,2844.69221949143,1.3352445673508906
0.7499999999999999,2847.523027227149,-1.5065935218873379
0.7499999999999999,2817.8237685246104,-0.11056657723505041
0.7499999999999999,2830.5501523176604,1.3194630772115354
0.7499999999999999,2829.8421285459613,2.0143299514685946
0.7499999999999999,2819.2396525878207,-1.5214854953866752
0.7499999999999999,2834.7968066804838,-2.9301258415119964
0.7499999999999999,2848.231663070083,-2.248058942887615
0.7499999999999999,2829.841989906061,2.0298346215095644
0.7499999999999999,2832.6739032533187,-0.7915953145592513
0.7499999999999999,2829.8418809808154,2.013783224449173
0.7499999999999999,2846.1082389880376,-0.11745036109048633
0.75,2829.1337621173107,2.730466158540964
0.7666666666666665,2834.089865089902,-2.2044129508341883
0.7499999999999999,2843.275917728868,2.768098891679914
0.7666666666666665,2834.0898895475434,-2.2221173151922513
0.7666666666666665,2833.3818666760008,-1.5149096056915041
0.7666666666666665,2831.96592781675,-0.08480678002656734
0.7499999999999999,2847.524133572031,-1.5504275236883152
0.7499999999999999,2833.3810998597587,-1.4987960960372695
0.7499999999999999,2829.8414740981507,2.0283867860326885
0.7666666666666665,2833.3818434713407,-1.4920904641798587
0.7499999999999999,2843.27548685456,2.76346940779285
0.7499999999999999,2842.567459687266,3.454554199842754
0.75,2828.4260801931473,3.4360750429765003
0.7499999999999999,2830.549873666477,1.3224863500802415
0.7499999999999999,2802.973416840549,0.578646195985169
0.7499999999999999,2848.2313924074406,-2.2485941200937996
0.7499999999999999,2831.9656550223394,-0.09009946793252592
0.7499999999999999,2842.5682097766794,3.449941501669662
0.7499999999999999,2820.6556456703156,-2.926364683658522
0.7666666666666665,2843.9838111951094,2.0587029869519755
0.7666666666666665,2829.8420758694288,2.0366265750981767
0.7499999999999999,2834.7977444809962,-2.9138729903104386
0.7499999999999999,2834.797747863232,-2.9110675045732366
0.7499999999999999,2831.965657847335,-0.0897450349918864
0.7666666666666665,2831.257213785209,0.6248467054877066
0.7499999999999999,2834.797755425726,-2.9042545097658374
0.7666666666666665,2844.6920764482966,1.3475111144302965
0.7499999999999999,2834.0899400495914,-2.234055251985775
0.7499999999999999,2834.089941441539,-2.233686005325044
0.7499999999999999,2831.9659519663796,-0.07825301633850577
0.7499999999999999,2816.4075213111823,1.3025839411996667
0.7499999999999999,2829.8420256474524,2.038050963164112
0.7499999999999999,2831.2576756385242,0.6327081391432491
0.7499999999999999,2829.1340576686707,2.7444503158610747
0.7499999999999999,2832.6737879798684,-0.7852002698988665
0.7666666666666665,2848.2316432264142,-2.2419553396435514
0.7499999999999999,2845.3997443384733,0.6429990318966348
0.7499999999999999,2833.3820125783645,-1.5382378688886893
0.7499999999999999,2834.797806506927,-2.920002731830169
0.7499999999999999,2791.6631472012755,-2.2584992506617674
0.7499999999999999,2846.1077670724444,-0.1205820520243317
0.7499999999999999,2846.1080502200907,-0.10495085046734949
0.7499999999999999,2831.9659437784876,-0.0918186830101541
0.7499999999999999,2845.400160635571,0.6334523076049373
0.7499999999999999,2832.6731791340862,-0.7847105741961171
0.7499999999999999,2843.275478120767,2.764013678451912
0.75,2818.5317611973783,-0.8051223380322957
0.7499999999999999,2843.2760918085382,2.7298388232986217
0.7499999999999999,2830.5499907143367,1.3279860490072788
0.7499999999999999,2833.3818543012,-1.4923672436684705
0.75,2848.2316674356452,-2.2351316963097196
0.7499999999999999,2843.27634162356,2.710253281956566
0.75,2828.4262439325908,3.427935622162141
0.7499999999999999,2815.6995888164897,2.0142443232883336
0.7666666666666664,2834.0898111673,-2.219892026878074
0.7499999999999999,2833.3818466140383,-1.490522401340217
0.7499999999999999,2828.4262189729197,3.42269483556898
0.7499999999999999,2830.5499392827337,1.3217416065678467
0.7499999999999999,2829.1340404489497,2.7432995757394725
0.7499999999999999,2843.984124998155,2.043902989864066
0.7499999999999999,2830.5499697476976,1.318186798666807
0.7499999999999999,2831.9660384722974,-0.09782433654156586
0.7499999999999999,2829.1333426809415,2.745462554020269
0.7333333333333333,2829.8418876721544,2.020254046670149
0.7333333333333333,2831.965914645355,-0.08432153648132355
0.7333333333333333,2834.0891208262265,-2.1952353551238497
0.7333333333333333,2834.7979465298563,-2.950888626539633
0.7333333333333333,2828.4260770291244,3.434726279252031
0.7333333333333333,2830.549987968693,1.3283619618074527
0.7333333333333333,2819.239713491017,-1.5223326420694143
0.7333333333333333,2846.8159979583083,-0.839933298426671
0.7333333333333333,2834.0898471832647,-2.2110601372233094
0.7333333333333333,2834.0898679463994,-2.225328300142807
0.7333333333333333,2844.6920678540096,1.3328633703155461
0.7333333333333333,2831.257968046271,0.631891517109858
0.7333333333333333,2843.276140537771,2.765361042303998
0.7333333333333333,2805.805558750203,-2.2432132614550446
0.7333333333333333,2834.797516933625,-2.8957542549041304
0.7333333333333333,2843.27630955777,2.745803890816641
0.7333333333333333,2831.9659147369543,-0.08666873012124394
0.7333333333333333,2817.823890620161,-0.11949087008263366
0.7333333333333333,2832.673653067932,-0.7873337079239024
0.7333333333333333,2819.9473754506,-2.2183249237160516
0.7333333333333333,2845.399826948834,0.64455769963739
0.7499999999999999,2829.8420430330184,2.0243421833440456
0.7333333333333333,2818.531721354978,-0.8096826389905137
0.75,2830.5492683507664,1.3273560122273935
0.7499999999999999,2833.381824807995,-1.5098844787111787
0.7499999999999999,2845.4000243719443,0.6437947805652724
0.7333333333333333,2833.381888956627,-1.524388997173926
0.75,2831.965908129667,-0.08009526221175044
0.7499999999999999,2845.4001984797324,0.621850224016563
0.7333333333333333,2831.2580838712447,0.6110207148053114
0.7333333333333333,2829.1341767796907,2.714764671948944
0.7333333333333333,2842.5681706935234,3.458637970471384
0.7499999999999999,2831.9659085339526,-0.07548516227414657
0.7333333333333333,2845.400062739321,0.6242441587216805
0.7333333333333333,2846.8160014298837,-0.8129226484091973
0.7333333333333333,2844.692069907111,1.3421483176400721
0.7333333333333333,2819.94696504754,-2.218274706796612
0.7333333333333333,2819.947646748056,-2.2276083457384406
0.7499999999999999,2834.7968220076473,-2.914156136118967
0.7333333333333333,2829.8413649436384,2.0183687925504814
0.7333333333333333,2834.7976917646347,-2.907811591303866
0.7333333333333333,2842.568253199696,3.4444042498335077
0.7333333333333333,2831.2576929541547,0.6297374555288994
0.7333333333333333,2819.9478234553776,-2.229011751204448
0.7499999999999998,2847.5241425921868,-1.5478225398263203
0.7333333333333333,2847.5237221348084,-1.5473408385745901
0.7333333333333333,2830.549993771994,1.3215003769094862
0.7333333333333333,2831.257956488315,0.6165165073756239
0.7333333333333333,2842.568299162525,3.4492259110481727
0.7333333333333333,2833.381786621766,-1.4866643976150657
0.7333333333333333,2834.0899987843013,-2.242241110749847
0.7333333333333333,2844.6921675068056,1.3232886689703733
0.7333333333333333,2803.681390951061,-0.12487983787492855
0.7333333333333333,2834.7967366052035,-2.90382549895563
0.7499999999999998,2845.3997313277223,0.6393073422147585
0.7333333333333333,2843.983842747458,2.0546435509166865
0.7499999999999999,2834.089903347598,-2.210576911180162
0.7333333333333333,2834.08907114571,-2.2068686189359887
0.7333333333333333,2834.797811327223,-2.924383665807706
0.7333333333333333,2834.089865019634,-2.2309194524796356
0.7333333333333333,2833.381885894582,-1.5144159267402089
0.7333333333333333,2817.1158974638997,0.5791369749259255
0.7333333333333333,2829.842042043255,2.0369160576749943
0.7333333333333333,2842.5681479377017,3.455644483157801
0.7333333333333333,2847.523972447739,-1.5171614881932698
0.75,2831.257679784073,0.6277384432177431
0.7333333333333333,2833.3819695378957,-1.523011916441533
0.7333333333333333,2791.6631442862567,-2.2588375443644377
0.7333333333333333,2817.823439860289,-0.11120056779109913
0.7333333333333333,2833.3808946725126,-1.5156846612156039
0.7333333333333333,2831.257625415242,0.6131789626720597
0.7333333333333333,2834.089082300894,-2.1959415662118835
0.7333333333333333,2831.257972609531,0.6226675065868441
0.7499999999999998,2842.568342092374,3.4338513638661317
0.7333333333333333,2831.25723171732,0.6324856602060835
0.7333333333333333,2801.5579023709615,1.9723226608304998
0.7333333333333333,2833.3818706385114,-1.5251595354068528
0.7333333333333333,2844.692174503974,1.3357907293296145
0.7333333333333333,2834.797070907157,-2.899486353995449
0.7499999999999999,2833.381796565492,-1.4840453431945486
0.7333333333333333,2833.381794069875,-1.4882689677944507
0.7333333333333333,2834.0897772294793,-2.1975417370107055
0.7333333333333333,2828.426081526509,3.427052064321982
0.7333333333333333,2842.568239907124,3.428048133553207
0.7499999999999999,2846.1077871131106,-0.12781066493557255
0.7333333333333333,2833.3818542259773,-1.5058387486596878
0.7333333333333333,2818.531731910617,-0.8247840055531531
0.7333333333333333,2820.655734692066,-2.9513587489421815
0.7333333333333333,2831.257968026751,0.6304730772238201
0.7333333333333333,2834.0898679463994,-2.225328300142807
0.7333333333333333,2830.549947614507,1.327603196153452
0.7333333333333333,2834.797975866269,-2.939719829731106
0.7333333333333333,2834.797670329375,-2.9047928554772673
0.7333333333333333,2846.107781376474,-0.1254335614475308
0.7333333333333333,2847.524111399302,-1.5415809838924766
0.7333333333333333,2801.55778245228,1.9866899557476734
0.75,2830.5498549731137,1.3193416329187702
0.7333333333333333,2843.9841201830413,2.0495772260899376
0.7333333333333333,2820.655763141156,-2.9388487384934567
0.7333333333333333,2832.674058064363,-0.8339171336919351
0.7333333333333333,2843.2761009234127,2.7540645437507068
0.7499999999999998,2843.2763333630305,2.739466388897078
0.7333333333333333,2842.568195839905,3.4602357446777012
0.75,2843.275942999874,2.757427779065464
0.7333333333333333,2831.2577409024325,0.6308043232065976
0.7333333333333333,2834.7975342822283,-2.8990521998046055
0.7333333333333333,2843.2754573318166,2.7692952554815475
0.7333333333333333,2834.0897941793037,-2.200739228597056
0.7333333333333333,2842.5683938801635,3.446223695508756
0.7333333333333333,2829.1338010467393,2.7384962321678925
0.7333333333333333,2828.42579520781,3.4385401935341218
0.7166666666666666,2843.984119454038,2.047927654992967
0.7166666666666666,2818.5314496085134,-0.8083725272533607
0.7333333333333333,2818.5319002766255,-0.8283530699833455
0.7166666666666666,2834.0898071597903,-2.199766804339008
0.7166666666666666,2843.2755822901345,2.7414522466026443
0.7166666666666666,2842.567996900247,3.457378938553675
0.7166666666666666,2829.8420307273823,2.0356468145620505
0.7166666666666666,2834.7979496049516,-2.9274388597924133
0.7166666666666666,2831.2579569792597,0.6251456461977685
0.7166666666666666,2843.276190836145,2.7555166697259845
0.7166666666666666,2833.3820201523813,-1.5107470182106892
0.7166666666666666,2843.983363458987,2.0465075247058673
0.7333333333333333,2844.6922004280755,1.3380648409585754
0.7333333333333333,2819.239837708515,-1.52888099942596
0.7166666666666666,2831.965953965946,-0.0931887693057619
0.7166666666666666,2829.8421635675973,2.0135812808913496
0.7166666666666666,2834.0898250895734,-2.210652546846794
0.7166666666666666,2833.381855522208,-1.5068717391475455
0.7333333333333333,2843.276193388405,2.7433266595666415
0.7166666666666666,2831.9659527796675,-0.08341876881384654
0.7166666666666666,2846.8157279475727,-0.8235426454018128
0.7166666666666666,2834.0897725313894,-2.199502042175581
0.7333333333333333,2831.2576974982053,0.6286701674172005
0.7166666666666666,2831.965951760556,-0.08941719662795587
0.7166666666666666,2831.9659555973717,-0.08758287645907369
0.7166666666666666,2834.7970420470942,-2.8886032757509623
0.7166666666666666,2831.9659276122993,-0.07927375366348605
0.7166666666666666,2820.6556748298826,-2.9281601043856362
0.7333333333333333,2834.0898966806226,-2.2054612342012523
0.7166666666666666,2829.1341563523924,2.71668318394973
0.7166666666666666,2842.567169225843,3.446881976004022
0.7166666666666666,2842.5681882021586,3.462232432009123
0.7166666666666666,2843.984079638076,2.045462177961092
0.7166666666666666,2830.5491964418743,1.3340300836596108
0.7166666666666666,2831.9658885427684,-0.07645668238854411
0.7333333333333333,2843.984201581291,2.0295133051877197
0.7166666666666666,2834.7977201360345,-2.914674880126688
0.7166666666666666,2833.3819837673245,-1.5246049067191552
0.7166666666666666,2842.567550020226,3.453149617768313
0.7166666666666666,2831.9655855461124,-0.08998507048239641
0.7166666666666666,2830.5499631101275,1.3335110566791804
0.7166666666666666,2834.0898980230354,-2.2131027814160227
0.7166666666666666,2834.797670357856,-2.9047470602279013
0.7333333333333333,2847.5232889572853,-1.5185246272153854
0.7166666666666666,2832.6739195034957,-0.7922057101082559
0.7166666666666666,2832.6738404610605,-0.7691525194908414
0.7166666666666666,2834.7977151726786,-2.9115667550546065
0.7333333333333333,2830.5499468884836,1.3247473433794736
0.7333333333333333,2845.399736792805,0.6288533693080726
0.7333333333333333,2832.6738516829405,-0.7893390565057576
0.7166666666666666,2845.3999930729565,0.619504978130105
0.7333333333333333,2831.966025052053,-0.09609891219503668
0.7166666666666666,2830.549926415148,1.3255982760432206
0.7166666666666666,2830.549986495625,1.3256119418629595
0.7333333333333333,2844.691835568051,1.3306934725905184
0.7166666666666666,2829.842049857681,2.0386021927581073
0.7166666666666666,2846.816132246464,-0.8270149425210865
0.7166666666666666,2833.381940439812,-1.5195972776804298
0.7166666666666666,2834.796802200481,-2.8992248797498785
0.7166666666666666,2833.3818755777666,-1.5054706611877162
0.7333333333333333,2829.8421657474387,2.0105947007542424
0.7166666666666666,2818.531707861237,-0.8278297751370948
0.7166666666666666,2842.5679404956663,3.430442973842129
0.7166666666666666,2834.7979408465317,-2.930846042283814
0.7166666666666666,2846.1081913192083,-0.11923207633533446
0.7166666666666666,2834.797800297852,-2.9180721060445864
0.7166666666666666,2842.5682838836306,3.434173158352419
0.7166666666666666,2843.275884173349,2.755094563675533
0.7166666666666666,2791.663159066557,-2.260227020323568
0.7166666666666666,2848.231671846817,-2.236341861350378
0.7166666666666666,2818.5318199696317,-0.8327873044292365
0.7166666666666666,2815.6997027150583,1.992172497561887
0.7166666666666666,2843.27528472645,2.7501596091274934
0.7166666666666666,2829.842026302029,2.0282600049821324
0.7166666666666666,2828.4261019578666,3.4422647585265658
0.7333333333333333,2832.6737517744323,-0.7979212700414042
0.7166666666666666,2834.08904379628,-2.193672805222051
0.7166666666666666,2834.797488837594,-2.9221405148482704
0.7166666666666666,2844.6920775183785,1.3438542585424957
0.7166666666666666,2834.7978424039648,-2.9118846526348032
0.7166666666666666,2843.2761913926,2.7283531957019695
0.7333333333333333,2831.25765940625,0.6255348703856239
0.7166666666666666,2843.984089528875,2.0497735279025626
0.7333333333333333,2831.258054212686,0.6055132856057267
0.7166666666666666,2834.7979408465317,-2.930846042283814
0.7166666666666666,2830.5496983007592,1.323837563602285
0.7166666666666666,2846.1082063633257,-0.11400641226854949
0.7333333333333331,2833.3818772512254,-1.487073196770167
0.7166666666666666,2848.2319775351793,-2.231981214677652
0.7166666666666666,2845.3997878436253,0.6536512562551764
0.7166666666666666,2833.3818863056713,-1.5263551845573782
0.7166666666666666,2831.257996958921,0.586079009068346
0.7166666666666666,2834.7977555088078,-2.916725215117613
0.7166666666666666,2833.3818654602364,-1.5145277650862825
0.7333333333333331,2820.6550219738006,-2.942193792495508
0.7166666666666666,2819.2398495755315,-1.5343551768688484
0.7166666666666666,2829.842015466804,2.0303367197957845
0.7166666666666666,2831.9656130152425,-0.08915070008687305
0.7166666666666666,2846.815323756378,-0.8157954546327519
0.7166666666666666,2834.797767879253,-2.9086973622461803
0.7166666666666666,2831.25802304219,0.6022601046832649
0.7166666666666666,2834.089811880213,-2.2084973612545733
0.7166666666666666,2843.2762131386594,2.7531055009485987
0.6999999999999998,2817.1159015510675,0.5749226901755927
0.6999999999999998,2834.797736219593,-2.905066287841548
0.6999999999999998,2847.5237484125764,-1.526203349378501
0.6999999999999998,2843.983902074878,2.042766517584781
0.7166666666666666,2831.257949077984,0.619560447541648
0.6999999999999998,2831.2579965007053,0.6189800476427741
0.6999999999999998,2842.5684262897357,3.421681152811789
0.7166666666666663,2834.7979088394322,-2.9435832937725466
0.6999999999999998,2833.381832112538,-1.5263745580696602
0.6999999999999998,2829.1340926868456,2.7289230995990628
0.6999999999999998,2843.275960447346,2.7363243652615576
0.6999999999999998,2834.0898049390985,-2.1996774585787464
0.6999999999999998,2846.107774199127,-0.1003586353297415
0.6999999999999998,2830.549955721165,1.3296780405483555
0.7166666666666666,2830.549970682991,1.3235382698998357
0.6999999999999998,2829.842041108145,2.0418057366340063
0.6999999999999998,2819.94782229666,-2.229188237941556
0.6999999999999998,2834.7976838038044,-2.901909628784934
0.6999999999999998,2846.8156996617886,-0.804206142369108
0.6999999999999998,2834.797959104049,-2.943326335408899
0.6999999999999998,2831.9658181116383,-0.10829233496877118
0.6999999999999998,2843.276113030385,2.7701342611269517
0.6999999999999998,2831.257956396585,0.628931924835416
0.7166666666666663,2818.5317387053055,-0.809687952375434
0.6999999999999998,2830.5499961357964,1.3297381943751772
0.6999999999999998,2834.0898262977416,-2.2024295203163162
0.6999999999999998,2848.2317033947234,-2.2361825772456436
0.6999999999999998,2829.841827940166,2.040928617203844
0.6999999999999998,2846.816075004047,-0.8308535838047278
0.6999999999999998,2833.3819054357646,-1.5208104035516397
0.7166666666666666,2845.3997762225717,0.628384911258492
0.7166666666666666,2830.5499509668584,1.3246990837289097
0.6999999999999998,2833.380824935577,-1.4828674043928156
0.6999999999999998,2843.9840936579585,2.050708779482699
0.6999999999999998,2830.5498200464476,1.3139173384541085
0.6999999999999998,2842.5679383127012,3.4423533350430655
0.6999999999999998,2801.5574977193965,1.9900175300669123
0.7166666666666666,2831.9658885427684,-0.07645668238854411
0.6999999999999998,2831.965649634971,-0.08191833707777955
0.7166666666666666,2846.8159860957676,-0.8161019720121169
0.6999999999999998,2846.8160095260228,-0.8307087971000967
0.6999999999999998,2829.1339534408266,2.7336394002775974
0.7166666666666666,2830.5497537178007,1.3345663881237606
0.6999999999999998,2843.2763119856654,2.7369256796953265
0.6999999999999998,2830.550118785821,1.3076161019377266
0.6999999999999998,2842.568192842582,3.4592212985331265
0.7166666666666666,2831.257936996656,0.6164437603778417
0.6999999999999998,2834.797683734367,-2.9107683673028557
0.6999999999999998,2829.13418075643,2.7180556995515923
0.6999999999999998,2818.531744124852,-0.8218722940247764
0.7166666666666666,2831.257262735876,0.6283977437801531
0.6999999999999998,2833.381616361532,-1.522894716758817
0.6999999999999998,2829.8419954832184,2.0200756183593094
0.6999999999999998,2834.0895811172854,-2.22751841253458
0.7166666666666666,2828.426080803398,3.4392791207348177
0.6999999999999998,2829.1340652583917,2.7369640428267354
0.6999999999999998,2842.5682291122544,3.4490624579468014
0.7166666666666666,2847.524146184628,-1.5436515506276656
0.6999999999999998,2846.108067341176,-0.10397547283525752
0.6999999999999998,2843.2759718912525,2.725247268474699
0.6999999999999998,2819.947656115282,-2.2234995906598813
0.6999999999999998,2845.4001841055237,0.6127425245899136
0.6999999999999998,2829.841883425297,2.0272444208740863
0.6999999999999998,2834.0897786465407,-2.2043742347360022
0.6999999999999998,2831.965733109836,-0.10451307894710546
0.7166666666666666,2819.238987954893,-1.5199095570744425
0.6999999999999998,2845.4002638135053,0.6286358425839819
0.6999999999999998,2834.0890124363154,-2.1899177094141087
0.6833333333333332,2834.089846041555,-2.20094817076424
0.6833333333333332,2847.5241033504103,-1.5470045830022892
0.6833333333333332,2842.568009489719,3.4522745165747644
0.6833333333333332,2834.08982282782,-2.1934939032739065
0.6833333333333332,2844.6917444704522,1.3322697459588213
0.6833333333333332,2819.947658616376,-2.221338718514357
0.6833333333333332,2833.3815061360265,-1.4859413570249844
0.6833333333333332,2828.425815896831,3.4315819319597
0.6833333333333332,2817.823475821595,-0.10079877930541177
0.6833333333333332,2833.381953621232,-1.5110227458114556
0.6833333333333332,2828.4255285320232,3.4202465232693244
0.6999999999999998,2831.2579734551705,0.6272067482121468
0.6833333333333332,2842.5679883433772,3.461507515080232
0.6999999999999998,2842.567276022607,3.462130525691568
0.6833333333333332,2833.382034986722,-1.5338324138165866
0.6999999999999998,2829.842181619825,2.023264729438933
0.6833333333333332,2831.9659162659937,-0.08016733546166983
0.6833333333333332,2831.25809150886,0.6005387088935774
0.6999999999999998,2830.549300274485,1.3279797669324873
0.6833333333333332,2832.673891690776,-0.7978944291611233
0.6833333333333332,2833.3815997419624,-1.5042339006751608
0.6833333333333332,2831.9652382774575,-0.08886018501386819
0.6999999999999998,2820.655775129999,-2.945600910917377
0.6833333333333332,2831.257952941049,0.6198854479928854
0.6833333333333332,2843.9841486291825,2.0489424096262545
0.6833333333333332,2845.400086030334,0.6406294498139252
0.6833333333333332,2829.8420052757465,2.0307157995703493
0.6833333333333332,2831.257951162742,0.618246518918215
0.6833333333333332,2832.6738731119754,-0.7878516192919256
0.6833333333333332,2831.9659780135476,-0.07765053284710881
0.6833333333333332,2829.134191028291,2.7200968426050465
0.6833333333333332,2832.673199386269,-0.7963463369368246
0.6833333333333332,2830.549994653793,1.3315502050880466
0.6833333333333332,2830.5501274344006,1.3130868312461852
0.6833333333333332,2846.1081733388805,-0.11922579704188328
0.6833333333333332,2844.691790909314,1.3562270057025407
0.6833333333333332,2831.9657184596686,-0.07961794837462231
0.6999999999999998,2843.9842568468152,2.038033462131959
0.6833333333333332,2833.3815980450863,-1.510073221107465
0.6833333333333332,2845.3998118415348,0.6325415267139428
0.6833333333333332,2834.7979030125425,-2.91134018713536
0.6999999999999998,2843.2762279712038,2.739237921531458
0.6833333333333332,2834.7977654404967,-2.8993986483779204
0.6833333333333332,2831.96566605798,-0.06946414843669431
0.6833333333333332,2832.6738506858105,-0.7853951605940188
0.6833333333333332,2833.3818529360105,-1.524562594529531
0.6833333333333332,2833.381580061215,-1.4881093185053265
0.6833333333333332,2829.134054435135,2.744354733697534
0.6999999999999998,2829.1337547575777,2.731529314445934
0.6833333333333332,2831.2579478465577,0.6279876419330744
0.6833333333333332,2831.2578884713394,0.6205740387228046
0.6833333333333332,2833.381959910149,-1.5083758356671981
0.6833333333333332,2831.257945968497,0.6209422652087254
0.6999999999999998,2831.2579510016376,0.619387547412843
0.6833333333333332,2846.8159922383243,-0.8327992771165734
0.6833333333333332,2829.841987335944,2.028418143220347
0.6833333333333332,2831.2579532943487,0.6176799931100754
0.6833333333333332,2834.0897826412634,-2.2053314047235935
0.6833333333333332,2820.6555949175095,-2.9373484753949484
0.6833333333333332,2819.2398428090464,-1.5428519286050932
0.6833333333333332,2843.984261376177,2.0179371212946546
0.6833333333333332,2829.1337708175356,2.7384373999038623
0.6833333333333332,2819.239394541299,-1.528255333668928
0.6833333333333332,2846.1080520752175,-0.11713685898552618
0.6833333333333332,2834.797785787812,-2.918681163369971
0.6833333333333332,2830.5497139703853,1.3252885731451276
0.6833333333333332,2832.673164026102,-0.8195969699207932
0.6833333333333332,2820.6556040162673,-2.928694174375643
0.6999999999999998,2819.239881644169,-1.5347771256547125
0.6833333333333332,2842.568227279208,3.45923445659163
0.6833333333333332,2829.134040282982,2.731831237968184
0.6833333333333332,2834.0898429072554,-2.2262195929127806
0.6833333333333332,2846.1081453779416,-0.13974865916476625
0.6833333333333332,2828.425801496335,3.4329715037533304
0.6833333333333332,2831.2579070918428,0.6190088785847688
0.6833333333333332,2833.3817934571157,-1.4962438280662942
0.6833333333333332,2831.965620942246,-0.08055265561386157
0.6833333333333332,2833.381807998663,-1.4936370300999218
0.6833333333333332,2833.38185525671,-1.5022073701082324
0.6833333333333332,2843.2762719360976,2.7309566818149973
0.6833333333333332,2834.797735807996,-2.926866146723547
0.6833333333333332,2846.1081552972437,-0.141291238954314
0.6833333333333332,2833.3810619659184,-1.4891785444613046
0.6999999999999998,2832.6731398314996,-0.7789205743543487
0.6833333333333332,2814.991578105938,2.7125942193068324
0.6833333333333332,2831.9652458136893,-0.08050122644915494
0.6833333333333332,2844.6919931844654,1.3358336838205727
0.6833333333333332,2831.2579549894326,0.6290246174178687
0.6833333333333332,2834.7977993841882,-2.9312777670029107
0.6833333333333332,2831.2579294509005,0.6253755206619612
0.6833333333333332,2831.2579834914814,0.6140689042407766
0.6833333333333332,2845.4000048746702,0.6479085226507606
0.6833333333333332,2819.9476733152496,-2.2271413726329294
0.6833333333333332,2829.8420290449035,2.0309547605295006
0.6833333333333332,2819.947799727379,-2.234379725070372
0.6833333333333332,2829.133340477598,2.7246294381964704
0.6833333333333332,2830.549957133381,1.3262984480352995
0.6833333333333332,2830.549983199688,1.3275036874222903
0.6833333333333332,2818.53168673235,-0.8228027432166319
0.6833333333333332,2819.9473753395896,-2.220926097815738
0.6833333333333332,2842.568176586622,3.459747683856198
0.6999999999999998,2819.9473671667183,-2.2184799760604923
0.6833333333333332,2831.258088139173,0.6086675146659996
0.6833333333333332,2842.5675021935212,3.4525368515222548
0.6666666666666665,2834.7974915217387,-2.9032196442707012
0.6666666666666665,2843.2751951720224,2.7615657387728074
0.6666666666666665,2843.2759402762117,2.730052142845033
0.6833333333333332,2834.797765180527,-2.903103352257366
0.6666666666666665,2831.9659051831864,-0.07961121873016726
0.6666666666666665,2833.38131569648,-1.5087843187099246
0.6666666666666665,2846.8160308906963,-0.8252677045223653
0.6666666666666665,2832.673908387795,-0.7948868112821077
0.6666666666666665,2833.3818501880473,-1.5086844174113445
0.6666666666666665,2819.2394122287906,-1.5204180101181326
0.6666666666666665,2820.655724652827,-2.9526532330563495
0.6833333333333332,2830.5500166714596,1.3190610242677825
0.6833333333333332,2846.10816825183,-0.14326075524119194
0.6833333333333332,2829.134037654106,2.7297585689140647
0.6666666666666665,2843.27618644811,2.7629695245846704
0.6666666666666665,2834.0888925198374,-2.1955485342362353
0.6666666666666665,2817.115531953548,0.6054230902389671
0.6666666666666665,2842.568014179236,3.45325336115451
0.6666666666666665,2843.2758809797274,2.7665290551540997
0.6666666666666665,2842.568365992986,3.4133070534315166
0.6666666666666665,2829.1339081806277,2.7158283824977762
0.6666666666666665,2818.531886951761,-0.8228126206245678
0.6666666666666665,2834.797853396155,-2.917142961245447
0.6833333333333332,2828.426192435064,3.421495960324567
0.6666666666666665,2817.8236979252315,-0.11658435106976602
0.6666666666666665,2842.568230513773,3.4633266604624815
0.6833333333333332,2828.4261007568584,3.442093665367541
0.6666666666666665,2842.5683737141558,3.4473494227991375
0.6666666666666665,2829.1340296002204,2.7394789597463407
0.6666666666666665,2843.275930240027,2.7579355630745077
0.6833333333333332,2829.1335211113615,2.725239261681426
0.6666666666666665,2820.655749250786,-2.94627501818904
0.6666666666666665,2829.841985347183,2.028576619180587
0.6666666666666665,2843.9841151527567,2.044072538811699
0.6666666666666665,2842.568192902318,3.4356620149293216
0.6666666666666665,2831.9659121368063,-0.09484213666351671
0.6833333333333332,2829.1340741828076,2.7383176696569502
0.6666666666666665,2834.797818611422,-2.9349725273759892
0.6666666666666665,2829.8420292479855,2.029933222504587
0.6666666666666665,2820.6556416413787,-2.9335164688775492
0.6666666666666665,2833.3817115435604,-1.5127905911680564
0.6666666666666665,2830.549992665032,1.3317086810482868
0.6666666666666665,2834.797756683334,-2.9135127118773934
0.6666666666666665,2846.8160216682377,-0.8396996927896822
0.6666666666666665,2842.5684101449424,3.4135881691715038
0.6666666666666665,2842.567559511524,3.4481835662282103
0.6666666666666665,2829.8419955703266,2.0296511585466956
0.6666666666666665,2842.5681785369816,3.4606109981016853
0.6666666666666665,2832.6738485560427,-0.7899101677691469
0.6666666666666665,2846.1077702645935,-0.11845523051137963
0.6666666666666665,2833.3818596666524,-1.492851182316263
0.6666666666666665,2846.1081899973888,-0.13330463335809098
0.6666666666666665,2834.0898335116653,-2.213346131599106
0.6666666666666665,2848.23125042778,-2.233109980585752
0.6666666666666665,2829.842009648021,2.032591533650777
0.6666666666666665,2833.381170059564,-1.5070917523448308
0.6666666666666665,2820.655620705311,-2.9334404392472395
0.6666666666666665,2834.7976046215467,-2.9279827510025713
0.6833333333333332,2842.5681055627456,3.4486194353740074
0.6666666666666665,2828.426068542163,3.435465630846224
0.6666666666666665,2831.965950497868,-0.09558264011676065
0.6666666666666665,2829.8420090140776,2.016025705940012
0.6833333333333332,2834.7977636345217,-2.9253456664496618
0.6666666666666665,2834.797481113914,-2.9032650786579084
0.6833333333333332,2818.531874294738,-0.8244119860028751
0.6666666666666665,2803.6813182349374,-0.12741438615623008
0.6666666666666665,2845.4000221735664,0.6170256599659818
0.6666666666666665,2845.3997387541817,0.6363957264163552
0.6666666666666665,2817.8237156750165,-0.11506869736893084
0.6666666666666665,2834.089503635121,-2.1800485147386173
0.6666666666666665,2842.5679849694106,3.458735443603366
0.6666666666666665,2819.947806651993,-2.231844639092621
0.6666666666666665,2831.9651868254364,-0.08909907447950381
0.6666666666666665,2828.42610290879,3.4220914560091797
0.6666666666666665,2833.3818316079337,-1.4980596392064565
0.6666666666666665,2842.5683570805013,3.4523662178944394
0.6666666666666665,2831.2579521160806,0.6227740313243721
0.6833333333333332,2828.4262305270195,3.4246312573561437
0.6833333333333332,2819.239846039221,-1.5322242631935445
0.6666666666666665,2830.5499981581797,1.331165083349635
0.6666666666666665,2842.567928692388,3.472126308416726
0.6833333333333332,2842.5681593548898,3.4710719816949682
0.6666666666666665,2819.2396697196655,-1.5328822651651326
0.6666666666666665,2834.7979365583765,-2.9388956269647184
0.6833333333333332,2833.38120919826,-1.5068223812875028
0.6666666666666665,2843.275495619597,2.746391861769327
0.6666666666666665,2834.796767833146,-2.898693346391921
0.6666666666666665,2833.381840265042,-1.4921775772769872
0.6666666666666665,2843.2762580991953,2.7428184518388568
0.6666666666666665,2843.9840847636237,2.0493302345837527
0.6666666666666665,2829.1337818809507,2.7382093996671593
0.6666666666666665,2834.796946625783,-2.8986225443709754
0.6666666666666665,2834.7978247606875,-2.929826461969255
0.6833333333333332,2820.655630767922,-2.924405409697616
0.6833333333333332,2843.276178889823,2.748661057689599
0.6499999999999999,2820.6556655350855,-2.927165500584468
0.6499999999999999,2845.4001636831667,0.621462319234865
0.6499999999999999,2834.7968006638944,-2.9189422140188612
0.6499999999999999,2831.257979850074,0.6145994384317418
0.6499999999999999,2831.9659208525745,-0.08014323263893226
0.6499999999999999,2846.108205481805,-0.12777109021955324
0.6499999999999999,2831.2576682344625,0.6207857314442143
0.6499999999999999,2843.983831435706,2.0457243292610268
0.6499999999999999,2829.1342009320097,2.7163187671671087
0.6499999999999999,2829.8420359086485,2.035821143551126
0.6499999999999999,2820.655782027532,-2.9342055721045197
0.6499999999999999,2828.426057644735,3.4225487642948487
0.6499999999999999,2846.1077949688492,-0.1219053029040585
0.6499999999999999,2830.5497083278638,1.3317264296128817
0.6499999999999999,2834.089801912001,-2.1959462474663605
0.6499999999999999,2834.0898665983814,-2.218650269328359
0.6499999999999999,2820.655078721296,-2.9368003645635663
0.6499999999999999,2832.6736812760687,-0.8099340850281026
0.6499999999999999,2830.5499610018046,1.3257510681427493
0.6499999999999999,2831.2576366153467,0.6127387750467389
0.6499999999999999,2819.2398617441395,-1.5324205097552293
0.6499999999999999,2843.984097238324,2.0538364279965107
0.6666666666666665,2829.1340357800987,2.743301999205679
0.6499999999999999,2817.8238717748127,-0.1288944819938725
0.6499999999999999,2834.797176250781,-2.937112392242477
0.6499999999999999,2842.568218816557,3.446636490158045
0.6499999999999999,2843.984147114955,2.032714980575505
0.6666666666666665,2819.947617763448,-2.231235410090545
0.6499999999999999,2831.9658854373806,-0.08788282876175695
0.6499999999999999,2829.133823331163,2.7450237787282887
0.6499999999999999,2834.797812532011,-2.899390141924331
0.6499999999999999,2832.6729615388804,-0.8001884272821398
0.6499999999999999,2832.6738254501574,-0.7933310352302546
0.6499999999999999,2834.7967805419025,-2.9186229595026494
0.6499999999999999,2834.0890980473814,-2.1837616469256482
0.6499999999999999,2834.0899308145167,-2.2130039687815355
0.6499999999999999,2829.1341382415244,2.7074570281141517
0.6499999999999999,2842.5682557455,3.461340747403571
0.6499999999999999,2830.5500095082193,1.32976013216442
0.6499999999999999,2820.655782027532,-2.9342055721045197
0.6499999999999999,2847.523669914376,-1.5289270022658727
0.6499999999999999,2834.0890700582877,-2.192755951278484
0.6499999999999999,2848.2321560727073,-2.242816331079617
0.6499999999999999,2834.7977441732614,-2.927905228210681
0.6499999999999999,2833.380835796469,-1.492954949923617
0.6499999999999999,2846.8159683003414,-0.8216356193157627
0.6499999999999999,2828.42608937855,3.4298600250440745
0.6499999999999999,2829.133345064272,2.7388366991320336
0.6499999999999999,2834.7975171203902,-2.9265722042969604
0.6666666666666665,2831.2579239290603,0.6283503906043196
0.6499999999999999,2833.381556995833,-1.4912159021173228
0.6666666666666665,2834.089744299294,-2.1878041264893615
0.6499999999999999,2834.0894740344047,-2.2084836878338026
0.6666666666666665,2831.9658866453806,-0.07663347892954259
0.6499999999999999,2831.2572024300507,0.6252275836376093
0.6499999999999999,2831.9659022152873,-0.08899827404075386
0.6499999999999999,2817.1158960340795,0.5790226074355568
0.6499999999999999,2818.53171146489,-0.8228739799466686
0.6666666666666665,2834.089113893561,-2.2009721348689726
0.6499999999999999,2843.9842678184423,2.035129305371415
0.6499999999999999,2829.842162664315,2.018144320565607
0.6499999999999999,2846.1080888567967,-0.10960566450893389
0.6499999999999999,2820.655812661209,-2.9376524351010174
0.6499999999999999,2802.973413568051,0.5782250696113704
0.6499999999999999,2833.3818802286232,-1.527326982805024
0.6499999999999999,2834.797928657336,-2.932894924261984
0.6499999999999999,2819.2397940348924,-1.5396561576002814
0.6499999999999999,2801.55790004785,1.971892389968424
0.6499999999999999,2834.797958277128,-2.9438177762619113
0.6499999999999999,2833.381837805459,-1.4940166072481622
0.6499999999999999,2832.6738411726014,-0.7899982357323732
0.6499999999999999,2820.6556251580305,-2.927799087017365
0.6666666666666665,2830.549980778774,1.3234041820085025
0.6499999999999999,2834.7977108817263,-2.8909786061619567
0.6499999999999999,2834.797779302161,-2.913332542778941
0.6499999999999999,2834.797466448692,-2.91521804099865
0.6499999999999999,2834.0899568369696,-2.2268387843342428
0.6499999999999999,2831.9660723136276,-0.10533986008699692
0.6499999999999999,2802.265454846101,1.2815731138646222
0.6666666666666665,2843.9841081810237,2.0325967248018793
0.6666666666666665,2834.7978018737012,-2.9359764572575697
0.6499999999999999,2834.0898107277635,-2.2192923405848304
0.6499999999999999,2819.239425818286,-1.5193730797800498
0.6499999999999999,2831.9659567811364,-0.08728872065409238
0.6666666666666665,2833.3818702912936,-1.5057489318679462
0.6499999999999999,2834.08952636212,-2.203195023829088
0.6666666666666665,2846.1082444189105,-0.11856852556584568
0.6499999999999999,2834.797877670567,-2.936906557442634
0.6499999999999999,2843.276322250406,2.7395728918701625
0.6499999999999999,2829.842008451312,2.0303894612263287
0.6499999999999999,2831.2579699377557,0.6226392914070222
0.6499999999999999,2819.2398486086404,-1.53504038822484
0.6499999999999999,2831.9659545691156,-0.08594739443101396
0.6499999999999999,2833.381988018831,-1.5031534296379538
0.6499999999999999,2842.567945648946,3.4721081202519226
0.6666666666666665,2829.134064104553,2.7367791035674003
0.6499999999999999,2834.797526936821,-2.9032885882999833
0.6333333333333332,2830.549995733664,1.3265529442835735
0.6333333333333332,2830.5499878103233,1.3275954884273027
0.6333333333333332,2842.568195965891,3.46538966765195
0.6333333333333332,2843.275919739317,2.7520059709856115
0.6333333333333332,2829.1341379555606,2.707434154616169
0.6333333333333332,2844.6920624051836,1.3273605105880106
0.6499999999999999,2829.1341513570896,2.7056492282620788
0.6333333333333332,2843.276152011891,2.7526359318017644
0.6499999999999997,2842.5675289547917,3.456509195256702
0.6333333333333332,2832.6738695815175,-0.7912276237040432
0.6333333333333332,2843.275884936719,2.741840010285297
0.6333333333333332,2847.523962363341,-1.5257383388212382
0.6333333333333332,2833.381781594877,-1.4909774061312404
0.6499999999999999,2819.947692552313,-2.2215650202352206
0.6333333333333332,2828.4260151000967,3.4251830265917422
0.6333333333333332,2842.568216975632,3.459398415678276
0.6499999999999999,2842.568151795129,3.4634791547476786
0.6333333333333332,2846.8157213365084,-0.810427432055836
0.6333333333333332,2842.5671906894127,3.455235340993984
0.6333333333333332,2831.9649603476737,-0.07515450653182679
0.6333333333333332,2847.52410077523,-1.5471764237513785
0.6499999999999997,2834.7977456103317,-2.927853819735401
0.6333333333333332,2834.797732803789,-2.9004694194485223
0.6333333333333332,2820.655746676292,-2.946147721508241
0.6333333333333332,2831.2579353922,0.6203996519655242
0.6333333333333332,2802.2658878948873,1.2681199770742122
0.6333333333333332,2844.691816772051,1.3594325499855962
0.6333333333333332,2819.9477100500776,-2.2236615909659294
0.6333333333333332,2816.407933031795,1.2839836034714363
0.6333333333333332,2830.5492734284253,1.3382948111565542
0.6333333333333332,2842.5675171669563,3.4672453122299802
0.6333333333333332,2831.965884250286,-0.08508871066598898
0.6333333333333332,2842.567963578238,3.4666601115984736
0.6333333333333332,2843.2751943186054,2.7747080679663374
0.6333333333333332,2843.2762850880003,2.729744651267448
0.6333333333333332,2829.1341770071176,2.71937567816172
0.6333333333333332,2843.2752881976694,2.7479591160360703
0.6499999999999997,2846.8160224964877,-0.8326213660262132
0.6333333333333332,2842.5679921607093,3.4625527376685703
0.6333333333333332,2847.5237574813955,-1.5264959436612144
0.6333333333333332,2831.965635602549,-0.08156100639479999
0.6333333333333332,2820.655591793588,-2.9378882288093124
0.6499999999999999,2843.2760587222115,2.7327857550185164
0.6333333333333332,2834.7979442746755,-2.927483695844625
0.6333333333333332,2833.3818498771725,-1.491244307513373
0.6333333333333332,2817.1155122473824,0.6041164697342746
0.6333333333333332,2834.7977726571626,-2.9178850608908578
0.6333333333333332,2834.7977770288217,-2.908140260293493
0.6333333333333332,2844.69076370019,1.331309515262687
0.6333333333333332,2829.841976491329,2.026485513332193
0.6333333333333332,2814.992007599154,2.6939513425389334
0.6499999999999999,2828.4262173011343,3.4225219820752857
0.6333333333333332,2844.692074896669,1.347325686713548
0.6333333333333332,2800.849535699265,2.6949156908600624
0.6333333333333332,2843.2761544485193,2.758606355812804
0.6333333333333332,2834.089807939003,-2.196586984135795
0.6333333333333332,2834.0897356842465,-2.1883095661808283
0.6333333333333332,2834.0898028373517,-2.193337262226579
0.6333333333333332,2847.5239630925776,-1.5372909380215969
0.6333333333333332,2834.797845952349,-2.9155329373256116
0.6499999999999997,2833.381830658366,-1.4926149504357016
0.6333333333333332,2830.5497093543618,1.3286077391612956
0.6333333333333332,2830.54987509241,1.3235278865169497
0.6333333333333332,2819.9476660045502,-2.22535978936874
0.6333333333333332,2829.841719291522,2.025976357228603
0.6333333333333332,2829.841341900297,2.0349802180822216
0.6333333333333332,2834.0895794296794,-2.1997621254529713
0.6333333333333332,2831.9659140634662,-0.08184807153958876
0.6333333333333332,2829.8419811144518,2.0273831812201273
0.6333333333333332,2834.797519558029,-2.9255572597148434
0.6499999999999999,2834.7968046326796,-2.918148868340344
0.6499999999999999,2820.655782027532,-2.9342055721045197
0.6333333333333332,2834.0888448579426,-2.190359477744002
0.6333333333333332,2834.089872624308,-2.2224222843031605
0.6333333333333332,2832.6738752964206,-0.7966317635256637
0.6333333333333332,2834.0898530161758,-2.226298143289636
0.6333333333333332,2846.8160132510016,-0.8421154398679624
0.6333333333333332,2830.549690990266,1.3368973989002413
0.6333333333333332,2831.9658843328707,-0.08058911494774697
0.6333333333333332,2833.38193911223,-1.5095305122594915
0.6499999999999999,2842.5681485050127,3.463631161159954
0.6333333333333332,2820.6556645466085,-2.927148062261941
0.6333333333333332,2801.5578943361315,1.9720152850974817
0.6333333333333332,2843.984246696971,2.034328770026122
0.6333333333333332,2845.3999968195812,0.6356509679992377
0.6333333333333332,2846.1080348833943,-0.1304109171543278
0.6499999999999997,2843.9838670768145,2.052081194751095
0.6333333333333332,2843.984239647592,2.0337477150496577
0.6333333333333332,2831.2579641390926,0.6328245760089928
0.6333333333333332,2834.089865041825,-2.2243680856450503
0.6499999999999999,2843.275144209081,2.756549449724667
0.6333333333333332,2834.0895903601795,-2.2182053155548367
0.6499999999999999,2831.9659824252435,-0.11444170765591578
0.6333333333333332,2842.5683344363297,3.45674845226424
0.6333333333333332,2834.0898921427693,-2.2079864628398136
0.6333333333333332,2832.673871984104,-0.7942832084755603
0.6333333333333332,2832.674002014944,-0.8034043634126853
0.6333333333333332,2834.089756735958,-2.192799122377065
0.6333333333333332,2844.691790873774,1.3584468985711937
0.6166666666666666,2815.6998597490483,2.0081039820530107
0.6166666666666666,2834.79793248559,-2.9391713614512844
0.6166666666666666,2833.3818566686987,-1.5257181567970668
0.6166666666666666,2834.7978442737403,-2.912336481618451
0.6333333333333331,2843.983420892816,2.0429546703197516
0.6166666666666666,2830.5499405166543,1.3216761863657605
0.6333333333333331,2828.426091936317,3.4418380368709016
0.6333333333333332,2829.8420201205795,2.032816510450062
0.6166666666666666,2845.400178809051,0.6283938265814143
0.6333333333333332,2819.9476536887837,-2.2209222071512844
0.6166666666666666,2846.816138731977,-0.8245434695583393
0.6166666666666666,2817.82385719309,-0.12779681893646472
0.6333333333333331,2830.5499618991194,1.3218269823715012
0.6166666666666666,2828.4257615053493,3.4291237228686575
0.6166666666666666,2829.8417106107777,2.0226607671182704
0.6166666666666666,2831.9659088642666,-0.0825951724370495
0.6166666666666666,2842.5683904705706,3.4311660947182663
0.6333333333333332,2817.823776092198,-0.10384245662049854
0.6166666666666666,2834.0895780973296,-2.2280259160918714
0.6166666666666666,2846.108014152498,-0.12398363585275199
0.6166666666666666,2846.108061473505,-0.12748985127463663
0.6166666666666666,2845.3997843460056,0.639149791648289
0.6166666666666666,2831.96590846669,-0.0856555298316356
0.6166666666666666,2834.0898188248034,-2.2189834223609894
0.6166666666666666,2834.797804369903,-2.935061673065354
0.6166666666666666,2834.0898457401076,-2.232954667844103
0.6166666666666666,2818.5314307499684,-0.8191279293288763
0.6166666666666666,2846.1081613691367,-0.1446544708528456
0.6166666666666666,2843.983822883238,2.049070818459655
0.6333333333333332,2818.5317559101536,-0.8073501636747781
0.6166666666666666,2843.9838354881163,2.0643440902472308
0.6333333333333331,2842.56726689527,3.469643595574716
0.6166666666666666,2846.108035343271,-0.1032911756597185
0.6166666666666666,2828.4260878491705,3.4303295025998692
0.6166666666666666,2846.10782072128,-0.10916748967419068
0.6166666666666666,2846.8162044022715,-0.823988983617571
0.6166666666666666,2845.4000161019085,0.6309218846428493
0.6166666666666666,2844.6917867391066,1.3612950759640712
0.6166666666666666,2834.0895797583244,-2.204474433467146
0.6166666666666666,2843.275908647169,2.767081715578382
0.6333333333333332,2834.0899459856437,-2.2278433680266025
0.6166666666666666,2829.841881026922,2.0220500449959697
0.6166666666666666,2832.6739163822663,-0.7927247096050369
0.6166666666666666,2817.8237284509196,-0.12127886404066619
0.6166666666666666,2844.6920825501443,1.3194532798225078
0.6166666666666666,2843.276153804807,2.7534344300736717
0.6166666666666666,2819.9473641088703,-2.2201629681866693
0.6333333333333332,2842.568165797067,3.45738199271935
0.6166666666666666,2820.655565960076,-2.932968780623857
0.6166666666666666,2791.6631509415415,-2.2605337978392357
0.6166666666666666,2834.0890762254962,-2.1986643000839137
0.6166666666666666,2834.089837344722,-2.2204057165808435
0.6166666666666666,2831.257956871403,0.6135075180502947
0.6333333333333331,2829.134071136102,2.740970409986428
0.6333333333333332,2833.3820162756497,-1.5170097153722826
0.6166666666666666,2834.0897836951913,-2.2338308205271384
0.6166666666666666,2834.089775714803,-2.2076248297474703
0.6166666666666666,2814.992078177313,2.68800788230926
0.6166666666666666,2834.0897202574415,-2.205794625485224
0.6166666666666666,2842.56834782925,3.420276188890269
0.6166666666666666,2802.2654440950046,1.2833427301331157
0.6333333333333332,2819.9477660555467,-2.2425091377579762
0.6166666666666666,2834.7970441840193,-2.887204809630543
0.6166666666666666,2830.549256686784,1.3212586201243905
0.6166666666666666,2834.089842267276,-2.2114407675378853
0.6333333333333332,2843.275961421962,2.725992478153308
0.6333333333333331,2834.089649176076,-2.2097798441504644
0.6166666666666666,2831.2580567457253,0.6122728815421301
0.6166666666666666,2818.5314095907775,-0.8165684460786217
0.6166666666666666,2834.0898011077434,-2.209505429505484
0.6166666666666666,2832.673647346953,-0.7801150891085721
0.6166666666666666,2833.381560773214,-1.4836366720277983
0.6166666666666666,2820.6557802030616,-2.9343617137939604
0.6166666666666666,2843.983823379252,2.0649001704879257
0.6333333333333332,2831.965939596759,-0.1120592556493608
0.6166666666666666,2842.5682658068326,3.430895135548336
0.6333333333333331,2831.966039745896,-0.0983575338047764
0.6166666666666666,2833.3818650747794,-1.4995135140415958
0.6166666666666666,2819.947796702673,-2.234715084396312
0.6166666666666666,2834.797772395696,-2.927200574063167
0.6166666666666666,2828.426215476664,3.422365840385845
0.6166666666666666,2833.381912810765,-1.5211164947647549
0.6333333333333331,2831.96591707978,-0.08053793047131207
0.6166666666666666,2831.257703899894,0.63082785323358
0.6166666666666666,2831.9660366817666,-0.0915602478701298
0.6333333333333331,2843.2754160804648,2.7631626531773237
0.6333333333333331,2834.7970342003628,-2.9208042901191145
0.6166666666666666,2843.2762123279213,2.752762255056026
0.6166666666666666,2845.3993599898504,0.6435519553875947
0.6166666666666666,2833.381609208004,-1.4885621134585902
0.6166666666666666,2834.797840383022,-2.9131647203345814
0.6333333333333331,2830.5499535551835,1.3262945115646083
0.6333333333333332,2829.8414630169095,2.0097716615126884
0.6333333333333331,2833.38193911223,-1.5095305122594915
0.6166666666666666,2829.841248141541,2.038129717246286
0.6333333333333331,2829.8419902218134,2.027475574555435
0.6166666666666666,2843.9840919403796,2.0455936145965983
0.6333333333333332,2842.5681844222518,3.4530023421639466
0.6333333333333332,2831.965198546285,-0.08365931362369419
0.6166666666666666,2842.5682126671823,3.4548484593222817
0.6333333333333332,2845.4000178254455,0.6289598713146429
0.6333333333333332,2834.0890482008213,-2.191084108402564
0.5999999999999999,2819.239779167205,-1.5385813680410838
0.6166666666666666,2848.2320649888566,-2.2547936250828684
0.5999999999999999,2842.5682348584937,3.440106919976905
0.5999999999999999,2834.796699164145,-2.9024866787313144
0.5999999999999999,2834.7977227433707,-2.901942664248499
0.5999999999999999,2833.3815820045575,-1.505218774505695
0.6166666666666664,2834.089915819423,-2.2157499358568016
0.5999999999999999,2819.2397951301737,-1.5386752638980654
0.5999999999999999,2831.257932964847,0.6191957552865813
0.5999999999999999,2842.5679157488007,3.467211087821998
0.5999999999999999,2834.797903679713,-2.9454905074592532
0.5999999999999999,2820.655330703695,-2.9320748660349425
0.6166666666666666,2845.399987202704,0.6436975050510005
0.5999999999999999,2828.426068049536,3.431420681886945
0.5999999999999999,2819.947639874873,-2.234676686828587
0.5999999999999999,2834.7970504023724,-2.912415050938574
0.5999999999999999,2834.797787075671,-2.926929313867553
0.5999999999999999,2848.231939941663,-2.2401614786451316
0.5999999999999999,2833.3817745275874,-1.485392576298324
0.5999999999999999,2842.568224574081,3.4576602671577925
0.5999999999999999,2843.984102361315,2.046248980510731
0.5999999999999999,2847.523341855432,-1.519891339228666
0.6166666666666666,2848.231925861618,-2.2299147327493127
0.5999999999999999,2834.7975018853917,-2.9151129062726757
0.5999999999999999,2834.7977328831876,-2.898128886664768
0.5999999999999999,2842.5683571836016,3.437524765835829
0.5999999999999999,2831.9656962648487,-0.0819704101607471
0.5999999999999999,2832.6737524970576,-0.7951348968244885
0.5999999999999999,2820.655682626358,-2.928505958842841
0.5999999999999999,2833.381861419679,-1.489930295355983
0.5999999999999999,2829.8421707504085,2.021761057739838
0.5999999999999999,2817.115925616128,0.5853100114666839
0.5999999999999999,2830.5501393670575,1.3239104595390452
0.5999999999999999,2833.3815375068857,-1.5231365706171234
0.6166666666666666,2845.399797964419,0.6509439852648431
0.5999999999999999,2834.7967978184497,-2.9079985024588466
0.5999999999999999,2834.0895049863643,-2.196398291454763
0.5999999999999999,2832.673933658422,-0.7905666454078614
0.5999999999999999,2831.2579667537457,0.6262673811981186
0.6166666666666666,2834.7979431713197,-2.927491517106125
0.5999999999999999,2834.797751679743,-2.9041865561945777
0.5999999999999999,2846.816156207213,-0.813991937971565
0.5999999999999999,2833.3818687783682,-1.504682123313441
0.5999999999999999,2843.984068309842,2.039699259897666
0.5999999999999999,2846.8157019866035,-0.8288700005159856
0.5999999999999999,2832.6732089840552,-0.7870791964682636
0.5999999999999999,2829.8419116924965,2.028578491326615
0.5999999999999999,2843.2759591199824,2.7485856164183127
0.5999999999999999,2830.5501334667288,1.3167771882059751
0.5999999999999999,2845.399997936309,0.6372201084842564
0.5999999999999999,2833.3811241459007,-1.4992808908229902
0.5999999999999999,2829.841741348618,2.0361976955755257
0.5999999999999999,2832.6740432107554,-0.8303435974549208
0.5999999999999999,2833.382003299604,-1.5347970174652985
0.5999999999999999,2844.6913599003137,1.3421278946564998
0.5999999999999999,2834.0895914948974,-2.2193219110145206
0.5999999999999999,2829.841250533724,2.0361017350235233
0.5999999999999999,2830.5499403421136,1.3185486741077388
0.5999999999999999,2833.3810607670234,-1.4944527279734054
0.5999999999999999,2846.1080709603084,-0.1163017717435231
0.5999999999999999,2842.5684257674875,3.4101660734635
0.5999999999999999,2817.1158941908056,0.5771641770991872
0.5999999999999999,2828.426167708204,3.409435146513019
0.6166666666666666,2846.8160440285624,-0.8225943844341955
0.5999999999999999,2848.232064126719,-2.2574077414688
0.5999999999999999,2843.27616414506,2.74837236983759
0.5999999999999999,2834.797899312211,-2.9298523229326507
0.5999999999999999,2844.692190784688,1.3333210442725667
0.6166666666666666,2832.6738678884803,-0.7937026593955349
0.5999999999999999,2834.7977148975256,-2.9129519562252466
0.5999999999999999,2843.9838010026574,2.0475197533436598
0.5999999999999999,2831.965890561832,-0.08430386473956898
0.6166666666666666,2842.568144642488,3.4612184166808984
0.5999999999999999,2832.67383180994,-0.7912402389680154
0.5999999999999999,2848.2316321314515,-2.2452711146314868
0.5999999999999999,2842.567654438271,3.434355246415909
0.5999999999999999,2817.115765446119,0.5876722297214864
0.5999999999999999,2832.673673442237,-0.7931714391226814
0.5999999999999999,2801.557897223928,1.9719146809923056
0.5999999999999999,2848.2316364907388,-2.247448595232444
0.5999999999999999,2833.381827945926,-1.5006701708324217
0.5999999999999999,2834.797777850194,-2.932110369437935
0.5999999999999999,2834.0898446219658,-2.2329620348555723
0.5999999999999999,2833.38033706907,-1.4917893990095579
0.6166666666666666,2834.0898616379704,-2.233858909006619
0.5999999999999999,2817.82375040075,-0.10974956271938589
0.5999999999999999,2831.9659352686363,-0.08708483422198698
0.5999999999999999,2817.823729995608,-0.11643033440275492
0.5999999999999999,2820.655626481734,-2.930245473131474
0.5999999999999999,2843.276295498048,2.740387008123002
0.5999999999999999,2843.2761452659015,2.7592173295668836
0.5999999999999999,2834.7971695756805,-2.9115580522305518
0.5999999999999999,2804.3893599966027,-0.8300310166646415
0.5999999999999999,2846.81600446413,-0.8394095849151249
0.5999999999999999,2829.134076052585,2.7415370278996822
0.5833333333333333,2842.5681878066143,3.4271808750710546
0.5833333333333333,2834.797646555414,-2.9167669379752605
0.5999999999999999,2834.0897674740518,-2.206313988320068
0.5833333333333333,2834.089858101008,-2.2224316575193743
0.5833333333333333,2819.2395937956617,-1.5204131646695065
0.5999999999999999,2831.2579667537457,0.6262673811981186
0.5833333333333333,2844.6918385569043,1.3536540068256797
0.5833333333333333,2831.257946119646,0.615403916449952
0.5833333333333333,2834.797490534282,-2.8962931756883434
0.5833333333333333,2820.6556006674623,-2.928177886096525
0.6166666666666666,2847.524102939393,-1.5503427125863112
0.5833333333333333,2834.797874137347,-2.908974795585942
0.5833333333333333,2845.4001620727877,0.6245181182896027
0.5833333333333333,2833.381852936588,-1.497541171565413
0.5999999999999999,2829.1340485363958,2.7297048622736755
0.5833333333333333,2829.841782999705,2.0405938304428615
0.5833333333333333,2843.9826762416233,2.056488100474061
0.5833333333333333,2817.115925330164,0.5852871379687011
0.5999999999999999,2830.5501334667288,1.3167771882059751
0.5833333333333333,2843.275122788549,2.7625685399027473
0.5833333333333333,2817.115894890223,0.5789311134433982
0.5833333333333333,2816.4075182332294,1.3026756942486581
0.5833333333333333,2817.8238662178196,-0.12857908082820446
0.5833333333333333,2817.823499429109,-0.11202244628400611
0.5999999999999999,2830.549983104408,1.321537546650603
0.5833333333333333,2843.275875214752,2.7472209651456536
0.5833333333333333,2846.107786427863,-0.12662793489312907
0.5833333333333333,2834.797778334652,-2.9035666852849253
0.5833333333333333,2846.108065447329,-0.11377209935654291
0.5833333333333333,2834.089978202697,-2.2225218894910004
0.5999999999999999,2829.1340845051127,2.7483522611323203
0.5833333333333333,2834.088762362328,-2.1807166325655296
0.5833333333333333,2829.8421055697227,2.0124880796711064
0.5833333333333333,2819.239711535223,-1.5211768971446644
0.5999999999999999,2828.426106789187,3.4457840223275586
0.5999999999999999,2843.2761252455466,2.753439223335156
0.5833333333333333,2829.1340499002417,2.7320738336486206
0.5833333333333333,2820.655490683358,-2.9358973561378003
0.5833333333333333,2833.382015720921,-1.5357764077212441
0.5833333333333333,2829.1340420904316,2.7350676916102103
0.5833333333333333,2819.2396431280686,-1.5222528520134138
0.5999999999999999,2830.549833963879,1.314969246325887
0.5833333333333333,2848.2317122376758,-2.239047659645068
0.5833333333333333,2817.1155008930737,0.5999169833472232
0.5833333333333333,2829.134182305585,2.725766140000904
0.5833333333333333,2829.8421461128382,2.001856112929647
0.5999999999999999,2831.966049016388,-0.10461935430348047
0.5833333333333333,2834.797788116245,-2.921414081865181
0.5833333333333333,2818.5318408823396,-0.8400995022674825
0.5833333333333333,2820.654853152632,-2.9224132925819535
0.5833333333333333,2834.089952421852,-2.233046451770443
0.5999999999999999,2829.1341764520266,2.713169748938575
0.5833333333333333,2828.4260458183658,3.424173798224209
0.5833333333333333,2843.2763137763814,2.7321147165927893
0.5833333333333333,2843.2756162037854,2.732699695395079
0.5833333333333333,2831.96596168418,-0.11889256731780905
0.5999999999999999,2830.5499771007476,1.330145848302616
0.5833333333333333,2819.239363779759,-1.5214011912284622
0.5833333333333333,2819.239700696833,-1.5202266742092694
0.5833333333333333,2831.2580797897067,0.6045944185795604
0.5833333333333333,2828.4260667325366,3.4314871990580045
0.5999999999999999,2845.3997164769185,0.6292150588617136
0.5833333333333333,2834.7969968505554,-2.8932963108815892
0.5833333333333333,2842.5683717975057,3.4150814163992873
0.5999999999999999,2842.5681908555393,3.4555973974551324
0.5999999999999999,2831.965178323916,-0.0810209943654
0.5833333333333333,2834.7970493557273,-2.9038316491740073
0.5833333333333333,2801.5578911652447,1.972052492798995
0.5999999999999999,2829.842129800362,2.0223518495497026
0.5833333333333333,2844.692058147178,1.3377125480040797
0.5833333333333333,2848.2316388806685,-2.247911954116546
0.5999999999999999,2834.0897164448747,-2.1945894497395235
0.5999999999999999,2847.5239454852704,-1.5400950864874678
0.5833333333333333,2834.0895483443146,-2.2164923242063557
0.5833333333333333,2829.842034169496,2.025401641707682
0.5833333333333333,2834.0899893383285,-2.246851840561078
0.5833333333333333,2816.4079533789236,1.2887453139958864
0.5833333333333333,2819.947602161893,-2.228988789278533
0.5833333333333333,2833.381560665461,-1.5059260223959552
0.5999999999999999,2848.2312352237304,-2.2375225795699896
0.5833333333333333,2842.5682232727204,3.4571545002792665
0.5833333333333333,2844.691758069432,1.341927400798251
0.5833333333333333,2843.2751523400666,2.761208664772841
0.5833333333333333,2831.965611483008,-0.0797953366750819
0.5833333333333333,2843.984092527373,2.040989761752054
0.5833333333333333,2829.1341372089246,2.7198506771169146
0.5833333333333333,2830.5497383614284,1.3359900775883005
0.5833333333333333,2843.9838361525717,2.0478338795510895
0.5833333333333333,2819.2396929830766,-1.5254432556501032
0.5999999999999999,2831.965176974984,-0.08172748841068922
0.5833333333333333,2831.257238976008,0.6225460802256599
0.5833333333333333,2848.231948408444,-2.2425945428951835
0.5666666666666665,2834.08979174439,-2.195164348438199
0.5666666666666665,2844.692129283083,1.3402871340487181
0.5666666666666665,2844.6922151415083,1.3329132774629424
0.5666666666666665,2842.5679433070554,3.460720374873203
0.5833333333333333,2834.797782638099,-2.920851886674237
0.5666666666666665,2846.108021400999,-0.1287578263601169
0.5666666666666665,2846.8159589676625,-0.8063013836746666
0.5666666666666665,2843.276133998797,2.749986328863927
0.5666666666666665,2830.549823869783,1.3095166958533317
0.5666666666666665,2818.5314150805234,-0.8180520629502345
0.5666666666666668,2846.1070404997918,-0.10623890877805338
0.5666666666666665,2829.134046281138,2.7333876302088695
0.5833333333333333,2846.815785838045,-0.8082780348615918
0.5833333333333333,2844.6920544852605,1.3426546539845567
0.5666666666666665,2847.5240926940123,-1.5578195834502928
0.5666666666666665,2819.9466306839663,-2.2153919001201845
0.5666666666666665,2829.841323543591,2.0393124665556175
0.5666666666666665,2843.27539869453,2.764278024740954
0.5666666666666665,2830.549957490558,1.3329442950883676
0.5666666666666665,2834.0894896957507,-2.208706036407271
0.5666666666666665,2848.2320377835845,-2.255813914641734
0.5666666666666665,2833.3805096355627,-1.5183475012149925
0.5666666666666665,2842.5674644458495,3.464670522597747
0.5666666666666665,2831.2571994882423,0.6250001988586105
0.5833333333333333,2834.797721164507,-2.90132547539306
0.5666666666666665,2843.2762897385505,2.737915686745817
0.5666666666666665,2831.9659195065074,-0.08761150202791415
0.5666666666666665,2834.7978411481026,-2.9130780749670895
0.5666666666666665,2830.5496851950315,1.326578804083783
0.5666666666666665,2846.815709415451,-0.8108029371947725
0.5833333333333333,2834.7977737667757,-2.9300649395579685
0.5666666666666665,2834.797730038987,-2.915632605034099
0.5666666666666665,2831.9657767979015,-0.10118019291008606
0.5666666666666665,2817.823460743678,-0.10747251611642566
0.5666666666666665,2830.549258771811,1.3369345544656033
0.5666666666666665,2834.0899150713863,-2.2136785349921486
0.5666666666666665,2829.841733902591,2.035323659783209
0.5666666666666665,2832.6731856094575,-0.7851683292792582
0.5666666666666665,2832.6738867799636,-0.7906666039929062
0.5666666666666665,2817.1157635397285,0.592730382355351
0.5666666666666665,2830.5499756446047,1.3271848576309744
0.5833333333333333,2831.965927265853,-0.07853314481359235
0.5666666666666665,2834.0890732785715,-2.1906707908669913
0.5666666666666665,2819.9477934592383,-2.234738091918934
0.5666666666666665,2829.8420694095375,2.036169888017177
0.5666666666666665,2830.5499903805153,1.3280174702126637
0.5833333333333333,2834.7977686533227,-2.8966684724351475
0.5666666666666665,2830.5498405515314,1.308547746436818
0.5666666666666665,2844.691847946732,1.335599716290698
0.5666666666666665,2842.5682442892166,3.461867608963099
0.5666666666666665,2848.231657926686,-2.235304880223932
0.5666666666666665,2846.1077498964582,-0.10735981406952953
0.5833333333333333,2831.2580939788363,0.6119766621944915
0.5666666666666665,2830.5500119640333,1.3346751248114885
0.5666666666666665,2833.3815649595635,-1.4866534162706635
0.5666666666666665,2830.550132634917,1.3167938797943095
0.5666666666666665,2834.7977692306376,-2.9022037850902582
0.5666666666666665,2846.8157212706255,-0.8248432999856009
0.5833333333333333,2828.4252545381783,3.4253143653271567
0.5666666666666665,2828.426243723764,3.4183625006898817
0.5666666666666665,2832.673617799342,-0.7937091149401041
0.5666666666666668,2828.4260958584578,3.423263115048916
0.5666666666666665,2843.2761602465644,2.7473628604577875
0.5833333333333333,2834.797801555358,-2.917900260139996
0.5666666666666665,2834.089989963919,-2.238870551973774
0.5666666666666665,2831.257866079777,0.6164843104671833
0.5666666666666665,2828.4260982957117,3.438021882567102
0.5666666666666665,2830.549286686338,1.3279268979675674
0.5666666666666665,2834.797133559714,-2.909582205240175
0.5666666666666665,2829.1337338549497,2.723098863705804
0.5833333333333333,2834.797004797955,-2.8871016669807212
0.5833333333333333,2834.089978202697,-2.2225218894910004
0.5666666666666665,2832.6738745936345,-0.7918813346356163
0.5833333333333333,2834.7975520897053,-2.9103437703101602
0.5666666666666665,2828.4260494574937,3.4336229334156023
0.5666666666666665,2818.531673502991,-0.8209837444300566
0.5666666666666665,2831.965902917297,-0.08517562336829398
0.5666666666666665,2830.5501080898957,1.3117794343229356
0.5666666666666665,2843.275914866693,2.7539798750190934
0.5666666666666665,2832.6739486522433,-0.7882882277205554
0.5666666666666665,2843.9831860014788,2.047677436195963
0.5666666666666665,2831.9659226924573,-0.0733451388049673
0.5666666666666665,2833.380864174415,-1.495271643294602
0.5666666666666665,2828.426051475158,3.4370271391648837
0.5666666666666665,2833.38179793357,-1.5092578271275705
0.5666666666666665,2842.5679282914725,3.4592326568722234
0.5666666666666665,2842.5682274907354,3.4510696886981367
0.5666666666666665,2834.7976976959117,-2.899803209993009
0.5666666666666665,2829.841308382487,2.037866613524517
0.5499999999999999,2834.089507822022,-2.184063313955108
0.5666666666666665,2831.966055706919,-0.08977769263665893
0.5499999999999999,2844.692049857486,1.3423561616261133
0.5499999999999999,2834.0897942463603,-2.198461322915402
0.5499999999999999,2834.089810368864,-2.197152710437413
0.5499999999999999,2834.08998811018,-2.238840633453554
0.5499999999999999,2846.1077955929786,-0.10158047948407249
0.5499999999999999,2834.7977044973,-2.907930112804038
0.5499999999999999,2843.2763402063165,2.70948273065169
0.5499999999999999,2818.5318187680705,-0.8368622801889861
0.5499999999999999,2834.0898299306127,-2.2331054703381485
0.5499999999999999,2829.1340385325793,2.72812716694303
0.5499999999999999,2833.3818121402082,-1.499970297712241
0.5666666666666668,2832.673904986028,-0.8109574730035686
0.5666666666666665,2830.55009989585,1.301560971167926
0.5666666666666665,2843.2759097840158,2.755795942443349
0.5499999999999999,2833.381841425295,-1.4979394343919044
0.5499999999999999,2843.2761293507183,2.747231328851009
0.5499999999999999,2831.2576617916116,0.6217510742348865
0.5499999999999999,2834.0888676787554,-2.1905173779210876
0.5499999999999999,2829.1341825890636,2.721456365676389
0.5666666666666665,2842.568222197272,3.4531253402232363
0.5499999999999999,2819.9478115180596,-2.2327607036363464
0.5499999999999999,2820.655620915889,-2.925616620794459
0.5666666666666665,2845.400168871636,0.6086404882418779
0.5499999999999999,2831.2578171233845,0.6038607688899064
0.5499999999999999,2831.9657840284062,-0.10105136650603715
0.5499999999999999,2842.5681750625627,3.4661276584506746
0.55,2834.7967494321665,-2.9016949092953603
0.5499999999999999,2820.6555948495825,-2.92682186018145
0.5499999999999999,2802.2658570573017,1.2669656258385213
0.5499999999999999,2843.2761290997055,2.7435476300699078
0.5499999999999999,2833.381839818828,-1.5120051373148877
0.5499999999999999,2831.966045479994,-0.09654905481424643
0.5499999999999999,2802.2654563606266,1.284998839943638
0.5499999999999999,2831.9659271774985,-0.11113477619489302
0.5499999999999999,2800.8495309279856,2.6949665790113624
0.5499999999999999,2818.5317091437687,-0.8141817518769461
0.5499999999999999,2834.79670648693,-2.9076871588625375
0.5499999999999999,2842.568182770429,3.4364482412964104
0.5499999999999999,2844.692026777189,1.35064386987455
0.5666666666666665,2834.797723490137,-2.926535250746161
0.5666666666666665,2832.6728625732862,-0.7901192134181663
0.5666666666666665,2833.381839532253,-1.523305630191978
0.5499999999999999,2830.5496955631165,1.3314648335440136
0.55,2833.3812423333748,-1.5103468968238645
0.5499999999999999,2801.557894340981,1.9719494953723835
0.5499999999999999,2833.3817703540053,-1.4856707764169823
0.5499999999999999,2802.2658570573017,1.2669656258385213
0.5499999999999999,2846.1080535573574,-0.1093837245383353
0.5499999999999999,2846.8160146146743,-0.8316625059643203
0.5666666666666665,2846.1081837488996,-0.14544574561160076
0.55,2834.797769080655,-2.913887070391154
0.5666666666666665,2829.8420119939587,2.039078904743832
0.5666666666666665,2831.257903915296,0.622902262485533
0.5666666666666665,2831.2579374265997,0.6291111656761075
0.5499999999999999,2843.275134624842,2.750152774564099
0.5499999999999999,2829.8420109605736,2.032993270804786
0.5499999999999999,2818.531414794559,-0.8180749364482173
0.5499999999999999,2831.9659312779086,-0.08248249381360515
0.5499999999999999,2846.816012563498,-0.8422096865806675
0.55,2833.3818532279006,-1.5259504498641117
0.5499999999999999,2843.9838453303532,2.0531472935793897
0.55,2832.6740573149214,-0.8059429002722603
0.5499999999999999,2847.5237219891815,-1.5323126642827836
0.5666666666666665,2843.2758978485654,2.761440429380895
0.5499999999999999,2819.947355170863,-2.221430508027681
0.5499999999999999,2844.692177753729,1.3400834060617144
0.5499999999999999,2831.966039818436,-0.09495087636630625
0.5499999999999999,2819.947392862162,-2.2234443033094213
0.5499999999999999,2801.557918160814,1.9736388571402141
0.5666666666666665,2834.0899667056524,-2.2385704587220734
0.5666666666666665,2843.984158542089,2.0469141909364708
0.5499999999999999,2843.9841012875436,2.057841236048625
0.5666666666666665,2834.7976940609933,-2.9082302060180703
0.5499999999999999,2831.257938042408,0.6218911165776528
0.5499999999999999,2846.8157594599343,-0.8013758243192156
0.5499999999999999,2834.089563463027,-2.19246673612837
0.5499999999999999,2832.673617456392,-0.7773999377445989
0.5499999999999999,2819.239419397063,-1.5137253577376997
0.5499999999999999,2846.816015617025,-0.84198484175331
0.5666666666666665,2842.568185519735,3.471232125007171
0.5499999999999999,2843.2759363855744,2.7478287741347214
0.5499999999999999,2845.400003078695,0.6333938364147357
0.5499999999999999,2842.5674451432055,3.474077126982149
0.5499999999999999,2833.381793366941,-1.476493576244701
0.5499999999999999,2834.0898411657768,-2.2329810095809415
0.5666666666666665,2834.0899673251847,-2.2448728563135596
0.5499999999999999,2833.381853293401,-1.5211381929782295
0.5499999999999999,2842.567967230644,3.446232404080977
0.5499999999999999,2831.9653120878265,-0.0887343868122655
0.5499999999999999,2833.3816988583503,-1.5311102657900735
0.5499999999999999,2820.6555781466964,-2.936566358578974
0.5666666666666665,2843.2761681363613,2.744120185815204
0.5499999999999999,2845.400065067866,0.6422796072391034
0.5499999999999999,2844.6920607641678,1.3458144541378196
0.5499999999999999,2828.426068910666,3.4379503848496897
0.5666666666666665,2834.089662323402,-2.2012556199560853
0.5333333333333332,2842.5682196068274,3.430548462893865
0.5333333333333332,2830.5500251635817,1.3184409125006542
0.5333333333333332,2829.13400870058,2.717405614749498
0.5333333333333332,2832.673928195976,-0.8205621677655287
0.5333333333333332,2842.568299396872,3.437404918008018
0.5333333333333332,2834.0894720326564,-2.208643802320137
0.5333333333333332,2832.673148963506,-0.7847053146089108
0.5333333333333332,2819.9477785221543,-2.24125363187772
0.5333333333333332,2818.5318502782216,-0.830198445957811
0.5499999999999997,2830.5499630956338,1.3315007058640531
0.5333333333333332,2817.823864695103,-0.12860744125866688
0.5499999999999997,2843.984127169374,2.046472399447683
0.5333333333333332,2832.6736280436635,-0.791147127065592
0.55,2843.2761582331905,2.7486490416862273
0.5333333333333332,2829.841994716768,2.0301177069901035
0.5499999999999999,2830.5499917576385,1.327499436025145
0.5333333333333332,2834.0897121543408,-2.2133924770979947
0.5499999999999997,2830.5499731429322,1.3342146886522896
0.5333333333333332,2848.2312143225977,-2.2255515619699686
0.5333333333333332,2831.965981995499,-0.10293771886320711
0.5333333333333332,2831.965919944581,-0.08227567945526473
0.5333333333333332,2832.6738640169324,-0.7846102046644269
0.5333333333333332,2834.0891436700226,-2.206373763842528
0.5333333333333332,2848.232063998692,-2.254320981791329
0.5333333333333332,2818.5314433389863,-0.8122258307817609
0.5333333333333332,2845.4001822063287,0.6266096481879085
0.5333333333333332,2833.3819523200987,-1.5094004638976284
0.5333333333333332,2843.275473814975,2.741391349041038
0.5333333333333332,2843.2758905452856,2.7457212443757206
0.5333333333333332,2845.4000389304074,0.6384895944048398
0.5333333333333332,2834.79787029617,-2.9290685376174714
0.5333333333333332,2830.54930258105,1.3183396596072616
0.5333333333333332,2845.399720670683,0.6376568799561496
0.5333333333333332,2831.9658787519497,-0.08485055878327678
0.5333333333333332,2834.0898151543,-2.2103275057872085
0.5499999999999999,2819.9466640274986,-2.225034972004536
0.5333333333333332,2834.797927838798,-2.9482642099285656
0.5333333333333332,2833.3818684907424,-1.525789746549007
0.5333333333333332,2814.9915903663405,2.7095002298263564
0.5333333333333332,2833.381097433261,-1.4880010798221968
0.5333333333333332,2829.1337851142052,2.7421815397003826
0.5333333333333332,2848.231952401151,-2.237250473495036
0.5499999999999997,2829.134067773716,2.744225628022357
0.5333333333333332,2843.27625704827,2.7433026295951257
0.5333333333333332,2834.797932596217,-2.9509460880637426
0.5333333333333332,2834.7978019909774,-2.9379334066874754
0.5333333333333332,2833.381864045014,-1.5228220287292507
0.5333333333333332,2842.5682488271204,3.4649785197816563
0.5333333333333332,2834.7977452989953,-2.8950527159783594
0.5333333333333332,2834.7968062465147,-2.897782912710147
0.5333333333333332,2829.8420397491336,2.0363489708225364
0.5333333333333332,2820.6553353842523,-2.9235851951367002
0.5333333333333332,2814.991619114743,2.71741730282299
0.5499999999999999,2819.9473641343466,-2.2201358605709505
0.5333333333333332,2833.38200832221,-1.5169307981624343
0.5333333333333332,2828.4260931883937,3.441532400921719
0.5333333333333332,2831.9656981058292,-0.07424899167629931
0.5499999999999997,2834.7975319343186,-2.898595101058151
0.5499999999999999,2831.96564449936,-0.08728395297727806
0.5333333333333332,2820.655328737645,-2.9328488839076434
0.5333333333333332,2843.275401441971,2.75388715739408
0.5333333333333332,2817.115655356047,0.5888952730629834
0.5333333333333332,2833.3818946079673,-1.5181588096463339
0.5333333333333332,2818.53148401921,-0.8051258717775264
0.5333333333333332,2834.089871023287,-2.1982302535561167
0.5499999999999997,2846.816012985461,-0.8116563158795103
0.5333333333333332,2830.550013253204,1.3269319911239703
0.5333333333333332,2833.3818582929516,-1.526640849447239
0.5333333333333332,2843.984107551078,2.046817817965324
0.5333333333333332,2832.673861033155,-0.7879511309484264
0.5499999999999999,2832.6732976312824,-0.8014321336092906
0.5499999999999997,2842.5681965151493,3.454472795278735
0.5333333333333332,2830.54975019965,1.3219136175378654
0.5333333333333332,2846.816038116712,-0.8252243157425054
0.5333333333333332,2846.816149625955,-0.8448948887615584
0.5333333333333332,2832.673750503156,-0.8086720376818625
0.5333333333333332,2843.2756003213203,2.7392151210915703
0.5499999999999999,2846.8157513211354,-0.8387202238562566
0.5333333333333332,2843.2763159281867,2.730925892552409
0.5333333333333332,2834.0898556752563,-2.2126143243080234
0.5333333333333332,2832.673090874163,-0.7828565974501845
0.5333333333333332,2843.276343741708,2.735953001825932
0.5333333333333332,2842.56829433195,3.448286499128988
0.5333333333333332,2842.5682516152206,3.446998182390934
0.5333333333333332,2834.0898183034615,-2.2200509951235516
0.5333333333333332,2833.381877512206,-1.5028610038550498
0.5333333333333332,2843.276134880814,2.74240122614064
0.5333333333333332,2802.973818796741,0.5619967343926168
0.5333333333333332,2842.568167039076,3.4489038079683847
0.5333333333333332,2801.5577434646334,1.9863479213711135
0.5333333333333332,2843.276118939471,2.7568088146312975
0.5499999999999997,2831.9658866183136,-0.07831927370013735
0.5333333333333332,2843.9840823102636,2.047590152028374
0.5333333333333332,2831.2578995374784,0.6126854161876203
0.5333333333333332,2832.673625290842,-0.7886435946469101
0.5333333333333332,2842.566656475746,3.455972489750288
0.5333333333333332,2831.2580833100365,0.6080529795673685
0.5333333333333332,2819.2398151338652,-1.5357853498317742
0.5333333333333332,2842.5682455400038,3.443435499712404
0.5333333333333332,2842.5681450298316,3.4740185565650212
0.5499999999999997,2830.5492881972473,1.3370229882114844
0.5333333333333332,2829.1338239349957,2.7381493773804366
0.5499999999999999,2831.2576654347217,0.6267090969244957
0.5333333333333332,2831.2576631246448,0.6295664700131017
0.5333333333333332,2819.9473826156536,-2.216962274676693
0.5333333333333332,2832.673859581489,-0.7863713885092097
0.5333333333333332,2833.3819676886114,-1.5348098948767417
0.5333333333333332,2831.965653078681,-0.07420363486288309
0.5333333333333332,2832.6738817027654,-0.7821369239303111
0.5333333333333332,2834.7977696641,-2.898956952919826
0.5333333333333332,2829.1340679335362,2.7409140033506167
0.5333333333333332,2814.9920363233105,2.700170126075885
0.5333333333333332,2845.399985314717,0.6192905506247219
0.5333333333333332,2843.2758371424807,2.7524121288853634
0.5333333333333332,2843.2758371424807,2.7524121288853634
0.5333333333333332,2847.5240686094844,-1.5492629264686406
0.5499999999999997,2834.7977137912003,-2.92306799338432
0.5333333333333332,2847.523681861896,-1.5313023176640523
0.5333333333333332,2830.55009445745,1.3132879640507011
0.5333333333333332,2834.7968892944527,-2.909701479038224
0.5333333333333332,2834.0889981880714,-2.197844178698008
0.5499999999999997,2833.381834007184,-1.5090462890744785
0.5333333333333332,2829.8419837994816,2.029387654293777
0.5499999999999997,2848.2316222035106,-2.232335973401837
0.5333333333333332,2833.381578419004,-1.4972039029884991
0.5333333333333332,2845.3993371317606,0.6410092917945229
0.5333333333333332,2834.797709033592,-2.9128969427638327
0.5333333333333332,2834.797703116498,-2.9008599593363362
0.5333333333333332,2834.797474609069,-2.9210287057255715
0.5166666666666666,2833.38183941349,-1.4968707661516099
0.5166666666666666,2816.4076749382343,1.2845670246777654
0.5166666666666666,2817.11590677078,0.5759063995556725
0.5166666666666666,2833.3811075710883,-1.508639076544476
0.5333333333333331,2843.275483682387,2.7472239248798287
0.5166666666666666,2818.531442344625,-0.8181490113324136
0.5166666666666666,2820.6556188789355,-2.928245747735197
0.5166666666666666,2845.3999217953406,0.6299716670835832
0.5166666666666666,2834.0898376575237,-2.2112668031664593
0.5166666666666666,2818.531746136845,-0.8112497530343958
0.5166666666666666,2818.531672645099,-0.8210523649242324
0.5166666666666666,2814.991999241208,2.6907644877367813
0.5166666666666666,2846.816119885505,-0.836448744114583
0.5166666666666666,2834.7977211304924,-2.907246921848398
0.5166666666666666,2842.5681603659223,3.437390337524586
0.5166666666666666,2834.0896610027426,-2.2361398823201286
0.5166666666666666,2843.276221700035,2.740512213981632
0.5166666666666666,2831.2576208814107,0.6112688023168741
0.5166666666666666,2831.2576611467043,0.614773365135284
0.5333333333333331,2834.797062685002,-2.9165622386197922
0.5333333333333332,2833.381848453481,-1.5021891652868538
0.5166666666666666,2846.1073223506883,-0.10679423438598137
0.5166666666666666,2828.426119978584,3.4351024751097725
0.5166666666666666,2830.5497081294743,1.3311314540007482
0.5333333333333332,2833.3808852411844,-1.500167070928812
0.5166666666666666,2843.9841053933114,2.0397548577062947
0.5166666666666666,2831.965628912554,-0.0713454051828831
0.5166666666666666,2819.947786782684,-2.2349457742352357
0.5166666666666666,2843.984089476132,2.043471019986424
0.5166666666666666,2829.134070854166,2.7474588875279826
0.5166666666666666,2828.4261979142952,3.413752857746725
0.5166666666666666,2833.3818542390477,-1.503598070131225
0.5166666666666666,2842.5682216105247,3.4283388968860344
0.5166666666666666,2828.426089207455,3.4354027174699207
0.5166666666666666,2829.1341663547983,2.7076527296338666
0.5166666666666666,2848.2320734043865,-2.255747817782719
0.5166666666666666,2819.2397976711245,-1.5429161895013281
0.5166666666666666,2834.7977952792976,-2.9392058169039608
0.5166666666666666,2829.841434596117,2.01978601678856
0.5166666666666666,2819.239699792308,-1.5214001455233086
0.5166666666666666,2834.089984546273,-2.2468699137557557
0.5166666666666666,2829.842181022256,2.0142167766256116
0.5333333333333331,2843.9838869188848,2.04767188960613
0.5166666666666666,2830.549781133645,1.3226225979098416
0.5333333333333331,2845.399731914548,0.6272332498881855
0.5166666666666666,2829.8420157992978,2.024257650590034
0.5166666666666666,2819.2397920266467,-1.540537461589382
0.5166666666666666,2831.2580710941447,0.6068044820901615
0.5166666666666666,2829.841717229718,2.024432569491891
0.5333333333333331,2842.5682179371747,3.433322841595094
0.5166666666666666,2834.7979279166752,-2.9492820151846657
0.5166666666666666,2834.797900106068,-2.9168087910721203
0.5166666666666666,2829.8420310550114,2.0408434734013374
0.5166666666666666,2834.7979267159626,-2.9308970229703952
0.5166666666666666,2843.9840843843967,2.046004520873022
0.5166666666666666,2818.531571744304,-0.8245025219941245
0.5333333333333331,2834.797530466506,-2.902409232631521
0.5166666666666666,2828.4260941993566,3.4416408513923784
0.5166666666666666,2819.9476976624405,-2.222587639619769
0.5166666666666666,2820.655582678701,-2.9368480741026604
0.5333333333333332,2833.381806601726,-1.5024754682963875
0.5166666666666666,2834.0896336091473,-2.1941603212772827
0.5166666666666666,2834.0895900917285,-2.217866263474512
0.5166666666666666,2844.692039576749,1.337329555654888
0.5166666666666666,2833.3818688279002,-1.4898932003773269
0.5166666666666666,2831.965980128219,-0.08274237124257056
0.5166666666666666,2819.947674786622,-2.2214317968629387
0.5166666666666666,2828.425827078423,3.445208580348492
0.5166666666666666,2819.9476803279053,-2.2178103096107193
0.5166666666666666,2834.0894605432595,-2.1974221408381958
0.5166666666666666,2843.275512034298,2.7615760084393064
0.5166666666666666,2828.4257876494926,3.4362599132040144
0.5166666666666666,2830.5500031372612,1.3309756711480043
0.5166666666666666,2834.0899388773873,-2.236409455417186
0.5166666666666666,2842.5682553938727,3.45945568541818
0.5166666666666666,2834.797789850976,-2.9179243251696105
0.5166666666666666,2829.8417725940235,2.0408052827208176
0.5166666666666666,2831.257951261157,0.6261165623070122
0.5166666666666666,2830.5501398031465,1.3199341859915201
0.5166666666666666,2831.9658101781774,-0.08888347353057743
0.5333333333333332,2831.257656912814,0.6323400065804302
0.5333333333333332,2832.6735976721866,-0.7987596442353146
0.5166666666666666,2831.2576516294257,0.6246278150403635
0.5166666666666666,2820.655354078174,-2.9223377815097122
0.5166666666666666,2834.0896294255963,-2.2113764210485476
0.5333333333333332,2834.088989318409,-2.1919730812197744
0.5166666666666666,2834.0895353125316,-2.2197950531286894
0.5166666666666666,2831.2579545429626,0.6229026572229452
0.5166666666666666,2831.9659107370744,-0.07647119978830239
0.5166666666666666,2843.2762970908034,2.7450149571544267
0.5166666666666666,2845.3997873982867,0.6400304090221898
0.5333333333333332,2843.275915983509,2.759772926810332
0.5166666666666666,2834.797755979589,-2.906682175712628
0.5166666666666666,2834.7970470160567,-2.8946168757108284
0.5166666666666666,2843.2754344700697,2.76006992747481
0.5333333333333332,2843.2758914610718,2.7423239434342066
0.5166666666666666,2843.2761189526323,2.7546102914063595
0.5166666666666666,2843.983962731572,2.0429634932202223
0.5166666666666666,2834.0897802842806,-2.219482935158953
0.5166666666666666,2819.239648378017,-1.524602172638861
0.5166666666666666,2848.231639632208,-2.235537003369888
0.5333333333333331,2843.275910181246,2.7299766532510183
0.5166666666666666,2834.7976984889046,-2.9038517153558248
0.5333333333333332,2846.8156955664053,-0.8145511380543244
0.5166666666666666,2829.133336834152,2.7431372808745373
0.5166666666666666,2802.2658550943474,1.2669975322003761
0.5166666666666666,2834.797680253853,-2.899076180735166
0.5166666666666666,2829.1340163615105,2.7318900865803357
0.5166666666666666,2833.3812685076578,-1.510245186553485
0.5166666666666666,2829.8421394103034,2.0151294536307853
0.5166666666666666,2845.3999086343592,0.624639423824925
0.5166666666666666,2845.4000150818642,0.6436355608576144
0.5166666666666666,2830.549942425129,1.3153841185747863
0.5166666666666666,2829.1340478212746,2.735187333073733
0.5166666666666666,2843.984078304122,2.057102492374483
0.5166666666666666,2834.7979124438402,-2.932342958234141
0.5166666666666666,2832.673834728625,-0.8003241440418495
0.5166666666666666,2832.6740481066126,-0.8059527454433224
0.5166666666666666,2843.984243919232,2.0418979091712965
0.5166666666666666,2842.568235206176,3.456507045608132
0.5166666666666666,2834.0897901540243,-2.195882296735678
0.5166666666666666,2847.5236811948275,-1.5268368227434426
0.5166666666666666,2834.089957613378,-2.227988961437027
0.5166666666666666,2832.673889836968,-0.7926935342355054
0.5166666666666666,2829.134186349855,2.7211321075537365
0.5166666666666666,2834.797440766568,-2.8978226426849005
0.5166666666666666,2843.275166630999,2.764852127329655
0.5166666666666666,2831.9652405783672,-0.08911299639284986
0.5166666666666666,2842.568113505568,3.4434059952322955
0.5166666666666666,2829.8421129593944,2.0004484445378155
0.5166666666666666,2819.2396943843687,-1.5158521799159883
0.5166666666666666,2843.2761911407374,2.751515198654622
0.5333333333333332,2842.5674381602385,3.462706109163018
0.5166666666666666,2831.965895693265,-0.08497724596127573
0.5166666666666666,2833.381128051333,-1.4971835702486669
0.5166666666666666,2846.107482834723,-0.13676483085889318
0.5166666666666666,2830.5501095360223,1.3116484908670794
0.4999999999999999,2829.8417901817406,2.0349945982884634
0.4999999999999999,2834.7970196996,-2.896994154162819
0.4999999999999999,2846.815724393916,-0.8320855806401742
0.4999999999999999,2819.2396518818123,-1.5314067175947248
0.4999999999999999,2829.1341497928,2.705419461520033
0.4999999999999999,2818.531831917457,-0.8340842130100347
0.4999999999999999,2846.107751482174,-0.12089671775760487
0.5166666666666666,2844.6922149331845,1.3161892233097945
0.5166666666666666,2830.5498491940025,1.3184527408372795
0.4999999999999999,2830.550121435426,1.313306693171237
0.4999999999999999,2843.9838320936888,2.043194853975296
0.4999999999999999,2829.842145098667,2.018673513243818
0.4999999999999999,2817.1154867412015,0.5968299439790125
0.5166666666666666,2819.9476411421983,-2.2236203420819387
0.4999999999999999,2818.5316909961443,-0.8215514449249687
0.4999999999999999,2830.5498453993105,1.3190483454620847
0.4999999999999999,2820.6554471805807,-2.9465727053450594
0.4999999999999999,2834.797717451706,-2.916331781968336
0.4999999999999999,2843.2762794956134,2.730625528222331
0.4999999999999999,2831.9659083394863,-0.082605820376491
0.4999999999999999,2843.276176261784,2.7462519606080855
0.4999999999999999,2842.568332916932,3.4226399554891476
0.4999999999999999,2829.133995802267,2.7324152949697114
0.5166666666666666,2845.4001616052774,0.6154767205682918
0.4999999999999999,2845.400161754991,0.6322900900069097
0.4999999999999999,2846.1081717988272,-0.12533339466842067
0.4999999999999999,2828.4260952000527,3.4368503023689048
0.4999999999999999,2843.275873724074,2.7464663955171558
0.4999999999999999,2834.0898092388584,-2.2187103314517236
0.4999999999999999,2833.3815759592135,-1.523903984898071
0.4999999999999999,2820.6556340855714,-2.933256492884139
0.4999999999999999,2842.5674741617013,3.45955661168838
0.4999999999999999,2829.8417297346987,2.0386159719976127
0.5166666666666664,2833.381761318283,-1.4896616088438421
0.4999999999999999,2843.2761312333037,2.7348900472493654
0.4999999999999999,2834.7977141026786,-2.9056848063671215
0.4999999999999999,2833.381727288371,-1.5333903160198095
0.4999999999999999,2834.7979286018212,-2.948868276665413
0.4999999999999999,2833.3819973746486,-1.5387495622339418
0.4999999999999999,2843.984101955242,2.0425154735927724
0.4999999999999999,2834.7977487589737,-2.9009927205091794
0.4999999999999999,2816.407536746933,1.3047864853907167
0.4999999999999999,2818.5317503518354,-0.8053271729459448
0.4999999999999999,2833.3818361660988,-1.496956698161637
0.4999999999999999,2833.381613481145,-1.4992068506998255
0.4999999999999999,2817.823462179574,-0.10518125367678029
0.4999999999999999,2820.6550314602546,-2.936886227213042
0.4999999999999999,2832.673633395081,-0.7901232198693087
0.4999999999999999,2828.4262000061626,3.419441095933734
0.4999999999999999,2819.947805554637,-2.232757320024839
0.4999999999999999,2834.0888767798992,-2.195320333226236
0.4999999999999999,2830.5499829068453,1.3273619186912333
0.4999999999999999,2819.947805554637,-2.232757320024839
0.4999999999999999,2834.7976971188086,-2.885853781719201
0.4999999999999999,2828.4260649278135,3.436394273367113
0.4999999999999999,2834.0898209921606,-2.196086943971622
0.4999999999999999,2833.3815733411657,-1.4917272140077218
0.4999999999999999,2831.965262244153,-0.08084105630663185
0.4999999999999999,2834.089829297681,-2.208390061501098
0.5166666666666666,2834.7977196341276,-2.896490136476554
0.4999999999999999,2846.8161280987497,-0.8348353665546089
0.4999999999999999,2820.655089104233,-2.936837649486686
0.4999999999999999,2831.965609655554,-0.07325850896859477
0.4999999999999999,2846.108007784594,-0.12828843091136244
0.4999999999999999,2847.523952194301,-1.5354649804347966
0.4999999999999999,2830.5499946554196,1.337620276741516
0.4999999999999999,2833.3809280193514,-1.4891595584643582
0.4999999999999999,2819.2396678045448,-1.5185878032078157
0.4999999999999999,2834.7977295149917,-2.9176029170030064
0.4999999999999999,2829.1339774914327,2.7160120776218113
0.4999999999999999,2829.134066232624,2.740736840250131
0.4999999999999999,2834.0897867440012,-2.198454046918312
0.4999999999999999,2820.655593588982,-2.927737155708816
0.4999999999999999,2830.5498270194776,1.3054785598730618
0.4999999999999999,2833.3810408237946,-1.480117979790381
0.4999999999999999,2818.531878997434,-0.8308112019078999
0.4999999999999999,2833.3818938254653,-1.526943515395855
0.4999999999999999,2832.6739117885413,-0.8228060720736791
0.4999999999999999,2842.568201861742,3.4567958161486527
0.4999999999999999,2792.3710979791213,-2.9637961676161053
0.4999999999999999,2801.5578913818736,1.9720004689217465
0.4999999999999999,2829.8419911978463,2.0296293281993005
0.4999999999999999,2829.8417060158904,2.0319146260954515
0.4999999999999999,2842.5682048482195,3.431776389880597
0.4999999999999999,2845.399959274083,0.635063105983509
0.4999999999999999,2802.265854098194,1.2670165993878844
0.4999999999999999,2834.0897920236885,-2.2164932450220065
0.4999999999999999,2842.5681852384373,3.4539670340178414
0.5166666666666666,2833.3818767385405,-1.502214218153385
0.4999999999999999,2831.965192936153,-0.08063371760989028
0.4999999999999999,2842.5679788533366,3.434414029618926
0.4999999999999999,2846.816140332845,-0.8502348483028542
0.4999999999999999,2842.5681545470306,3.4622365942181936
0.5166666666666666,2819.2396917680503,-1.5209778970988521
0.5166666666666666,2834.08990078655,-2.2102755065359965
0.4999999999999999,2820.6555616533583,-2.931884315103752
0.4999999999999999,2842.568231926051,3.4298297670067948
0.4999999999999999,2847.52395169955,-1.5372872954023322
0.4999999999999999,2831.9658738818193,-0.08298788940487029
0.4999999999999999,2842.5681353404584,3.4640634190864428
0.4999999999999999,2831.9656546748442,-0.10865047644754221
0.4999999999999999,2829.134148952993,2.7162044381918795
0.4999999999999999,2831.965624120635,-0.07968885919285057
0.4999999999999999,2829.841905666412,2.028613335290408
0.4999999999999999,2831.965788452289,-0.08968608079515206
0.4999999999999999,2846.1079920313196,-0.10505261568367018
0.4999999999999999,2845.3992469343752,0.6342992092288243
0.4999999999999999,2845.399960769745,0.635240434137269
0.4999999999999999,2842.5682224994384,3.436901610911348
0.4999999999999999,2834.0898333129385,-2.2114417210500044
0.4999999999999999,2831.257949687554,0.6240381089175762
0.4999999999999999,2843.275394577157,2.7560052775164867
0.4999999999999999,2834.0888478171455,-2.1888622776589863
0.4999999999999999,2820.655777029377,-2.9343340070673003
0.4999999999999999,2843.2762909139515,2.7511714471415996
0.4999999999999999,2834.7975335203073,-2.909459256513127
0.4999999999999999,2831.257937564423,0.6217080649601089
0.4999999999999999,2832.673874877535,-0.799140727871826
0.4999999999999999,2845.399763018838,0.6259244068452388
0.4999999999999999,2834.797952924287,-2.943985767842056
0.4999999999999999,2834.0899627422423,-2.2259157835757826
0.4999999999999999,2820.654840690142,-2.92023473138345
0.4999999999999999,2820.654889092876,-2.9203935499269185
0.4999999999999999,2843.9841545495137,2.01477522263998
0.4999999999999999,2819.94767802538,-2.2255422860476397
0.4999999999999999,2820.6557562453086,-2.939671247203287
0.4999999999999999,2829.842166362873,2.0163406916347615
0.4999999999999999,2843.2755030415633,2.751201872963753
0.4833333333333333,2834.797752461232,-2.900182761803851
0.4833333333333333,2819.2390196245547,-1.5132736578033497
0.4833333333333333,2828.426213319029,3.421971224982393
0.4833333333333333,2820.655052870438,-2.9420639891000513
0.4833333333333333,2833.381829263288,-1.49340870355298
0.4999999999999999,2843.2761659178627,2.7527121341113054
0.4999999999999999,2820.655064461277,-2.937884570187568
0.4833333333333333,2834.089833853522,-2.2297865704869935
0.4833333333333333,2843.2751330836572,2.7595847979347266
0.4833333333333333,2834.7977428858494,-2.9379249583472644
0.4833333333333333,2843.2762375743423,2.718631717976847
0.4833333333333333,2844.6920595398847,1.3468606968168135
0.4833333333333333,2832.6739154054603,-0.7923736993607977
0.4833333333333333,2834.797057634416,-2.897279651860197
0.4999999999999999,2842.568250711898,3.4574662643593608
0.4833333333333333,2817.8237336793163,-0.1112317335632061
0.4833333333333333,2843.983825601364,2.066622123199902
0.4833333333333333,2830.550133899824,1.3196813187503658
0.4833333333333333,2817.823472634637,-0.10459501896177888
0.4833333333333333,2842.568244311194,3.452209409560454
0.4833333333333333,2845.3990693879036,0.6588498012186597
0.4833333333333333,2843.984085386696,2.0525258750242084
0.4999999999999999,2830.5501059594744,1.31811462954988
0.4833333333333333,2831.9649778106254,-0.10297278952224677
0.4999999999999999,2817.8237382639977,-0.11174887362313082
0.4999999999999999,2831.9660313921154,-0.09185310951761706
0.4999999999999999,2828.426186236673,3.4211883077255143
0.4833333333333333,2834.088777720515,-2.1981238530042964
0.4833333333333333,2833.3815826228374,-1.5175489769765087
0.4999999999999999,2831.9656149180155,-0.07467399213169514
0.4833333333333333,2846.1077518541993,-0.10632683091570241
0.4833333333333333,2833.3812976985387,-1.5343466471025875
0.4999999999999999,2831.966051139788,-0.09789017355820064
0.4999999999999999,2831.9659072149243,-0.09062744132704892
0.4999999999999999,2832.6737956051807,-0.7910526825028804
0.4833333333333333,2844.6910305478877,1.3458828344137277
0.4833333333333333,2833.381803567801,-1.517943638526587
0.4999999999999999,2847.5241089350275,-1.5595427439359137
0.4833333333333333,2834.7978009751773,-2.93745686917499
0.4833333333333333,2819.239652056408,-1.5294106362867814
0.4833333333333333,2834.0898147327,-2.208597091976596
0.4833333333333333,2819.947647502806,-2.2283967480146387
0.4833333333333333,2820.6557082425757,-2.9510879495070883
0.4833333333333333,2831.257944720219,0.6249498213768779
0.4833333333333333,2830.5496922430125,1.3331604240072856
0.4833333333333333,2842.568209467413,3.430191226613379
0.4833333333333333,2843.2761532963273,2.751095386978978
0.4999999999999999,2830.5492478522833,1.3263330505550905
0.4833333333333333,2846.815958110523,-0.8104863014048537
0.4833333333333333,2834.7977353431024,-2.91846699127675
0.4833333333333333,2830.549945282047,1.3301280792610484
0.4833333333333333,2828.4261872527222,3.420765985595402
0.4833333333333333,2848.2316997377484,-2.2328249260131687
0.4999999999999999,2843.983987693023,2.052039133565136
0.4833333333333333,2814.283655093171,3.422753012860606
0.4833333333333333,2818.5314458089383,-0.8142567016908989
0.4833333333333333,2829.842025448493,2.0329358134644884
0.4833333333333333,2829.841800056312,2.04040545785924
0.4833333333333333,2829.842007268229,2.033258416097258
0.4833333333333333,2831.2579403839522,0.6279828943419306
0.4833333333333333,2831.2579207436097,0.6207244537448313
0.4833333333333333,2842.5683622222855,3.417645258992953
0.4999999999999999,2833.3819070861236,-1.5207199619946399
0.4833333333333333,2832.674004114399,-0.8298946458370554
0.4833333333333333,2847.5239532615205,-1.530957939921875
0.4833333333333333,2829.8420068665646,2.0391268632651007
0.4833333333333333,2848.231649620259,-2.237546248558417
0.4833333333333333,2844.6920535596882,1.3492219513264356
0.4833333333333333,2842.568355907861,3.4262809085600634
0.4833333333333333,2829.133822635131,2.7387725572363855
0.4833333333333333,2818.531603172156,-0.8345431464803615
0.4833333333333333,2831.9659296269456,-0.0859632269962583
0.4833333333333333,2847.523941325337,-1.5375025176788106
0.4999999999999999,2843.983386993221,2.0479081822556315
0.4833333333333333,2832.6732855528876,-0.804803130716037
0.4833333333333333,2842.567478258784,3.449111588523648
0.4999999999999999,2847.523199402038,-1.5229068564462898
0.4999999999999999,2844.6920503313504,1.3532840768697485
0.4833333333333333,2843.9840996130697,2.043069318659856
0.4833333333333333,2818.531696325195,-0.8260104450886748
0.4833333333333333,2832.6734992191255,-0.7976609079188226
0.4833333333333333,2834.7977550805363,-2.93155916400416
0.4999999999999999,2832.674008459825,-0.80966653638068
0.4833333333333333,2834.7977999802238,-2.938682574350952
0.4833333333333333,2833.3818482472025,-1.5054866075733195
0.4833333333333333,2843.2761011212224,2.7567024192831378
0.4833333333333333,2833.3819364363153,-1.5199175066530985
0.4833333333333333,2830.5496735548513,1.318321040116685
0.4833333333333333,2833.3819441638166,-1.539617167246786
0.4833333333333333,2847.5241150266206,-1.5449165413670156
0.4833333333333333,2832.673921976231,-0.7925279463901593
0.4833333333333333,2846.816174928236,-0.8199797101508022
0.4833333333333333,2830.5499599168356,1.3327112453292986
0.4833333333333333,2833.381843607636,-1.5166792322533071
0.4833333333333333,2834.7975263497356,-2.909050754040353
0.4833333333333333,2831.96561829156,-0.08717335680956946
0.4999999999999999,2831.9659148865635,-0.08186894527050526
0.4999999999999999,2832.6739832544986,-0.8027293108457959
0.4833333333333333,2819.2395095662305,-1.5344146473473093
0.4833333333333333,2848.2320709863284,-2.2615055352777227
0.4833333333333333,2846.107725616524,-0.11651190618128768
0.4833333333333333,2830.54996578759,1.3258340024185293
0.4833333333333333,2818.531432770406,-0.813161798042643
0.4833333333333333,2831.2579191739464,0.6195594104146642
0.4833333333333333,2846.1080156066478,-0.09973299810422574
0.4833333333333333,2843.9841212562774,2.050675560375741
0.4833333333333333,2846.108065900058,-0.11066881012153786
0.4833333333333333,2846.1078009098724,-0.1097436844288633
0.4833333333333333,2848.232095941778,-2.2565304716162182
0.4833333333333333,2820.655637133129,-2.9299453234490667
0.4833333333333333,2817.115906198852,0.5758606525594795
0.4833333333333333,2828.4259502456466,3.422638660430531
0.4833333333333333,2846.10778807556,-0.12656634122735985
0.4833333333333333,2834.7970476133364,-2.9070572594361512
0.4999999999999999,2829.8421520897396,2.0231529983491305
0.4833333333333333,2830.5492427683216,1.3370568793316056
0.4833333333333333,2834.0898050145106,-2.2158532192325597
0.4833333333333333,2818.53169071018,-0.8215743184229515
0.4833333333333333,2817.8235997989473,-0.12544646138592458
0.4833333333333333,2843.27593265141,2.746644833894877
0.4833333333333333,2843.2762347465004,2.7288437107877543
0.4833333333333333,2845.399915040908,0.6104672602048168
0.4833333333333333,2829.8420236367415,2.0320052176210517
0.4833333333333333,2842.567919646722,3.4466180183366317
0.4833333333333333,2848.232045910526,-2.253408808128221
0.4833333333333333,2842.568201876423,3.449381247131671
0.4666666666666666,2834.0897753221093,-2.200578581688689
0.4666666666666666,2831.2576565518198,0.6231465941163576
0.4666666666666666,2845.3992673870234,0.6410041814860185
0.4666666666666666,2817.115914569996,0.581719840990966
0.4666666666666666,2843.2762026012647,2.7434524774398037
0.4666666666666666,2818.531438282312,-0.8104766209915162
0.4666666666666666,2834.0890550062836,-2.198430443047087
0.4666666666666666,2842.568400584159,3.418227554265432
0.4666666666666666,2843.275904225546,2.761152753070447
0.4666666666666666,2846.815966120833,-0.8179875507751403
0.4833333333333333,2844.691820565216,1.3415970581499035
0.4666666666666666,2845.4000005841704,0.6429738930700926
0.4666666666666666,2831.9649873335115,-0.0774268750674093
0.4666666666666666,2818.531445522974,-0.8142795751891091
0.4666666666666666,2848.231720178064,-2.2331355606793317
0.4666666666666666,2834.0898060379923,-2.2216859752853795
0.4666666666666666,2830.550132168793,1.3197965465216515
0.4666666666666666,2818.5317467781483,-0.8054761683353923
0.4666666666666666,2820.655757754227,-2.9458177943976356
0.4666666666666666,2844.692038932554,1.3382633384582292
0.4666666666666666,2831.257648475692,0.6079681946208549
0.4666666666666666,2847.523999027065,-1.5235137145491255
0.4666666666666666,2829.8420260872717,2.025223514833621
0.4666666666666666,2829.8419476588288,2.025473760878226
0.4666666666666666,2819.239689366211,-1.5223733943797928
0.4666666666666666,2832.6738675012734,-0.8040534248426957
0.4833333333333333,2848.2319394257593,-2.2509858645395915
0.4666666666666666,2842.5674954119477,3.456187684565691
0.4666666666666666,2833.3812628414867,-1.5098775630726233
0.4666666666666666,2831.257964455143,0.6153339700258164
0.4666666666666666,2842.5683858037883,3.434815634727993
0.4666666666666666,2831.965897471603,-0.0909549508176526
0.4833333333333333,2848.2321051504255,-2.255549580727647
0.4666666666666666,2831.257653171715,0.6238565880320556
0.4666666666666666,2820.6553269125125,-2.9328988281443444
0.4833333333333333,2843.9842684747928,2.030203289565053
0.4666666666666666,2818.5316960392306,-0.826033318586885
0.4666666666666666,2842.5675588873114,3.4276162254694738
0.4666666666666666,2831.9657019800356,-0.08764645068897052
0.4666666666666666,2856.7104337757564,3.3984290807327144
0.4666666666666666,2834.089949253476,-2.233198117351402
0.4666666666666666,2834.7972053880894,-2.9327211137344764
0.4666666666666666,2842.5674978726724,3.4528075121592408
0.4666666666666666,2833.3819950249035,-1.5385053280575451
0.4666666666666666,2833.3818394228647,-1.5139516176913896
0.4666666666666666,2843.983968249254,2.0242435872786
0.4666666666666666,2814.991755652607,2.6945523974489545
0.4666666666666666,2819.947758732446,-2.2441278223373975
0.4666666666666666,2842.568385049892,3.4310001872185696
0.4666666666666666,2844.6920882133363,1.3347698122069136
0.4666666666666666,2834.7978075047513,-2.930473265365289
0.4666666666666666,2828.42622316107,3.4241159270973793
0.4833333333333333,2831.257946037059,0.6282795604128113
0.4666666666666666,2818.531850592412,-0.8308514245348408
0.4666666666666666,2843.983845106378,2.0538864929073264
0.4666666666666666,2829.842156950306,2.0181013561954813
0.4666666666666666,2843.2761700309848,2.725015154866152
0.4666666666666666,2846.816015857066,-0.8112578344938732
0.4666666666666666,2845.4001640831293,0.6022383759263721
0.4666666666666666,2833.381064940439,-1.4935719858644323
0.4666666666666666,2848.2319121928804,-2.2399257780536717
0.4666666666666666,2842.568324306394,3.4238803719053696
0.4666666666666666,2820.6556129023334,-2.935652303379307
0.4666666666666666,2834.08994311655,-2.233035610935875
0.4666666666666666,2830.5501208901915,1.310344795685254
0.4666666666666666,2828.426192072418,3.4100933210928472
0.4666666666666666,2846.1073531403836,-0.11610236585432364
0.4666666666666666,2834.7978030357494,-2.938104444877662
0.4666666666666666,2830.5500657378543,1.3073774220172665
0.4666666666666666,2820.655381055383,-2.9145200999471146
0.4833333333333333,2831.9657925654114,-0.08862321618166974
0.4666666666666666,2829.8421755893987,2.024617909639986
0.4666666666666666,2843.276157883727,2.7528952692941577
0.4666666666666666,2834.089144207735,-2.2230821536759753
0.4666666666666666,2819.239376110182,-1.5230980078266032
0.4666666666666666,2846.8157653886174,-0.8226872707256153
0.4833333333333333,2831.257925179091,0.6067835929529203
0.4833333333333333,2834.7968058438964,-2.901226248618019
0.4833333333333333,2845.4000565280767,0.6321054133516413
0.4666666666666666,2842.567501687433,3.4617581027273214
0.4666666666666666,2829.8419702730444,2.012330251223477
0.4666666666666666,2831.25792515545,0.6201643428143568
0.4666666666666666,2829.134059296248,2.7329007720451157
0.4666666666666666,2820.655647473765,-2.9266584118517134
0.4666666666666666,2834.797093214349,-2.911330574064929
0.4666666666666666,2833.3815791940906,-1.4825808408339036
0.4833333333333333,2805.0973388941675,-1.5300545605214353
0.4833333333333333,2829.841997200515,2.037695114863161
0.4666666666666666,2844.692061419385,1.3482329922896887
0.4666666666666666,2843.9841141182537,2.052618517286815
0.4666666666666666,2833.3817911450546,-1.5073756657217052
0.4666666666666666,2833.3818291414327,-1.5134117541186956
0.4666666666666666,2831.2579703703855,0.5878909291011334
0.4666666666666666,2834.0898182123033,-2.2303938771004854
0.4666666666666666,2834.79703445966,-2.9135333005853212
0.4666666666666666,2802.265451374796,1.2850952496765529
0.4833333333333333,2833.3818155144263,-1.4974718952910495
0.4666666666666666,2833.3808821619455,-1.5029286316005686
0.4666666666666666,2832.673839359662,-0.7877185320983665
0.4666666666666666,2843.2759807444304,2.7447461413793697
0.4666666666666666,2842.567191050852,3.4484563314652035
0.4666666666666666,2834.796711287164,-2.907114704134651
0.4666666666666666,2833.3811243943646,-1.496466677825007
0.4666666666666666,2834.7976813378377,-2.9114664695151213
0.4666666666666666,2832.6738897307328,-0.8162938892072261
0.4666666666666666,2842.567204179928,3.46623507476218
0.4666666666666666,2834.797027632921,-2.909891396762476
0.4666666666666666,2831.9652435340963,-0.11619108771187371
0.4666666666666666,2834.797760148223,-2.9089178058027785
0.4666666666666666,2834.797712897422,-2.920028310094359
0.4666666666666666,2834.0895333300773,-2.227885294573423
0.4666666666666666,2847.52323846288,-1.523672200407884
0.4666666666666666,2843.9838080964414,2.034461253325982
0.4666666666666666,2834.7976913038565,-2.903027511714471
0.4666666666666666,2801.5577449493235,1.9862885110006316
0.4666666666666666,2829.8417127881376,2.0240468930463273
0.4666666666666666,2816.4075154907096,1.2972040122402386
0.4666666666666666,2847.5240891044127,-1.5404452097580217
0.4666666666666666,2830.549708945688,1.3290659020714857
0.4666666666666666,2820.6556077025843,-2.9258781986083906
0.4666666666666666,2847.5239643767068,-1.5318672191968712
0.4666666666666666,2831.2573752577705,0.6103243772695955
0.4666666666666666,2829.134036703816,2.74189439484969
0.4666666666666666,2846.8161185432327,-0.8495742332264431
0.4666666666666666,2833.381571740365,-1.495341578773949
0.4666666666666666,2847.523669549573,-1.5310780642903246
0.4666666666666666,2831.965906016053,-0.07929727102764109
0.4666666666666666,2834.089040626727,-2.200252818233355
0.4666666666666666,2828.4262111354215,3.4221858694527936
0.4833333333333333,2830.5499770358024,1.3300516725308895
0.4833333333333333,2834.0899067539503,-2.2102415591283187
0.4666666666666666,2831.9660330736187,-0.09878031005046363
0.4666666666666666,2828.426079446042,3.431864607526121
0.4666666666666666,2820.6556313246665,-2.933055284785178
0.4666666666666666,2819.947804693779,-2.239815140474457
0.4833333333333333,2842.5681710687704,3.459477666160653
0.4666666666666666,2843.27632981436,2.734372625710603
0.4666666666666666,2843.2754251041465,2.762333637635469
0.4666666666666666,2829.1337674090446,2.736224888993726
0.4666666666666666,2834.7971690325644,-2.9092478923995424
0.4666666666666666,2831.9658977524427,-0.08171015576617383
0.4666666666666666,2818.531749184277,-0.8055348506056567
0.4666666666666666,2833.3818942951134,-1.5049667151677661
0.4666666666666666,2828.42623191949,3.42752310958878
0.4666666666666666,2833.381579547814,-1.4868872668108024
0.4666666666666666,2834.797761889949,-2.9029823495881626
0.4666666666666666,2819.9476921826217,-2.2247661990717464
0.4666666666666666,2842.568224346985,3.4668644700231184
0.4666666666666666,2828.426071575961,3.434461044296975
0.45,2832.673575979406,-0.820271663533629
0.45,2834.089742762891,-2.1905918054548668
0.45,2843.2761420101883,2.7506696350331086
0.4666666666666666,2829.8417233717105,2.0327889761198974
0.45,2843.9838497117307,2.050994152682945
0.45,2842.5681884790542,3.447557899365256
0.45,2829.8420067111642,2.038755151328623
0.45,2829.1340355279453,2.741375956274205
0.45,2846.815995249183,-0.8043749335496003
0.45,2815.6999768257424,1.9897346489158947
0.45,2834.7977919354153,-2.9202142817785592
0.4666666666666666,2829.842022753351,2.034985199637228
0.45,2831.257691307268,0.6324500949585328
0.4666666666666666,2817.823530190101,-0.09458462181189362
0.45,2815.699997609811,1.9950718890518813
0.4666666666666666,2830.549047961448,1.3449328556498001
0.4666666666666666,2831.25791628525,0.6171791209043902
0.45,2843.2755336245837,2.756666570398042
0.4666666666666666,2834.089533897742,-2.190712988115641
0.45,2829.134033718224,2.742645071661536
0.45,2832.6738529484915,-0.7913745334230041
0.4666666666666666,2829.1340683006406,2.742381953909623
0.4666666666666666,2829.842022753351,2.034985199637228
0.45,2818.531680743852,-0.8201762143104835
0.45,2817.8238770003522,-0.12328690204087896
0.45,2832.673626873201,-0.7843763662679318
0.4666666666666666,2830.5499679470436,1.3271475934197532
0.4666666666666666,2830.5496937003045,1.3299481402884312
0.4666666666666666,2819.2398296451092,-1.5299111857955017
0.4666666666666666,2830.5499770357383,1.3242001103933008
0.4666666666666666,2828.426240276085,3.431476277754379
0.4666666666666666,2834.0897947196486,-2.1977466354872406
0.45,2843.2762914030955,2.7275359099997742
0.4666666666666666,2842.5682085854937,3.4495854647402595
0.45,2848.2319770698664,-2.226336991785344
0.45,2834.797022079713,-2.905425255385088
0.45,2829.8421449496877,2.009694745895888
0.45,2834.797734394389,-2.897827207437573
0.45,2834.7970508280573,-2.893600182201665
0.45,2802.265851038444,1.2670889261252318
0.4666666666666666,2831.257905015593,0.6183403223355497
0.45,2842.5681306879856,3.467864356295899
0.4666666666666666,2843.2754417372466,2.7609803947617944
0.45,2834.797011566137,-2.898474328877645
0.45,2833.3818314782093,-1.509081529818758
0.4666666666666666,2830.5499454892383,1.321725914853184
0.4666666666666666,2834.7977631548088,-2.925584485686266
0.4666666666666666,2833.382004912487,-1.5404883724040968
0.4666666666666666,2831.9658813144742,-0.07824145748161486
0.45,2842.5682380371804,3.4293978135581007
0.45,2843.2754413449047,2.758280043341602
0.4666666666666666,2828.4262022888356,3.422131370187405
0.45,2833.3815758136907,-1.5177878541983176
0.45,2819.2397797686067,-1.5419833907111997
0.45,2819.9476809500848,-2.223029617938695
0.4666666666666666,2844.6917857474514,1.340366881973487
0.45,2845.400021653042,0.640089424260833
0.4666666666666666,2846.8160174742593,-0.8175145658240899
0.45,2842.56833369833,3.4314293436276797
0.4666666666666666,2830.5499398017896,1.3230075609703336
0.45,2829.841286045882,2.0377072424406855
0.45,2845.4000080222986,0.6378460887455206
0.45,2831.9658858528164,-0.08228388197249659
0.45,2846.8159366633995,-0.8245188888550302
0.4666666666666666,2833.3819324399533,-1.5099532885051785
0.45,2834.089452953572,-2.203186866399807
0.4666666666666666,2829.8421105017555,2.0110128909980785
0.45,2834.0898140007284,-2.2262676280607288
0.4666666666666666,2843.2762840005817,2.7410427389875074
0.45,2831.96601528212,-0.0967579444982748
0.4666666666666666,2833.3807986334396,-1.4915235654559162
0.4666666666666666,2829.134030449193,2.7416940206533793
0.45,2847.52326323717,-1.5358068403996037
0.45,2842.568207218416,3.45885219814526
0.45,2829.841287855782,2.036681991477785
0.4666666666666666,2833.3818177312055,-1.4942087012173515
0.45,2830.550113669312,1.3148991563370527
0.45,2844.692058023128,1.3413768638564776
0.45,2831.965899544045,-0.08227449428286986
0.45,2843.275184626599,2.7620158605760152
0.45,2833.382022943566,-1.5420596281347265
0.4666666666666666,2831.9657785515137,-0.10031501628831965
0.4666666666666666,2831.2576814752306,0.6221101699772623
0.45,2834.7977464078454,-2.9170793950092717
0.45,2832.6738907428885,-0.8067170388618982
0.4666666666666666,2829.8420252205046,2.0230924166211905
0.45,2829.84204455423,2.03921020615184
0.45,2846.107802302506,-0.11433078179923216
0.4666666666666666,2830.5499866521645,1.329550040493311
0.4666666666666666,2842.567464563134,3.467018547676378
0.45,2846.816161507392,-0.8422906544892441
0.45,2817.1154779210656,0.5921972692083936
0.45,2814.991617237564,2.7177233963307783
0.45,2833.381902221308,-1.5176181433165006
0.45,2833.3819025540415,-1.4934177456901274
0.45,2843.275944190648,2.758618102790176
0.45,2817.8234909523358,-0.0998581347695809
0.45,2843.275924423843,2.7584924786004565
0.45,2843.27595055566,2.723991012847339
0.45,2817.823589659148,-0.13090134757878974
0.45,2829.1340616926063,2.742570806609312
0.4666666666666666,2830.549984403318,1.3311234923716684
0.45,2843.9841052115908,2.0481353665236286
0.45,2831.257982811309,0.5855399468522896
0.45,2833.3818776163994,-1.5266813244464323
0.45,2847.5240942225737,-1.5556042277832116
0.45,2844.6920806300395,1.3422621008496185
0.45,2845.40011303478,0.6333740565611305
0.4666666666666666,2842.5682892851974,3.429951101308753
0.45,2833.381761284981,-1.4911556761095164
0.45,2834.0898193033195,-2.2303779044407896
0.45,2846.108171526204,-0.1480372740674346
0.45,2834.0894733261734,-2.207154189825485
0.45,2833.3819819124533,-1.512523596813976
0.45,2834.7978229358123,-2.9249848853929974
0.45,2847.524139605979,-1.546890271172914
0.45,2847.523682936539,-1.5406803998763279
0.45,2828.4260191581066,3.428867278711425
0.45,2832.6736314479976,-0.8118573212200569
0.45,2832.673287215082,-0.8103334276214411
0.4666666666666666,2831.9658858227867,-0.07970712393846684
0.4666666666666666,2834.089760464509,-2.199047612349935
0.45,2829.134032435335,2.737969634262701
0.45,2830.5496802511425,1.3294048126917586
0.45,2842.567400866938,3.463530318289737
0.45,2819.9474986148157,-2.241239434693348
0.4666666666666666,2832.67360808851,-0.7804245696592508
0.45,2820.655300845125,-2.932743187708117
0.4666666666666666,2833.3815711987504,-1.4964052766033136
0.45,2843.276141393716,2.742266979028183
0.4666666666666666,2833.38197309164,-1.512711352365889
0.45,2819.9476348997446,-2.231919756065146
0.45,2846.1080621513056,-0.11962400635028804
0.45,2843.98416019624,2.0411316441128675
0.45,2829.1333663798514,2.7305084107530226
0.45,2848.231908017404,-2.247494042208099
0.45,2834.0899808117424,-2.2463926743339186
0.4666666666666666,2831.2579259383247,0.6218127478703744
0.45,2831.9658956071216,-0.0848277642774592
0.45,2819.947800250645,-2.2391866949544177
0.4666666666666666,2833.381692505028,-1.5099914979153282
0.45,2846.10806676139,-0.1118018068144272
0.45,2817.823855318831,-0.12623574407478105
0.45,2818.531818037668,-0.8352097113351439
0.45,2830.5494325843315,1.3161931965094524
0.45,2829.841260342086,2.037788916345473
0.45,2833.381880342491,-1.5007560443194181
0.45,2820.655604127139,-2.9294365317168194
0.45,2830.5497024837546,1.3268787701248241
0.45,2834.0898608511034,-2.2197251485377514
0.45,2834.797933190529,-2.9269808518890557
0.45,2831.965223761904,-0.07833051860001904
0.45,2846.815952357199,-0.8088532995378643
0.45,2832.673904733648,-0.8179510335502803
0.45,2832.6740200947715,-0.8269432595445612
0.45,2817.8234545431583,-0.1073516369653557
0.45,2834.797727202904,-2.908901161816744
0.45,2830.5500191808146,1.3326678225268138
0.45,2831.2578983694716,0.6177108792818671
0.45,2843.984238021052,2.03101898606874
0.45,2842.5683585588004,3.4433074340697662
0.45,2829.8413029262833,2.026325959277717
0.45,2820.6556628073436,-2.9286476031599347
0.45,2843.2761463413044,2.7448015355915723
0.45,2843.2762522717094,2.7465714155459344
0.4666666666666666,2829.842010232893,2.032060844239774
0.45,2844.692093606347,1.340805056600393
0.45,2831.965575126975,-0.07542438646212522
0.45,2830.549380122212,1.3207927835520898
0.4333333333333333,2833.3818211362786,-1.493018884061716
0.4333333333333333,2831.965629708167,-0.07770391401371261
0.4333333333333333,2846.8161406330805,-0.8472412699795696
0.4333333333333333,2843.984084543332,2.053550454350941
0.4333333333333333,2828.4257972170694,3.4405712015423275
0.4333333333333333,2834.7977952056112,-2.9393846431879056
0.4333333333333333,2830.5500999659853,1.3058397262411705
0.4333333333333333,2831.257964622656,0.6173726193773734
0.4333333333333333,2834.797500769945,-2.9130552916702173
0.4333333333333333,2833.381835270523,-1.4894925005114845
0.4333333333333333,2817.11550822484,0.6025572146041421
0.4333333333333333,2832.6736607675657,-0.7852586142058143
0.4333333333333333,2842.5672740207506,3.455273905543551
0.4333333333333333,2829.133801494958,2.747529897462497
0.4333333333333333,2819.9476432966762,-2.2243238241459737
0.4333333333333333,2819.947704598683,-2.222272883997423
0.4333333333333333,2842.5683914583665,3.4343961275528527
0.4333333333333333,2832.6738832905517,-0.7855746387044784
0.4333333333333333,2819.947692558457,-2.222466161404757
0.4333333333333333,2829.1340762890345,2.747910171191466
0.4333333333333333,2832.673091356602,-0.7958781195781266
0.4333333333333333,2817.823490666372,-0.09988100826779107
0.4333333333333333,2834.089967041737,-2.220656270527675
0.4333333333333333,2828.42609222945,3.4413532012598504
0.4333333333333333,2834.797802291662,-2.903392360947747
0.4333333333333333,2829.842031385476,2.0389782453189276
0.4333333333333333,2830.549730543703,1.33576769519024
0.4333333333333333,2819.2398210788883,-1.5324484670560439
0.4333333333333333,2842.5674779224487,3.456632356301817
0.4333333333333333,2819.2397979146276,-1.5355453061256172
0.4333333333333333,2831.965876036316,-0.08642888481768225
0.4333333333333333,2846.8161505067014,-0.816225628971384
0.4333333333333333,2828.4262384243125,3.431272351522716
0.4333333333333333,2844.6918264965284,1.3306666438709767
0.45,2843.983985612377,2.044967913019898
0.4333333333333333,2831.25794993457,0.6254356445069751
0.4333333333333333,2834.7977483164655,-2.9035294104443325
0.4333333333333333,2828.4260863418544,3.4392923215503894
0.4333333333333333,2842.5682318828285,3.4668480027498054
0.4499999999999998,2833.381847247889,-1.4886953862165608
0.4333333333333333,2829.8420221991323,2.0377313538505453
0.4333333333333333,2834.0899573959105,-2.225916233949202
0.4333333333333333,2834.0895808190858,-2.220909940189368
0.4333333333333333,2831.2579419502167,0.6286037986732984
0.4333333333333333,2843.27636708746,2.7130699361591524
0.4333333333333333,2833.3818252524243,-1.5221437778442466
0.4333333333333333,2845.3990958914724,0.6451601368639442
0.4333333333333333,2800.1415992366838,3.4032391301534406
0.45,2845.399725717354,0.6293881437313665
0.45,2845.4001578821308,0.6136011122141461
0.4499999999999998,2843.984089056852,2.053420144432287
0.4333333333333333,2844.691373078561,1.345059119791359
0.45,2846.8161252371006,-0.8491307366504669
0.45,2848.2316372602763,-2.2441043806770495
0.4333333333333333,2845.39999515889,0.6458316947846862
0.4333333333333333,2834.7974982088613,-2.9153215254617053
0.4333333333333333,2829.842004504554,2.0287626201440605
0.4333333333333333,2843.27594716825,2.743946508656316
0.4333333333333333,2831.9660478252003,-0.08990655196093453
0.4333333333333333,2833.38188026535,-1.5221237785610906
0.4333333333333333,2845.3997682952945,0.6407583644669571
0.4333333333333333,2844.6922069597204,1.3238024336992547
0.4333333333333333,2834.797715439914,-2.9098788731372287
0.4333333333333333,2844.69180068058,1.3535539251566024
0.45,2842.5682376094132,3.4447856301637922
0.4333333333333333,2843.2762123072334,2.7502813813430094
0.4333333333333333,2844.692070947845,1.3388043020946967
0.4333333333333333,2834.0898285414123,-2.197688629142759
0.4333333333333333,2842.56840437114,3.418053805692787
0.4333333333333333,2843.276237658157,2.7275439986849306
0.4333333333333333,2842.5681958898317,3.4465661020838514
0.4333333333333333,2846.107731437914,-0.1058694720781506
0.4333333333333333,2829.1340360088348,2.738497152680252
0.4333333333333333,2844.6920820311507,1.3326861610752583
0.4333333333333333,2831.9649602760887,-0.10776373161478457
0.4333333333333333,2833.3818638665975,-1.5230362126899861
0.4333333333333333,2817.8238523919226,-0.12819228436244617
0.4333333333333333,2833.3819985583623,-1.5389257583788647
0.4333333333333333,2832.6735904149073,-0.7785451208972469
0.4333333333333333,2831.965084937523,-0.09192638850817132
0.4333333333333333,2844.6920783239775,1.3485631118773738
0.4333333333333333,2842.568183286121,3.447231066971581
0.4333333333333333,2846.816023566276,-0.8282391917799682
0.4333333333333333,2844.69219201661,1.334408350107382
0.4333333333333333,2833.3811133791883,-1.4931442283717957
0.4333333333333333,2834.797948313469,-2.944010988623005
0.4333333333333333,2842.5674069287224,3.4524513332708633
0.4333333333333333,2831.9658841894675,-0.08215568807011868
0.45,2802.265851038444,1.2670889261252318
0.4333333333333333,2846.8157186852504,-0.8211146718318344
0.4333333333333333,2832.67384977526,-0.797486633250066
0.45,2819.2393786812395,-1.5199611687040455
0.4333333333333333,2829.134146623976,2.715771626683242
0.4333333333333333,2843.2761503507577,2.7516457036380144
0.45,2842.567440098646,3.4595511786491313
0.4333333333333333,2847.524105505376,-1.5502593181435322
0.4333333333333333,2843.2761429390193,2.7545911074229776
0.4333333333333333,2831.257648896216,0.6216136306263669
0.4333333333333333,2791.6631311549713,-2.258709887054967
0.4333333333333333,2834.797685805132,-2.91197893300668
0.4333333333333333,2831.9655993702027,-0.08314839617128585
0.4333333333333333,2846.107977060499,-0.11324795560557423
0.4333333333333333,2842.568285757487,3.4431743682900082
0.4333333333333333,2847.5240932440106,-1.5603503999844295
0.4333333333333333,2834.0898283071565,-2.2294141350882626
0.4333333333333333,2842.568230196272,3.43632482050856
0.4333333333333333,2829.8421399999675,2.0164950402993287
0.4333333333333333,2843.2754316985393,2.7574115697324006
0.4333333333333333,2842.568273817274,3.4245062472680075
0.4333333333333333,2828.426086183284,3.431758717986774
0.4333333333333333,2834.7977180527823,-2.9219656531412204
0.4333333333333333,2833.3818306436974,-1.5032562678334256
0.4333333333333333,2842.5682475152203,3.4301560929787542
0.4333333333333333,2847.5241306433772,-1.551749206778047
0.4333333333333333,2834.089798840211,-2.2069711812139343
0.4333333333333333,2830.549941141941,1.330452371175584
0.4333333333333333,2820.6556166309842,-2.9352741492304353
0.4333333333333333,2820.655581681208,-2.9296259477421582
0.4333333333333333,2843.275887128187,2.7355929664263243
0.4333333333333333,2842.5681927964138,3.43704594173398
0.4333333333333333,2842.5681840758334,3.425214625527725
0.4333333333333333,2842.5684004854684,3.4361772491243103
0.4333333333333333,2842.568199419865,3.45715421766365
0.4333333333333333,2846.108036223658,-0.11515272769984557
0.4333333333333333,2845.3997435293263,0.6379703124361643
0.4333333333333333,2848.2320678191004,-2.256924317102961
0.4333333333333333,2802.973439336442,0.5811519896630853
0.4333333333333333,2834.089786816139,-2.1986029605992674
0.4333333333333333,2831.257922273945,0.6200537823324301
0.4333333333333333,2831.965936106078,-0.08761557243932942
0.4333333333333333,2846.8161627828363,-0.8510113710804024
0.4333333333333333,2844.6921861441137,1.338522976540785
0.4333333333333333,2817.8239008045352,-0.11968445819586376
0.4333333333333333,2834.7978705477244,-2.916192197981992
0.4333333333333333,2829.1340666484894,2.7433248680126474
0.4333333333333333,2829.134193474351,2.7223141062062193
0.4333333333333333,2829.1340494526225,2.7369129294248675
0.4333333333333333,2830.54976145589,1.3350715591838695
0.4333333333333333,2843.2761791201274,2.7594166537692075
0.4333333333333333,2819.9476518137058,-2.222640235963924
0.4333333333333333,2818.5318607705535,-0.8303397722540219
0.4333333333333333,2817.115896975643,0.574556714206731
0.4333333333333333,2832.6729124585063,-0.7900129174499293
0.4333333333333333,2842.568286020409,3.423700103420495
0.4333333333333333,2844.691776565286,1.3377394565592582
0.4333333333333333,2848.232031884502,-2.24745305445712
0.4333333333333333,2831.2576453927504,0.6198437534810599
0.4333333333333333,2848.231672483707,-2.2396190926232165
0.4333333333333333,2818.5318276010394,-0.8349696435411053
0.4333333333333333,2847.524096837363,-1.542546534244926
0.4333333333333333,2820.655757284832,-2.944056062996808
0.4333333333333333,2834.7975224393285,-2.9289644570143727
0.4333333333333333,2831.257647903764,0.6079224476248893
0.4333333333333333,2847.524000252129,-1.529771895235713
0.4333333333333333,2830.5496785166392,1.3286012734183825
0.4333333333333333,2828.426171807672,3.412143542173328
0.4333333333333333,2842.568261781366,3.4506035998815863
0.4333333333333333,2829.1340071700315,2.7313507857266015
0.4333333333333333,2828.4260838599353,3.4324828474988105
0.45,2819.239379650941,-1.5198632788022326
0.4333333333333333,2816.407784897012,1.2972397117492374
0.45,2830.5501062599137,1.3133962495668965
0.45,2818.531828424194,-0.8338108977280643
0.45,2831.2579216504737,0.6196897216042927
0.4333333333333333,2829.8420033029533,2.0379857602954012
0.4333333333333333,2832.673902426667,-0.7854111369491974
0.4333333333333333,2829.1340351139443,2.7329891332628864
0.4333333333333333,2843.2754987074354,2.7549856588451265
0.4333333333333333,2829.84214765059,2.023114998995839
0.4333333333333333,2829.841727445556,2.0312030830107193
0.4333333333333333,2790.9551980115566,-1.5532265052255017
0.4333333333333333,2842.5679601817515,3.4424063973943886
0.4333333333333333,2829.134035508392,2.7355936106709993
0.4333333333333333,2829.8417415592057,2.0372476945878737
0.4333333333333333,2828.426069039253,3.4360746433941283
0.4333333333333333,2830.549960045581,1.3148446843653003
0.4333333333333333,2831.965678656309,-0.10998833320813277
0.4333333333333333,2834.797839992018,-2.903234848437033
0.4333333333333333,2832.673902789921,-0.7850742673553049
0.4333333333333333,2842.5681991658225,3.461895591820986
0.4333333333333333,2833.3817652828034,-1.4850470797088602
0.4166666666666666,2843.984070588527,2.038541775850947
0.4166666666666666,2831.965907050551,-0.08911267496259065
0.4166666666666666,2834.7978436105755,-2.9162519931309308
0.4166666666666666,2829.8412899192213,2.0406072130994795
0.4166666666666666,2832.673552192193,-0.796424242368528
0.4166666666666666,2846.108042917372,-0.11427513578948773
0.4166666666666666,2834.089100797248,-2.1954239255318737
0.4166666666666666,2819.239685593677,-1.5219238434921993
0.4166666666666666,2831.257618361628,0.6260774742670581
0.4166666666666666,2843.984101519362,2.0453848824115903
0.4166666666666666,2834.0890655381536,-2.199235678511235
0.4166666666666666,2834.089778382406,-2.205881366274804
0.4166666666666666,2829.134157411302,2.719864675502514
0.4166666666666666,2829.841991770061,2.0377818846150992
0.4166666666666666,2829.8412858186507,2.0407190500454013
0.4166666666666666,2831.2579421972664,0.6205923688139242
0.4166666666666666,2831.9660343428905,-0.09886556324571617
0.4166666666666666,2831.9656374174633,-0.0765425224550721
0.4166666666666666,2829.1333712734463,2.73792208735183
0.4166666666666666,2843.9838427619766,2.0447211717740803
0.4166666666666666,2829.8421461939292,2.016086045355643
0.4166666666666666,2828.4260635621686,3.4368045183685023
0.4166666666666666,2830.5498407711407,1.3160596333095986
0.4166666666666666,2819.947762492989,-2.242778289570039
0.4166666666666666,2830.5499911657375,1.3304946414777639
0.4166666666666666,2831.2580013407787,0.598425051765549
0.4166666666666666,2831.2580038240962,0.6266200835985024
0.4166666666666666,2833.3817638740156,-1.4888711437845348
0.4166666666666666,2817.115762803926,0.5907596094396675
0.4166666666666666,2848.231686876219,-2.2395449492099635
0.4166666666666666,2829.8421686639645,2.0225249479977014
0.4166666666666666,2829.842026570989,2.0396024637875882
0.4166666666666666,2828.4260922825324,3.439286660508982
0.4166666666666666,2842.5672431913144,3.4538949498035687
0.4166666666666666,2843.276295963187,2.7292410123435618
0.4166666666666666,2843.276161596179,2.756888848789141
0.4166666666666666,2844.6917720870792,1.3661290608936159
0.4166666666666666,2834.797750102474,-2.907517414567552
0.4166666666666666,2830.5501333090383,1.3200197710350778
0.4166666666666666,2801.5575180219503,1.9944318911731598
0.4166666666666666,2833.3815992642085,-1.4912648711447891
0.4166666666666666,2847.5239699627678,-1.5054378496437357
0.4166666666666666,2844.6919561853897,1.3373584932495775
0.4166666666666666,2843.2759038100403,2.721119089299374
0.4166666666666666,2834.797469671532,-2.9009380309256745
0.4166666666666666,2842.5682286404967,3.4632351418765426
0.4166666666666666,2818.531444665082,-0.8143481956832849
0.4166666666666666,2833.381620447539,-1.5129198674311046
0.4333333333333333,2820.6556145300265,-2.9276241054977863
0.4333333333333333,2818.5310546245555,-0.8029431704326816
0.4166666666666666,2832.6738748879047,-0.7850355316932459
0.4166666666666666,2834.7977863437286,-2.9148240425884744
0.4166666666666666,2830.549958355042,1.3326452405140456
0.4166666666666666,2833.3815724506935,-1.4858143717772585
0.4166666666666666,2834.089971469577,-2.2226891947912684
0.4166666666666666,2829.8420349964945,2.0362153861176115
0.4166666666666666,2834.089983257788,-2.247053137601892
0.4166666666666666,2829.8420185664354,2.024049707569667
0.4166666666666666,2834.089840099125,-2.2335266565012937
0.4166666666666666,2834.7976991823252,-2.9045397249611034
0.4166666666666666,2832.6740542010216,-0.8363547357321888
0.4166666666666666,2843.275869375688,2.7609060236292766
0.4333333333333333,2834.089474963296,-2.207701828073294
0.4166666666666666,2845.399768603063,0.6302675742425904
0.4166666666666666,2831.258043169884,0.6014404669122426
0.4166666666666666,2829.8421634292195,2.0170060150072393
0.4166666666666666,2829.1331226465663,2.735400503203332
0.4166666666666666,2846.107785497164,-0.11745753250840252
0.4166666666666666,2833.3818446565215,-1.5116096790459916
0.4166666666666666,2834.0887751517307,-2.2123760416024756
0.4166666666666666,2828.426257028184,3.4116773323149343
0.4333333333333333,2831.257787225433,0.600250419986908
0.4166666666666666,2834.797777799813,-2.925184945228306
0.4166666666666666,2833.3818614849415,-1.5276385458051427
0.4166666666666666,2833.3815565307377,-1.4960791913283977
0.4166666666666666,2834.797479290643,-2.9320335434387177
0.4333333333333333,2828.426075547882,3.4312474759861895
0.4166666666666666,2834.0898242012618,-2.2326224153387777
0.4166666666666666,2834.7977583220845,-2.9248094465191126
0.4166666666666666,2848.232071682697,-2.2549030842228364
0.4166666666666666,2833.3815357667613,-1.5070520344746798
0.4166666666666666,2842.568326861494,3.434951219058008
0.4166666666666666,2819.2397932064737,-1.5431725477605387
0.4166666666666666,2829.8412784626425,2.0350303317035974
0.4166666666666666,2844.692098634716,1.3328974349918457
0.4166666666666666,2834.0898337359768,-2.2338346933683293
0.4333333333333333,2818.5315911111175,-0.8286307867397458
0.4166666666666666,2844.6921915083362,1.3201073076094432
0.4166666666666666,2833.381822050557,-1.5022841497058783
0.4166666666666666,2846.1080762966144,-0.11945758789434821
0.4166666666666666,2831.9657457034805,-0.10885725949505083
0.4166666666666666,2834.797767856373,-2.9254236903653457
0.4333333333333333,2828.4259225811206,3.4164968228481976
0.4166666666666666,2843.2761390232786,2.75000684647136
0.4166666666666666,2818.531830490153,-0.838188678226904
0.4166666666666666,2831.258078609831,0.6057466570803457
0.4333333333333333,2832.673582344602,-0.7914289149191405
0.4166666666666666,2848.2319068036827,-2.2347438295790876
0.4166666666666666,2846.816138200484,-0.8426402643549672
0.4166666666666666,2830.5497039810703,1.3270309453246512
0.4166666666666666,2829.8420051462936,2.0241283868812947
0.4166666666666666,2843.9841160841806,2.042616884142027
0.4166666666666666,2833.381815234492,-1.5024101156628606
0.4333333333333333,2846.108038378394,-0.11349582124334197
0.4166666666666666,2843.27628599895,2.736823656804997
0.4166666666666666,2842.568173750162,3.459201346373293
0.4166666666666666,2829.8420961949023,2.014691175054429
0.4166666666666666,2843.2761784244,2.734238608540473
0.4166666666666666,2831.2579400784743,0.6287695072488064
0.4166666666666666,2830.550116740253,1.3122270166748147
0.4166666666666666,2844.691800014209,1.3478213649267687
0.4166666666666666,2834.7978164934307,-2.931002704808929
0.4166666666666666,2833.3818249664605,-1.5221666513424568
0.4333333333333333,2820.65507126908,-2.9407434677409245
0.4166666666666666,2831.9659643341706,-0.11134038980619998
0.4166666666666666,2831.9659152914946,-0.07746560483516868
0.4166666666666666,2834.7977496445287,-2.8997713433173646
0.4166666666666666,2842.5674754106703,3.4708360995332277
0.4166666666666666,2834.7977644529706,-2.9104428437738115
0.4166666666666666,2834.797925427478,-2.9310802468165313
0.4333333333333333,2832.6736058633765,-0.7764896291546834
0.4166666666666666,2829.8420008468293,2.0349699335290996
0.4166666666666666,2829.84204710743,2.0369625928930626
0.4166666666666666,2834.7977366127175,-2.9118766621477765
0.4166666666666666,2846.8160226841774,-0.8195727766841794
0.4166666666666666,2831.9649459902694,-0.1045065769725941
0.4166666666666666,2831.2579350366477,0.6216395320546076
0.4333333333333333,2819.947686034427,-2.221161981582711
0.4166666666666666,2829.8412930513136,2.041772143992335
0.4166666666666666,2831.9659188243572,-0.11585401163076021
0.4166666666666666,2820.654924091202,-2.927257861576983
0.4166666666666666,2820.6557643287183,-2.944676336971692
0.4166666666666666,2844.6920834786606,1.3414307410193786
0.4166666666666666,2844.691813668241,1.3486352453745423
0.4166666666666666,2834.089126299974,-2.2037599218227855
0.4166666666666666,2805.09730857301,-1.5353405742510704
0.4166666666666666,2842.568367213026,3.4295386122355147
0.4166666666666666,2820.6555859941186,-2.9332710377949995
0.4166666666666666,2830.5500160121187,1.3263751293364856
0.4166666666666666,2834.0897908160746,-2.1988589869404573
0.4166666666666666,2829.842145633422,2.0176718302425547
0.4166666666666666,2843.276204050608,2.729746979869341
0.4166666666666666,2831.258061970698,0.6050995218988297
0.4166666666666666,2846.8161313050045,-0.8434317165263302
0.4166666666666666,2820.6553369114604,-2.923880349656679
0.4166666666666666,2848.2320762918366,-2.25664918847875
0.4166666666666666,2847.5237157920164,-1.5426091385703846
0.4166666666666666,2829.842136538057,2.0150672609663265
0.4166666666666666,2845.3997397001285,0.6374868607951171
0.4166666666666666,2819.2393752231674,-1.5232417939663965
0.4166666666666666,2843.9841254695693,2.044202033268181
0.4166666666666666,2834.7978357971924,-2.931361987758567
0.4166666666666666,2833.381844883177,-1.4953277754085321
0.4166666666666666,2856.710320164742,3.4290620949886246
0.4333333333333333,2846.81611045868,-0.8268458938045911
0.4166666666666666,2834.7974282027362,-2.9078893301927
0.4166666666666666,2842.5679143387715,3.443771363796048
0.4166666666666666,2832.6728969967635,-0.8111631029123048
0.4166666666666666,2830.548957596328,1.3399668934570503
0.4166666666666666,2843.9837864768037,2.0417226527199275
0.4166666666666666,2842.5676161178703,3.444860799054259
0.4166666666666666,2832.6728567289733,-0.7905269045006229
0.3999999999999999,2832.6740196121564,-0.8322025259916138
0.3999999999999999,2834.0894779149417,-2.200731061595812
0.3999999999999999,2843.275995370754,2.7418395741654877
0.4166666666666666,2834.7978622785317,-2.925891676815245
0.3999999999999999,2832.673148632679,-0.7860845858624256
0.3999999999999999,2834.797455546346,-2.9209100105910126
0.3999999999999999,2832.673262802414,-0.7938663999740331
0.4166666666666666,2846.8153315910117,-0.812083546944745
0.3999999999999999,2829.841997224166,2.036390931035171
0.3999999999999999,2802.2658446068126,1.2666238032522923
0.3999999999999999,2842.568136618944,3.459022411689633
0.3999999999999999,2842.5683802395515,3.4309810961230607
0.3999999999999999,2829.842163786073,2.020990609982111
0.3999999999999999,2842.5682214442445,3.4368890876753095
0.3999999999999999,2843.2751918378676,2.7542926900111517
0.3999999999999999,2834.089835509088,-2.2331396664393086
0.3999999999999999,2831.257947445832,0.624048242254905
0.3999999999999999,2834.7979458530735,-2.944018837561396
0.4166666666666666,2833.3812576863843,-1.5079935649491392
0.4166666666666666,2833.3820216660297,-1.534047647117699
0.3999999999999999,2831.9659225057308,-0.07948693609346975
0.3999999999999999,2831.965628505881,-0.085841621207517
0.3999999999999999,2834.7977927452157,-2.939392492126297
0.3999999999999999,2833.380873355889,-1.4992912293825944
0.3999999999999999,2830.5501094799683,1.308889360660207
0.3999999999999999,2834.089913599567,-2.2355460406389467
0.3999999999999999,2833.3818191259816,-1.4932380055142096
0.3999999999999999,2833.3818309354683,-1.4905409589776704
0.4166666666666666,2818.531772693358,-0.8109004600121582
0.3999999999999999,2834.0895357300064,-2.2005069921650264
0.3999999999999999,2829.8421434711536,2.0163582864117133
0.3999999999999999,2819.2396729604334,-1.5158563634095517
0.3999999999999999,2819.2398396780914,-1.5350742923336953
0.3999999999999999,2834.797867491594,-2.9110689788181636
0.3999999999999999,2833.3818743273014,-1.5024771207381664
0.3999999999999999,2819.947369811759,-2.2243388082487643
0.3999999999999999,2834.797745287709,-2.9019191096942594
0.3999999999999999,2828.4260678853566,3.4358278638710855
0.3999999999999999,2829.842140236144,2.015791796465768
0.3999999999999999,2831.965836762734,-0.07222242756573909
0.3999999999999999,2834.089532308906,-2.195940445786863
0.3999999999999999,2844.6920439945643,1.3461849811597086
0.4166666666666666,2844.6919763888004,1.3461398020861963
0.3999999999999999,2817.823778659453,-0.1004792967453387
0.3999999999999999,2831.9653410876517,-0.09532036086965953
0.3999999999999999,2833.3818652039863,-1.4973712030628923
0.3999999999999999,2846.108044800197,-0.12056385157519868
0.3999999999999999,2843.9841035856116,2.0467356306346263
0.4166666666666666,2829.134144233911,2.716016586229001
0.3999999999999999,2834.797771839083,-2.9354979338323886
0.3999999999999999,2829.1338033540023,2.7410145161069117
0.3999999999999999,2834.089171348396,-2.203756460927423
0.3999999999999999,2834.7977751251597,-2.9110442163368346
0.4166666666666666,2846.1073117172436,-0.11559235864893475
0.3999999999999999,2819.9478231784806,-2.234720921731343
0.3999999999999999,2820.655645174398,-2.926901433244586
0.3999999999999999,2820.6556541925884,-2.9285009104240722
0.3999999999999999,2828.4260566697685,3.436179140223987
0.3999999999999999,2829.8420316097836,2.0385117002637725
0.3999999999999999,2817.1158880299145,0.5774439354539235
0.3999999999999999,2830.550147112668,1.3112616736777383
0.3999999999999999,2845.3997338646195,0.6198529031019682
0.3999999999999999,2831.9656525845476,-0.07287212572765185
0.3999999999999999,2834.088824159753,-2.1837083678934186
0.3999999999999999,2834.089873487903,-2.193496027051205
0.3999999999999999,2832.67329590138,-0.7987189494720021
0.3999999999999999,2819.2397287599474,-1.5185331713565755
0.3999999999999999,2828.426238822581,3.431663265615197
0.3999999999999999,2833.3815722346794,-1.484095958040696
0.3999999999999999,2832.673208209139,-0.7888158179454479
0.3999999999999999,2842.56822787945,3.4586515376955407
0.3999999999999999,2830.550139011868,1.318656329569988
0.3999999999999999,2831.965669135072,-0.07664057646396145
0.4166666666666666,2819.9477832770576,-2.2374410494340524
0.4166666666666666,2842.567523359224,3.451581081484902
0.3999999999999999,2834.7974799469566,-2.8999760723432915
0.3999999999999999,2829.8420164603126,2.032267951553369
0.3999999999999999,2847.524113147904,-1.5611517654589155
0.3999999999999999,2834.089930670163,-2.219636494096977
0.3999999999999999,2834.7979447285115,-2.952040458511954
0.3999999999999999,2819.9477631693762,-2.250318849813472
0.3999999999999999,2834.089522987825,-2.2041462446868465
0.3999999999999999,2832.6740020025127,-0.8102352449754254
0.3999999999999999,2834.089792743389,-2.2043134383540437
0.4166666666666666,2845.4000222679124,0.6405132881232666
0.3999999999999999,2845.3993161301687,0.6435645713047169
0.3999999999999999,2843.983384038187,2.0453078290029607
0.3999999999999999,2829.133773478729,2.744232486442811
0.4166666666666666,2820.6557418703537,-2.9408778835552543
0.3999999999999999,2828.4261991641933,3.4206951716915084
0.3999999999999999,2833.381814961434,-1.5272878820726798
0.4166666666666666,2843.275589381604,2.743216732711425
0.3999999999999999,2846.1081735122903,-0.1383458218376001
0.3999999999999999,2842.5680813408317,3.417603371347894
0.3999999999999999,2834.797760688559,-2.908921280935766
0.3999999999999999,2834.7976400620123,-2.923590233080713
0.3999999999999999,2820.654953127742,-2.932293138125035
0.4166666666666666,2834.7978829734907,-2.9154541577843194
0.3999999999999999,2829.8420403055766,2.0354389836078934
0.3999999999999999,2844.6917742752535,1.3623882816343171
0.4166666666666666,2848.232080661942,-2.2658137100840388
0.3999999999999999,2845.3997920472802,0.6228899849423603
0.3999999999999999,2829.8417324024435,2.0428433674569115
0.3999999999999999,2829.8417389095416,2.0317940191645105
0.3999999999999999,2833.3818562624506,-1.491248504945441
0.4166666666666666,2832.6738666908896,-0.7953626726291326
0.3999999999999999,2848.2319871685927,-2.2430459218020555
0.3999999999999999,2830.5499703502533,1.3243552702605867
0.3999999999999999,2831.9658880817647,-0.08275827576615598
0.3999999999999999,2845.4000244467356,0.644444818486762
0.3999999999999999,2842.568166038065,3.462120246990893
0.3999999999999999,2818.5316994080927,-0.8163357335102512
0.4166666666666666,2820.6557635518748,-2.937929041521352
0.4166666666666666,2842.5682616787253,3.4332540779132534
0.3999999999999999,2844.6920376226694,1.349837415498398
0.3999999999999999,2843.9841053196915,2.048527962517549
0.3999999999999999,2846.815737763527,-0.8106763005902939
0.4166666666666666,2829.8420401814737,2.0237060125242787
0.3999999999999999,2847.524122476283,-1.5505845321187681
0.3999999999999999,2834.089906446027,-2.2270416130262563
0.3999999999999999,2842.5682892594436,3.447179558067577
0.3999999999999999,2834.7978435390764,-2.9273708131749006
0.3999999999999999,2819.9478020717233,-2.2334369110567467
0.3999999999999999,2830.549987607883,1.326317155898704
0.3999999999999999,2842.568219642878,3.4595109453667128
0.3999999999999999,2831.9660509844252,-0.08975168355685571
0.3999999999999999,2831.2579451094416,0.6287586670773772
0.3999999999999999,2843.2759350938686,2.7473916525750792
0.3999999999999999,2829.1340571637684,2.743660455528484
0.3999999999999999,2831.2579451094416,0.6287586670773772
0.4166666666666666,2842.5682061662046,3.4591873431388813
0.3999999999999999,2846.816153629152,-0.8370339534318337
0.3999999999999999,2830.5499916627277,1.3287983961596808
0.3999999999999999,2846.815768144422,-0.8026562572061773
0.3999999999999999,2829.8421541783555,2.019317863115034
0.4166666666666666,2828.425509101598,3.421079019349578
0.3999999999999999,2842.5682176471787,3.4544104037425383
0.4166666666666666,2834.796791964064,-2.915802427261994
0.3999999999999999,2817.823717851126,-0.11419273230665301
0.4166666666666666,2829.1341849056344,2.7176889727256945
0.3999999999999999,2831.965918511543,-0.08543389000856934
0.3999999999999999,2830.549970371868,1.3298462666702104
0.3999999999999999,2832.6729162804586,-0.7855004541764512
0.3999999999999999,2842.568220924498,3.445643678271854
0.3999999999999999,2831.965141258346,-0.08135186170461112
0.3999999999999999,2831.2580749465915,0.6095769356508682
0.3999999999999999,2831.965907057672,-0.08239425250672668
0.3999999999999999,2834.7977440708482,-2.898811160391083
0.3999999999999999,2818.5314675605237,-0.8048935224728713
0.3999999999999999,2831.257902920549,0.6235815033382706
0.4166666666666666,2834.089860276942,-2.2108667700510605
0.3999999999999999,2844.6913225795593,1.3387967013946696
0.3999999999999999,2846.8156944522784,-0.8288845825860481
0.3999999999999999,2843.2754455137197,2.7537572070147323
0.3999999999999999,2819.9473116703352,-2.2279565877765224
0.3999999999999999,2831.257661083621,0.6159668066830671
0.3999999999999999,2842.5679608133555,3.4339981106002324
0.3999999999999999,2829.8414228926686,2.024889956497307
0.3999999999999999,2815.699551630533,2.0020963877819424
0.4166666666666666,2817.115900986453,0.5743485943336719
0.4166666666666666,2848.232116847981,-2.2510733375435694
0.3999999999999999,2833.3818259655195,-1.5083617104679325
0.3999999999999999,2831.9655906564626,-0.08886318634124805
0.3999999999999999,2848.2320441144393,-2.2594068444518305
0.3999999999999999,2820.6555826743597,-2.926957254403537
0.4166666666666666,2843.9840957566876,2.0451979732586785
0.3999999999999999,2834.7978815037372,-2.941850981004658
0.3999999999999999,2834.797741656404,-2.916714559219428
0.3999999999999999,2834.089088342407,-2.2111781413103984
0.3999999999999999,2834.7977599263972,-2.9088162074255877
0.3999999999999999,2834.089746650044,-2.197238385587826
0.3999999999999999,2843.2758708158567,2.7586041590515697
0.3999999999999999,2819.9476333727303,-2.2277867403039746
0.3999999999999999,2834.0894697449444,-2.2088267903046814
0.3999999999999999,2833.3815550297472,-1.4981846844882685
0.3999999999999999,2819.239799239942,-1.537802000028244
0.4166666666666666,2831.2579161507497,0.6236308093955243
0.3999999999999999,2820.655654176926,-2.9302844593507915
0.3999999999999999,2844.6922060563943,1.3130969136071904
0.3999999999999999,2818.531697995041,-0.8187629049743853
0.3999999999999999,2831.9659392352637,-0.08714819383436208
0.3999999999999999,2848.231669904088,-2.2509861359158307
0.3999999999999999,2829.1341332928723,2.706793178461669
0.3999999999999999,2819.239802608483,-1.5417540043131275
0.3999999999999999,2828.4260620933787,3.4306490870724557
0.3999999999999999,2843.984202816321,2.0312161145838634
0.3833333333333333,2843.275921096877,2.763757952353203
0.3833333333333333,2834.797856329482,-2.911308191013283
0.3833333333333333,2846.108157558447,-0.1354702830141114
0.3833333333333333,2847.5240506939185,-1.5473174904543814
0.3833333333333333,2843.2758764231758,2.728983717103712
0.3999999999999998,2846.107731589507,-0.11990785045069037
0.3833333333333333,2834.0897450291186,-2.218775037451799
0.3833333333333333,2834.797703497873,-2.918580411594112
0.3833333333333333,2833.3818208806542,-1.500229617569679
0.3999999999999999,2847.523973467437,-1.5261169489784177
0.3999999999999999,2842.5682600732785,3.4273955507205938
0.3999999999999999,2847.523973254115,-1.5448328240999565
0.3833333333333333,2830.550097865044,1.2987373204403978
0.3833333333333333,2833.381054619071,-1.4851733090587382
0.3833333333333333,2820.6556289016207,-2.9290228366911055
0.3833333333333333,2833.3818724227735,-1.5200939973665675
0.3833333333333333,2829.1341873015417,2.7241809898776532
0.3833333333333333,2831.258057167546,0.6020386640635546
0.3833333333333333,2834.797038421095,-2.9015186354700955
0.3833333333333333,2831.9660326281523,-0.09908381045652623
0.3833333333333333,2833.38182863149,-1.4945774869982449
0.3999999999999999,2819.238174560678,-1.511797365093143
0.3999999999999999,2831.965905806954,-0.08585997193182067
0.3833333333333333,2843.2754099936333,2.759454523625319
0.3833333333333333,2843.2756150176506,2.736998873092855
0.3833333333333333,2834.7978872334334,-2.9224452948411535
0.3999999999999999,2843.984081407904,2.0392908604886193
0.3833333333333333,2831.9658769077046,-0.08078303160378283
0.3833333333333333,2830.5496677902966,1.3193023206443852
0.3833333333333333,2834.797756260493,-2.918038900029135
0.3833333333333333,2834.797794820642,-2.9380805143769546
0.3833333333333333,2848.231953298212,-2.24185356688629
0.3833333333333333,2833.381231156215,-1.511148891044903
0.3833333333333333,2843.2754220767715,2.7531394692424014
0.3833333333333333,2829.1341612352353,2.7229757504906624
0.3833333333333333,2834.797743923525,-2.9083715400232117
0.3833333333333333,2834.7969617653075,-2.9058538049946354
0.3833333333333333,2846.108023051898,-0.12838306592101906
0.3833333333333333,2801.55788066666,1.9716292613603605
0.3833333333333333,2830.550082313456,1.31668173101561
0.3833333333333333,2845.3999906145737,0.6300338494347908
0.3833333333333333,2832.673849118434,-0.7961502687244899
0.3999999999999999,2831.9658788608967,-0.08437026289407897
0.3833333333333333,2842.568180415267,3.4495868312038307
0.3833333333333333,2834.79675484848,-2.8999266457511146
0.3833333333333333,2834.0898084557375,-2.230085912830228
0.3833333333333333,2831.258044976513,0.6116979151357961
0.3833333333333333,2819.947761461966,-2.2363120219703725
0.3833333333333333,2834.7977403116543,-2.9037757652095704
0.3833333333333333,2828.4260887213304,3.4325591305307395
0.3833333333333333,2820.6549128413117,-2.925541144106957
0.3833333333333333,2843.2758884805667,2.7657180434164848
0.3833333333333333,2842.5682177648678,3.4306280919642
0.3833333333333333,2831.9652105227356,-0.08438648081709911
0.3833333333333333,2844.6922315942234,1.3172269176963636
0.3833333333333333,2834.0898037805696,-2.2105663482210045
0.3833333333333333,2846.1080156180997,-0.12450409019946923
0.3833333333333333,2830.549249658832,1.3282564192032251
0.3833333333333333,2831.9658841921514,-0.07933185625584457
0.3833333333333333,2843.9833774990325,2.04740902166117
0.3833333333333333,2828.426050806654,3.435242965337563
0.3833333333333333,2834.7967562878057,-2.905553095298747
0.3833333333333333,2806.5132189842284,-2.9452246112713305
0.3833333333333333,2842.56817146221,3.4496989863571845
0.3833333333333333,2831.2580355952277,0.6093496334493018
0.3833333333333333,2842.5681619489496,3.4591854827041635
0.3833333333333333,2831.25788186867,0.6202510727130458
0.3833333333333333,2831.965894296246,-0.08685596285254524
0.3833333333333333,2830.5496965470356,1.3334580844621664
0.3833333333333333,2843.2754575384156,2.7572134027796773
0.3833333333333333,2819.9476412600707,-2.2200238369838936
0.3833333333333333,2801.557904486493,1.9733186231281912
0.3833333333333333,2842.568142415802,3.466809748832377
0.3999999999999999,2832.673632389857,-0.7890049490189365
0.3833333333333333,2834.0897938564935,-2.2011961576670753
0.3833333333333333,2847.5240199868185,-1.5316660682848007
0.3833333333333333,2847.5241294881466,-1.5580166770058987
0.3833333333333333,2828.4262040557905,3.4224582645796153
0.3833333333333333,2842.5682307508905,3.4600825206984824
0.3833333333333333,2834.797012152434,-2.9152175800277673
0.3833333333333333,2834.0899528937143,-2.211704197472775
0.3833333333333333,2834.089852427204,-2.2245632924187166
0.3833333333333333,2819.9477995539214,-2.233176724938796
0.3833333333333333,2831.9656414132023,-0.08260251468919141
0.3833333333333333,2833.3818680396907,-1.5066442835164173
0.3833333333333333,2847.5236957606417,-1.5168079042174358
0.3833333333333333,2831.257939963069,0.6283596396141499
0.3833333333333333,2834.7977922963955,-2.918073403733425
0.3833333333333333,2834.089816322761,-2.2127849540500515
0.3833333333333333,2843.9842486482603,2.0280941647369857
0.3833333333333333,2846.8157499192894,-0.8194906142904919
0.3833333333333333,2833.381740140899,-1.5124227941884802
0.3833333333333333,2842.5676492173857,3.4408712916563813
0.3833333333333333,2844.691812367708,1.3442330719036832
0.3833333333333333,2830.54998069258,1.3268692117757803
0.3833333333333333,2843.2761766187546,2.755820211511375
0.3833333333333333,2830.5499625562293,1.310824059586241
0.3999999999999999,2831.9660545769384,-0.10160806558911446
0.3833333333333333,2831.9649534912537,-0.06558834253677788
0.3833333333333333,2846.8161556780865,-0.8496445419183293
0.3833333333333333,2843.27607667329,2.733772587836471
0.3833333333333333,2843.2754859067595,2.7611555793502514
0.3833333333333333,2834.797505402893,-2.8937739555247872
0.3833333333333333,2832.6736332277223,-0.7777392406807726
0.3833333333333333,2832.673613628068,-0.7851513874100453
0.3833333333333333,2829.8420218130755,2.0336874014782973
0.3833333333333333,2843.275189850414,2.7579141255569475
0.3833333333333333,2846.8160110185563,-0.8293327151184048
0.3999999999999999,2843.2761701467743,2.760332583628039
0.3833333333333333,2844.6921898374035,1.3296641640805704
0.3833333333333333,2846.108164417458,-0.14252640290779206
0.3833333333333333,2834.0898213328796,-2.2094354598200705
0.3833333333333333,2842.568203516244,3.4584667633772836
0.3833333333333333,2834.089796880671,-2.2021006821818334
0.3833333333333333,2829.842029954445,2.033291777426663
0.3833333333333333,2830.549992583542,1.3336643987361763
0.3999999999999999,2834.797528563895,-2.8998410583067997
0.3999999999999999,2829.1340322491396,2.7294405264481583
0.3999999999999999,2818.531864878227,-0.8250253309564397
0.3999999999999999,2831.9659706561793,-0.08346025977797418
0.3833333333333333,2843.2761662325647,2.753482893843649
0.3833333333333333,2842.567425055833,3.4746224818157523
0.3833333333333333,2844.6918347988403,1.336194135032344
0.3833333333333333,2843.9841100260414,2.0605135731393553
0.3833333333333333,2830.549995998077,1.3310132693731669
0.3999999999999999,2818.531449446318,-0.8089151418068857
0.3833333333333333,2834.796817909571,-2.8969454799021226
0.3999999999999999,2847.5240144532454,-1.5391163440273161
0.3833333333333333,2843.276325909136,2.719505265089762
0.3833333333333333,2828.4253905467017,3.432410073593553
0.3833333333333333,2848.2316543018546,-2.242253237104779
0.3833333333333333,2832.673844744792,-0.7925861829416612
0.3833333333333333,2832.673969372909,-0.8052240482250488
0.3833333333333333,2843.98422887754,2.038704960560614
0.3833333333333333,2834.797498537522,-2.9246601944834554
0.3833333333333333,2846.815972269554,-0.8118542481235431
0.3999999999999999,2820.655722587248,-2.946332964083101
0.3833333333333333,2831.9656165589618,-0.08053846942283281
0.3999999999999999,2832.67405657955,-0.8370888499105952
0.3833333333333333,2843.2751478281725,2.7597367788610354
0.3833333333333333,2830.5501236352698,1.3081216875039567
0.3833333333333333,2833.381841301717,-1.5006379192121462
0.3833333333333333,2831.2580819971704,0.6068115375629938
0.3833333333333333,2800.1415802857214,3.4013168203790634
0.3833333333333333,2830.5501127341827,1.314213250809929
0.3833333333333333,2830.5499687124543,1.3288120740285772
0.3999999999999999,2829.133345554953,2.736865445809876
0.3833333333333333,2817.8237792286704,-0.10070402605577515
0.3833333333333333,2834.089942380887,-2.2405650885802517
0.3833333333333333,2831.257941741627,0.6139982704220185
0.3833333333333333,2834.0897624349473,-2.2105924595770263
0.3833333333333333,2833.3811708336766,-1.525597996834736
0.3833333333333333,2834.79790884983,-2.950384368228096
0.3833333333333333,2847.523710482264,-1.5399290643575185
0.3833333333333333,2831.257958446992,0.6153963878545676
0.3833333333333333,2819.947761461966,-2.2363120219703725
0.3833333333333333,2833.381548083883,-1.4913309523288296
0.3833333333333333,2831.257930842621,0.6234795695161788
0.3833333333333333,2834.7970150870265,-2.895485587255001
0.3833333333333333,2846.1081537444334,-0.13853892290024822
0.3833333333333333,2832.6738681692823,-0.7894390210695171
0.3999999999999999,2820.655324869371,-2.932935476459299
0.3999999999999999,2832.674017380519,-0.8078357674440284
0.3833333333333333,2843.9842370832675,2.0346822205900255
0.3833333333333333,2834.7977663712263,-2.9332055718779677
0.3833333333333333,2846.1081786279774,-0.1394523657705768
0.3833333333333333,2834.0898301423176,-2.2302651890436582
0.3833333333333333,2834.0897837988346,-2.2044306405753593
0.3833333333333333,2834.7975161394133,-2.9282669006857223
0.3833333333333333,2828.426207619115,3.4159330354318396
0.3833333333333333,2820.655350003976,-2.929082653029413
0.3999999999999999,2828.426182753759,3.420508716693834
0.3833333333333333,2848.2320377336223,-2.2495553550780936
0.3833333333333333,2829.8417089887957,2.0340652650792665
0.3833333333333333,2819.239660217065,-1.517272926916514
0.3833333333333333,2843.2751603176375,2.7569083072360563
0.3833333333333333,2834.0891007463033,-2.201777343088448
0.3833333333333333,2842.5683862589576,3.4352426087243733
0.3999999999999999,2843.984097387998,2.049016536000265
0.3833333333333333,2848.2319222627916,-2.23261350821545
0.3833333333333333,2847.5240785076558,-1.553108963376365
0.3833333333333333,2833.381245863341,-1.514045343997073
0.3833333333333333,2818.531829915709,-0.834244327496369
0.3833333333333333,2834.0897786254677,-2.2331077515831455
0.3666666666666666,2832.673576237799,-0.7973500254288137
0.3666666666666666,2832.6738529068625,-0.8231628860136314
0.3666666666666666,2843.9835015705535,2.0433763241553313
0.3666666666666666,2818.531829632261,-0.8382572987210798
0.3666666666666666,2845.399996161196,0.6277886685111119
0.3666666666666666,2831.2576675003197,0.626132065779893
0.3666666666666666,2829.134034831761,2.7357422333907944
0.3666666666666666,2843.983820071959,2.054714375578456
0.3666666666666666,2833.3819841239324,-1.5230495873019927
0.3666666666666666,2831.965865123884,-0.0859420818300695
0.3833333333333333,2848.2311048010847,-2.2505100767362536
0.3833333333333333,2830.550058078084,1.309677489260167
0.3666666666666666,2846.1077403404825,-0.11567091224480108
0.3833333333333333,2843.2756021577047,2.736040554663571
0.3666666666666666,2833.381121755485,-1.4971182229001672
0.3666666666666666,2847.5238914337783,-1.5399514385282451
0.3666666666666666,2847.5240759283424,-1.5495430101885448
0.3666666666666666,2832.673912762377,-0.7982544151063657
0.3666666666666666,2834.0888933372116,-2.216288161720846
0.3833333333333333,2828.426091322014,3.4413638233544197
0.3666666666666666,2830.5496925688726,1.3350134403330227
0.3666666666666666,2843.275468743916,2.755500937216097
0.3666666666666666,2819.947644062521,-2.2209807746819177
0.3666666666666666,2847.523275979176,-1.5256218322509232
0.3666666666666666,2820.6555969499295,-2.9284752415712108
0.3833333333333333,2834.7977037872624,-2.897780679640973
0.3666666666666666,2829.842033671185,2.0367709539704375
0.3666666666666666,2829.842023825298,2.035552006294267
0.3666666666666666,2829.842023825298,2.035552006294267
0.3666666666666666,2842.56746488936,3.4697676388622116
0.3666666666666666,2842.568242439557,3.446789824400921
0.3666666666666666,2834.0895330631124,-2.2220640787767367
0.3666666666666666,2842.5679351970334,3.4670335819827427
0.3666666666666666,2830.5499821148237,1.3299895721909816
0.3833333333333333,2829.8420243143432,2.0369002385010058
0.3666666666666666,2843.984094454318,2.038313678365422
0.3666666666666666,2843.2756120380336,2.735095943809673
0.3666666666666666,2834.7979252835976,-2.9510895961197727
0.3666666666666666,2842.5679344904215,3.4299626303828985
0.3833333333333333,2834.797927550403,-2.951138604266399
0.3666666666666666,2819.947743524507,-2.2462641944595605
0.3833333333333333,2819.9478247411193,-2.2403366233860944
0.3666666666666666,2843.9842195688066,2.0237872387905567
0.3666666666666666,2834.089817703764,-2.2323120671369465
0.3666666666666666,2833.382004908001,-1.5177123471660061
0.3833333333333333,2833.3819554884785,-1.5234668749222258
0.3666666666666666,2831.9659191777414,-0.07265531741414172
0.3666666666666666,2842.567940399636,3.46532399813973
0.3666666666666666,2831.9661041441054,-0.09588777239721305
0.3666666666666666,2843.9838818920234,2.048246991716551
0.3666666666666666,2829.842017745996,2.035746969014155
0.3666666666666666,2846.1080707861165,-0.12235980313916897
0.3666666666666666,2832.6738678347547,-0.7948611780924583
0.3666666666666666,2828.425900230941,3.437481139453674
0.3666666666666666,2830.549989761384,1.328599650386479
0.3666666666666666,2829.842023825298,2.035552006294267
0.3666666666666666,2834.089140731675,-2.195520129193816
0.3666666666666666,2833.3816310005463,-1.5115919343520559
0.3666666666666666,2830.549986541618,1.3305681367606321
0.3666666666666666,2842.56823759611,3.4582890056390343
0.3833333333333333,2847.5239818026294,-1.5267535205874627
0.3666666666666666,2834.797526240927,-2.8960356221766497
0.3666666666666666,2843.275940942996,2.75737247774583
0.3666666666666666,2830.549979685793,1.320090430508901
0.3666666666666666,2842.5683863983127,3.434384708082289
0.3666666666666666,2842.56808901592,3.4437908227650054
0.3666666666666666,2829.842139323336,2.016643663019124
0.3833333333333333,2845.4000194220234,0.6225774625756658
0.3666666666666666,2830.549972580345,1.3265909527587272
0.3666666666666666,2830.5499792364744,1.3293212900613642
0.3666666666666666,2831.965951140114,-0.11954634581525322
0.3833333333333333,2831.9652308543186,-0.08729686493536401
0.3666666666666666,2842.5682175954234,3.4437563295529565
0.3833333333333333,2834.0898292406437,-2.232514300555332
0.3666666666666666,2842.5675367725858,3.426522780709899
0.3666666666666666,2834.7971683118153,-2.9190235636407125
0.3666666666666666,2831.9656180528277,-0.09425575822673433
0.3833333333333333,2842.5676308438115,3.4345912287993126
0.3833333333333333,2829.841987866123,2.0297356061799414
0.3666666666666666,2845.3997254715578,0.6384505172140066
0.3666666666666666,2817.8237481960705,-0.10993046400108797
0.3833333333333333,2829.8418723401705,2.021789061591165
0.3833333333333333,2829.134166772111,2.717474395045753
0.3666666666666666,2814.9920104331277,2.695088273340228
0.3666666666666666,2830.5499588809935,1.3251862745860872
0.3666666666666666,2846.1081867897447,-0.13513365913001135
0.3833333333333333,2834.089773652215,-2.1961913651073526
0.3666666666666666,2843.984247445362,2.032877722128984
0.3666666666666666,2834.0897490634147,-2.1944466045696713
0.3666666666666666,2846.8161184061264,-0.8500550944987741
0.3666666666666666,2830.5500954395447,1.3111211718392606
0.3833333333333333,2829.8420009266333,2.0332841369982484
0.3833333333333333,2846.1080254769995,-0.11398633156403667
0.3666666666666666,2845.3997050423777,0.6385566835770674
0.3666666666666666,2834.7977415134164,-2.9072522573886728
0.3666666666666666,2834.797462268015,-2.9133774694138426
0.3666666666666666,2833.3818213134355,-1.5016758074359022
0.3666666666666666,2831.2579432117727,0.6159897839536935
0.3666666666666666,2832.6735417615464,-0.7960144586433106
0.3833333333333333,2843.2761667614463,2.732093798736677
0.3666666666666666,2846.1081914884567,-0.14136894134691108
0.3666666666666666,2842.568352287188,3.427866783864078
0.3666666666666666,2834.089791364801,-2.197758393399852
0.3833333333333333,2834.797919221905,-2.9212838418202782
0.3666666666666666,2834.089273058012,-2.2134956944965927
0.3666666666666666,2831.2579470465967,0.622913959841355
0.3666666666666666,2845.3997695897506,0.6425865368213649
0.3833333333333333,2843.2759261078263,2.758007451880508
0.3833333333333333,2834.0899524081938,-2.2245286792731926
0.3666666666666666,2832.6736192639155,-0.7751386924497682
0.3666666666666666,2834.089827721983,-2.2242260159180423
0.3666666666666666,2831.966071248452,-0.10008505321730052
0.3666666666666666,2842.5683791209663,3.4221347855752327
0.3666666666666666,2831.2579562249175,0.625783355791248
0.3666666666666666,2833.3811227729484,-1.4906430539599456
0.3666666666666666,2834.089820235988,-2.2180139978747992
0.3666666666666666,2848.232067840923,-2.2546748127606846
0.3666666666666666,2833.3812684553345,-1.5068408073711101
0.3833333333333333,2834.797433242354,-2.893140353162416
0.3833333333333333,2844.6922243341014,1.324681550270383
0.3833333333333333,2843.2761987568238,2.7513476950844034
0.3666666666666666,2834.0899427138065,-2.222829479708771
0.3666666666666666,2843.2761610484554,2.75888889117406
0.3666666666666666,2834.089757109661,-2.1990593702625465
0.3666666666666666,2820.6553149532183,-2.924484517023272
0.3666666666666666,2843.984045672596,2.0538968205147246
0.3666666666666666,2846.8161140284324,-0.8486060349860571
0.3666666666666666,2830.5500782198237,1.3099704317176584
0.3833333333333333,2818.531836029325,-0.826344282902648
0.3833333333333333,2831.965641727087,-0.08711035077640407
0.3666666666666666,2831.258047562266,0.6081739962338932
0.3666666666666666,2842.567899883991,3.4591895541408566
0.3666666666666666,2819.23980265506,-1.5312028707898817
0.3666666666666666,2829.842115503503,2.014954301251293
0.3666666666666666,2843.275186760085,2.7620818106941325
0.3833333333333333,2830.5496828669798,1.3292014147824043
0.3666666666666666,2831.966010278586,-0.09680987329974167
0.3666666666666666,2843.2761345917497,2.756831970808113
0.3666666666666666,2848.232034264445,-2.2600595218578134
0.3666666666666666,2843.984202684065,2.02563532806122
0.3833333333333333,2834.0897875995593,-2.215438063079821
0.3666666666666666,2834.7974145426047,-2.907009678107795
0.3666666666666666,2833.3815375444824,-1.4917279741056864
0.3666666666666666,2845.4000309851294,0.638169650366698
0.3833333333333333,2820.655601313322,-2.927767434267191
0.3833333333333333,2828.4257821147444,3.4384312959274275
0.3666666666666666,2818.530996353348,-0.8204290401202473
0.3666666666666666,2819.9473625053206,-2.223442670994252
0.3666666666666666,2819.9477502141294,-2.2437656325627375
0.3666666666666666,2817.823850174307,-0.1275856810761316
0.3666666666666666,2833.381144126004,-1.5061521277488386
0.3666666666666666,2834.0899058637706,-2.2429713414247887
0.3666666666666666,2834.7975197609853,-2.921075675570345
0.3666666666666666,2842.5683346083815,3.4213446761051123
0.3666666666666666,2831.965960472052,-0.11572849617580078
0.3666666666666666,2818.531670071423,-0.8212582264067597
0.3666666666666666,2829.8420030412294,2.0302147661582803
0.3666666666666666,2843.276170102002,2.74811795419947
0.3666666666666666,2830.549959869954,1.3231700169151845
0.3666666666666666,2833.3818763658214,-1.5215106641448792
0.3666666666666666,2834.089820311941,-2.226769431369391
0.3666666666666666,2845.3993277771765,0.644319584201529
0.3666666666666666,2845.400021624198,0.6442041125360178
0.3833333333333333,2830.5497027572724,1.3319338480051224
0.3666666666666666,2831.257925229569,0.6192171729110779
0.3666666666666666,2830.5494090614125,1.3171884336393538
0.3666666666666666,2847.5240523391894,-1.5478631594951802
0.3666666666666666,2846.1080184678935,-0.10854731996081907
0.3666666666666666,2820.655711945068,-2.9505393119387935
0.3666666666666666,2834.0894783747913,-2.198585073231941
0.3666666666666666,2832.6740225434023,-0.8109482001802932
0.3666666666666666,2834.0891865328567,-2.219178037543552
0.3666666666666666,2819.2398799345815,-1.5339978306553503
0.3666666666666666,2833.381899155082,-1.5246320967833504
0.3833333333333333,2842.5683639139534,3.435113741562062
0.3666666666666666,2833.3815439798655,-1.487466400591163
0.3666666666666666,2843.2756027153305,2.7360729559044814
0.3833333333333333,2843.2760750642533,2.756705342379792
0.3833333333333333,2844.6920572109657,1.3225786985720556
0.3666666666666666,2832.6735783230906,-0.7915311488942182
0.3666666666666666,2816.4077819224613,1.2936933821948269
0.3666666666666666,2834.089787191989,-2.2160069460340073
0.35,2845.399907492843,0.6228803377669873
0.35,2846.8161450892544,-0.8308616236505284
0.35,2848.2316717018057,-2.240505588212377
0.35,2834.797719098667,-2.9252022287443085
0.35,2834.79790720815,-2.932964911670992
0.35,2844.6920652499916,1.33454225319215
0.35,2847.5236600931244,-1.5299958792749901
0.3666666666666665,2846.8157646062086,-0.8213652815670496
0.35,2842.567479600229,3.4702221080884694
0.35,2848.2320822495176,-2.2551321228781616
0.35,2820.6556118797707,-2.9285520133865557
0.35,2834.0896901646674,-2.2047510033225364
0.35,2829.842013243148,2.030100268218841
0.35,2843.2762948063787,2.7329057163127315
0.35,2834.0890393649584,-2.2043169395378226
0.35,2834.0891134057915,-2.213649796350362
0.35,2828.4258004762914,3.4320732545064514
0.35,2845.400014548132,0.6260268251951256
0.35,2848.2319118607484,-2.240255561267726
0.35,2848.9395977721233,-2.9570778825656054
0.35,2815.6999662633725,1.9895429086621546
0.35,2831.2579266819566,0.6263562498969083
0.35,2832.67384743124,-0.7845483750915531
0.35,2829.8418147029965,2.0380814189584164
0.35,2829.1341875232633,2.722122426308447
0.35,2831.9659441523927,-0.08344094130327442
0.35,2832.6738708761022,-0.7921786901103022
0.35,2843.275147847796,2.7737281214811453
0.35,2834.0888479642613,-2.2253747821907037
0.35,2834.7979238825665,-2.951087373183113
0.35,2832.6736632445723,-0.8073335757201447
0.35,2842.567939272306,3.4628454855934105
0.35,2834.0895544717623,-2.195212099237119
0.35,2829.134056718471,2.7405461385815597
0.35,2830.549255212034,1.332947194112107
0.35,2845.399806298647,0.6287719536296156
0.35,2834.797754871,-2.9363858946292702
0.3666666666666665,2833.382004908001,-1.5177123471660061
0.35,2831.965955048118,-0.0857609560628361
0.3666666666666666,2829.8421623538784,2.0214967807742705
0.35,2829.842137675675,2.0104388835496065
0.35,2846.815468781694,-0.8353925186000558
0.35,2834.79791681526,-2.9174758350000274
0.35,2834.797754507218,-2.923901516096639
0.35,2843.9838451426995,2.042520640009779
0.35,2832.673149352297,-0.796733985127
0.3666666666666665,2834.0898488072926,-2.2340474781342246
0.35,2848.231951586794,-2.2529371149288058
0.35,2842.5681912774353,3.4326132262238
0.3666666666666666,2834.797807485589,-2.9382128677973482
0.35,2833.381963418445,-1.5430831243057925
0.35,2834.7971890022854,-2.9228645252754006
0.35,2831.2579465739677,0.616741066218299
0.35,2829.842009157362,2.021528988197626
0.35,2819.9476395658567,-2.23112396768054
0.35,2834.0897914445013,-2.2346693540737133
0.3666666666666666,2831.257910753376,0.6121584249627982
0.35,2828.4260669523283,3.4301784581274575
0.35,2842.5683484496753,3.437690969602613
0.35,2843.9840833155627,2.0440297407286847
0.35,2843.984131124639,2.0422305460820227
0.35,2843.984113489318,2.043526471145352
0.3666666666666666,2829.841972548128,2.028430962201639
0.3666666666666666,2843.2758996343823,2.734652451626013
0.35,2829.8413254813695,2.043892278812146
0.35,2831.2576811718036,0.6300009211665727
0.35,2831.257966084446,0.6311980461164882
0.35,2834.0895202562115,-2.2235810337985074
0.35,2829.8421583094573,2.021441984790002
0.3666666666666665,2834.797921582222,-2.931087268724904
0.35,2834.089836831096,-2.2082219704009503
0.35,2820.6555066379524,-2.931195488687612
0.35,2843.2758385803345,2.7519271137386125
0.3666666666666666,2831.257643812635,0.6219327014741001
0.3666666666666665,2834.089551439367,-2.2033775665584234
0.35,2818.5317365785822,-0.8054080666534761
0.35,2820.655768749272,-2.9349584984737103
0.35,2829.1333712148135,2.744641893504969
0.3666666666666665,2833.3816109002664,-1.5115776446341869
0.3666666666666665,2843.2759281692165,2.7482674484142673
0.35,2818.5317365785822,-0.8054080666534761
0.3666666666666666,2832.6740245981496,-0.8122716580969255
0.35,2843.275934972156,2.7589426286628567
0.35,2817.8234808049056,-0.10945582014158124
0.35,2834.0898812544033,-2.2055823125337755
0.35,2818.5318484157183,-0.8292625531946006
0.3666666666666666,2843.2761553994687,2.7596573559777187
0.35,2831.257925053799,0.6220226562690666
0.35,2844.6922044623325,1.3329131535219074
0.35,2846.108159818119,-0.1372954063386822
0.35,2846.1081711320085,-0.13525929720731308
0.35,2834.7976966781857,-2.90433735211499
0.3666666666666666,2831.2580713820985,0.6098633580017239
0.3666666666666666,2831.2576508153034,0.6254366352230246
0.35,2817.115729773078,0.5919550197275593
0.3666666666666666,2829.841730047365,2.0307951369527775
0.35,2844.6917911309747,1.3444114704529093
0.35,2833.3818577685533,-1.5235060747061424
0.35,2845.400174436976,0.5989027124259911
0.35,2842.568210937571,3.4427933655767755
0.35,2829.8410178677823,2.0411126266137067
0.35,2848.23177659962,-2.2630876042027097
0.35,2831.965877585356,-0.08477196255968204
0.35,2833.3811912462857,-1.5038408904028089
0.35,2834.797871877347,-2.947722187586852
0.35,2842.5682125602193,3.433356042072691
0.35,2846.1077454509305,-0.12983705291755465
0.35,2833.381873880829,-1.502930984528994
0.35,2843.2746839958295,2.7573282243493846
0.35,2831.9658765110144,-0.08750792251681754
0.35,2848.2316375017845,-2.2366153017341857
0.35,2801.557474024648,1.987763794514801
0.35,2846.1080478396293,-0.12551891027315684
0.35,2831.257902694768,0.6218156096410464
0.35,2829.1337416139545,2.726400876843287
0.35,2820.6553253714683,-2.929985521570778
0.35,2828.4260350011928,3.4340404772696775
0.35,2833.3817660364525,-1.5022366827767089
0.35,2843.276250791764,2.7321025666984964
0.35,2834.797710336056,-2.9021584385587977
0.35,2843.2758406245575,2.752460308546598
0.3666666666666666,2847.5240811224467,-1.5550389640324092
0.3666666666666666,2843.275960356082,2.7444375652134703
0.35,2801.5579097569207,1.9731527375721882
0.35,2831.257928077254,0.6220038779145586
0.35,2846.1080358016325,-0.10804013139956575
0.35,2831.96576226664,-0.10171734810559226
0.35,2831.257237570817,0.6308551807007311
0.35,2831.965887979029,-0.07724211527209197
0.35,2831.2579436709266,0.6285252856681115
0.35,2834.089844481408,-2.2231488090979155
0.35,2846.1079349004526,-0.118441568968459
0.35,2834.7967994850273,-2.9010026903226125
0.35,2834.7977259836407,-2.9160700841031857
0.35,2834.0899749720975,-2.2381852803133007
0.35,2844.691961268681,1.3333139500482702
0.3666666666666666,2831.965871107912,-0.0879133527045614
0.35,2830.549975652246,1.3284558342324888
0.3666666666666665,2843.275945549777,2.746015240836923
0.35,2830.5499715226188,1.3321560246369497
0.35,2846.8161413483303,-0.8317949702719635
0.35,2842.568232317215,3.44338282568266
0.35,2843.27618180434,2.7459043872964264
0.35,2829.842010676372,2.0321550865562967
0.35,2834.08953348381,-2.1969169450241113
0.35,2829.1341986806283,2.7299504131688725
0.35,2819.2396576704045,-1.5241230149653593
0.35,2834.796997776539,-2.917060047005195
0.3666666666666666,2846.1080678855333,-0.11373057068076027
0.35,2832.673879512816,-0.818576637547808
0.35,2842.5681769065563,3.4506593479106082
0.3666666666666666,2842.568189376457,3.4533913658696425
0.35,2831.965877517729,-0.1142749631770928
0.35,2842.567904665543,3.4544507662619877
0.35,2831.2579050229406,0.6190798466877712
0.35,2801.557885937088,1.9714633758043576
0.35,2848.231795598976,-2.259055044734583
0.35,2843.2761408508713,2.7295641743797256
0.35,2847.523925832276,-1.5396231201649468
0.35,2834.7970205285756,-2.9052961575174168
0.35,2830.550103241035,1.3179981171911739
0.35,2847.523415353785,-1.5425865361379563
0.35,2802.2658486534083,1.2664795062707228
0.3666666666666666,2831.966029718771,-0.09879206796307509
0.35,2819.9477926214827,-2.2382841336801302
0.35,2829.8412566472225,2.0327129800565227
0.35,2828.4260637252296,3.427896156359239
0.35,2843.2754546296114,2.741244277276592
0.35,2819.239632501779,-1.5262649694386046
0.35,2842.568344217175,3.4191315824855506
0.35,2833.381790302311,-1.5099084345775833
0.35,2842.567589050629,3.4203485879525233
0.35,2831.965192402158,-0.08880345418728708
0.35,2847.5239252194665,-1.5111031062122822
0.35,2834.089838978422,-2.2332802530034086
0.35,2842.567689657551,3.414453945957185
0.35,2829.1337874208375,2.7393758266808512
0.35,2845.400019992895,0.626111080826753
0.35,2833.381816868113,-1.501593683585232
0.35,2843.2755953970905,2.7387108709882626
0.35,2843.984102533671,2.0395261227257846
0.35,2830.550017917674,1.320019169570958
0.3333333333333333,2830.549962273354,1.3279063179078572
0.3333333333333333,2819.2397917766534,-1.5432869152509074
0.3333333333333333,2829.134058207757,2.7408529116381963
0.3333333333333333,2829.841813017319,2.0400534307647398
0.35,2847.524111663426,-1.559788715607986
0.3333333333333333,2848.2319693986933,-2.2327102186062775
0.3499999999999998,2846.1081877934494,-0.12761448165533026
0.35,2842.5682925512097,3.4540831589067715
0.3333333333333333,2828.425368644529,3.4330414174616304
0.3333333333333333,2834.79784891651,-2.910915789837234
0.3333333333333333,2829.1340407347857,2.73266764726202
0.3333333333333333,2820.6557532398165,-2.9402192386536323
0.3333333333333333,2831.965695697483,-0.07983543515412356
0.3333333333333333,2829.842025011793,2.033364031787074
0.3333333333333333,2843.983992039249,2.0422279952930706
0.3333333333333333,2843.2761528038436,2.7611454857988837
0.3333333333333333,2834.797848938116,-2.9200282758220175
0.3499999999999998,2842.567925670917,3.4501853938952025
0.3333333333333333,2829.8419779799847,2.029587616598571
0.3333333333333333,2842.567902000697,3.4547177380524614
0.3333333333333333,2846.8161084253857,-0.8476895686644011
0.35,2831.2579374998527,0.6186711480016054
0.35,2831.257923688916,0.6176528124358736
0.3333333333333333,2828.4260566862404,3.4343034322234165
0.3333333333333333,2843.9838154066724,2.04222973809201
0.3499999999999998,2833.3819655112748,-1.5213977538474819
0.3333333333333333,2829.842125883543,2.011823317329274
0.3333333333333333,2820.655754181538,-2.9453855418630503
0.3333333333333333,2830.5492252185372,1.3266198837770984
0.35,2834.7977441898447,-2.9072697685569056
0.3333333333333333,2831.9652302227673,-0.08698981157467904
0.3333333333333333,2831.9648993330666,-0.07984660580153535
0.3333333333333333,2819.239044380524,-1.5334744529628785
0.3333333333333333,2819.9476559641666,-2.2254764117642374
0.3333333333333333,2818.5318160359197,-0.8353698258214782
0.3333333333333333,2845.399902264137,0.6247035850826576
0.3333333333333333,2834.797692218405,-2.919171316416893
0.3333333333333333,2791.663284351992,-2.2741003098919528
0.35,2831.257916220839,0.6228130112164788
0.35,2834.089821575926,-2.230891779342128
0.3333333333333333,2829.8420082133152,2.0278775939092393
0.3333333333333333,2834.089754044509,-2.2085215210501135
0.3333333333333333,2848.231319788071,-2.242439894883748
0.3333333333333333,2818.531841542255,-0.8369943710544038
0.3333333333333333,2831.2576264396394,0.6274302646299134
0.3333333333333333,2818.53185624427,-0.8253221293174346
0.3333333333333333,2831.9658742310326,-0.08481586712161919
0.3333333333333333,2833.381187482584,-1.5115980747167226
0.35,2844.692050287044,1.3411316892384972
0.35,2832.6738468209332,-0.8049410379583696
0.3333333333333333,2830.5500702657714,1.3035676305748118
0.35,2832.673835039215,-0.7883403489304439
0.3333333333333333,2842.56787557805,3.4568881097742645
0.3333333333333333,2848.2316396216866,-2.2427369985960097
0.3333333333333333,2845.400125460455,0.6058559071256209
0.3333333333333333,2834.089757829899,-2.2097556340398468
0.35,2847.5240993910566,-1.5474695241618095
0.35,2843.275464949453,2.754738681147034
0.3333333333333333,2846.10777060835,-0.11365313323706736
0.3333333333333333,2847.5239685212146,-1.5362402783027609
0.3333333333333333,2831.2578996274747,0.6181090762898981
0.3333333333333333,2834.08978330347,-2.213347220258143
0.35,2834.08982689674,-2.213090534041862
0.3333333333333333,2843.276228190205,2.741859642287885
0.3333333333333333,2831.9658918689806,-0.08423247671487337
0.35,2842.5682239075836,3.455082901296609
0.35,2834.0899533009047,-2.225250140944636
0.3333333333333333,2833.381164125509,-1.494597735048067
0.3333333333333333,2846.1077783881456,-0.12312289735862282
0.3333333333333333,2843.2762160578973,2.751670400039778
0.3333333333333333,2832.6737246969965,-0.8067240911374373
0.3333333333333333,2843.9839731943707,2.0360883557363207
0.3333333333333333,2834.797772879901,-2.918675102038047
0.3333333333333333,2832.6735945376067,-0.8136361682289933
0.3333333333333333,2829.8419982900455,2.0261441396500013
0.3333333333333333,2834.0898382002724,-2.2252439891129834
0.3333333333333333,2843.275914085899,2.7306136818223625
0.3333333333333333,2834.797726474101,-2.93701683155781
0.3333333333333333,2843.2763043740215,2.735044314644142
0.3333333333333333,2834.08982037028,-2.2101574589314126
0.3333333333333333,2831.257651163701,0.622915348070706
0.3333333333333333,2829.1337951349046,2.7336897955295156
0.3333333333333333,2842.5675357979753,3.4456932331865913
0.3333333333333333,2844.692068742937,1.331088448953747
0.3333333333333333,2818.531849074801,-0.8391339300754924
0.3333333333333333,2831.2579379906056,0.628076027472482
0.3333333333333333,2834.797180484144,-2.9273805073758954
0.3333333333333333,2819.947630917898,-2.2347834977765673
0.3333333333333333,2828.4262373443603,3.415959097153149
0.35,2829.8421440373345,2.019996049526256
0.35,2831.9658929108973,-0.0816135568357342
0.3333333333333333,2842.56821272552,3.4529167092881323
0.3333333333333333,2847.524129551159,-1.550598232485365
0.3333333333333333,2842.567471019998,3.4620712534803495
0.35,2831.257931898169,0.6222006073255559
0.3333333333333333,2843.2761520361846,2.759913402937659
0.3333333333333333,2844.6917942180803,1.3546480329301598
0.3333333333333333,2834.0898076683966,-2.203123662725389
0.35,2843.276153097061,2.757716359275445
0.3333333333333333,2820.6557750537727,-2.943400984953076
0.35,2844.692103547389,1.3239441945549506
0.3333333333333333,2831.965291819467,-0.09799685966359255
0.35,2831.965900498733,-0.08186053981399903
0.3333333333333333,2843.276107204362,2.756451670867786
0.3333333333333333,2834.797741084101,-2.9006083607876976
0.3333333333333333,2829.134038488312,2.73315176964286
0.3333333333333333,2820.6553482288314,-2.9302613216886932
0.3333333333333333,2819.2397993091995,-1.545426474271996
0.35,2843.2763595389224,2.705037079510943
0.3333333333333333,2834.797747361884,-2.9116743342086613
0.3333333333333333,2846.816142029672,-0.8478365987919105
0.3333333333333333,2829.8421452235334,2.0237317194451507
0.3333333333333333,2846.8161355766324,-0.8378262832805599
0.3333333333333333,2831.2572542480957,0.6240483215410572
0.3333333333333333,2844.692058441461,1.3459720055346533
0.35,2829.8420064604593,2.0335169079723556
0.35,2830.5500993442565,1.3135092732222373
0.35,2834.7978101596914,-2.9390311638947195
0.3333333333333333,2834.797776033149,-2.9111844441081356
0.3333333333333333,2831.965240235784,-0.092199980063945
0.35,2834.7976916252096,-2.887045049945158
0.35,2834.089809874315,-2.220207913829904
0.3333333333333333,2834.7977999805757,-2.938301306465398
0.35,2832.6736426088137,-0.786299192363026
0.35,2833.381591755442,-1.490228229703257
0.35,2832.6732450711343,-0.8087497403406925
0.3333333333333333,2829.841994358524,2.026703669194718
0.3333333333333333,2834.089083845744,-2.1978945564621983
0.3333333333333333,2831.9658746454843,-0.08560995197817424
0.3333333333333333,2844.6921942280533,1.322634551999013
0.3333333333333333,2834.797922427133,-2.95108339331086
0.3333333333333333,2843.2759071990954,2.7564550100584873
0.3333333333333333,2844.6913110896485,1.3654538603298523
0.3333333333333333,2834.797919502546,-2.916984948868172
0.3333333333333333,2834.7969536831874,-2.8995792063627883
0.3333333333333333,2830.548466703482,1.3296101224538035
0.35,2834.7979252969894,-2.917877659170949
0.35,2846.107824450158,-0.09859616294780506
0.3333333333333333,2846.816105634921,-0.8436679269469697
0.3333333333333333,2831.965866927429,-0.0843272497942275
0.3333333333333333,2834.797061732778,-2.9175626330141293
0.3333333333333333,2846.107325858106,-0.11436896630471281
0.3333333333333333,2830.549240224399,1.3301497237159192
0.3333333333333333,2829.8419829329077,2.037271534096683
0.35,2831.965741354325,-0.10154198852643273
0.35,2831.964991711396,-0.07937357493066168
0.3333333333333333,2801.557519866628,1.994327938477529
0.35,2831.9652508073946,-0.08062418093542158
0.3333333333333333,2819.2394059515823,-1.5194464327072883
0.3333333333333333,2833.381566012347,-1.5152128552712272
0.3333333333333333,2842.5675732207123,3.461489852822648
0.3333333333333333,2833.381316171352,-1.5046482371743903
0.35,2830.5500003548937,1.3343393602733185
0.35,2846.1077996392983,-0.12137914263460918
0.35,2834.0898244875175,-2.2096706615864377
0.35,2831.9659073746698,-0.07725341958330063
0.3333333333333333,2828.4261029064637,3.44603713233471
0.3333333333333333,2834.0898570874992,-2.2211553632669307
0.3333333333333333,2833.3815903406526,-1.4902264832005727
0.35,2834.797773253746,-2.904175562961027
0.3333333333333333,2828.426098100053,3.4419748964243557
0.3333333333333333,2843.984242285455,2.030319203141712
0.3333333333333333,2831.9655950916977,-0.08445943988647235
0.3333333333333333,2843.9834370764975,2.048254369873144
0.3333333333333333,2846.108171167074,-0.13854037436485145
0.3333333333333333,2828.4260635561827,3.432570496496212
0.3333333333333333,2818.5316767605213,-0.8220278235821089
0.3333333333333333,2829.1337812769716,2.741477942668784
0.35,2844.691328852319,1.3470751233352045
0.35,2844.692087170034,1.343298302997049
0.3333333333333333,2819.239561805944,-1.531494948383049
0.3333333333333333,2834.0897617727624,-2.200739343191457
0.3333333333333333,2848.232039017718,-2.261472829390533
0.35,2842.5681954702254,3.460458290145164
0.3333333333333333,2828.426232335445,3.4178737379519792
0.3333333333333333,2828.426047220307,3.424174040180026
0.3333333333333333,2842.5681766756475,3.4470907340754833
0.3333333333333333,2834.7972225603653,-2.9447563974477884
0.3333333333333333,2847.5236907041585,-1.5394106869449904
0.3333333333333333,2833.3818051179524,-1.5096153155133267
0.35,2832.6737963726455,-0.7956927716251637
0.3333333333333333,2818.531671330189,-0.8178491378404734
0.3333333333333333,2828.426055619887,3.435425594491719
0.3333333333333333,2843.983116793263,2.0563181578552334
0.35,2829.1340660484348,2.74183686105179
0.3333333333333333,2829.1341927978765,2.7221989262645114
0.3333333333333333,2843.275580834615,2.738848946188607
0.3333333333333333,2831.258068337721,0.602020309152636
0.3333333333333333,2834.089964707589,-2.2409122016335417
0.3333333333333333,2834.089915834462,-2.2139631646977014
0.3333333333333333,2828.426214103898,3.425907791572741
0.3333333333333333,2834.089033769868,-2.1883731802554496
0.35,2846.815730245301,-0.8243140654867908
0.3333333333333333,2842.5682120910437,3.4447217222876243
0.3333333333333333,2830.550101339742,1.31820922826506
0.3333333333333333,2847.524011646992,-1.5316312069399576
0.3333333333333333,2842.568197450038,3.4617583508326346
0.3333333333333333,2830.550113870967,1.311328722376231
0.3333333333333333,2831.2580867062893,0.6144032663863291
0.3333333333333333,2832.673607765205,-0.7869720794545972
0.3333333333333333,2847.52365915167,-1.5149387928731781
0.3333333333333333,2834.797922427133,-2.95108339331086
0.3333333333333333,2834.7968457147113,-2.896909569817947
0.3333333333333333,2829.841753164742,2.0420526958540215
0.3166666666666666,2834.089840523478,-2.2230865979518915
0.3166666666666666,2818.5318287718524,-0.834335821488755
0.3166666666666666,2819.947374465651,-2.2281883928731667
0.3166666666666666,2818.5310256071175,-0.8111840940202145
0.3166666666666666,2846.8159766819517,-0.829360382888367
0.3166666666666666,2843.2762367296227,2.7385381735796286
0.3166666666666666,2831.966002828763,-0.10080258356082927
0.3166666666666666,2828.4262142054313,3.416824117949206
0.3166666666666666,2831.2571852422134,0.6228031731513738
0.3166666666666666,2842.5676916053344,3.4374798119984407
0.3166666666666666,2847.523681300122,-1.5286062725070824
0.3166666666666666,2832.67331501348,-0.8078907561580143
0.3166666666666666,2842.5683203996127,3.4234244139731205
0.3166666666666666,2833.3808701869225,-1.4930486476483624
0.3333333333333333,2833.3818646120726,-1.526909429339426
0.3166666666666666,2834.7979060236826,-2.9254958623147878
0.3166666666666666,2829.1341790342367,2.720083516836992
0.3333333333333333,2831.2579266932908,0.6203918766979092
0.3166666666666666,2828.42607919434,3.4313038031294827
0.3333333333333333,2831.257916037909,0.6182955312875725
0.3333333333333333,2848.23168581976,-2.253485871102194
0.3166666666666666,2830.550047871889,1.316421097134144
0.3166666666666666,2829.1340481127013,2.7191967851739376
0.3166666666666666,2843.9841070621897,2.036412924416619
0.3166666666666666,2814.992032605778,2.699872770601199
0.3166666666666666,2830.5492813892,1.3389958056031843
0.3166666666666666,2834.797907784277,-2.923944044077379
0.3166666666666666,2842.568202372388,3.458375269385125
0.3166666666666666,2819.9476765249315,-2.2213827838265043
0.3166666666666666,2842.567988904912,3.45223738160487
0.3166666666666666,2834.7976981533457,-2.888384209322903
0.3166666666666666,2829.842024539654,2.037777444288698
0.3166666666666666,2843.9839969615987,2.038844913845561
0.3166666666666666,2842.567590824249,3.445970052744329
0.3166666666666666,2828.4260745148545,3.430360900819439
0.3166666666666666,2830.5501094272813,1.3139796736687308
0.3333333333333333,2834.089915834462,-2.2139631646977014
0.3166666666666666,2847.5239822741664,-1.5196132203060955
0.3166666666666666,2817.823849316415,-0.12765430157030738
0.3166666666666666,2831.965894203305,-0.0837077984849599
0.3166666666666666,2828.4260680458565,3.4362278666357535
0.3166666666666666,2820.6547600804042,-2.9300237757552754
0.3333333333333333,2829.84200714401,2.0308252073014095
0.3166666666666666,2832.6739975762425,-0.8009719349328557
0.3166666666666666,2834.0890467341123,-2.1938866315551184
0.3166666666666666,2845.399997010769,0.6245359585985254
0.3333333333333333,2829.842022626951,2.0305091503886636
0.3166666666666666,2833.3818467629,-1.4987678075693163
0.3166666666666666,2832.673224723267,-0.7856169510957377
0.3166666666666666,2834.0894673527855,-2.2026519943828857
0.3166666666666666,2831.965960328541,-0.08334275312071851
0.3166666666666666,2843.2761650887082,2.753391399851263
0.3166666666666666,2846.815696473019,-0.8237656118527558
0.3166666666666666,2843.9837784953347,2.0445798339336987
0.3166666666666666,2842.5672637193434,3.4721824984808207
0.3166666666666666,2829.841763002227,2.0401880105337873
0.3166666666666666,2819.2397393139727,-1.518249602301387
0.3166666666666666,2844.6919596779194,1.3338610443116992
0.3166666666666666,2829.1340607569805,2.7438834760908626
0.3166666666666666,2830.5499892766406,1.3334308215949782
0.3333333333333333,2830.5499845083477,1.3303486486273646
0.3166666666666666,2834.7979219789913,-2.951134313964126
0.3166666666666666,2829.133317919223,2.7426525832623434
0.3333333333333333,2834.797751492682,-2.9007607723586935
0.3166666666666666,2830.5499903211567,1.3390346514673919
0.3333333333333333,2831.257950444434,0.6233962927193494
0.3166666666666666,2829.842038065726,2.0387748458641304
0.3166666666666666,2844.6919544696057,1.337221252261226
0.3333333333333333,2833.3818444729063,-1.4891679925020749
0.3166666666666666,2843.275913295136,2.755638997440203
0.3333333333333333,2832.6738334458787,-0.7974949721016369
0.3166666666666666,2831.966049969186,-0.09737268530249732
0.3166666666666666,2842.5676300723608,3.443010333295389
0.3166666666666666,2842.56818755145,3.4577897200578445
0.3166666666666666,2831.256433544551,0.6301227497305616
0.3166666666666666,2846.108023296186,-0.13220136345499267
0.3166666666666666,2833.381513192729,-1.5015453528907416
0.3166666666666666,2831.25784927211,0.6161605378643649
0.3166666666666666,2829.842132478997,2.01887740087288
0.3166666666666666,2844.692030382329,1.3401630777793905
0.3333333333333333,2842.5682052637576,3.4590382692703177
0.3333333333333333,2831.2579249896744,0.6229224483739949
0.3166666666666666,2830.549712979779,1.3360662486132977
0.3166666666666666,2845.4000382392665,0.6398677646962724
0.3166666666666666,2828.4261955478137,3.4165306549451655
0.3333333333333333,2845.399474090862,0.628634638434779
0.3166666666666666,2831.2579300580182,0.6189285395149304
0.3333333333333333,2834.0899061785894,-2.2149819490870177
0.3166666666666666,2817.115886600094,0.5773295679635547
0.3333333333333333,2830.5499070168594,1.3203721958329082
0.3166666666666666,2829.841997619732,2.033050559856823
0.3166666666666666,2833.381132245151,-1.4834899428183292
0.3166666666666666,2829.841997974182,2.038626781599652
0.3333333333333333,2842.5673839274923,3.4676137585706246
0.3333333333333333,2843.9841040369697,2.039862093232321
0.3166666666666666,2843.9841438501717,2.0217720690959533
0.3333333333333333,2845.4001185749657,0.6327691440089144
0.3166666666666666,2842.5682404488275,3.427702130863887
0.3333333333333333,2845.4000037822534,0.6246668517823701
0.3166666666666666,2846.1080327118552,-0.10837627622884492
0.3166666666666666,2828.4260816473784,3.42511511140093
0.3166666666666666,2832.6740015181067,-0.8066043166887307
0.3166666666666666,2833.3819973268332,-1.5144657685573761
0.3166666666666666,2820.6555707861535,-2.938990297522081
0.3166666666666666,2834.797502828914,-2.933908597548462
0.3166666666666666,2831.9660502122683,-0.09047275128231082
0.3333333333333333,2831.9660397111493,-0.09708149845152951
0.3166666666666666,2834.7977809415484,-2.913512979499355
0.3166666666666666,2834.08950142579,-2.2028108193198843
0.3166666666666666,2830.5496914376226,1.3232885996488788
0.3166666666666666,2834.7979464566893,-2.9442029486763315
0.3166666666666666,2834.0898304761795,-2.225800580740128
0.3166666666666666,2843.276106044582,2.7689599074017495
0.3166666666666666,2829.8421426619757,2.0095117579113433
0.3166666666666666,2831.9658970792607,-0.07597962754072707
0.3166666666666666,2834.7978158514493,-2.9311902673000643
0.3166666666666666,2831.257654153943,0.6183047301152439
0.3333333333333333,2831.257691176149,0.6266347544654997
0.3166666666666666,2843.276120250144,2.7550527408658674
0.3333333333333333,2834.089948027806,-2.2154082618257105
0.3166666666666666,2818.531814764574,-0.8371825091618822
0.3166666666666666,2820.655704567429,-2.952405743159649
0.3166666666666666,2819.2394035951484,-1.5163109606287435
0.3166666666666666,2828.426015075726,3.4259301957609862
0.3166666666666666,2817.8234375140896,-0.11073260378355106
0.3166666666666666,2832.6740167189464,-0.8106262568888319
0.3166666666666666,2831.9656174769516,-0.08467576142974836
0.3166666666666666,2834.7977547437163,-2.918100858814296
0.3166666666666666,2831.9657760100226,-0.09888411282092098
0.3333333333333333,2846.816001005408,-0.8131367082387906
0.3333333333333333,2834.0891968735828,-2.2129654971903645
0.3333333333333333,2834.0897014728607,-2.2005055805628015
0.3166666666666666,2843.275445416948,2.7568340182821656
0.3166666666666666,2819.947653494389,-2.226235901581651
0.3333333333333333,2842.56817586737,3.457437371020693
0.3166666666666666,2817.823457202435,-0.11435468489292096
0.3166666666666666,2842.5682910182445,3.447770556583045
0.3333333333333333,2831.965908578229,-0.08007686424989292
0.3166666666666666,2834.089899673808,-2.220752252448383
0.3166666666666666,2842.5682440470214,3.4338353347193666
0.3166666666666666,2834.797745311958,-2.90882735461479
0.3166666666666666,2846.815751936921,-0.8345182000035816
0.3166666666666666,2843.9838466629512,2.0367378643724363
0.3166666666666666,2843.984114574036,2.0343245869283506
0.3166666666666666,2834.7978378397547,-2.9135476101731634
0.3166666666666666,2831.2577086888155,0.6176485871888722
0.3166666666666666,2834.7978259439956,-2.9171149342090565
0.3166666666666666,2842.567533363138,3.460007662594872
0.3166666666666666,2843.2751849495553,2.7636327725984193
0.3333333333333333,2834.797890576431,-2.9170169765867504
0.3166666666666666,2829.8421576120477,2.0128719798963934
0.3166666666666666,2834.797883590812,-2.942469199028004
0.3166666666666666,2829.8420180415787,2.0390776805376967
0.3333333333333333,2843.2761819798,2.751106238323276
0.3166666666666666,2846.8161571220908,-0.8315639857833185
0.3166666666666666,2832.672899274865,-0.787032214135121
0.3166666666666666,2818.53167845614,-0.820359202295028
0.3166666666666666,2844.6921876020497,1.335636324650734
0.3333333333333333,2830.5500916116057,1.3081475887398715
0.3166666666666666,2843.984081545941,2.043880255843092
0.3333333333333333,2831.9658808311447,-0.08427724547539077
0.3166666666666666,2819.9477855539717,-2.23442416128556
0.3166666666666666,2846.8159925102545,-0.8141674872001982
0.3166666666666666,2833.381844516426,-1.4982836851884764
0.3166666666666666,2833.381117395339,-1.493231119129729
0.3166666666666666,2831.256607347338,0.614896551026558
0.3166666666666666,2832.6740012547584,-0.8301233808175655
0.3166666666666666,2842.567913697764,3.448845162461022
0.3166666666666666,2843.2763297256856,2.7104722361131746
0.3166666666666666,2843.276141126103,2.743365280324407
0.3166666666666666,2848.2319350202106,-2.2345773859081994
0.3166666666666666,2834.089704053021,-2.1865364750454868
0.3166666666666666,2832.673862884478,-0.7850823892439771
0.3333333333333333,2834.797789249329,-2.932755585820929
0.3333333333333333,2834.0890712619876,-2.204565319868008
0.3333333333333333,2834.0899366185304,-2.208625924561715
0.3166666666666666,2830.5499821552125,1.322727171494864
0.3166666666666666,2842.5682073292305,3.4287297749710484
0.3166666666666666,2843.276144345869,2.741396793950254
0.3166666666666666,2819.239689008207,-1.526278372906808
0.3166666666666666,2843.2762796546835,2.7293100548044107
0.3333333333333333,2831.965906696687,-0.08064894461983789
0.3166666666666666,2831.965647535084,-0.0729691348628116
0.3166666666666666,2828.4260940062513,3.4376787800964506
0.3166666666666666,2843.2759107051625,2.7624649983829324
0.3166666666666666,2829.8421500795016,2.015011538917482
0.3333333333333333,2831.966022688724,-0.10419887823957145
0.3166666666666666,2833.3808513182403,-1.4964142076840699
0.3166666666666666,2843.9840783016534,2.038872808755424
0.3166666666666666,2830.5500763262694,1.3092220765083469
0.3166666666666666,2834.797865081254,-2.9499574982422816
0.3166666666666666,2830.5499624386994,1.326916768178838
0.3166666666666666,2843.984304175915,2.038033692883786
0.3166666666666666,2829.1340568257992,2.744764307521683
0.3166666666666666,2843.984289298693,2.026772464173237
0.3166666666666666,2843.2759247917397,2.751227015811574
0.3166666666666666,2829.8416614353137,2.020639976184774
0.3333333333333333,2834.797736643432,-2.9203519687343995
0.3166666666666666,2834.796749797327,-2.9122352401754785
0.3166666666666666,2846.108002223375,-0.1235527404522746
0.3166666666666666,2831.965635031036,-0.08309691090131395
0.3333333333333333,2829.842139536539,2.015940052505244
0.3166666666666666,2834.797007098605,-2.9027330471623283
0.3333333333333333,2831.9656068127574,-0.08019521070320883
0.3166666666666666,2842.5674860151903,3.456589971689722
0.3166666666666666,2834.79674872093,-2.8954005450028064
0.3166666666666666,2829.8421535381813,2.0247217928207477
0.3166666666666666,2843.2761398210146,2.7548520857023466
0.3166666666666666,2828.4261765590963,3.4202776951706353
0.3166666666666666,2829.1337482130652,2.746315705993658
0.3166666666666666,2833.3815329969866,-1.4989288688943536
0.3166666666666666,2834.0890401843512,-2.205334345736067
0.3166666666666666,2831.965872708183,-0.08544957956284312
0.3166666666666666,2843.275851637414,2.7622040758110784
0.3166666666666666,2831.2579166479914,0.6222646272736561
0.3166666666666666,2829.1341839946404,2.7239474127362278
0.3166666666666666,2817.115899970671,0.5795839218638529
0.3166666666666666,2832.673898165282,-0.8183190159365669
0.3333333333333333,2831.257923196298,0.6189976847778104
0.3333333333333333,2831.2578971299918,0.6177924453908196
0.3166666666666666,2834.7977577518823,-2.929880242502846
0.3166666666666666,2847.5240674087404,-1.5523142432450348
0.3166666666666666,2843.275423596702,2.758095983134725
0.3,2843.2762546119898,2.7334176830453556
0.3,2831.9659067865846,-0.08346999285680454
0.3,2818.5318371429967,-0.8284766330572685
0.3166666666666665,2834.7979139271833,-2.9174705448556826
0.3,2843.276163112751,2.7526861772292635
0.3,2834.7977732149843,-2.918472529078141
0.3,2843.275138834828,2.7576990922077393
0.3,2829.8420040418346,2.0301411667350555
0.3,2820.6557409908337,-2.9490590822573943
0.3,2834.089910026348,-2.241974758198963
0.3,2843.2758752182767,2.750543697626975
0.3,2847.523856954992,-1.535336628602793
0.3,2842.5679443483245,3.453413289823456
0.3,2820.6556083659057,-2.925908814101995
0.3,2834.0899655325256,-2.2463417591043386
0.3,2843.2761649335735,2.752984940340544
0.3,2834.0899399279674,-2.227962722070057
0.3,2842.568322589047,3.4457117622235756
0.3,2843.2759218408705,2.7421079109744633
0.3166666666666666,2830.5499747355166,1.3298692193576094
0.3166666666666665,2843.275909892392,2.752981079321429
0.3166666666666665,2843.276133318809,2.75508536897679
0.3,2843.983836091748,2.0498746506440226
0.3,2843.276277567613,2.7385678089175243
0.3,2842.567932648939,3.462397616513463
0.3,2832.6729226574203,-0.7945167743864253
0.3166666666666666,2846.8153164842415,-0.8154663920066882
0.3,2831.258073458265,0.6052227614550434
0.3,2834.7979326453315,-2.950166008422331
0.3,2843.27543308752,2.7568158034107046
0.3,2831.258061643054,0.6057851690344092
0.3,2834.089825997144,-2.2330725022059106
0.3,2834.797788713465,-2.9380563717397727
0.3,2834.7967889984943,-2.933232323257609
0.3,2834.797769700115,-2.919528214446325
0.3,2816.40793197161,1.2793575957560488
0.3,2817.823887595434,-0.12550290580671694
0.3,2843.2761720872654,2.7243722539799005
0.3,2833.3815614754344,-1.497472042641573
0.3166666666666665,2832.6730440513097,-0.8074774483777153
0.3,2843.984249617586,2.022163752751477
0.3,2846.107771690663,-0.11790380828425995
0.3,2834.0898202742246,-2.217442607704987
0.3,2844.6920221064006,1.3351986899457657
0.3,2844.691746726324,1.336473342356068
0.3,2818.5318535974184,-0.8283646229507939
0.3,2819.239388628443,-1.5230374279919254
0.3,2842.567881347002,3.465171585995509
0.3,2834.089786005404,-2.19816502593623
0.3,2828.4260930332603,3.4451131128256134
0.3,2830.549992072039,1.3312396006326894
0.3,2834.089818497657,-2.2330376639252827
0.3,2831.25794976423,0.6225931453264023
0.3,2831.965932283462,-0.0971703303583218
0.3166666666666666,2829.840987453917,2.0304649313758967
0.3,2829.8419741746,2.0299316112309684
0.3,2819.2396473506624,-1.5172383738780912
0.3166666666666665,2848.2317006867015,-2.240851416056448
0.3,2844.692042134235,1.3377585187901346
0.3,2830.550082425429,1.2997663630034024
0.3,2834.0899466116352,-2.227735175211378
0.3,2819.2390851039154,-1.5316899171544813
0.3,2819.947651796113,-2.2260678646898424
0.3,2834.797729598694,-2.915878076976594
0.3,2834.089518273757,-2.231671275243241
0.3,2831.966022112901,-0.0987145781183859
0.3,2829.134040649611,2.7412523567802793
0.3,2843.2761386146526,2.750237077333039
0.3,2831.965175465502,-0.08311306333853716
0.3,2833.381536227169,-1.5077990971387825
0.3,2833.3815053128396,-1.5039801617591708
0.3,2843.275460132692,2.753436736876025
0.3,2831.257943102398,0.618235309337781
0.3,2842.5683396682302,3.420797646277277
0.3,2833.3818668285517,-1.5285288942604855
0.3,2842.568203817856,3.454741047469478
0.3,2830.549952200047,1.3197041695599023
0.3,2831.257944905378,0.6148269276570959
0.3,2848.232112401797,-2.258246216769412
0.3,2831.965191387953,-0.08720822979694366
0.3,2842.5674081146885,3.46526191340289
0.3,2847.5240837834394,-1.5541967736841082
0.3,2843.2761906098312,2.724341127900756
0.3,2834.088797767042,-2.198804618786192
0.3,2842.5683843065167,3.410739165677591
0.3,2834.7974974173653,-2.9008776414751174
0.3,2834.089001917413,-2.1888440167379137
0.3,2834.089581858276,-2.22119116521118
0.3,2834.089025992472,-2.1940880837941505
0.3,2830.55009668026,1.3112531609491112
0.3,2829.134039266116,2.7360130006428176
0.3,2847.5239714102377,-1.5170951772748447
0.3,2846.816153998019,-0.8471710909049268
0.3,2843.983393598044,2.0425484162027994
0.3,2832.6728618163897,-0.7922100419513606
0.3,2817.115803640649,0.5877370294457004
0.3,2830.549949010081,1.3213024465761305
0.3,2845.3999116975383,0.6347531654124668
0.3,2844.692035745012,1.3477447382971741
0.3166666666666665,2834.7977295903233,-2.8972821533847544
0.3166666666666665,2842.5682310449424,3.439368455183593
0.3166666666666665,2834.7977367577437,-2.9202411247242086
0.3166666666666665,2843.275466009179,2.7602531691786942
0.3166666666666666,2832.673991576092,-0.802782924775935
0.3166666666666666,2830.5500833898836,1.311020781858209
0.3,2831.9658629842534,-0.08831720074037329
0.3,2844.6920501895097,1.3419182089700432
0.3,2831.9658597644875,-0.08634871436622014
0.3,2833.3808343323744,-1.4953710778600473
0.3,2843.2762421184625,2.7454860141871897
0.3166666666666665,2843.9840832565687,2.0462288376380884
0.3,2830.549711370746,1.323800431064758
0.3,2832.672936628702,-0.7910687080436757
0.3,2844.692051722707,1.331549796410452
0.3,2834.797732566106,-2.910640508147329
0.3,2831.966018494501,-0.09198663033359392
0.3,2846.8160005344275,-0.8287584406979119
0.3,2818.5311389760536,-0.8225229476695844
0.3,2845.4001299341585,0.6209780710801374
0.3,2842.5676099272705,3.4483058153817145
0.3,2830.5494264439176,1.3166381659058288
0.3,2846.8159968341165,-0.8321295735885355
0.3166666666666666,2843.276315549907,2.7197252456721355
0.3,2819.947375056548,-2.2195450182775223
0.3,2846.107777615628,-0.11182288051033716
0.3,2829.8417887415376,2.0357659129656556
0.3166666666666666,2842.5682023513577,3.436180610512312
0.3,2844.691944097183,1.334465921697894
0.3,2834.089831282732,-2.208151419408292
0.3,2842.5683884161685,3.4341988673256987
0.3,2818.531160199156,-0.8255478089288928
0.3,2843.27550480969,2.742422227217034
0.3,2829.8420377374587,2.0318066038312397
0.3,2845.400165973465,0.6213903473068355
0.3,2848.9400249817,-2.9739997624309273
0.3,2818.53168283419,-0.8205513936674599
0.3166666666666665,2846.8159936689326,-0.8256616357338576
0.3,2845.3997333730913,0.6478740609983087
0.3,2834.797057966113,-2.89825228512351
0.3,2831.9652080878254,-0.08519430346712675
0.3166666666666666,2832.6732954135678,-0.7999633262536952
0.3,2847.524099502926,-1.5511379994477617
0.3,2843.98424208504,2.0243033117725657
0.3,2834.797769016807,-2.922030654310104
0.3,2830.5501022952744,1.3068170342833878
0.3,2829.1340309215825,2.7191909406011403
0.3,2845.4000305049053,0.6339183924373554
0.3,2831.9655969199193,-0.11374644369051364
0.3,2833.3818120643095,-1.4967914098043567
0.3,2829.8414230226467,2.0243801529544503
0.3166666666666665,2846.1081641036226,-0.13788369577637383
0.3166666666666665,2834.0887143761292,-2.1862068924808216
0.3,2842.568204455024,3.429770289419504
0.3,2830.550119399052,1.3160886929181475
0.3,2842.5679366597165,3.4475686028689587
0.3,2834.7978585244205,-2.930296637282049
0.3,2831.258060875308,0.6079525510815715
0.3,2834.7967187092177,-2.9035887887293486
0.3166666666666665,2843.275876493305,2.756100835027376
0.3,2842.5682290144764,3.4301740184643865
0.3,2834.7974848114477,-2.916375192407954
0.3166666666666665,2843.983963541955,2.038473241898515
0.3,2847.524068933775,-1.5522085625075872
0.3,2819.2390894593404,-1.5334076604643636
0.3166666666666666,2831.256915691883,0.6289178297854017
0.3,2842.5682872175516,3.4370178157381828
0.3,2846.1079981122302,-0.12935698553870242
0.3,2833.38182184015,-1.530348386779349
0.3,2846.816151344602,-0.8530532678259624
0.3,2834.0895096610757,-2.199224139426477
0.3,2834.7977829401348,-2.926025473533624
0.3,2829.8420152216,2.034115519578411
0.3,2843.276317443709,2.739875051250905
0.3,2801.557929705884,1.9780828136971638
0.3,2842.5681449173035,3.475035522553373
0.3,2818.5317139199133,-0.8102773499398855
0.3,2830.5499767554275,1.3295829396546037
0.3,2843.276294978974,2.728325383725088
0.3,2833.3818327345302,-1.49723118013834
0.3,2842.5679629403585,3.4646537817768412
0.3,2843.983991467321,2.0421822482968777
0.3,2829.8421689063357,2.0281001421469798
0.3,2842.5679663771775,3.4567959291457777
0.3,2834.089531919256,-2.2221555727691227
0.3,2828.425836755405,3.4510794720855142
0.3,2843.27590744499,2.7661468777977594
0.3,2843.275923446322,2.760243153221956
0.3,2832.6738930654597,-0.7803857694769096
0.3,2820.65576424156,-2.9349138216624953
0.3,2820.6557461263064,-2.9426775679980204
0.3,2818.5317320708705,-0.805363389842488
0.3,2831.257795641822,0.6045417202372687
0.3,2843.275883592296,2.758055556329253
0.3,2833.3819403933044,-1.5115663332677067
0.3,2819.2394114775716,-1.519311800902163
0.3166666666666665,2843.2761057018593,2.7548336425566
0.3,2834.797456219364,-2.9282115751685867
0.3,2829.8421131258183,2.0218142381461632
0.3,2844.692188131804,1.3247215154750909
0.3,2848.2319503206213,-2.2294373696266527
0.3,2842.5682883673576,3.428108163944391
0.3,2832.673566809701,-0.8185486495298281
0.3,2846.815934703502,-0.8179142118210841
0.3,2845.3997610239458,0.6310477996184104
0.3,2817.8238744291925,-0.12748286124990688
0.3,2831.257933491752,0.6285082772108408
0.3,2834.7977544888486,-2.924607432646777
0.3,2846.8157243416854,-0.7995697921475858
0.3,2829.134087472755,2.7476573451656465
0.3,2843.984118299571,2.0463610208717617
0.3,2834.089508897044,-2.199540157760888
0.3,2848.2316978110603,-2.236390439913113
0.3,2819.239763860276,-1.5419045471837023
0.3,2834.797890347471,-2.9358990427826903
0.3,2843.2763319119213,2.7081871063219105
0.3,2818.531847557826,-0.8293311736887764
0.3,2834.0898038631008,-2.1943390064390473
0.3166666666666665,2834.0898167372175,-2.199411838542624
0.3,2834.7977658946725,-2.9268985797995244
0.3,2819.2394258872296,-1.5126882441506262
0.3,2829.842018465901,2.0351453737581164
0.3,2818.531845901416,-0.8250694505658677
0.3,2818.5317155763228,-0.8145390730627943
0.3,2834.7977976436064,-2.9383129472619336
0.3,2843.9838236185146,2.043717329578068
0.3166666666666665,2843.2761624336276,2.7432870241734544
0.3,2834.797928248846,-2.951325628638201
0.3,2818.5316848142734,-0.8274973714259678
0.3,2844.691772265334,1.3386370638567329
0.3,2834.7971608171174,-2.917883701228597
0.3,2829.841757332245,2.0421614353436057
0.3166666666666666,2843.2763109737793,2.738350459162521
0.3,2831.2579318958215,0.6207405980192857
0.3,2842.568231298194,3.443762560287022
0.3,2834.0899549659894,-2.2333321533938655
0.3,2830.549973858314,1.320061417778125
0.3,2842.567537319433,3.451335888390299
0.3,2842.5679492444283,3.428966895228224
0.3,2829.841789521386,2.0366674337510746
0.3,2830.549972423802,1.3267543217328535
0.3,2820.655771739931,-2.9430824599103045
0.3,2832.6738492825375,-0.7980414774032286
0.3,2829.841998655125,2.0283237696288166
0.3,2831.9658864351604,-0.08472096540066218
0.3,2842.5681530398642,3.466021790894822
0.3,2834.7979543279357,-2.9447038044975837
0.3,2818.5318619921986,-0.825071906338444
0.3,2833.3818374194766,-1.5087501736020883
0.3,2831.2579601202187,0.5925993530387242
0.3,2843.2759351959103,2.7440058239513228
0.3,2842.5680760592013,3.4206436869873427
0.3,2834.7976447977408,-2.927432736438046
0.3,2834.0899245339847,-2.2122202514562264
0.3,2845.399766124392,0.6279803483052105
0.3,2829.134046991161,2.736722060800578
0.3,2848.231707274163,-2.242895802141338
0.3,2817.1157443402385,0.5902830443888641
0.3,2842.5682030758444,3.442258412370058
0.3,2845.3999558544083,0.6271069993416166
0.3,2845.400012185338,0.6209968845335588
0.3166666666666665,2842.568232667492,3.443786357528992
0.3,2816.407948994035,1.2864749755440907
0.3,2833.381825732232,-1.495492656699223
0.2999999999999997,2842.5676123453854,3.4417147789805878
0.2833333333333333,2831.2572466191727,0.6182761417784989
0.2833333333333333,2834.7977703641,-2.91992284096616
0.2833333333333333,2820.6557528425724,-2.944105441130048
0.2833333333333333,2834.0897059563463,-2.241591826994847
0.3,2834.7978802392886,-2.9278583344566487
0.3,2831.96589321921,-0.08628444712847294
0.2833333333333333,2844.692048811363,1.3350785100839417
0.2833333333333333,2831.2576656741276,0.6189404621716944
0.2833333333333333,2819.239802753876,-1.5420074135467547
0.2833333333333333,2842.5676211741297,3.447608310580117
0.2833333333333333,2820.6556138977817,-2.930225183913446
0.2833333333333333,2842.568228035676,3.4545493298512056
0.2833333333333333,2818.5318248339,-0.8344196619263377
0.2833333333333333,2831.965895924394,-0.07971890911198348
0.2833333333333333,2834.089782820947,-2.201953806431375
0.2833333333333333,2843.98407450719,2.0444619509262223
0.3,2846.108143312642,-0.13644835545795142
0.2833333333333333,2834.797707489209,-2.908327368768882
0.3,2829.134186733969,2.723147666836734
0.2833333333333333,2832.673992697121,-0.8040728065094941
0.2833333333333333,2842.568365712655,3.4150297329892894
0.2833333333333333,2848.2320851166296,-2.2667126564736844
0.2833333333333333,2842.568375781547,3.412969950325477
0.2833333333333333,2834.797919723876,-2.949094843990315
0.2833333333333333,2829.133897017886,2.7214568199754736
0.2833333333333333,2831.965156434661,-0.08072250489374815
0.2833333333333333,2842.5681715094347,3.457398826990554
0.2833333333333333,2842.5681454791243,3.461355455266274
0.2833333333333333,2815.6995569880614,2.005655012029659
0.2833333333333333,2829.133773814887,2.7388389586877904
0.2833333333333333,2830.549963870558,1.329707952685375
0.2833333333333333,2831.965890696867,-0.07611396591661192
0.2833333333333333,2842.568288551136,3.439453316660986
0.2999999999999997,2834.0889882706974,-2.2103512553525224
0.2833333333333333,2831.966077641892,-0.13099685555005045
0.2833333333333333,2819.9473356517756,-2.228408651484803
0.2833333333333333,2834.0898055076836,-2.223956248213855
0.2833333333333333,2831.258057608608,0.6048761481686865
0.2833333333333333,2846.815935854335,-0.8197872521008898
0.2833333333333333,2845.400132409776,0.6276449674101334
0.2833333333333333,2819.9473393143967,-2.224333066789724
0.2999999999999997,2843.276178361948,2.745753660431234
0.2833333333333333,2833.381152443256,-1.4948091684678815
0.2833333333333333,2834.0897744659605,-2.1927326091975914
0.3,2831.25806784325,0.6096588881207667
0.3,2846.816035768594,-0.8149106298030832
0.2833333333333333,2843.9841114155106,2.047308318473794
0.2833333333333333,2831.258065018006,0.6063790549388427
0.2833333333333333,2843.275396065483,2.7609425374391305
0.3,2829.8413260494826,2.0336286777077324
0.2833333333333333,2843.275240621816,2.7568231635174243
0.2833333333333333,2843.275381301292,2.761420955696168
0.2833333333333333,2842.567433522833,3.462173159486792
0.2833333333333333,2814.9918567155632,2.703690610719444
0.2833333333333333,2814.992000608527,2.6916811892377366
0.2833333333333333,2832.673892488838,-0.7952194658273418
0.2833333333333333,2834.0898428591277,-2.2125673002268145
0.2833333333333333,2817.115527806289,0.6030970967522148
0.2833333333333333,2842.5676591204633,3.4468450580166534
0.2833333333333333,2832.673642417796,-0.7795645055476712
0.2833333333333333,2843.9841295967767,2.0545316187960605
0.2833333333333333,2843.2761593084665,2.756705860804824
0.2833333333333333,2842.567440588308,3.468345681990634
0.2833333333333333,2844.6919537232448,1.337022719075936
0.2833333333333333,2842.5679629652277,3.4540797282765823
0.2833333333333333,2843.2762049782636,2.753726256781017
0.2833333333333333,2828.4260515777805,3.43347518525444
0.2833333333333333,2830.5499886519356,1.3374698746538698
0.2833333333333333,2829.1337950791485,2.745388846317962
0.2833333333333333,2843.275937325165,2.757255446653341
0.2833333333333333,2819.9477037895344,-2.2139739475288276
0.2833333333333333,2834.089538217155,-2.190670091336115
0.2833333333333333,2831.2572486792437,0.6342227971546452
0.2833333333333333,2834.0895295722776,-2.1875022260710413
0.2833333333333333,2842.5683755822097,3.4480151087444093
0.2833333333333333,2830.549985032877,1.333810432192882
0.2833333333333333,2847.524107903261,-1.5456621499221928
0.2833333333333333,2834.797169257521,-2.9180547608485
0.2833333333333333,2831.965013279279,-0.09718839841525527
0.2833333333333333,2830.549976920666,1.3188424643058894
0.2833333333333333,2829.1330666209633,2.7447730354498634
0.2833333333333333,2834.0888419317785,-2.204294919787195
0.2833333333333333,2846.1081949933427,-0.14975070333988105
0.3,2831.2579490093076,0.6178753030599369
0.2833333333333333,2834.0895093560366,-2.2078335246710767
0.2833333333333333,2842.568330360112,3.422398611964696
0.2833333333333333,2847.5240994569644,-1.5519017841599978
0.2833333333333333,2842.568340429004,3.420338829300884
0.2833333333333333,2834.797737816363,-2.9155840732512566
0.2833333333333333,2845.4001581781945,0.6110429272833954
0.2833333333333333,2834.0898361335344,-2.2310888097943233
0.2833333333333333,2829.13417914911,2.710835924630793
0.2833333333333333,2842.5682549075254,3.4259921149876065
0.2833333333333333,2834.797896574226,-2.9470759010980827
0.2833333333333333,2831.965577615406,-0.0911449565998171
0.2833333333333333,2829.134003653136,2.729777474069771
0.3,2834.797727031566,-2.910380973258254
0.2833333333333333,2830.5501295866447,1.323355966863609
0.2833333333333333,2845.399776932754,0.6373178433669213
0.2833333333333333,2828.426226315771,3.427248597606614
0.2833333333333333,2817.1155023458327,0.600043882028397
0.2833333333333333,2831.9659240804335,-0.08263002902673411
0.3,2831.965978534069,-0.0929371703007859
0.2833333333333333,2843.2755864666115,2.742789470250639
0.3,2831.9660305595708,-0.09532498141309542
0.3,2831.965171665727,-0.07900880120711616
0.2833333333333333,2843.9838377412775,2.0466400000201714
0.2833333333333333,2842.568265412248,3.4337420048377125
0.2833333333333333,2831.96587957201,-0.08794385138902523
0.2833333333333333,2843.2762257878653,2.7554824363656345
0.2833333333333333,2843.276186319592,2.745812840000367
0.2833333333333333,2842.5681590704585,3.4604876189878113
0.2833333333333333,2831.257942824143,0.6277682728589653
0.2833333333333333,2829.1340569442123,2.739660442245922
0.2833333333333333,2829.133361869084,2.7509496495041748
0.2833333333333333,2833.3815756148806,-1.4911787900630544
0.2833333333333333,2828.426226315771,3.427248597606614
0.2833333333333333,2842.5682364482163,3.451327027712791
0.2833333333333333,2842.5683410298207,3.453436296504279
0.2833333333333333,2828.4260594969915,3.432551239153656
0.2833333333333333,2842.5683871912393,3.4341947810088995
0.2833333333333333,2834.0897951648867,-2.202237923170185
0.2833333333333333,2829.841758758463,2.0405676211319186
0.2833333333333333,2829.8417678094715,2.041221496541611
0.2833333333333333,2832.673303494244,-0.8084952340635565
0.3,2829.134044962483,2.733731152823812
0.2833333333333333,2832.6737061320887,-0.8140241170134576
0.2833333333333333,2829.841993879688,2.024152010432617
0.2833333333333333,2847.5241152218505,-1.5533933771103015
0.2999999999999997,2846.816125441609,-0.8555429447924086
0.3,2843.2758695077323,2.757223363405514
0.2833333333333333,2842.5681810091164,3.453318155010396
0.2833333333333333,2844.691763493975,1.3387410793972336
0.3,2842.5674226433866,3.443956559737251
0.2833333333333333,2828.4261794653958,3.4207061180836367
0.2833333333333333,2845.400122502097,0.6176872149891565
0.2833333333333333,2829.8419760986258,2.029657467811273
0.2833333333333333,2843.2758394807015,2.7523688145544396
0.2833333333333333,2843.2751684974455,2.7552632612026793
0.2833333333333333,2846.107721258261,-0.11860077515495167
0.2833333333333333,2834.089981330021,-2.239228465633096
0.2833333333333333,2843.27634114914,2.725803728983864
0.2833333333333333,2819.239697538459,-1.5142004146130863
0.2833333333333333,2820.655769945159,-2.9428939494875084
0.2833333333333333,2831.9660462608663,-0.09001895469551614
0.2833333333333333,2829.134180273672,2.718857545581351
0.2833333333333333,2848.231672531434,-2.233539186351482
0.2833333333333333,2842.5684001040127,3.417852459148834
0.2833333333333333,2831.2579407615485,0.621880215722585
0.2833333333333333,2842.568311168197,3.4521277242415405
0.2833333333333333,2831.2571821988486,0.6337450665584146
0.2833333333333333,2843.2759221775846,2.746105803536339
0.2833333333333333,2845.3998794867516,0.6359186089811835
0.2833333333333333,2831.9658980339254,-0.07942820891639163
0.2833333333333333,2834.7978842831935,-2.93441249282987
0.2833333333333333,2829.1339977655402,2.72771659436031
0.2833333333333333,2834.0899221142145,-2.228404354618714
0.3,2843.2758779806695,2.746442412611548
0.3,2842.567932142335,3.4394698502812973
0.2833333333333333,2833.3818148917967,-1.5120396374435137
0.3,2834.7977329364326,-2.909956346452749
0.2833333333333333,2834.797500572305,-2.916893048191332
0.2833333333333333,2847.523670342049,-1.5371719607564747
0.2833333333333333,2831.9659256598006,-0.11293809153753535
0.2833333333333333,2846.1081469747905,-0.1271087871780792
0.2833333333333333,2847.5236586174115,-1.5287952283828108
0.2833333333333333,2831.2579124042277,0.6226442378717876
0.3,2830.5500813070967,1.312953395886571
0.2833333333333333,2830.550078481853,1.3096735627048743
0.2833333333333333,2828.4261794653958,3.4207061180836367
0.2833333333333333,2833.381077606278,-1.507781539856147
0.2833333333333333,2829.1330628398227,2.7475423117126883
0.2833333333333333,2833.381091820265,-1.4965942081072738
0.2833333333333333,2833.3819299824927,-1.5067814332555773
0.2833333333333333,2834.0897679074487,-2.1987564122709307
0.2833333333333333,2834.7977359736255,-2.9123375979446573
0.2833333333333333,2845.400092131069,0.6361037688793806
0.2833333333333333,2844.6920641796733,1.3367808331601259
0.2833333333333333,2833.3816068310903,-1.4874009494431222
0.2833333333333333,2830.5497236359315,1.331520470860631
0.2833333333333333,2842.5681858896023,3.4700859240280804
0.2833333333333333,2829.8420321785597,2.0442293820861224
0.2833333333333333,2834.797773371221,-2.923602474960353
0.2833333333333333,2832.6737130219494,-0.8093069608663397
0.2833333333333333,2834.0897730076135,-2.235510521446156
0.2833333333333333,2843.276120473105,2.756040002221689
0.2833333333333333,2834.7975052577112,-2.929314418093418
0.3,2844.6919418677576,1.322505260622934
0.2833333333333333,2830.549978045228,1.3268640852564473
0.3,2829.842156682732,2.0210725624520096
0.2833333333333333,2829.8420331909138,2.037941049974769
0.2833333333333333,2833.3819721575705,-1.5317458148559924
0.2833333333333333,2831.9660249840244,-0.10427625911908811
0.3,2846.816105360544,-0.840055563861991
0.3,2845.4000313876395,0.6192346055413007
0.3,2834.797751289129,-2.9005693097587675
0.3,2843.2761133617546,2.7570223870776154
0.3,2829.134172375922,2.715967410599016
0.2833333333333333,2843.9837874303994,2.0607417994998016
0.2833333333333333,2831.965900551497,-0.08461487444985372
0.2833333333333333,2831.9651711646798,-0.10951563891233888
0.2833333333333333,2832.673183085644,-0.7874833338913193
0.2833333333333333,2831.258057608608,0.6048761481686865
0.2833333333333333,2819.2398003812905,-1.5404449674292
0.2833333333333333,2829.8420285220736,2.030818672804696
0.2833333333333333,2829.8419867744087,2.0250484232047525
0.2833333333333333,2834.79770575029,-2.913899270681111
0.2833333333333333,2834.089743033969,-2.208915401147249
0.2833333333333333,2831.9659853456537,-0.10060638669564266
0.2999999999999997,2846.8157125215344,-0.8288119874908886
0.2833333333333333,2843.984176091716,2.0438755187060296
0.2833333333333333,2843.9842566428483,2.02739725739553
0.2833333333333333,2820.655567813918,-2.936917270552091
0.2833333333333333,2846.8159938026147,-0.8313291218799951
0.2833333333333333,2833.3820352678695,-1.5174403084925876
0.2833333333333333,2834.797836924725,-2.935064451715604
0.2666666666666666,2833.3810958764807,-1.5057504929948435
0.2666666666666666,2843.98380796963,2.0455502968890427
0.2666666666666666,2846.107706821113,-0.126861020653974
0.2666666666666666,2847.523655563208,-1.5400069945418144
0.2666666666666666,2834.7977404692588,-2.907923678833332
0.2666666666666666,2842.568181387916,3.4249564687658234
0.2666666666666666,2848.2319254301565,-2.24896562401817
0.2666666666666666,2832.673838804229,-0.8193732002010964
0.2666666666666666,2831.965916546408,-0.11172521426358122
0.2666666666666666,2831.2571956544243,0.6227232000403319
0.2833333333333333,2817.823744931149,-0.10663791988061207
0.2666666666666666,2842.5682106524896,3.450215300815409
0.2666666666666666,2820.6549878428423,-2.9497087255279935
0.2666666666666666,2843.9842077844264,2.0298512457527096
0.2833333333333333,2847.5239798985303,-1.5481737933773594
0.2666666666666666,2834.7971358802943,-2.9195821660370744
0.2666666666666666,2831.965857614936,-0.0914856090438057
0.2666666666666666,2828.4261717275863,3.420305470915237
0.2666666666666666,2843.2755655684823,2.745034959407329
0.2666666666666666,2829.842112165181,2.015068778806001
0.2666666666666666,2819.9477518934873,-2.244064693580102
0.2666666666666666,2845.399987270945,0.624363308135533
0.2666666666666666,2830.5499532272925,1.3251038495198089
0.2666666666666666,2828.4261717275863,3.420305470915237
0.2666666666666666,2842.5681849021953,3.4325271236006865
0.2666666666666666,2847.5240987620623,-1.549160300180475
0.2666666666666666,2834.7974702644774,-2.90254804260181
0.2666666666666666,2846.8157430632145,-0.8369400164842612
0.2666666666666666,2828.426039746083,3.435097571541219
0.2666666666666666,2831.2571556371327,0.6189114005066474
0.2666666666666666,2834.089883884048,-2.215632865495013
0.2666666666666666,2834.0898072332825,-2.2268052616025806
0.2666666666666666,2801.5578708018966,1.9719049433696842
0.2666666666666666,2802.2658335182173,1.266921073835822
0.2666666666666666,2802.9737962345375,0.5619372043021873
0.2666666666666666,2818.531827520954,-0.8268077147991965
0.2833333333333333,2830.5500791172108,1.313154044879644
0.2666666666666666,2846.816091514921,-0.8378521259726677
0.2833333333333333,2834.797710885495,-2.906084613005509
0.2666666666666666,2844.6918075937842,1.3511120189754948
0.2666666666666666,2831.965909391186,-0.07385960662256837
0.2666666666666666,2843.2762516691523,2.742330166946987
0.2833333333333333,2843.2761737450746,2.7529939550256692
0.2666666666666666,2833.3817076879513,-1.50645734962843
0.2666666666666666,2834.089787284239,-2.1966080227745577
0.2666666666666666,2834.797689728006,-2.8870182570963983
0.2666666666666666,2834.0889657163325,-2.217744290176408
0.2666666666666666,2831.257935801907,0.619524648817628
0.2666666666666666,2830.5492911089173,1.330025688391635
0.2666666666666666,2831.966039503895,-0.09054757940951502
0.2666666666666666,2833.381963113187,-1.5351758708456034
0.2666666666666666,2842.5683318402876,3.430030509967643
0.2666666666666666,2834.0899583874148,-2.2262959845141395
0.2666666666666666,2831.2579336289114,0.6279627712247179
0.2833333333333333,2834.797691686407,-2.886923381232515
0.2666666666666666,2834.0884560083273,-2.2276804545150193
0.2666666666666666,2842.5683988325986,3.4178498008991256
0.2666666666666666,2844.691802836144,1.3329184708428798
0.2666666666666666,2842.5679007120384,3.449454325076114
0.2666666666666666,2845.4001782590453,0.6170077132243276
0.2666666666666666,2843.276189301872,2.723772574149473
0.2666666666666666,2842.568238109236,3.4352076397290143
0.2666666666666666,2831.25766029187,0.6229835039067549
0.2666666666666666,2832.6738786534784,-0.7926507551705165
0.2666666666666666,2848.232047522245,-2.253951859194779
0.2666666666666666,2829.134026914383,2.7350582838472066
0.2666666666666666,2842.568310683203,3.4413021256931384
0.2666666666666666,2834.0897925018007,-2.229622980723958
0.2666666666666666,2848.232071331074,-2.2581149535077576
0.2833333333333333,2830.5501172091663,1.3162893419112205
0.2666666666666666,2834.7970679487285,-2.9096924705910774
0.2666666666666666,2828.4260604966175,3.4336234264992753
0.2666666666666666,2818.531553182721,-0.826291559728522
0.2666666666666666,2831.257915065717,0.6190173457483297
0.2666666666666666,2830.5499636604345,1.3297180032711982
0.2666666666666666,2818.5314213105335,-0.8136066308066554
0.2666666666666666,2833.3819542611236,-1.5234978312024738
0.2666666666666666,2831.257632742324,0.6183993716212777
0.2666666666666666,2843.2762421882353,2.7393916456651533
0.2666666666666666,2832.6735533686224,-0.787282827471455
0.2833333333333333,2831.9659122362887,-0.07969647131964896
0.2666666666666666,2832.6738443199356,-0.7878876925761406
0.2833333333333333,2829.841305878595,2.034736505657628
0.2666666666666666,2833.382008982938,-1.534617391789484
0.2666666666666666,2829.842137082811,2.0229580939280982
0.2666666666666666,2846.815752775273,-0.8367166181896679
0.2666666666666666,2843.984091015605,2.0494251116289144
0.2666666666666666,2842.5681991554525,3.4621427846856254
0.2666666666666666,2842.5682434854034,3.4331995573720384
0.2666666666666666,2843.2758793825983,2.7564444188461668
0.2833333333333333,2845.4001798486415,0.6134766311600429
0.2833333333333333,2845.3999013421967,0.6197282269563884
0.2833333333333333,2831.965860959119,-0.08681751541227689
0.2833333333333333,2831.965873477146,-0.07726470603821413
0.2666666666666666,2842.5679069956773,3.4653816605833767
0.2666666666666666,2818.5314533359315,-0.8111265276985788
0.2666666666666666,2834.797836238682,-2.913886305470063
0.2666666666666666,2831.257938207967,0.6287611983230134
0.2666666666666666,2831.25808136663,0.6152347172224152
0.2666666666666666,2831.257938207967,0.6287611983230134
0.2666666666666666,2831.2579406462273,0.6280380752430345
0.2666666666666666,2833.3818715498596,-1.5198588064986995
0.2666666666666666,2834.08977723694,-2.1993220055627942
0.2666666666666666,2832.6731289101613,-0.7923306884822079
0.2666666666666666,2842.5682959194387,3.44612059444136
0.2833333333333333,2848.231842230264,-2.2538405642207398
0.2666666666666666,2842.567899508427,3.4302502264617045
0.2666666666666666,2828.42618673254,3.425036517873498
0.2666666666666666,2843.2746747030806,2.749589589611195
0.2666666666666666,2834.7975434023483,-2.9342951812387255
0.2666666666666666,2820.655735166767,-2.95412134203062
0.2666666666666666,2845.4001791529668,0.6269392780792727
0.2666666666666666,2843.2754316085316,2.752818406707167
0.2666666666666666,2834.797690039273,-2.9123187893345746
0.2666666666666666,2833.3817207722873,-1.5207098919598265
0.2833333333333333,2830.5498092450152,1.316737842400931
0.2666666666666666,2842.5681922854537,3.4570446969208923
0.2833333333333333,2831.2576353060354,0.6239275309426431
0.2833333333333333,2818.53170582946,-0.8119330051050186
0.2666666666666666,2831.9657803917885,-0.08924636977597515
0.2666666666666666,2831.9651807055707,-0.08206859351536736
0.2666666666666666,2829.1333681437454,2.751210937425765
0.2666666666666666,2834.0895411358815,-2.1953499521610547
0.2666666666666666,2820.655598324385,-2.9260686420763493
0.2666666666666666,2834.089793540597,-2.1952665875336765
0.2666666666666666,2834.797486117359,-2.8969754096971587
0.2666666666666666,2844.691958820027,1.3337924238175234
0.2666666666666666,2831.2578065788357,0.6070938125155235
0.2666666666666666,2829.841967159065,2.018475962207576
0.2666666666666666,2843.275882957893,2.754279397761022
0.2833333333333333,2831.257922697989,0.6233361980641858
0.2833333333333333,2830.550102937044,1.3148434066474746
0.2666666666666666,2832.6738971600635,-0.7899981035125825
0.2666666666666666,2829.1341887841263,2.723150696156377
0.2666666666666666,2842.56824196107,3.4465972390778234
0.2666666666666666,2842.5683859198257,3.434192122759191
0.2666666666666666,2833.3811451594715,-1.4973684829457863
0.2833333333333333,2830.549934509329,1.3274042331195286
0.2666666666666666,2834.0887038918863,-2.1882550083243806
0.2666666666666666,2831.2571639304583,0.6273302660198444
0.2666666666666666,2842.5681567893075,3.4586004567918427
0.2666666666666666,2834.797114083741,-2.9133734832274065
0.2666666666666666,2843.275347952218,2.758601372053246
0.2666666666666666,2834.0898421234624,-2.2219060225959915
0.2666666666666666,2832.6731662243496,-0.7821293480068274
0.2666666666666666,2829.8417450748825,2.040371969600376
0.2833333333333333,2830.54985609539,1.3232803219239084
0.2666666666666666,2833.3820261007068,-1.5308400718575412
0.2666666666666666,2834.089834313491,-2.1948034895452238
0.2833333333333333,2829.842027307093,2.033286650907557
0.2666666666666666,2829.134201976088,2.7335935083151752
0.2833333333333333,2829.1341900166053,2.7147549778536173
0.2833333333333333,2829.134176869045,2.7213306635404293
0.2833333333333333,2834.797849953018,-2.911972949010979
0.2833333333333333,2830.550102937044,1.3148434066474746
0.2666666666666666,2829.1341732686933,2.7217420101074663
0.2833333333333333,2830.550125332228,1.3162160422278517
0.2666666666666666,2833.3818398901035,-1.5169765877282204
0.2666666666666666,2834.797509432958,-2.897611911818616
0.2666666666666666,2830.549382224266,1.3085784932662878
0.2833333333333333,2834.0895541899517,-2.2254018269615576
0.2666666666666666,2847.5241445100396,-1.5573763838809893
0.2833333333333333,2829.1340406205295,2.7248911501507895
0.2666666666666666,2834.797759965013,-2.930304514280959
0.2666666666666666,2828.4259290810296,3.4113204805771953
0.2833333333333333,2834.0895223662956,-2.2020637580312075
0.2833333333333333,2828.4262164327893,3.4158197941646553
0.2666666666666666,2832.673897362404,-0.7861734122865632
0.2666666666666666,2845.399709274454,0.6314806218530534
0.2833333333333333,2829.8419734455156,2.031614575363852
0.2666666666666666,2831.9649066822244,-0.07446811511623525
0.2666666666666666,2846.1081391102343,-0.13006076525981924
0.2833333333333333,2834.797668074982,-2.8983122244058808
0.2666666666666666,2819.239627504339,-1.5272952647603024
0.2666666666666666,2843.276182489208,2.7277244910143197
0.2666666666666666,2833.3815739320694,-1.4873837638091743
0.2666666666666666,2842.5682658181368,3.434282354730817
0.2666666666666666,2831.2579459196163,0.6256987447812501
0.2833333333333333,2834.089832587229,-2.1979519614614964
0.2666666666666666,2834.089837716531,-2.2084147394969604
0.2666666666666666,2844.691950660195,1.3363138451180865
0.2666666666666666,2834.089861362047,-2.1986137005429227
0.2666666666666666,2834.79701751833,-2.8821112747063773
0.2666666666666666,2842.567671168106,3.4492712051765713
0.2666666666666666,2834.797476424587,-2.8974247457196496
0.2666666666666666,2831.9659040568813,-0.08008355185068011
0.2666666666666666,2818.5318743713287,-0.8202652352762191
0.2666666666666666,2829.8420208369316,2.0321848312276947
0.2666666666666666,2844.6921055284047,1.3461460746882814
0.2666666666666666,2834.797788089273,-2.91484730021631
0.2666666666666666,2833.381594803878,-1.5010927206297515
0.2666666666666666,2830.549931926126,1.3235615702224846
0.2666666666666666,2834.089545750766,-2.191307191982853
0.2666666666666666,2842.5683859198257,3.434192122759191
0.2666666666666666,2816.4076880643015,1.293513166627984
0.2666666666666666,2846.1082413518916,-0.12344357441646693
0.2666666666666666,2834.0897922058425,-2.195035160452039
0.2666666666666666,2848.2319380258054,-2.227190676770128
0.2666666666666666,2819.239667325406,-1.517295709075076
0.2666666666666666,2832.673893404789,-0.8201018698848475
0.2666666666666666,2820.655727634221,-2.9519817830095314
0.2666666666666666,2844.691932631691,1.3323004507030403
0.2666666666666666,2830.5498267470707,1.3022539615422941
0.2666666666666666,2829.841738862716,2.0296261737979133
0.2666666666666666,2844.692206498663,1.3267972878531504
0.2666666666666666,2834.797466353227,-2.9369252956183916
0.2666666666666666,2847.523933948424,-1.5213685443550762
0.2666666666666666,2834.797718588126,-2.9156188551140874
0.2833333333333333,2830.5492492606295,1.3281601741724613
0.2666666666666666,2847.5240901099905,-1.5500550864471665
0.2666666666666666,2829.1341605102134,2.716526840768593
0.2666666666666666,2845.4002036737215,0.6189442921985394
0.2666666666666666,2834.797707241295,-2.900375781566636
0.2666666666666666,2845.4000204619006,0.6368359736538405
0.2666666666666666,2817.8237382008406,-0.11805453754978792
0.2666666666666666,2829.8406726049657,2.022450245059185
0.2666666666666666,2829.841724915498,2.035844694386714
0.2666666666666666,2843.2754671870766,2.7496871569044123
0.2666666666666666,2843.275135886633,2.762565361398699
0.2666666666666666,2831.966028266265,-0.09538229123365359
0.2666666666666666,2819.9477403247047,-2.245429058881361
0.2666666666666666,2818.531687932266,-0.8200417289923818
0.2666666666666666,2834.089752014658,-2.209166315923892
0.2666666666666666,2842.5683148035287,3.425270179375378
0.2666666666666666,2832.6728903284015,-0.7838522432820068
0.2666666666666666,2834.7977389698412,-2.904193505283199
0.2833333333333333,2848.23165793454,-2.2438440505768145
0.2666666666666666,2830.550092502691,1.3117618472804395
0.2666666666666666,2831.9658885189515,-0.07584416353254271
0.2666666666666666,2820.6555911167543,-2.927583211938662
0.2666666666666666,2834.797054799472,-2.902693032649995
0.2666666666666666,2829.84200463752,2.038363517236137
0.2666666666666666,2831.9660263804485,-0.09867759040836761
0.2666666666666666,2834.089763614138,-2.1958732691005136
0.2666666666666666,2843.984081724331,2.057881743883649
0.2666666666666666,2843.2754129869677,2.764965850468239
0.2666666666666666,2820.6557097588916,-2.946036461841392
0.2666666666666666,2820.6556183599055,-2.9322218460379297
0.2666666666666666,2817.82389087094,-0.12061860587834351
0.2666666666666666,2844.692049940783,1.3310614945341588
0.2666666666666666,2818.5314352351224,-0.8144991779226322
0.2666666666666666,2831.965876191336,-0.08505626912095181
0.2833333333333333,2842.5674962604594,3.46427683311484
0.2666666666666666,2833.38184065329,-1.4986771971219446
0.2833333333333333,2834.089503156034,-2.1946504761670234
0.2666666666666666,2820.6557266812024,-2.9443264260470623
0.2666666666666666,2848.231936676079,-2.2334174024161375
0.2666666666666666,2828.425739747397,3.4302134081825555
0.2666666666666666,2834.797807175969,-2.9154934068285634
0.2666666666666666,2818.5314002081022,-0.8180220783375963
0.2833333333333333,2834.7978294333448,-2.9235919308552303
0.2666666666666666,2834.089934064949,-2.2311784933374965
0.2666666666666666,2832.67359997562,-0.8152029167693626
0.2666666666666666,2845.399904852778,0.600580973603818
0.2666666666666666,2846.815880764571,-0.8521695304502388
0.2666666666666666,2843.984117535932,2.046639487268551
0.2666666666666666,2842.5681993463863,3.4356020629023742
0.2833333333333333,2843.276133140093,2.7325493345665333
0.2666666666666666,2834.089934064949,-2.2311784933374965
0.2666666666666666,2848.2320799432305,-2.259141372901365
0.2666666666666666,2831.966046554233,-0.128285350664673
0.2666666666666666,2820.6552990927785,-2.9333624348381897
0.2666666666666666,2830.550098705867,1.3084730936189612
0.25,2848.231937597452,-2.241904286765942
0.25,2829.8419943324307,2.017593427509712
0.25,2833.3818058939337,-1.5086072094401404
0.25,2842.5683758347923,3.4307839778477534
0.25,2842.568397505985,3.4178488384790886
0.25,2842.5683870570324,3.4181565640779814
0.25,2842.5682452295528,3.4437966592240206
0.25,2843.9841435968583,2.0475584540026333
0.25,2843.2758708019715,2.755681823797114
0.25,2834.0899282157784,-2.212385801288341
0.25,2832.6740001109024,-0.8302148748097241
0.2666666666666665,2834.7977589142265,-2.905456411151964
0.25,2834.7979197771215,-2.9312808164680386
0.25,2856.7102204478524,3.4145156809806614
0.25,2833.3818728570104,-1.5207217356686082
0.25,2834.797770210978,-2.917724247227377
0.25,2845.399763668096,0.6439711971210961
0.25,2819.9475108781007,-2.2373574417672883
0.25,2819.9477872033044,-2.24155657832301
0.25,2828.4262059772955,3.415524346459147
0.25,2830.549949793992,1.3231111854472113
0.25,2834.089089971133,-2.2030934329516874
0.25,2834.089065242997,-2.2117724795317506
0.25,2834.0890469909978,-2.2093302586474706
0.25,2834.7974717719067,-2.928093740665088
0.25,2832.673602458288,-0.792553374938348
0.25,2847.5239551845993,-1.5403526037305102
0.25,2833.3818027440916,-1.5225639025507414
0.25,2817.1154842120495,0.595471177380953
0.25,2818.531684037746,-0.8182622007931976
0.25,2843.2754786143078,2.7450546384515864
0.25,2842.5675197990336,3.46264519454487
0.2666666666666666,2842.5679460167944,3.4612661036417482
0.25,2831.965897111442,-0.08395753173663598
0.25,2831.965896674179,-0.11242764725524264
0.25,2843.2763076002648,2.7393644359687417
0.25,2830.5501146341758,1.3125335463805152
0.25,2832.6732220260187,-0.7892531169547717
0.25,2842.568215661167,3.426868571234824
0.25,2830.550097611751,1.3054161665924733
0.25,2843.2761669755428,2.762064300520034
0.25,2829.8417526186067,2.038220582842771
0.25,2816.407931113718,1.279288975261873
0.25,2833.381253710162,-1.5118096281971702
0.25,2818.5317999247613,-0.8387945737387451
0.25,2834.089748106519,-2.211339876055388
0.25,2834.089961709569,-2.246349466090883
0.25,2848.232054297523,-2.2619847723664397
0.25,2834.0898000779284,-2.2274835577477208
0.25,2846.107904496825,-0.1424469879209374
0.25,2828.426072677793,3.4300197917988093
0.2666666666666666,2847.5240970194936,-1.5522708077884113
0.25,2829.1340354030044,2.7335965991439446
0.25,2829.134177175886,2.720571227803654
0.25,2829.8412880864894,2.0411640809232505
0.2666666666666666,2834.0897860546675,-2.2053651532604515
0.25,2833.381076327399,-1.5080609216975749
0.25,2845.400144937379,0.6214368293078315
0.25,2819.23981903152,-1.5327293995283513
0.25,2829.134000647056,2.728651405347478
0.25,2833.38159984327,-1.5025943870760652
0.25,2831.9659176978457,-0.08298676947139888
0.25,2819.94778174784,-2.237713269061986
0.25,2832.6739057541618,-0.8132319618949307
0.25,2831.257681292591,0.6317255180381277
0.25,2842.567938403599,3.4635132595468816
0.25,2829.842028075112,2.0425455297769175
0.25,2834.797003203573,-2.911940627679744
0.25,2832.673205988264,-0.7868319834219372
0.25,2831.2579475803354,0.6250120848582776
0.25,2830.549718899793,1.3318279560673512
0.25,2834.0891033109915,-2.205930661088562
0.25,2831.965921410565,-0.07129832126023462
0.25,2828.425786581158,3.4381283669913416
0.25,2843.275927481312,2.757759843619285
0.25,2834.797819601494,-2.9277960919690353
0.25,2834.7974739117653,-2.9040218814260585
0.25,2834.089851277786,-2.221660769513144
0.25,2834.797924855811,-2.9180713906872238
0.25,2818.531472998995,-0.8024870401679678
0.25,2830.5499788930206,1.3314633939037341
0.25,2830.549993963292,1.3304147913976943
0.25,2844.692016103862,1.343317749295254
0.25,2829.8412733342707,2.0313977496003273
0.25,2844.6921770809417,1.3119600883198719
0.25,2846.1077280438403,-0.11628188862970645
0.2666666666666665,2843.9841137164653,2.0425950407317286
0.25,2846.108195761104,-0.12080870216970296
0.25,2834.089856885174,-2.222812222435173
0.25,2815.6999941782424,1.9947974070751782
0.25,2817.823777456872,-0.1010709532440401
0.25,2846.1077788109483,-0.10469656592464717
0.25,2828.4260867859534,3.440999680666266
0.25,2828.425805715395,3.439389240499841
0.25,2842.5672541007125,3.469096700741017
0.25,2833.3818518576913,-1.491445623220748
0.25,2832.6738691603177,-0.7923159310986537
0.25,2817.8234875207677,-0.100132616746284
0.25,2831.257959972194,0.6285178901637106
0.25,2819.2396757783417,-1.5153298399679234
0.25,2834.797783371697,-2.9380129286495853
0.25,2834.7974347670056,-2.9138852376995277
0.25,2848.2320822050456,-2.259206841240421
0.25,2834.0896709485482,-2.2401746527318056
0.25,2856.71039093322,3.4143748993265874
0.25,2834.7977731670926,-2.936693348341428
0.2666666666666665,2844.692065623506,1.3272618932688833
0.25,2834.797464270346,-2.9116379396761185
0.25,2842.568285535698,3.42932457745369
0.25,2833.381956783071,-1.5139465801429373
0.25,2843.2758696945966,2.7503835556455227
0.25,2831.9655626243384,-0.08168301497584769
0.25,2834.0894760076053,-2.20527074529208
0.25,2829.8414207422043,2.0183667019514897
0.2666666666666665,2847.523968440909,-1.5329238390228428
0.25,2834.797175546926,-2.9167752435222147
0.25,2834.089497518901,-2.1977897089498617
0.25,2829.841988090246,2.029009519954749
0.25,2833.3815747700082,-1.5033205883233498
0.25,2832.673834387281,-0.7905887455706284
0.25,2834.797749488389,-2.918336284790352
0.25,2829.8421472940818,2.0171697277929574
0.25,2820.6550442080807,-2.9422008599852423
0.25,2820.6556278997195,-2.930563478560938
0.25,2845.4000456745875,0.6405875877968374
0.25,2831.2580630783737,0.6061037415831345
0.25,2832.6740152073976,-0.8323996442669209
0.25,2834.0897738281283,-2.2132349726779816
0.25,2829.1340132459554,2.7424024029506753
0.25,2819.9469608769964,-2.225927728693542
0.25,2829.1341522831817,2.7103540219276105
0.25,2832.673863693468,-0.8130557398114991
0.25,2831.966046883689,-0.12626432181102928
0.25,2842.5683594140296,3.414713541447512
0.25,2830.549667281983,1.3270708161769458
0.25,2842.5680678706412,3.431232478337464
0.25,2831.9651815900716,-0.08046572538308722
0.25,2834.0895365290894,-2.221730550718426
0.25,2842.5681978645807,3.442430468940848
0.25,2831.9659984099953,-0.09916073247700082
0.25,2834.797835493411,-2.9136582391270656
0.25,2843.276296779427,2.732467054571956
0.25,2843.276282359547,2.7380652130698393
0.25,2834.089787837545,-2.202183301976889
0.25,2846.816119010128,-0.8503378563867635
0.25,2843.2758311212083,2.7491300226196485
0.25,2833.3815489940794,-1.4917442384296258
0.25,2843.9838193996015,2.0475016731843816
0.25,2830.550096211637,1.3093784359234144
0.25,2844.6921761630483,1.332541400553292
0.25,2832.673320185794,-0.8080028418728241
0.25,2832.6740171694687,-0.8105260674130372
0.25,2842.567939355072,3.4482807390101518
0.25,2833.381536919721,-1.525386158096933
0.25,2830.5499534869728,1.3239072341445886
0.25,2831.2579440434706,0.622124584939552
0.25,2833.3818360701543,-1.4929278692287005
0.25,2843.2762087083756,2.732208873400648
0.25,2842.567654189902,3.4311593695295257
0.25,2834.7977756227483,-2.935428126612201
0.25,2828.4260895759794,3.4265124049035016
0.25,2843.2761708917424,2.7423875521137866
0.25,2843.276185643515,2.7409981923035756
0.25,2828.425922647187,3.419637228817001
0.25,2843.275202312781,2.757763556374557
0.25,2834.0897958601477,-2.2317302617163093
0.25,2842.568348600947,3.4371704118751825
0.25,2832.6739118756386,-0.8202449695747669
0.25,2845.3999520176026,0.6343050747306719
0.25,2843.9841054756457,2.036623797912428
0.25,2846.108178393526,-0.12489713981928943
0.25,2829.842006771565,2.0240946181824677
0.25,2829.1341809121345,2.7105289976703375
0.25,2831.257246577035,0.6158669457100214
0.25,2819.9477605957,-2.2505247112959994
0.25,2845.400165410987,0.6073092982283008
0.25,2846.8159755781103,-0.8345999955052861
0.25,2844.692184131771,1.3280446587391754
0.25,2844.691984998463,1.340370578475852
0.25,2844.691796191869,1.3454632965814086
0.25,2843.9840916042576,2.0475746838063578
0.25,2844.6921632280255,1.3322063439498684
0.25,2847.523675768145,-1.5376174827492892
0.25,2846.108007654126,-0.1087762345787425
0.2666666666666665,2846.815735950388,-0.8275810018359492
0.25,2845.4001262575507,0.612061711810924
0.2666666666666665,2842.5681758620117,3.456431667420591
0.25,2842.5673868893055,3.460259252642889
0.25,2842.568169400485,3.457455410808873
0.25,2832.6731424147083,-0.7816557282068733
0.25,2830.550083819314,1.3162373925954063
0.25,2843.2761098005817,2.745307327949514
0.25,2847.523671020024,-1.5413874868585835
0.25,2819.2396525576705,-1.5197007338142396
0.25,2843.276233781208,2.7325930765943225
0.25,2829.8421106540404,2.021528987728162
0.25,2818.5316981720935,-0.8149674848679993
0.25,2842.5674372685057,3.4562644131506777
0.2666666666666665,2834.089802635361,-2.1994339628794557
0.2666666666666665,2834.089152647047,-2.2066775466919815
0.25,2843.276133720932,2.7522709448133442
0.25,2831.2576386408527,0.6180463006661395
0.25,2818.531425423285,-0.8140328991981267
0.25,2831.9660290872757,-0.09579315965107651
0.25,2847.523981826661,-1.5218036766005991
0.25,2834.797764600343,-2.9163947661377074
0.25,2830.549971736732,1.3175372967702481
0.25,2834.089955936239,-2.2343185678847344
0.25,2815.6999842952605,1.9833686036332192
0.25,2831.9658930018427,-0.08404943442793536
0.2666666666666666,2843.276178454372,2.7509204746239635
0.25,2833.3819675249338,-1.5089098558243697
0.25,2829.84200566423,2.0308635812766136
0.25,2831.9659095129514,-0.09098175111176152
0.25,2842.5674999910475,3.432233858284529
0.25,2831.965594692053,-0.07278578825743315
0.25,2843.984052077106,2.0399143384519256
0.25,2834.7978760777783,-2.933264660577586
0.25,2845.3997157187414,0.6288518704397134
0.25,2834.79677064402,-2.903453278330131
0.25,2846.108008501468,-0.11219699123363724
0.25,2847.524156133118,-1.5604054008593546
0.25,2847.523963333638,-1.5476828830331404
0.25,2843.9842412187027,2.0316434752256267
0.25,2843.275864975335,2.74331893703643
0.25,2843.983817056438,2.0447876307547643
0.2666666666666665,2832.674006847221,-0.8095624273807166
0.25,2842.5683157945073,3.4342024303461143
0.25,2817.823631121974,-0.12091132180669457
0.25,2848.2319214221425,-2.2471627790306408
0.25,2834.0898093397673,-2.2097534209850167
0.25,2830.550097611751,1.3054161665924733
0.25,2842.567529570535,3.454199885892322
0.25,2834.089791272325,-2.218736392699591
0.25,2834.7977483872555,-2.9092334521958363
0.25,2832.673858346041,-0.7868067530735395
0.25,2834.0898364647887,-2.233700592444819
0.25,2842.5683863819345,3.4121210723443403
0.25,2829.8421471693,2.0224265015162595
0.25,2820.655616620122,-2.93204500251721
0.25,2820.6556248837323,-2.9296321177786773
0.25,2831.966021009973,-0.11141340661164374
0.25,2832.6733541168346,-0.830040880069652
0.25,2820.655723680092,-2.9480343787318346
0.25,2829.134039312262,2.743607642337666
0.25,2818.5317297185934,-0.8124932893278825
0.25,2828.42593470539,3.425463009992029
0.25,2828.4260722941153,3.436013753259753
0.25,2833.381852889528,-1.5087690725193492
0.25,2830.5499748008497,1.3275940660676997
0.25,2831.966024476302,-0.09795549309001002
0.25,2843.276101332367,2.7659386837611923
0.25,2832.6739907574884,-0.8043481198654296
0.25,2829.134059347547,2.740855888310876
0.25,2831.2579213793215,0.6255698997220955
0.2333333333333333,2829.8420385786526,2.0426211125290217
0.2333333333333333,2830.549963609774,1.326505929572592
0.25,2829.134033154158,2.735170051022302
0.2333333333333333,2829.1340803867556,2.73643114998106
0.2333333333333333,2831.257936763976,0.6234005334657187
0.2333333333333333,2820.6555836686134,-2.940337083882793
0.2333333333333333,2856.710345785052,3.422890894038049
0.2333333333333333,2830.5499876469676,1.3288677601254213
0.2333333333333333,2847.5239579959416,-1.5489693268965457
0.2333333333333333,2817.8237370292327,-0.11799784290324793
0.2333333333333333,2846.107785320259,-0.1156286318121586
0.25,2820.655760498443,-2.938527521660923
0.2333333333333333,2831.965901980369,-0.07679304541065109
0.2333333333333333,2834.0895549712736,-2.208262660253492
0.2333333333333333,2831.2579289158375,0.6200000144204817
0.2333333333333333,2842.5683961131326,3.4178499110546565
0.2333333333333333,2817.115480352371,0.5944000113243627
0.2333333333333333,2832.6738257127017,-0.7999563394934174
0.2333333333333333,2831.9656428104568,-0.08672650855545395
0.2333333333333333,2818.5316696169216,-0.8219764765553256
0.2333333333333333,2842.5681601301767,3.4396356709807163
0.2333333333333333,2831.9658934174454,-0.08589557719223448
0.2333333333333333,2831.2572764420665,0.5958414090251483
0.2333333333333333,2843.275871726195,2.7611292418372337
0.2333333333333333,2819.94704825411,-2.2332057661424294
0.2333333333333333,2829.841996033151,2.0350252422958044
0.2333333333333333,2831.2576438185474,0.6244816960593826
0.2333333333333333,2819.2393737958573,-1.5259396982209428
0.2333333333333333,2846.1077637926683,-0.1232375375742195
0.2333333333333333,2831.9656142948347,-0.08007864908466297
0.2333333333333333,2834.797865232095,-2.9198625210930396
0.2333333333333333,2819.2398226258715,-1.5363701228137985
0.2333333333333333,2834.797524785019,-2.9333908299206786
0.2333333333333333,2843.2761530485595,2.7453533774146
0.2333333333333333,2829.1337639881276,2.7318963024135106
0.2333333333333333,2819.2396397426405,-1.5254574393190314
0.2333333333333333,2830.5500963435707,1.311543602879835
0.2333333333333333,2830.549969348836,1.3299460025158703
0.2333333333333333,2834.7975034154715,-2.9146924650511
0.2333333333333333,2829.8420004995264,2.030888106994388
0.2333333333333333,2832.6738844253714,-0.820619302382535
0.2333333333333333,2843.275404399639,2.7493390389222627
0.2333333333333333,2843.9837881164376,2.052025699069153
0.2333333333333333,2842.568244398943,3.426622076955493
0.2333333333333333,2842.568373139554,3.4119569211430134
0.2333333333333333,2829.8421399184053,2.01170365374435
0.2333333333333333,2834.797901361844,-2.9383971236805126
0.2333333333333333,2844.6921536177156,1.3350598348239682
0.2333333333333333,2834.797772534203,-2.932876117766934
0.25,2847.5236578778686,-1.5316968949457512
0.2499999999999997,2833.3816633063357,-1.5044958236983221
0.2333333333333333,2831.9656518438455,-0.10908484464996643
0.2333333333333333,2802.2654403979445,1.2847704615689821
0.2333333333333333,2829.84197292145,2.030714341960737
0.25,2842.5679540641277,3.4323885365411675
0.2333333333333333,2847.5236728640257,-1.5200527679618707
0.25,2845.4001724470454,0.6224364725401786
0.2333333333333333,2831.965917475263,-0.0890183005726855
0.2333333333333333,2843.2762774717926,2.7319567892340237
0.2333333333333333,2834.0897176855638,-2.2025517891910456
0.2333333333333333,2846.107962844943,-0.11129358705104019
0.2333333333333333,2845.3997228547264,0.6402762401525265
0.2333333333333333,2831.9656029361277,-0.07281799092683401
0.2333333333333333,2834.797725613664,-2.92288990546995
0.2333333333333333,2829.1340485803757,2.716948534971027
0.2333333333333333,2848.939617834897,-2.9621304392199965
0.2333333333333333,2831.9656781596345,-0.08734468836358508
0.2333333333333333,2843.2760172907333,2.7318271264263343
0.2333333333333333,2834.089819234572,-2.222230756163323
0.2333333333333333,2828.426211976106,3.415954346004732
0.25,2830.5499656702887,1.3269771568056479
0.2333333333333333,2846.108195504349,-0.13251025399202399
0.2333333333333333,2831.9656659992097,-0.10764832172819205
0.2333333333333333,2846.8152838671904,-0.8158614879083159
0.2333333333333333,2843.2753482861726,2.7588560225951904
0.2333333333333333,2831.2580332405273,0.6118583682889939
0.2333333333333333,2842.5674440405123,3.459998204993101
0.2333333333333333,2844.691779476871,1.3453200832197327
0.2333333333333333,2842.568201379806,3.4303389566762927
0.2333333333333333,2831.9658704866997,-0.08592665436151328
0.2333333333333333,2842.568250331139,3.4340687790414925
0.2333333333333333,2834.7977822988364,-2.9195360186693295
0.2333333333333333,2831.96563769465,-0.07957610282658686
0.2333333333333333,2843.275899744775,2.7283559069634533
0.2333333333333333,2834.0898412537085,-2.227487288504132
0.2333333333333333,2843.9842998745808,2.0208173113558243
0.2333333333333333,2833.3818780664274,-1.520010072940972
0.2333333333333333,2833.3819818613993,-1.5209826825270159
0.2333333333333333,2845.399980892473,0.6298038918676078
0.2333333333333333,2818.5311828237886,-0.8283505401502785
0.25,2846.8161186942266,-0.8397317849891246
0.2333333333333333,2819.2396699944193,-1.530105140992061
0.2333333333333333,2833.3815345476614,-1.5035927183306628
0.2333333333333333,2814.283675307263,3.4134520314956025
0.2333333333333333,2831.9659016598503,-0.0807853387099666
0.2333333333333333,2834.0892712257973,-2.213287322237913
0.2333333333333333,2831.257172482537,0.621597078800041
0.2333333333333333,2831.2579392640487,0.628190824123211
0.2333333333333333,2834.797914704539,-2.9214775006030567
0.2333333333333333,2843.9838800789594,2.0432479688813294
0.2333333333333333,2831.2579392640487,0.628190824123211
0.2333333333333333,2843.276201497027,2.7503955248048553
0.2333333333333333,2834.7977889549657,-2.9168056813666925
0.25,2848.2316055848155,-2.232728275356995
0.2333333333333333,2843.2754493721377,2.7424641583766083
0.2333333333333333,2832.6738224009505,-0.7887200264139491
0.2333333333333333,2832.673840284853,-0.7897756791086278
0.2333333333333333,2842.5681751527004,3.4571370229360525
0.2333333333333333,2834.7974005507963,-2.9074263956518887
0.25,2834.0894908328187,-2.2150248006092306
0.2333333333333333,2845.399711198348,0.6201736613537405
0.2333333333333333,2842.567916656997,3.4605376090497213
0.2333333333333333,2831.9649494338823,-0.07522983077976998
0.2333333333333333,2815.699993892278,1.9947745335771954
0.2333333333333333,2829.1340554128915,2.7404196852227023
0.2499999999999997,2833.381826880853,-1.4921328874543052
0.25,2833.3812808654757,-1.5090889326332713
0.2333333333333333,2831.2580681013487,0.607407359201149
0.2333333333333333,2845.4000365908632,0.6251461678116345
0.2333333333333333,2829.8421385141646,2.019378332388277
0.2333333333333333,2834.797494198382,-2.902060929044308
0.2333333333333333,2834.797797713385,-2.9133984988752917
0.2333333333333333,2842.5665250289394,3.4436168078859626
0.2333333333333333,2834.089786126948,-2.1986173458329077
0.2333333333333333,2843.9839955317784,2.0387305463551924
0.2333333333333333,2830.549988952213,1.3313343197556324
0.2333333333333333,2842.5682315613176,3.462113912737054
0.2333333333333333,2829.133776466502,2.7400809703132514
0.2333333333333333,2833.381581280851,-1.487644062595588
0.2333333333333333,2842.5679741850035,3.4517371672871033
0.2333333333333333,2842.568239241604,3.4465973492333544
0.2333333333333333,2843.2759288905236,2.745857873167108
0.2333333333333333,2848.231708202407,-2.2355483652593766
0.2333333333333333,2834.7968129991273,-2.893576274073332
0.2333333333333333,2834.0898224947478,-2.1952222163954747
0.2333333333333333,2828.426092696571,3.4454035547565645
0.2333333333333333,2830.550110615693,1.312989538143581
0.2333333333333333,2843.2759404528674,2.731266545848979
0.2333333333333333,2831.9660340488035,-0.08999020421329165
0.2333333333333333,2831.965898739989,-0.07790346506744841
0.2333333333333333,2843.275842283622,2.7563960599218538
0.2333333333333333,2843.2762144236262,2.727108647416355
0.2333333333333333,2843.2763371582605,2.725801180889459
0.2333333333333333,2845.4001584828607,0.623766629876929
0.2333333333333333,2834.0888120105146,-2.203335730902179
0.2333333333333333,2828.4258039706533,3.432269334480554
0.2333333333333333,2843.9842613189635,2.0271753444859386
0.2333333333333333,2842.568373317378,3.4227634294727634
0.2333333333333333,2845.40016849458,0.6241610740179581
0.2333333333333333,2834.089808360532,-2.1955455766145264
0.2333333333333333,2817.8234788031573,-0.10961593462791559
0.2333333333333333,2834.089529696085,-2.193211119200799
0.2333333333333333,2831.9656468372987,-0.11139194096779512
0.2333333333333333,2832.6738844253714,-0.820619302382535
0.2333333333333333,2843.2762460517574,2.72422992338699
0.2333333333333333,2833.3818195193453,-1.5114436426713334
0.2333333333333333,2833.3819955660406,-1.5379165621036415
0.2333333333333333,2832.673612202175,-0.7924963685523168
0.2333333333333333,2847.52411154776,-1.5539165749333286
0.25,2842.5683207794686,3.4362357588298242
0.2333333333333333,2843.2762857574094,2.7270561282931807
0.2333333333333333,2833.3818171243015,-1.497879863805782
0.2333333333333333,2831.966018268346,-0.09886599282543182
0.2333333333333333,2856.71030832245,3.415737614764042
0.2333333333333333,2820.6557455929337,-2.9428387781994156
0.2333333333333333,2819.2393724490116,-1.523401459319627
0.2333333333333333,2834.7969919441075,-2.9075855047527224
0.2333333333333333,2819.2393699704717,-1.5266611083988455
0.2333333333333333,2834.0898425647038,-2.2276049514395004
0.2333333333333333,2831.257922173924,0.6224359646610711
0.2333333333333333,2834.089780495869,-2.198901682263243
0.2333333333333333,2843.9841006996403,2.052327894875267
0.2333333333333333,2830.5499636895593,1.3257332324090085
0.2333333333333333,2842.568163510321,3.4402431687418535
0.25,2833.3820092837236,-1.5411183847975074
0.2333333333333333,2833.3818641409466,-1.5175983613610484
0.2333333333333333,2819.9476437724475,-2.220979789951229
0.25,2834.79776377259,-2.9063676322123024
0.25,2819.947785756474,-2.2354737097716466
0.2333333333333333,2831.965629216249,-0.07888667378860445
0.2333333333333333,2834.797928029813,-2.946144940905721
0.2333333333333333,2819.239803210069,-1.5383719588432332
0.2333333333333333,2829.1340322226943,2.73514112735698
0.2333333333333333,2843.276126026279,2.755725761584004
0.25,2831.9658722718937,-0.08093014013516343
0.2333333333333333,2828.426061623194,3.435004091421583
0.2333333333333333,2831.2577875957077,0.6120674875585965
0.2333333333333333,2834.0899043853447,-2.2421900442854055
0.2333333333333333,2843.27630067309,2.73861879146386
0.2333333333333333,2845.3999943473436,0.6450212063216074
0.25,2828.425791824104,3.4382793918446737
0.25,2819.2398230401536,-1.5304898402377842
0.2333333333333333,2834.089812497143,-2.2293101377268947
0.2333333333333333,2834.0899143041,-2.2296246710078362
0.25,2848.2319349779905,-2.2435941212461987
0.2333333333333333,2844.692245436432,1.3221561069891228
0.2333333333333333,2829.842012636064,2.035979413387492
0.2333333333333333,2828.4261274610135,3.414117712455012
0.2333333333333333,2834.7979191832274,-2.94619944017111
0.2333333333333333,2831.965927675027,-0.10915002647083816
0.2333333333333333,2829.1341533369227,2.712706648499636
0.2333333333333333,2829.8420667046703,2.036781682429025
0.2333333333333333,2843.984113643402,2.05192011436428
0.2333333333333333,2843.276194394781,2.75185962840693
0.2333333333333333,2828.4258050898575,3.4393870769580936
0.2333333333333333,2832.6738766018548,-0.812038465190324
0.2333333333333333,2834.0897851135464,-2.1956736052972183
0.2333333333333333,2831.2579429556195,0.6288625342945753
0.2333333333333333,2828.4260627991302,3.436465472571094
0.2333333333333333,2832.673309144644,-0.8271839224379455
0.2333333333333333,2843.983819655598,2.0574480994707915
0.2333333333333333,2832.673581874077,-0.7878167464829159
0.2333333333333333,2834.0897881868195,-2.2176519020813674
0.2333333333333333,2834.797832416841,-2.9319559338167256
0.2333333333333333,2818.531670956272,-0.8206472778521648
0.2333333333333333,2843.276299725333,2.734785126368665
0.2333333333333333,2829.134033628142,2.7358724253518347
0.2333333333333333,2829.8417219330504,2.034804061304255
0.2333333333333333,2830.549279646074,1.333026907719633
0.2333333333333333,2834.797050473451,-2.9083726028920083
0.25,2847.524107280148,-1.5480733383217145
0.2333333333333333,2831.9658895257926,-0.08222558629006307
0.2333333333333333,2843.2761737793317,2.754386159037394
0.2333333333333333,2830.5497039784805,1.3318741918684525
0.2333333333333333,2830.5497634658086,1.334919586871935
0.2333333333333333,2791.6631691096018,-2.252549170483285
0.2333333333333333,2832.6738567359357,-0.7888522838194493
0.2333333333333333,2846.8161649870613,-0.8537027611874876
0.2333333333333333,2834.79679849858,-2.895834406715685
0.2333333333333333,2832.673602433078,-0.7779834307963764
0.2333333333333333,2831.2579142442974,0.6276240709220297
0.2333333333333333,2834.7977793005202,-2.9150235396644137
0.25,2831.25738046021,0.6114547114874326
0.2333333333333333,2831.965619346685,-0.0790161544063023
0.2333333333333333,2843.9834186362064,2.0495069836965762
0.2333333333333333,2831.2579207881427,0.6229370744213785
0.2333333333333333,2829.1340277522663,2.7350378230481573
0.2333333333333333,2819.9473674262385,-2.222476479012227
0.25,2834.089100095994,-2.189292773864522
0.2333333333333333,2829.842024764541,2.0363421238140536
0.2333333333333333,2842.568241427478,3.447217604255013
0.2333333333333333,2834.7977866982014,-2.9292220986273723
0.25,2829.134177175886,2.720571227803654
0.2333333333333333,2846.816131696564,-0.8510754839808728
0.2333333333333333,2831.257983207341,0.5985548769875674
0.2333333333333333,2829.842011653646,2.036034199272096
0.2333333333333333,2834.79747685165,-2.895214200317594
0.2333333333333333,2831.965207208913,-0.0882112161417536
0.2333333333333333,2819.9478396561963,-2.246460775460866
0.2333333333333333,2847.5233843857463,-1.5509780793338872
0.2333333333333333,2844.6920750691984,1.3295581129059302
0.2333333333333333,2831.2579424026017,0.6187244533228469
0.2333333333333333,2842.5683709623336,3.435260381605659
0.2333333333333333,2830.5500024762046,1.322013909292372
0.2333333333333333,2843.9842602471413,2.0286840165300792
0.2333333333333333,2820.655599423361,-2.9308759908197834
0.2333333333333333,2845.399760370408,0.6059810075647888
0.2333333333333333,2846.1081693188635,-0.1440461504237422
0.2333333333333333,2831.9648676145375,-0.07480803250607865
0.2333333333333333,2842.568189808228,3.459865768721689
0.2333333333333333,2844.69221739982,1.3106934893778195
0.2333333333333333,2830.549718839315,1.3281501337773158
0.2333333333333333,2844.6921799974148,1.3186203812721502
0.2333333333333333,2831.96589315089,-0.09197445053418304
0.2333333333333333,2847.5234144458063,-1.5449798777817016
0.2333333333333333,2829.13376461105,2.7347316181868924
0.2333333333333333,2830.550103476959,1.3139103404738026
0.25,2819.2394024124446,-1.5160908014474497
0.25,2833.381600945491,-1.5128524248741646
0.25,2829.1340444364364,2.7344552605176853
0.2333333333333333,2833.3818382823683,-1.49684643552504
0.2333333333333333,2834.089948538969,-2.233093051779174
0.2333333333333333,2847.5236550488826,-1.5320912917105634
0.2333333333333333,2834.0899175759932,-2.229431171390185
0.2333333333333333,2842.568160716236,3.4541096646957237
0.2333333333333333,2831.9660409347553,-0.09898190661600245
0.2333333333333333,2847.5236682726877,-1.5441840459159577
0.2333333333333333,2831.965859822174,-0.08719282457944508
0.2333333333333333,2843.276111786094,2.750570861502467
0.2333333333333333,2846.8156864195657,-0.8221309275030682
0.2333333333333333,2847.5240547713065,-1.5425881529191514
0.2333333333333333,2846.1080348042065,-0.12337323312897504
0.2333333333333333,2846.816138920755,-0.8549080005744784
0.2333333333333333,2842.5681802484132,3.454704161257465
0.2333333333333333,2846.1080138678826,-0.1241759711174263
0.2333333333333333,2847.524066434134,-1.5479647543881072
0.2333333333333333,2846.815699014587,-0.8176660743557623
0.2333333333333333,2832.6738140160455,-0.7896702310965638
0.25,2831.965616878061,-0.08584031649848275
0.2333333333333333,2846.108032109083,-0.1275128377793554
0.25,2831.965240711459,-0.08988627890957046
0.2333333333333333,2846.108202988906,-0.15306995414875604
0.2333333333333333,2846.815997633107,-0.8408922050019143
0.2333333333333333,2843.2761211924185,2.7489465887596736
0.2333333333333333,2820.655589521738,-2.9267500618663003
0.2333333333333333,2846.107729462092,-0.11320178002198744
0.25,2845.4001517566107,0.6238303165266423
0.2333333333333333,2818.5318273420326,-0.8344501889788963
0.2333333333333333,2833.3815629600317,-1.5033393985271728
0.2333333333333333,2834.797472313676,-2.934607079748173
0.2333333333333333,2834.7972297273886,-2.946953647024906
0.25,2831.9660341739705,-0.10331903911678983
0.2333333333333333,2833.381812111269,-1.5280783084307474
0.2333333333333333,2842.568098809207,3.437549388530892
0.2166666666666666,2833.381813049507,-1.5283526170300208
0.2166666666666666,2847.5241183909125,-1.5635084590198896
0.2166666666666666,2831.2579475443986,0.6266830947808997
0.2166666666666666,2848.23207393569,-2.244177935994401
0.2166666666666666,2834.089824094048,-2.220355773066946
0.2166666666666666,2831.257675851548,0.6283102463906386
0.2166666666666666,2832.6738685883897,-0.7923616780948467
0.2166666666666666,2834.0898151109127,-2.210036126488891
0.2166666666666666,2830.549976115164,1.3341790483873395
0.2166666666666666,2819.947658311589,-2.219853795946284
0.2166666666666666,2834.7975403341575,-2.926269906490976
0.2166666666666666,2831.9653823522763,-0.09793872893130466
0.2166666666666666,2834.0895831492953,-2.222451778923247
0.2166666666666666,2843.9838299268927,2.0412239689158076
0.2166666666666666,2842.5682368832204,3.442532319288123
0.2166666666666666,2834.797916910982,-2.93127620025081
0.2166666666666666,2829.134178229871,2.714358386456854
0.2166666666666666,2845.399915470142,0.6321001417390121
0.2333333333333333,2829.842018589332,2.0377081110937696
0.2166666666666666,2834.797496845382,-2.8962575775735235
0.2166666666666666,2843.2761966012245,2.7420609287591766
0.2166666666666666,2832.6737808490234,-0.7918331368146022
0.2166666666666666,2833.3812176240926,-1.5078156470641
0.2166666666666666,2833.3820013264185,-1.5338895963122323
0.2166666666666666,2834.7972051923484,-2.9183003005455896
0.2166666666666666,2834.0899210949137,-2.222234458319329
0.2166666666666666,2830.5500468079067,1.3133526902840733
0.2166666666666666,2842.5681352618158,3.45864477037589
0.2166666666666666,2834.0895588421326,-2.2022483156095554
0.2166666666666666,2834.797925669402,-2.9278690177594093
0.2166666666666666,2832.6739044114065,-0.7886411033428581
0.2166666666666666,2819.2395730100725,-1.5219341719197301
0.2166666666666666,2833.3815798075643,-1.4876405189539277
0.2166666666666666,2847.5239753105957,-1.5347529123384036
0.2166666666666666,2845.3997512448873,0.6255911403456285
0.2166666666666666,2846.816148226129,-0.8581187339672842
0.2166666666666666,2834.7978364312175,-2.915262593948978
0.2166666666666666,2843.2758709357836,2.745637152906876
0.2166666666666666,2829.842163127172,2.01315584100154
0.2166666666666666,2834.7971752233375,-2.924702470350412
0.2166666666666666,2828.4262069570527,3.4172898413864075
0.2166666666666666,2834.0892807259715,-2.237925471531868
0.2166666666666666,2831.258060929912,0.6057754382352966
0.2166666666666666,2829.841456186638,2.018545800553896
0.2166666666666666,2818.5317002364177,-0.8170814905153189
0.2166666666666666,2843.98426008425,2.0292457109533713
0.2166666666666666,2833.3818173520317,-1.4901226700780055
0.2166666666666666,2832.6738813808643,-0.7934942210980048
0.2166666666666666,2844.692076225126,1.340214262137979
0.2166666666666666,2833.3819988774117,-1.5356895358157239
0.2166666666666666,2829.8417267195937,2.036369654210026
0.2166666666666666,2829.841712636284,2.027968292737671
0.2166666666666666,2828.426214489599,3.415150282365319
0.2166666666666666,2819.239797307451,-1.5455865887583304
0.2333333333333333,2829.8421516617254,2.012802646701465
0.2166666666666666,2820.655733281593,-2.954127310556352
0.2166666666666666,2829.1333375923323,2.7377912109442817
0.2166666666666666,2829.8412756658836,2.02289432259156
0.2166666666666666,2834.797778401087,-2.9378022383069187
0.2166666666666666,2842.568377617421,3.410736074908275
0.2166666666666666,2834.797756729894,-2.924867098938254
0.2166666666666666,2834.797893544528,-2.937085833643661
0.2166666666666666,2819.2393831659933,-1.5174117255767772
0.2166666666666666,2846.108002885271,-0.10362594568915556
0.2166666666666666,2832.6740081458693,-0.8164627805177783
0.2166666666666666,2829.842022858954,2.0299403437050487
0.2166666666666666,2848.939605882557,-2.9543838597497745
0.2166666666666666,2829.8420125593993,2.02091121683935
0.2166666666666666,2833.382012024972,-1.5422652215025359
0.2166666666666666,2834.797741092414,-2.912609158342815
0.2166666666666666,2834.0899371722367,-2.23340971050499
0.2166666666666666,2846.1081615965168,-0.1262721010175851
0.2166666666666666,2843.984185416995,2.041582971234681
0.2166666666666666,2829.13400493939,2.733636508287473
0.2166666666666666,2802.265427959488,1.283104797806252
0.2166666666666666,2832.6739625427203,-0.805881662600031
0.2333333333333333,2842.5683008869532,3.442084373724122
0.2166666666666666,2846.108152074953,-0.14361729124440692
0.2166666666666666,2834.089483016468,-2.1988518677691804
0.2166666666666666,2846.107731388645,-0.11128479244359013
0.2166666666666666,2846.8159617892647,-0.8365595291796142
0.2333333333333333,2832.6738276565056,-0.7940472475348168
0.2166666666666666,2843.276104545296,2.7443246950328115
0.2166666666666666,2829.8416756688903,2.0328546166566523
0.2166666666666666,2830.5491159897824,1.3235027257175476
0.2166666666666666,2819.2397863066108,-1.5408766024141658
0.2166666666666666,2819.9477490229315,-2.2458604719480277
0.2166666666666666,2843.2758549137484,2.747861158242041
0.2333333333333333,2832.6738492654313,-0.7902804895922426
0.2166666666666666,2842.5683681391683,3.415062819326979
0.2166666666666666,2831.2579517993167,0.6111310760382463
0.2166666666666666,2833.3819840097503,-1.5280223357384526
0.2166666666666666,2832.673864818349,-0.7948784408301338
0.2166666666666666,2843.2762854714456,2.727033254795198
0.2166666666666666,2828.4257875005555,3.431281057116044
0.2166666666666666,2842.568193557048,3.4310465131694015
0.2333333333333333,2834.797154620904,-2.919434591970554
0.2166666666666666,2818.531699030046,-0.8134298658738252
0.2333333333333333,2834.7974719448184,-2.9003264002177667
0.2166666666666666,2819.9468626649777,-2.2196796499406615
0.2166666666666666,2834.797011584455,-2.912505271357212
0.2166666666666666,2843.275831709164,2.751977532422326
0.2333333333333333,2830.550077410652,1.3127051010868118
0.2166666666666666,2842.568165541826,3.4452893989332574
0.2166666666666666,2834.797745842971,-2.9404304933372147
0.2166666666666666,2817.823431508244,-0.11054479723075185
0.2166666666666666,2831.256584748036,0.6175507754251487
0.2166666666666666,2831.9652936880957,-0.12418925347839942
0.2166666666666666,2845.3999714624283,0.6276525372986732
0.2166666666666666,2846.8158381437297,-0.8298837711339421
0.2166666666666666,2834.7977356603637,-2.9208850161817885
0.2166666666666666,2829.133996216797,2.7296515599690863
0.2166666666666666,2846.1077570947728,-0.12277428058930354
0.2166666666666666,2848.2320511759212,-2.2603213898906804
0.2166666666666666,2832.6737962210727,-0.7956690894255485
0.2333333333333333,2847.5233640169713,-1.5495182351557557
0.2166666666666666,2834.7970331166994,-2.9311044796915
0.2166666666666666,2843.2751674633532,2.7561207112043657
0.2166666666666666,2834.7971311431143,-2.913798539824558
0.2166666666666666,2843.9842112203723,2.026935709180317
0.2166666666666666,2846.815694757235,-0.8239028528411073
0.2333333333333333,2834.7970000113787,-2.906868255877414
0.2166666666666666,2843.2753693919512,2.7526771633930505
0.2333333333333333,2833.3817786499562,-1.4969056741225748
0.2333333333333333,2829.8421238417823,2.0148239735286615
0.2166666666666666,2846.107493779485,-0.12897923304145928
0.2166666666666666,2845.40017250936,0.6238821992787117
0.2166666666666666,2843.984071344638,2.0431931757197175
0.2166666666666666,2845.3999919376347,0.6395238906563959
0.2166666666666666,2843.276248504052,2.7319195787141792
0.2166666666666666,2833.3817782352066,-1.52461507437808
0.2166666666666666,2829.8416632728636,2.020332006728893
0.2166666666666666,2844.6921586419203,1.3225795905306328
0.2333333333333333,2830.5499356377704,1.3257304724271026
0.2166666666666666,2846.107731388645,-0.11128479244359013
0.2166666666666666,2829.133996216797,2.7296515599690863
0.2166666666666666,2833.3811108361397,-1.5071330145876378
0.2166666666666666,2830.549830320507,1.3135502327584716
0.2166666666666666,2846.1080031278184,-0.12024514571412806
0.2166666666666666,2846.816122690436,-0.8457341707561138
0.2166666666666666,2829.841048442935,2.037885905862348
0.2166666666666666,2829.8414156981694,2.019975692430288
0.2166666666666666,2818.5316883812293,-0.822424416772653
0.2166666666666666,2829.842142563107,2.0230192256347537
0.2166666666666666,2847.5240790627277,-1.549410293894785
0.2166666666666666,2830.55008871157,1.3114343908011945
0.2166666666666666,2817.11574842549,0.5875258801036788
0.2166666666666666,2834.7978626595104,-2.922598371575415
0.2166666666666666,2820.655336495857,-2.9301688514853383
0.2166666666666666,2833.3812360630154,-1.5217374060991826
0.2166666666666666,2830.5499705876623,1.3339249017897699
0.2166666666666666,2830.549957579942,1.3272683563729955
0.2166666666666666,2832.6738939547777,-0.7909351138773573
0.2166666666666666,2833.3818260812673,-1.5224187038213268
0.2166666666666666,2831.9656434833378,-0.07167246781472321
0.2166666666666666,2832.673303358723,-0.8032226777747417
0.2166666666666666,2831.2579304369365,0.6191753485684882
0.2333333333333333,2831.966018268346,-0.09886599282543182
0.2166666666666666,2819.9476046076697,-2.2340371606302156
0.2166666666666666,2842.5679140755874,3.4285782511230094
0.2166666666666666,2828.4261495209566,3.4282189939037973
0.2166666666666666,2847.5240739333067,-1.5448625722139013
0.2166666666666666,2830.5499327102775,1.3258701898078902
0.2166666666666666,2832.6732280800024,-0.8054734837360308
0.2166666666666666,2843.9837944254846,2.0469936628884637
0.2166666666666666,2842.5674477834054,3.4574101582827326
0.2166666666666666,2843.2761834908783,2.725516097052075
0.2166666666666666,2829.841981805035,2.0377035319366414
0.2166666666666666,2819.9469277521534,-2.225010289548946
0.2333333333333333,2843.984068469755,2.0438643582436846
0.2166666666666666,2831.2576648641716,0.5943269541017523
0.2166666666666666,2818.531442126169,-0.8118262573233379
0.2166666666666666,2843.275878898862,2.721537423674273
0.2166666666666666,2832.6738630329014,-0.7974295237161791
0.2166666666666666,2843.9838083000013,2.0438084728471564
0.2166666666666666,2832.6738540992433,-0.8198326850233637
0.2166666666666666,2829.1341540080152,2.7133055249586575
0.2333333333333333,2830.5499599386085,1.3297453868972926
0.2333333333333333,2831.258057346694,0.6088719716745519
0.2166666666666666,2845.399913931229,0.6184208340268447
0.2166666666666666,2842.5679827274057,3.4341538734067605
0.2166666666666666,2843.2763201821276,2.7359609720602793
0.2166666666666666,2846.815694847788,-0.8154866927915155
0.2166666666666666,2846.8157406675705,-0.8372221128427008
0.2166666666666666,2842.5682474727914,3.453124843849959
0.2166666666666666,2831.96507208419,-0.08977287447409156
0.2166666666666666,2834.0890696979222,-2.195875119818504
0.2333333333333333,2832.673635578027,-0.7896298788867192
0.2166666666666666,2830.549720671766,1.3358996383843176
0.2166666666666666,2833.3811139166787,-1.4891369903573572
0.2166666666666666,2829.134166180839,2.720188425190427
0.2166666666666666,2829.1337992691497,2.7466667885153684
0.2166666666666666,2829.842133716521,2.022964726369365
0.2333333333333333,2831.2580661932793,0.6089264709399405
0.2166666666666666,2834.7977918647616,-2.930251851575182
0.2166666666666666,2833.38194138306,-1.5372290482497535
0.2166666666666666,2829.1341574582466,2.7162034768720402
0.2166666666666666,2844.692050014894,1.3323920548496124
0.2166666666666666,2848.2320672905184,-2.2642161480964718
0.2166666666666666,2831.9660218654826,-0.09198688223222169
0.2166666666666666,2829.1340130524195,2.730446082767601
0.2166666666666666,2830.5499827155536,1.329667651044302
0.2166666666666666,2843.275433991302,2.7546086510489154
0.2166666666666666,2845.4001781603934,0.634524512873015
0.2166666666666666,2842.568261625384,3.4342860085280087
0.2166666666666666,2829.134195811493,2.7255801645918023
0.2166666666666666,2843.2753772967462,2.7556799643696626
0.2333333333333333,2831.965782519471,-0.08715237584800059
0.2333333333333333,2829.8420262358923,2.036318189289267
0.2166666666666666,2833.381850023389,-1.5087644563021207
0.2166666666666666,2829.8420112408135,2.031244338086763
0.2166666666666666,2842.568259948081,3.4337430003851956
0.2166666666666666,2834.089935162575,-2.2223690915311467
0.2166666666666666,2833.3818608731017,-1.508295779807046
0.2166666666666666,2833.3819988774117,-1.5356895358157239
0.2166666666666666,2829.134081928054,2.7429272758784564
0.2166666666666666,2847.5240817360914,-1.5487159030222553
0.2166666666666666,2831.9653200146427,-0.08916155374761409
0.2166666666666666,2829.841982958903,2.032806893395899
0.2166666666666666,2831.2579106403905,0.6212657024500443
0.2333333333333333,2834.0898881309204,-2.207924566640103
0.2166666666666666,2828.426060633137,3.434718506621637
0.2166666666666666,2819.2389658329153,-1.5121204683241725
0.2166666666666666,2820.655342714782,-2.9283703818490934
0.2166666666666666,2832.6738824262097,-0.8129461217052146
0.2166666666666666,2834.7978761955355,-2.9412473700710025
0.2166666666666666,2834.797914259709,-2.949093848442832
0.2166666666666666,2834.797914259709,-2.949093848442832
0.2166666666666666,2830.5500881632483,1.3073227342095477
0.2166666666666666,2834.089901744851,-2.217596613459536
0.2166666666666666,2843.2763076827773,2.7307244589971766
0.2166666666666666,2843.276287163964,2.739918647125935
0.2166666666666666,2819.9473353146896,-2.223545762626533
0.2166666666666666,2819.9473394303755,-2.2260910663165236
0.2166666666666666,2828.4258038236308,3.4318845902135875
0.2333333333333333,2846.1081808618587,-0.12497328875058007
0.2166666666666666,2819.2393727603453,-1.5216108544540037
0.2166666666666666,2846.8158730899827,-0.8525438411825272
0.2166666666666666,2834.0897562871946,-2.2101355400742593
0.2166666666666666,2828.426208782524,3.4148870563150124
0.2333333333333333,2829.8421262178517,2.015024565643541
0.2166666666666666,2829.133352302434,2.7349501450771827
0.2166666666666666,2843.983795271995,2.0469320619486204
0.2166666666666666,2817.11588488431,0.5771923269752032
0.2166666666666666,2847.523711625906,-1.535171057449736
0.2166666666666666,2830.549942436167,1.3219509683710624
0.2166666666666666,2848.2320793011195,-2.2571524608821734
0.2166666666666666,2845.399728091993,0.6356194796625976
0.2166666666666666,2830.5496803634064,1.3301698832629658
0.2166666666666666,2834.0895495731306,-2.191553301078617
0.2166666666666666,2846.1081877672273,-0.1323016923764645
0.2166666666666666,2831.257681014544,0.6301760120264733
0.2333333333333333,2842.5683712980517,3.436641012667293
0.2166666666666666,2833.3818410811973,-1.4975467298496064
0.2333333333333333,2831.965885954225,-0.08258073764357585
0.2333333333333333,2842.5672135491423,3.463989825089756
0.2166666666666666,2819.2398220982,-1.5308552095770038
0.2166666666666666,2846.816117233447,-0.8329044564880433
0.2166666666666666,2834.089984624274,-2.235820287594212
0.2166666666666666,2834.7979099760664,-2.9178253808738717
0.2166666666666666,2831.965230594922,-0.08079626730905484
0.2166666666666666,2829.8417326717226,2.042421147060952
0.2166666666666666,2819.9478055985887,-2.2305018389748796
0.2166666666666666,2846.1080912978528,-0.11910927667886878
0.2333333333333333,2832.6729953668355,-0.7886440363984365
0.2333333333333333,2847.5239726147333,-1.5492460885273704
0.2333333333333333,2834.7970170678345,-2.912800554026205
0.2166666666666666,2847.5240922133758,-1.5498204027528575
0.2166666666666666,2843.98412934479,2.036900404699903
0.2333333333333333,2832.673305161861,-0.8050358328278252
0.2166666666666666,2846.816158447656,-0.8580940627692446
0.2166666666666666,2834.797736276346,-2.939442829661073
0.2166666666666666,2829.8420199992333,2.034651520578164
0.2166666666666666,2831.257797175154,0.6040478670573163
0.2166666666666666,2846.108067741573,-0.11708384837320411
0.2166666666666666,2842.568174673899,3.446930619589149
0.2166666666666666,2832.673843591224,-0.8000270122878369
0.2166666666666666,2845.4000255707324,0.6296681523100701
0.2166666666666666,2819.947763032726,-2.247003882001401
0.2166666666666666,2831.2576765578524,0.6291210670620427
0.2166666666666666,2817.115898049713,0.5744463840322377
0.2166666666666666,2834.797929925067,-2.950093401548944
0.2166666666666666,2848.2320053053927,-2.2408765653256713
0.2166666666666666,2843.9835193737563,2.038042526775275
0.2166666666666666,2831.9660281655456,-0.13115881420152414
0.2166666666666666,2843.2751521206237,2.7571928671557404
0.2166666666666666,2834.089774655727,-2.2069447038899757
0.2166666666666666,2819.9476675256615,-2.2239156748238487
0.2166666666666666,2842.567514986264,3.4493033905435357
0.2166666666666666,2845.3999151025077,0.6185341220526672
0.2166666666666666,2833.382013149534,-1.534243600551978
0.2166666666666666,2843.276131007959,2.7650887220580644
0.2166666666666666,2842.567520773141,3.459074615785467
0.2166666666666666,2842.567464140905,3.46152737963515
0.2166666666666666,2834.089816448541,-2.2318074398093555
0.2166666666666666,2830.549933730587,1.321698918033056
0.2166666666666666,2828.425773283703,3.4318677714785393
0.2166666666666666,2817.823891668783,-0.12607479265296315
0.2166666666666666,2833.3818415172536,-1.5030095606320415
0.2166666666666666,2833.3818614353445,-1.5254714346511413
0.2166666666666666,2842.568247012181,3.4237487562845423
0.2333333333333333,2833.3818297511734,-1.501954879565931
0.2166666666666666,2817.8238679224473,-0.1328773816300573
0.2166666666666666,2843.27590812149,2.7484962770288304
0.2166666666666666,2832.6738728589685,-0.8105155474099174
0.2166666666666666,2834.797743722013,-2.939007553190902
0.2166666666666666,2830.550018406954,1.3219020910561228
0.2166666666666666,2820.6557584319276,-2.946914511950473
0.2166666666666666,2843.2762854714456,2.727033254795198
0.2166666666666666,2832.6738699813445,-0.7930126751945265
0.2166666666666666,2829.84202429252,2.0237465014093328
0.2333333333333333,2845.4000005448556,0.6380037007852113
0.2166666666666666,2828.426175622685,3.4097066276775534
0.2166666666666666,2831.965643730864,-0.07480785750738889
0.2166666666666666,2832.6735866292192,-0.7883930674494312
0.2166666666666666,2843.9838442424098,2.0525606099857985
0.2166666666666666,2831.9659081481946,-0.08030008802342255
0.2166666666666666,2829.1340485603205,2.7356504417934118
0.2166666666666666,2820.6556417982474,-2.9238584469973588
0.2166666666666666,2834.797895333603,-2.926684098577959
0.2333333333333333,2832.674004141911,-0.8078582695042248
0.2166666666666666,2819.23969886054,-1.510919146222369
0.2166666666666666,2831.2579363656255,0.6269622336562846
0.2166666666666666,2829.8420141116376,2.032590640868703
0.2166666666666666,2818.5317361442194,-0.8059352766885068
0.2166666666666666,2831.9659135995703,-0.10707746915467194
0.2166666666666666,2818.5315106639796,-0.8005380048613289
0.2166666666666666,2829.8420404048506,2.0359189082185964
0.2166666666666666,2833.3818173610184,-1.5041100688537314
0.1999999999999999,2848.2321159066673,-2.2510640872567844
0.2166666666666664,2842.5681468030057,3.4719199245382373
0.1999999999999999,2828.426220533712,3.427066573755395
0.1999999999999999,2848.232119991893,-2.2511438556428427
0.1999999999999999,2843.276173206132,2.7573556564124813
0.1999999999999999,2829.134062564718,2.74249164824649
0.1999999999999999,2818.531446420487,-0.8091767136271091
0.1999999999999999,2833.3818289995,-1.4897575293019518
0.1999999999999999,2834.0895572810837,-2.1912340992149204
0.1999999999999999,2846.108187546647,-0.13516058693840174
0.1999999999999999,2846.108154485855,-0.1305663225524194
0.1999999999999999,2834.0895570043936,-2.195043105877243
0.1999999999999999,2844.6918120521914,1.3463828917437255
0.1999999999999999,2828.4260899284723,3.4400792551316624
0.1999999999999999,2829.1340402946576,2.735559365171879
0.2166666666666666,2842.5684033982657,3.421260637187718
0.1999999999999999,2829.1341832500325,2.722082704221533
0.1999999999999999,2834.089848360227,-2.21992415695156
0.1999999999999999,2829.841753392135,2.0404160680034997
0.1999999999999999,2843.2762088628306,2.7558424233042977
0.2166666666666666,2831.966046676775,-0.09435531354341893
0.1999999999999999,2846.1082147360316,-0.14077629491486923
0.1999999999999999,2829.842050707847,2.0421520924799057
0.1999999999999999,2834.7978163390085,-2.9263235096485225
0.1999999999999999,2834.7977894053543,-2.9119728871167574
0.2166666666666666,2829.8420624124556,2.0442120072628414
0.1999999999999999,2834.797493626454,-2.9021066760402734
0.1999999999999999,2828.426077578337,3.440543234705741
0.2166666666666666,2834.08951779958,-2.19265741235853
0.1999999999999999,2834.089534154256,-2.191213876539729
0.1999999999999999,2834.0897859298575,-2.2034589644392977
0.1999999999999999,2828.4253728362914,3.430448930145873
0.1999999999999999,2843.2759075507265,2.7413468296395287
0.1999999999999999,2832.6738569695913,-0.7859798635514298
0.1999999999999999,2829.84211919277,2.0228155234571927
0.1999999999999999,2818.5318763270793,-0.8200466119590376
0.2166666666666666,2831.258075202035,0.6072213734990425
0.1999999999999999,2831.9659443717287,-0.11124390519018926
0.1999999999999999,2834.089936550585,-2.2122920124083176
0.1999999999999999,2831.965893500374,-0.093513226030507
0.1999999999999999,2831.257930786501,0.6271319561499201
0.1999999999999999,2842.5682778331516,3.4590412643526007
0.1999999999999999,2843.2761617544656,2.7585227334341678
0.1999999999999999,2834.0899214859814,-2.212203806847211
0.1999999999999999,2834.7978064046524,-2.9311920732894343
0.1999999999999999,2834.0898311349088,-2.225694404031241
0.1999999999999999,2843.276179954826,2.743487265571406
0.1999999999999999,2832.6736098658503,-0.7836220480875601
0.1999999999999999,2833.3815570104375,-1.5182698309391869
0.1999999999999999,2834.7978924695594,-2.915871954947893
0.1999999999999999,2842.567992370888,3.435893253755207
0.1999999999999999,2834.797922902505,-2.920737765846005
0.1999999999999999,2843.2758951857895,2.760247243476474
0.1999999999999999,2842.5679287872867,3.460037456561305
0.1999999999999999,2834.797507844679,-2.91183247419786
0.1999999999999999,2856.7102381704753,3.423398034098084
0.1999999999999999,2829.8421582955007,2.0210752248809363
0.1999999999999999,2834.7978337705467,-2.9144224913671795
0.1999999999999999,2819.239798146049,-1.5375878413057553
0.1999999999999999,2831.257685480124,0.6290489189419385
0.1999999999999999,2843.2759414925167,2.7337172382096924
0.1999999999999999,2843.2758922172206,2.753587112659626
0.1999999999999999,2843.2761678081974,2.75092644427254
0.1999999999999999,2846.8157313280676,-0.8152252480261869
0.2166666666666666,2831.9659056790574,-0.08886091814696502
0.1999999999999999,2819.947660762003,-2.224519955630308
0.2166666666666666,2842.568364109476,3.4117121363709506
0.1999999999999999,2843.2758971606067,2.729390755249052
0.2166666666666664,2848.2320506266756,-2.2573924255578577
0.1999999999999999,2856.7104793235867,3.387927790896741
0.1999999999999999,2842.5682512946814,3.4308854109903812
0.1999999999999999,2831.9658848504328,-0.09319484885771796
0.1999999999999999,2831.2580837281416,0.6111074858134397
0.1999999999999999,2833.3820115772514,-1.5342370155982044
0.2166666666666666,2831.966042737717,-0.09000232532224735
0.2166666666666666,2834.7977502550566,-2.9036427486500447
0.1999999999999999,2829.84215832441,2.019321572457405
0.1999999999999999,2834.089571052973,-2.2246696470090903
0.1999999999999999,2842.5683713963704,3.430795179018755
0.1999999999999999,2834.089576045554,-2.2212794520033405
0.1999999999999999,2834.089150146831,-2.200225075442369
0.1999999999999999,2834.0898051171243,-2.233738863393774
0.1999999999999999,2842.568334802534,3.410947628481064
0.1999999999999999,2846.108048965857,-0.11792501262134746
0.2166666666666666,2834.797648543814,-2.934515695088966
0.2166666666666666,2846.815993074186,-0.8302261556074487
0.1999999999999999,2830.5500992472707,1.306833478892403
0.1999999999999999,2842.568175661216,3.447475812091308
0.1999999999999999,2817.115760617061,0.5882751611132543
0.1999999999999999,2843.983977544323,2.0293955549381293
0.1999999999999999,2842.568334802534,3.410947628481064
0.2166666666666666,2843.276179122435,2.743980562394529
0.1999999999999999,2831.9658959597955,-0.09149693461662625
0.1999999999999999,2817.823864053784,-0.1295120664412271
0.1999999999999999,2834.0898039750514,-2.22051912951731
0.1999999999999999,2847.5239604542503,-1.5237925136540629
0.1999999999999999,2842.568314936615,3.4341338098519385
0.1999999999999999,2830.549681183947,1.3125860881858555
0.1999999999999999,2843.984225074483,2.024793821668392
0.1999999999999999,2846.815726668512,-0.8210500603942056
0.1999999999999999,2842.5681763312205,3.456907442811631
0.1999999999999999,2843.27584882267,2.743878067426432
0.1999999999999999,2843.275435219887,2.749816676885876
0.1999999999999999,2834.0897655465606,-2.2147821730317334
0.2166666666666666,2842.568387171255,3.4111395801411777
0.1999999999999999,2834.089915833588,-2.2285731947284946
0.2166666666666666,2831.2572599678106,0.6167973145795017
0.1999999999999999,2846.1077214827155,-0.11496104116792978
0.1999999999999999,2833.3818066452623,-1.4973414572885362
0.1999999999999999,2843.2744007416513,2.756037008285401
0.1999999999999999,2819.9476119539704,-2.2230801695993936
0.1999999999999999,2847.5239472446797,-1.5477514095923555
0.1999999999999999,2829.1341733670506,2.7106539007795742
0.1999999999999999,2846.816174589259,-0.8386096200619162
0.1999999999999999,2834.0897665810817,-2.223250976807674
0.1999999999999999,2831.2579375146342,0.6145021509634344
0.1999999999999999,2846.8157522159217,-0.8300757890654517
0.1999999999999999,2848.2319109525743,-2.2539508055308293
0.1999999999999999,2843.2754579876078,2.7531527822629625
0.2166666666666664,2846.8157285272728,-0.8410946858444579
0.1999999999999999,2846.815980649466,-0.809937922515293
0.1999999999999999,2846.108140721441,-0.13045088534806026
0.1999999999999999,2819.239789488941,-1.5434699032352246
0.1999999999999999,2834.0897659576844,-2.207866334953453
0.1999999999999999,2848.9393495903337,-2.971340056476723
0.1999999999999999,2845.3997323221483,0.63693504735152
0.1999999999999999,2844.6920715944334,1.3415388458975035
0.1999999999999999,2847.5239795339558,-1.5540214703523718
0.1999999999999999,2834.0898316798994,-2.2299490333994587
0.1999999999999999,2834.7978785499085,-2.9335570642621294
0.1999999999999999,2843.984247901802,2.0220265117631255
0.1999999999999999,2834.7975351886553,-2.9341931615111427
0.1999999999999999,2832.672927932327,-0.7933443024566655
0.1999999999999999,2848.23207976024,-2.259302553307048
0.1999999999999999,2842.5682284989266,3.435798929408488
0.1999999999999999,2843.2763194986296,2.7286684814207227
0.1999999999999999,2834.089959574318,-2.2444346520942773
0.1999999999999999,2846.815744495952,-0.8227387575167232
0.1999999999999999,2842.56820589992,3.4534237094621063
0.1999999999999999,2845.3998915852344,0.6163769264311681
0.1999999999999999,2834.7978332801936,-2.918829299186139
0.1999999999999999,2848.2320465398006,-2.2680097238320434
0.1999999999999999,2819.9476259182215,-2.2261658395837234
0.1999999999999999,2829.841973578063,2.016436302866725
0.1999999999999999,2843.275878510053,2.74846716958265
0.1999999999999999,2834.089951626669,-2.2439595370079353
0.2166666666666664,2832.6728818601364,-0.7837670761936955
0.1999999999999999,2818.531695403871,-0.8194023940799358
0.1999999999999999,2830.54897049401,1.3304926414370555
0.1999999999999999,2845.3999910376433,0.6376845074453863
0.1999999999999999,2842.567485548721,3.4582512165638217
0.1999999999999999,2832.6735698891684,-0.8011433511584478
0.1999999999999999,2831.9660217500596,-0.0954239579616608
0.1999999999999999,2829.1340488617666,2.7400185824590912
0.1999999999999999,2820.6548465876585,-2.9257068057503717
0.1999999999999999,2833.3818297854177,-1.5016063792668992
0.1999999999999999,2829.8421336010983,2.019527650639698
0.1999999999999999,2843.276179407441,2.7275630097729096
0.1999999999999999,2833.381856668824,-1.5230194210253616
0.1999999999999999,2832.67400362953,-0.8072151172370277
0.1999999999999999,2817.8234636348493,-0.10904445272210712
0.1999999999999999,2830.550094070945,1.315027903486676
0.1999999999999999,2834.797005867815,-2.900663651334766
0.1999999999999999,2830.54997384674,1.331370361920104
0.1999999999999999,2842.5683398498254,3.4419593410327707
0.1999999999999999,2834.0899383502565,-2.2277316810269205
0.1999999999999999,2843.275919143893,2.742398588326264
0.1999999999999999,2816.407794123599,1.2959302458794564
0.1999999999999999,2848.2319403426627,-2.2359072028955165
0.1999999999999999,2848.2319310090315,-2.2230138462138527
0.1999999999999999,2815.699575483372,2.009897253605753
0.1999999999999999,2831.965183007641,-0.08543080846535413
0.1999999999999999,2834.0890537800624,-2.2114714536040077
0.1999999999999999,2828.426026297729,3.4255950113027778
0.1999999999999999,2819.9476224982714,-2.231942205920565
0.2166666666666666,2834.796415278728,-2.9107766737560734
0.2166666666666666,2830.5499697117825,1.3302604192045335
0.1999999999999999,2843.2762730048426,2.7404212226631293
0.2166666666666664,2834.7978111467864,-2.91080665385773
0.1999999999999999,2830.5499589404917,1.327159151247005
0.1999999999999999,2847.5240899487458,-1.5499814437610455
0.1999999999999999,2830.5500129460615,1.3245929205698612
0.1999999999999999,2834.089145260464,-2.20672877580388
0.1999999999999999,2843.9833370509236,2.0512677544454014
0.1999999999999999,2832.6738621529516,-0.7880642781421249
0.1999999999999999,2831.257644232854,0.6247520766644318
0.1999999999999999,2834.089780031029,-2.1996598019660185
0.1999999999999999,2831.966021311371,-0.09918225589043775
0.1999999999999999,2829.841997076977,2.02751307793429
0.1999999999999999,2829.84198957937,2.0341264738583464
0.1999999999999999,2828.426049033308,3.4280037642025603
0.1999999999999999,2831.9658988167976,-0.08798108213219727
0.1999999999999999,2833.381870122299,-1.521693010717012
0.1999999999999999,2832.6738618263194,-0.7887035717530272
0.1999999999999999,2829.842003733106,2.030243415236927
0.1999999999999999,2831.257212927201,0.6287544592235995
0.1999999999999999,2843.275910000768,2.733573590962741
0.1999999999999999,2848.2320830268623,-2.2634905142374424
0.1999999999999999,2843.2762337457743,2.7508081108632543
0.1999999999999999,2846.81598319823,-0.8313489497399198
0.1999999999999999,2848.2305825765516,-2.245052709628914
0.1999999999999999,2843.276161262547,2.7490095664576324
0.1999999999999999,2831.2580585950504,0.6058016136434244
0.1999999999999999,2846.108140549117,-0.11600078754812874
0.1999999999999999,2847.5241329792957,-1.5588891281069277
0.1999999999999999,2833.3819778804095,-1.5232319338741254
0.1999999999999999,2830.5499660307973,1.3276379586528346
0.2166666666666666,2831.9659269177537,-0.11184670111508845
0.1999999999999999,2834.0898031941447,-2.213799195037433
0.1999999999999999,2843.2758942009827,2.7475301739221187
0.1999999999999999,2842.5681917488805,3.455397362985555
0.1999999999999999,2843.2761687877505,2.7485262035513642
0.1999999999999999,2829.1341704460892,2.7207532222447837
0.1999999999999999,2848.2313944428283,-2.2585219217318704
0.1999999999999999,2834.089817983645,-2.2263314383069304
0.1999999999999999,2845.399745364569,0.6351678151180763
0.1999999999999999,2834.089778846599,-2.2170687904624984
0.1999999999999999,2847.5240730307337,-1.5453733640489749
0.1999999999999999,2834.0895523122535,-2.2293407310213063
0.1999999999999999,2832.6739822305854,-0.8374008750919418
0.1999999999999999,2842.568376045138,3.4107426598620485
0.1999999999999999,2818.5318505462346,-0.8305711742384804
0.1999999999999999,2834.7978983162743,-2.9383869950850787
0.1999999999999999,2843.983844117291,2.0431121871334557
0.1999999999999999,2829.134165449313,2.7155659001013275
0.1999999999999999,2834.7977839020346,-2.9395784092306023
0.1999999999999999,2834.0898052412226,-2.2034553752117283
0.1999999999999999,2833.3818095327306,-1.4976824968558906
0.1999999999999999,2834.7974966901716,-2.904880093166252
0.1999999999999999,2834.088836751629,-2.2198055836399306
0.2166666666666666,2848.2301688682746,-2.241346319629472
0.1999999999999999,2830.5501067396985,1.3146454200833286
0.1999999999999999,2843.984104220273,2.053641994691339
0.1999999999999999,2830.550082919866,1.312956058315498
0.1999999999999999,2842.568225546304,3.429198805144292
0.1999999999999999,2831.9659174474154,-0.1143918921857894
0.1999999999999999,2830.549939207184,1.322592925166563
0.1999999999999999,2843.2762515569284,2.740901817707773
0.1999999999999999,2834.088993585715,-2.19523429242544
0.1999999999999999,2846.107731102681,-0.1113076659418003
0.1999999999999999,2819.2393732239293,-1.5259854452169084
0.2166666666666666,2834.7977651674423,-2.9081784925858205
0.1999999999999999,2830.5496677543533,1.3201796431286423
0.1999999999999999,2829.8419870393727,2.0309771762966498
0.1999999999999999,2829.8419799234975,2.03310768946903
0.1999999999999999,2829.841327956216,2.0336493625463357
0.1999999999999999,2829.1341869808894,2.7263058749626867
0.1999999999999999,2832.6736366454957,-0.814722621611576
0.1999999999999999,2844.692173781009,1.3209533621881306
0.1999999999999999,2846.816107048449,-0.8414569636016689
0.1999999999999999,2846.816147708877,-0.8477185960980954
0.1999999999999999,2834.7977478174403,-2.919930849802835
0.1999999999999999,2829.8419784306634,2.0309652991896505
0.1999999999999999,2843.9838040707114,2.045757428992512
0.2166666666666666,2843.2761177873163,2.7532530086611557
0.1999999999999999,2843.2762805766733,2.736490608874906
0.1999999999999999,2843.2755978189725,2.737334505924502
0.1999999999999999,2834.0898627384613,-2.2215485973018776
0.1999999999999999,2847.5239512686057,-1.5373200712815713
0.1999999999999999,2829.1341681996155,2.7212373446256235
0.1999999999999999,2831.965597254248,-0.10403250322721676
0.1999999999999999,2842.5678983645707,3.430158732469546
0.1999999999999999,2834.0887210924293,-2.1978799282446544
0.1999999999999999,2819.9476119539704,-2.2230801695993936
0.1999999999999999,2834.089512525779,-2.2020965269099895
0.1999999999999999,2832.6738604096963,-0.7900352086718759
0.1999999999999999,2842.5682922969427,3.4394155780333837
0.1999999999999999,2846.1081498026456,-0.12037097065029143
0.1999999999999999,2834.796750921141,-2.926525041462775
0.1999999999999999,2819.947602886652,-2.23522362356987
0.1999999999999999,2845.4001441986343,0.6228119584353015
0.1999999999999999,2829.842120203545,2.0179399278493597
0.1999999999999999,2830.5499667078566,1.3231683701604506
0.1999999999999999,2843.275841453921,2.738643197112334
0.1999999999999999,2831.9651993681105,-0.08212799466382727
0.1999999999999999,2831.9658651938435,-0.08348519965140092
0.1999999999999999,2830.5496705995943,1.3270325466498438
0.1999999999999999,2843.2762621391985,2.737766586322339
0.1999999999999999,2830.549941146984,1.3259814296557888
0.1999999999999999,2846.108144332128,-0.13647309406780683
0.1999999999999999,2842.567882022443,3.4538763814465723
0.2166666666666666,2817.82372234539,-0.11685363782667248
0.2166666666666666,2831.965219917473,-0.08866932887900825
0.1999999999999999,2834.0890582651386,-2.21068630154192
0.1999999999999999,2848.232035642579,-2.2580586020567983
0.1999999999999999,2832.673898559393,-0.8167636404485384
0.1999999999999999,2829.8417370639518,2.0373642229818265
0.1999999999999999,2831.965886296829,-0.08251893839102756
0.1999999999999999,2820.655596138788,-2.9317609978998
0.1999999999999999,2816.407518274562,1.3005567750054279
0.1999999999999999,2830.549942615968,1.3227253297224333
0.1999999999999999,2832.673898559393,-0.8167636404485384
0.1999999999999999,2848.23200470786,-2.239608702728075
0.1999999999999999,2832.673856321942,-0.790185212594989
0.1999999999999999,2832.6739760673104,-0.7976236978483978
0.1999999999999999,2831.257914549237,0.6240877664424677
0.1999999999999999,2829.134024402137,2.731480280945801
0.2166666666666666,2830.5499658276017,1.33099353821177
0.1999999999999999,2831.2576579850347,0.6282219064761047
0.1999999999999999,2831.965881859546,-0.08622407377955912
0.1999999999999999,2843.2760096130896,2.7385631339917045
0.1999999999999999,2844.6917524736477,1.3317584085565628
0.1999999999999999,2832.6728754871515,-0.7908475590479098
0.1999999999999999,2843.2754587415848,2.729235852483991
0.1999999999999999,2832.673953433554,-0.813719131741789
0.1999999999999999,2829.841990774242,2.032413990375138
0.2166666666666666,2846.1077392487923,-0.13148071650527013
0.1999999999999999,2844.692199509625,1.3252620193928082
0.1999999999999999,2834.797722810912,-2.910793625726507
0.1999999999999999,2842.567838388887,3.4647658115745172
0.1999999999999999,2834.7978910162337,-2.936152124120394
0.1999999999999999,2831.2571797902337,0.6197451067516567
0.1999999999999999,2834.089928299913,-2.2311682545865317
0.1999999999999999,2845.4000312812304,0.6398437073624207
0.1999999999999999,2831.96588274575,-0.07962714693826843
0.1999999999999999,2831.9660584750304,-0.12484990644639438
0.2166666666666666,2843.9840686002453,2.0424876693550202
0.2166666666666666,2831.96587153362,-0.08718074781421765
0.1999999999999999,2843.276151998084,2.7489990458293505
0.2166666666666664,2843.275544847307,2.7448268009361687
0.1999999999999999,2843.9840945297337,2.038740465857588
0.1999999999999999,2834.7979126874266,-2.9490872634890586
0.2166666666666666,2833.3815402461323,-1.5052621748390673
0.1999999999999999,2834.0899431737603,-2.2426994669611364
0.1999999999999999,2843.2761113839906,2.7428639834542095
0.1999999999999999,2842.5683687450974,3.4129775308267334
0.1999999999999999,2845.399725965829,0.6357508242992039
0.1999999999999999,2829.8414469247027,2.020150937761124
0.1999999999999999,2819.9476360436333,-2.223662365204996
0.1999999999999999,2843.9840706738537,2.0406702412731352
0.1999999999999999,2829.1334794713443,2.72350418438443
0.1999999999999999,2847.523971944066,-1.5352532053821044
0.1999999999999999,2834.7979126874266,-2.9490872634890586
0.1999999999999999,2833.3819872547856,-1.5391195244215614
0.1999999999999999,2834.7977549037932,-2.934349846342265
0.1999999999999999,2833.3819677886854,-1.5373331140239264
0.1999999999999999,2829.134159035477,2.724397697907303
0.1999999999999999,2845.4001552475884,0.5974857757832521
0.1999999999999999,2843.2755506320273,2.7413017756073805
0.1999999999999999,2831.25765082975,0.6279937735617603
0.1999999999999999,2834.0897200030104,-2.2061602725206173
0.1999999999999999,2843.9841025998676,2.042676651432446
0.1999999999999999,2844.69204662145,1.3286113243301927
0.1999999999999999,2831.2579210050258,0.6282907453749899
0.1999999999999999,2832.6731566091103,-0.7906828451894078
0.1999999999999999,2843.9838383477486,2.04361470547257
0.1999999999999999,2801.55751081041,1.9947111025748834
0.1999999999999999,2834.797924097119,-2.927862432805636
0.1999999999999999,2832.673862295074,-0.7815939264091906
0.1999999999999999,2847.524112979288,-1.5451283260058988
0.1999999999999999,2846.1078150686753,-0.11706772285200233
0.1999999999999999,2829.134042287065,2.729566006768084
0.1999999999999999,2820.6556438732086,-2.927684706546407
0.1999999999999999,2842.568220236559,3.435028973527916
0.1999999999999999,2834.089808869301,-2.210085892805891
0.1999999999999999,2830.5501242173623,1.3177505080694427
0.1999999999999999,2830.5499857485124,1.3340973610571236
0.1999999999999999,2820.6556197109426,-2.9230442454911785
0.1999999999999999,2846.1082102477126,-0.1166363451156615
0.1999999999999999,2832.6736315717526,-0.785075366809746
0.1999999999999999,2832.673621109308,-0.7795363854030858
0.1999999999999999,2847.523701373457,-1.513652330204528
0.1999999999999999,2819.2394442369637,-1.5050088967130024
0.1999999999999999,2843.275855355887,2.77651215471274
0.1999999999999999,2831.2576654384457,0.6298995650508087
0.1999999999999999,2833.3818403452337,-1.4938395017177812
0.1999999999999999,2846.8161576195325,-0.8258611921975135
0.1999999999999999,2834.7977728519104,-2.901402161117243
0.1999999999999999,2842.567948977463,3.434788111024683
0.1999999999999999,2829.8417291146966,2.029424569248215
0.1999999999999999,2819.9478017597203,-2.230014351026762
0.1999999999999999,2832.6739029737146,-0.7860992351549267
0.2166666666666664,2842.5678882413968,3.4646979568164755
0.1999999999999999,2842.5682407911304,3.4438078603950224
0.1999999999999999,2842.568393067563,3.4178600396500904
0.1999999999999999,2846.107811241802,-0.11885014241603777
0.1999999999999999,2843.276114911378,2.765084964232581
0.1999999999999999,2828.426220533712,3.427066573755395
0.1833333333333333,2834.089815541809,-2.1978720085917676
0.1833333333333333,2842.568341392579,3.4342535500925946
0.1833333333333333,2847.5241290805684,-1.5490613045261912
0.1833333333333333,2834.797771711052,-2.903592753231388
0.1833333333333333,2831.965952272294,-0.10673779965490311
0.1999999999999999,2845.399287240198,0.6459834694367548
0.1999999999999999,2842.5683713963704,3.430795179018755
0.1833333333333333,2842.568214232024,3.45910851615779
0.1833333333333333,2845.399740765549,0.6358438767450948
0.1833333333333333,2843.983846219819,2.048942459460842
0.1833333333333333,2843.9841051703825,2.0475434063925015
0.1833333333333333,2833.3815546802507,-1.5188258992451553
0.1999999999999999,2845.399751044283,0.6349499833080579
0.1833333333333333,2831.965942675702,-0.11123351859627391
0.1833333333333333,2846.108018875894,-0.11426984371628729
0.1999999999999999,2834.0899214859814,-2.212203806847211
0.1833333333333333,2817.8237371186297,-0.115556236590398
0.1833333333333333,2843.275513043371,2.7558265696923976
0.1833333333333333,2832.6738220786415,-0.7886340557555752
0.1833333333333333,2834.0898863077314,-2.2434094049011835
0.1833333333333333,2831.9657746504768,-0.08686155261719865
0.1833333333333333,2846.8160168126537,-0.8361165571862669
0.1833333333333333,2843.984099674031,2.0392973877452745
0.1999999999999999,2846.1077272684515,-0.11750500779609285
0.1833333333333333,2831.2576722333138,0.6192764130291706
0.1833333333333333,2848.231953747438,-2.2561365411750938
0.1833333333333333,2833.3819452987573,-1.5214726396715266
0.1999999999999999,2820.6556176312097,-2.929813402455716
0.1999999999999999,2831.9657777970815,-0.10044835626726215
0.1999999999999999,2820.654779100715,-2.9446537198633926
0.1999999999999999,2843.2758930543273,2.7552558623114516
0.1999999999999999,2819.947791876739,-2.2414431544687208
0.1833333333333333,2842.5682008994213,3.4545402844118214
0.1999999999999999,2831.2580694961375,0.5997100503374523
0.1999999999999999,2831.9657623402622,-0.10169002167512278
0.1833333333333333,2847.524126958906,-1.5544663591852574
0.1999999999999999,2834.089765046935,-2.202828650995669
0.1833333333333333,2829.8419962806606,2.028517577653746
0.1833333333333333,2831.257661082494,0.6239542651110113
0.1833333333333333,2829.1340318526145,2.7368256763307715
0.1833333333333333,2845.400033073148,0.6280224368827004
0.1833333333333333,2844.691906750055,1.3243160220421502
0.1833333333333333,2830.5499764499523,1.323179258695835
0.1999999999999999,2829.8414506652343,2.012494603427078
0.1833333333333333,2834.08994980179,-2.2342969801200443
0.1833333333333333,2833.381812305856,-1.5283689422445947
0.1833333333333333,2846.108023545551,-0.12587294850362576
0.1833333333333333,2856.710467371246,3.3956743703667356
0.1833333333333333,2832.6738978763183,-0.8222353425454556
0.1833333333333333,2832.673171920825,-0.7955605532495956
0.1833333333333333,2845.4001554161505,0.6076457305408889
0.1833333333333333,2843.2761544536106,2.7408451678315306
0.1833333333333333,2842.5679323167415,3.4586428121495723
0.1833333333333333,2847.524086750522,-1.548143665959594
0.1833333333333333,2848.232071445491,-2.2576759485719045
0.1833333333333333,2846.1081238018314,-0.12070869902803881
0.1833333333333333,2830.5492373413017,1.3277273981670636
0.1833333333333333,2833.3818300163875,-1.524336554695575
0.1833333333333333,2843.276107383444,2.744647767957214
0.1999999999999999,2818.531845887139,-0.8264026364843405
0.1833333333333333,2818.5318134622435,-0.8355756873040056
0.1833333333333333,2834.7974411225314,-2.903338964550274
0.1833333333333333,2843.2753794751916,2.7499737646029287
0.1833333333333333,2831.9656138939063,-0.07667247326347638
0.1999999999999999,2832.6738133535027,-0.7911211765711786
0.1833333333333333,2847.5240794243055,-1.5466275282666264
0.1999999999999999,2842.568169127891,3.45612049387059
0.1833333333333333,2846.8159473845417,-0.8189833421921042
0.1833333333333333,2832.67284902461,-0.7905070358940524
0.1833333333333333,2834.797889320207,-2.9361417375264782
0.1833333333333333,2834.7979109914,-2.949076876895143
0.1999999999999999,2829.841726067806,2.033656286574259
0.1833333333333333,2848.232072240651,-2.25499090363219
0.1833333333333333,2842.568223090315,3.4253930337392813
0.1833333333333333,2833.381116608298,-1.501100444007469
0.1833333333333333,2819.2393702970203,-1.5279419855045735
0.1833333333333333,2846.1081400478647,-0.11695784599508174
0.1833333333333333,2846.816006521066,-0.8240673083038165
0.1833333333333333,2820.655749579381,-2.9460631456618587
0.1833333333333333,2820.6556527311864,-2.9330844684821415
0.1833333333333333,2819.239641679036,-1.5275085325680966
0.1833333333333333,2829.1333361954316,2.7459484477995613
0.1833333333333333,2833.381844243892,-1.5242572108448178
0.1833333333333333,2832.6738788836824,-0.8217201519751517
0.1833333333333333,2847.523955808499,-1.5394954618896841
0.1833333333333333,2843.275890903404,2.732319939081743
0.1833333333333333,2830.55008050344,1.313276465524462
0.1999999999999999,2843.9841039028797,2.0423255384616983
0.1833333333333333,2846.1077361802986,-0.110744929926219
0.1833333333333333,2843.9839315637455,2.0224933297742167
0.1833333333333333,2834.7977315919616,-2.9219894094160654
0.1999999999999999,2842.56824593995,3.4506152205716356
0.1833333333333333,2844.6919221754683,1.330518392362275
0.1833333333333333,2834.797442020936,-2.931928935344456
0.1999999999999999,2830.549925790695,1.324179067008944
0.1833333333333333,2846.816131360418,-0.8446759341186995
0.1833333333333333,2833.3817930103455,-1.4977150788087996
0.1999999999999999,2842.5683481782617,3.4161286696128013
0.1833333333333333,2846.8156995893773,-0.8376152194609051
0.1833333333333333,2834.089776748964,-2.217666930977922
0.1833333333333333,2831.257897643795,0.6158563421706562
0.1833333333333333,2817.1158880270864,0.578382149489992
0.1999999999999999,2848.2320584370646,-2.2622529818538513
0.1833333333333333,2842.568161077558,3.4498180924887505
0.1833333333333333,2831.257915608466,0.62307787420715
0.1833333333333333,2833.381853507939,-1.5212859253493127
0.1833333333333333,2831.9659941488285,-0.0994908607584887
0.1833333333333333,2843.2759045587363,2.731904229987527
0.1833333333333333,2843.275838916768,2.7494187660903675
0.1833333333333333,2843.2761178340706,2.735339834967955
0.1999999999999999,2820.65571199088,-2.9490500953052803
0.1999999999999999,2829.1338912300203,2.7227819662636277
0.1833333333333333,2830.5499551409926,1.3264882918624272
0.1833333333333333,2843.2758553272024,2.749605221088042
0.1833333333333333,2845.399980940059,0.6324505235426622
0.1833333333333333,2843.983934449389,2.0308823998041072
0.1833333333333333,2831.2579152140183,0.6204733967990371
0.1833333333333333,2834.7978927704385,-2.9332437856130955
0.1833333333333333,2817.8237154371086,-0.11850507862430011
0.1833333333333333,2829.841978293831,2.0301971549068627
0.1833333333333333,2829.842118692742,2.006379927893124
0.1833333333333333,2846.8159674897724,-0.8249916696031538
0.1833333333333333,2845.39972832081,0.6376616175906761
0.1833333333333333,2829.1337124882975,2.726908844959655
0.1833333333333333,2817.115884312382,0.5771465799790102
0.1833333333333333,2843.275341631594,2.730673463995857
0.1833333333333333,2829.8419777772956,2.0372642364053046
0.1833333333333333,2832.6738310347523,-0.7898962003725057
0.1833333333333333,2842.5682157190754,3.4530973145178887
0.1999999999999999,2829.134153619378,2.716690964820158
0.1999999999999999,2834.089630741551,-2.210604566235898
0.1833333333333333,2819.9469485705695,-2.22155098081799
0.1833333333333333,2831.9659278418126,-0.0820622472884104
0.1833333333333333,2842.5681799580957,3.424842101275682
0.1833333333333333,2846.815854857952,-0.8233496340910315
0.1833333333333333,2817.823850745923,-0.13059181777014334
0.1833333333333333,2847.5239847303437,-1.5373514335813248
0.1999999999999999,2831.257643980285,0.6217803631526831
0.1833333333333333,2829.1340336098624,2.7229113022091154
0.1999999999999999,2834.089900613747,-2.2141883637571853
0.1833333333333333,2831.9658669926107,-0.07880953446435694
0.1833333333333333,2829.8421297249574,2.0171012384583706
0.1833333333333333,2833.38152131315,-1.4971205243301826
0.1833333333333333,2831.964941592008,-0.10812118084704787
0.1833333333333333,2829.1337144394565,2.7237259457255734
0.1833333333333333,2817.82372080325,-0.1168402135191075
0.1833333333333333,2832.6738004604913,-0.7974815482233569
0.1833333333333333,2843.2762650198433,2.728750949818648
0.1833333333333333,2845.3999904635107,0.6354366215251971
0.1833333333333333,2820.6556592990373,-2.9522654908212753
0.1833333333333333,2842.5683385941543,3.4266532372949245
0.1833333333333333,2834.7970372701307,-2.922277226319648
0.1833333333333333,2831.257931010178,0.6239173986382077
0.1833333333333333,2830.54999211845,1.3308327214014872
0.1999999999999999,2847.524093292394,-1.5346481698715675
0.1833333333333333,2847.524125420282,-1.5640394521754766
0.1833333333333333,2842.567976101094,3.428694479584463
0.1833333333333333,2833.3819992423773,-1.522762914633214
0.1833333333333333,2834.089063375357,-2.1990723027442534
0.1833333333333333,2842.568212269558,3.442886111449523
0.1999999999999999,2834.7977839020346,-2.9395784092306023
0.1833333333333333,2842.567931344817,3.4297110219044056
0.1833333333333333,2832.673981944621,-0.8374237485899246
0.1999999999999999,2828.426079919486,3.4299903445380675
0.1833333333333333,2828.4261591528943,3.4105651218438764
0.1833333333333333,2834.7970284673797,-2.906142147410447
0.1999999999999999,2829.1341602194902,2.7172295864663862
0.1833333333333333,2831.2571980071903,0.6231502923505786
0.1833333333333333,2844.6920628242747,1.3461519418950372
0.1833333333333333,2842.568217496765,3.4438884494179325
0.1833333333333333,2846.1081568299496,-0.13303858064411492
0.1833333333333333,2814.9916023286305,2.71183419876031
0.1833333333333333,2843.2751902604036,2.74892766227551
0.1833333333333333,2834.797855231506,-2.922664231121849
0.1833333333333333,2829.841277480837,2.0356708558327465
0.1833333333333333,2843.2762998123785,2.7372102794901845
0.1833333333333333,2843.275388126328,2.7542002925812183
0.1833333333333333,2848.2317995583467,-2.248426907142963
0.1833333333333333,2828.4261976801063,3.419379711508964
0.1999999999999999,2844.6920704593667,1.3431012373883555
0.1833333333333333,2842.5681684869564,3.4513209992589067
0.1833333333333333,2829.1340544348595,2.732511922578044
0.1833333333333333,2828.4258286999984,3.438059871102504
0.1833333333333333,2818.5318793129177,-0.8209913095646887
0.1833333333333333,2843.2759115484996,2.7583917238885243
0.1833333333333333,2832.6729257830334,-0.7836375468211175
0.1833333333333333,2830.5501278013307,1.322657573959953
0.1833333333333333,2842.568378458763,3.4342127481040716
0.1833333333333333,2842.5682707006526,3.435751671261185
0.1833333333333333,2834.0896799133143,-2.2041340996284484
0.1833333333333333,2846.108186189608,-0.12708503429044407
0.1833333333333333,2832.6736274305613,-0.7860083466305615
0.1833333333333333,2834.089959684772,-2.2228681766780856
0.1833333333333333,2830.5499944418298,1.3314360883967753
0.1833333333333333,2842.5682330061513,3.4570403627337765
0.1833333333333333,2831.2576345018933,0.6275545432421151
0.1833333333333333,2842.5682366858814,3.4472381194443624
0.1999999999999999,2830.549951113632,1.3227394582467322
0.1833333333333333,2847.5241325490033,-1.5510027172702117
0.1999999999999999,2831.9660190648974,-0.09869813350959791
0.1833333333333333,2834.797217002119,-2.9201675749958107
0.1833333333333333,2848.2313328462365,-2.2496051239114325
0.1833333333333333,2834.089807224926,-2.213247231907454
0.1833333333333333,2844.692069442949,1.3395427073586965
0.1833333333333333,2843.275917268687,2.761520968066798
0.1833333333333333,2834.797782206008,-2.9395680226366867
0.1833333333333333,2843.9841047109558,2.0436764717909752
0.1833333333333333,2833.381834247611,-1.525906617087991
0.1833333333333333,2834.0899555751203,-2.246327878326193
0.1833333333333333,2834.7977835996758,-2.9354222021709493
0.1833333333333333,2843.275858652159,2.744228415195404
0.1833333333333333,2832.673872317961,-0.7945099747937922
0.1833333333333333,2842.5683276596524,3.445843427506707
0.1999999999999999,2834.089780031029,-2.1996598019660185
0.1833333333333333,2829.842143853426,2.019465574445315
0.1833333333333333,2847.524134795477,-1.5514868396510515
0.1833333333333333,2843.27591601461,2.7517270958287536
0.1833333333333333,2834.7974718562505,-2.923351572159985
0.1833333333333333,2843.275884226193,2.7573520585044027
0.1833333333333333,2834.0897038976523,-2.188583481606342
0.1833333333333333,2831.9658977581385,-0.07675785955465177
0.1833333333333333,2828.426066650049,3.432528361236899
0.1833333333333333,2830.5499723254975,1.333209879512845
0.1999999999999999,2834.0898006903503,-2.202535570598508
0.1833333333333333,2818.531680363634,-0.8229054402390167
0.1833333333333333,2848.2320858071625,-2.262319861872915
0.1833333333333333,2845.400016137025,0.6456105529092049
0.1999999999999999,2830.5496819380564,1.3295461944486842
0.1833333333333333,2834.0899605718964,-2.241140556182737
0.1833333333333333,2842.567967607792,3.4628213984125757
0.1833333333333333,2829.8417961073715,2.0377933884413766
0.1833333333333333,2830.550127353815,1.3198189450474394
0.1833333333333333,2847.5241189484645,-1.5385689110509086
0.1999999999999999,2829.8420186376634,2.0331933319929787
0.1833333333333333,2834.797777090156,-2.9118070357959245
0.1999999999999999,2828.426085841947,3.4429561194442737
0.1833333333333333,2834.797792971789,-2.913377983685942
0.1833333333333333,2834.797532159845,-2.9244867668699417
0.1833333333333333,2834.089959684772,-2.2228681766780856
0.1833333333333333,2843.275919841982,2.735251714649986
0.1833333333333333,2843.276327685585,2.740107671456597
0.1833333333333333,2832.6736055258657,-0.7774120663587262
0.1833333333333333,2834.089959684772,-2.2228681766780856
0.1833333333333333,2829.8420233261963,2.0364284187392956
0.1999999999999999,2846.1077782937596,-0.10103367259664905
0.1833333333333333,2847.524131291907,-1.565066895859592
0.1999999999999999,2831.965900230955,-0.09048171857042778
0.1833333333333333,2846.107916293011,-0.1377412679066386
0.1833333333333333,2848.232082055817,-2.265379149793179
0.1833333333333333,2842.5683682683257,3.4143972183718962
0.1833333333333333,2834.797488871311,-2.925386455821479
0.1833333333333333,2847.5239928084484,-1.5434877249022447
0.1833333333333333,2834.7979341893038,-2.952215989022344
0.1833333333333333,2843.9834278080625,2.0496604975544543
0.1833333333333333,2848.2316805378246,-2.2272774631941195
0.1833333333333333,2846.81618737452,-0.839183495925453
0.1999999999999999,2819.239807115198,-1.5441551351542118
0.1999999999999999,2846.816125074998,-0.8233265207322791
0.1833333333333333,2847.5236951215556,-1.5280316618383185
0.1833333333333333,2843.2754504561826,2.750540862874498
0.1833333333333333,2832.6738876458426,-0.8000229735301138
0.1833333333333333,2829.133334748256,2.739027012149405
0.1999999999999999,2819.239663596349,-1.5185774926417481
0.1999999999999999,2833.38196044181,-1.5246366011113481
0.1833333333333333,2818.5313987807986,-0.8221265435544657
0.1833333333333333,2846.815978077036,-0.8303229528149733
0.1833333333333333,2818.5318656575855,-0.8205756004704725
0.1833333333333333,2845.400194526652,0.6170901187661948
0.1833333333333333,2818.5318656575855,-0.8205756004704725
0.1833333333333333,2834.797901617024,-2.933189286347707
0.1999999999999999,2818.5311536921713,-0.822558523610644
0.1833333333333333,2842.568224565661,3.4531518137832773
0.1833333333333333,2829.8405223157206,2.036928982003996
0.1833333333333333,2833.381825902792,-1.5082287486368966
0.1833333333333333,2833.381863163811,-1.5202671409599964
0.1833333333333333,2819.94778396149,-2.236296288768172
0.1833333333333333,2843.2758686977495,2.7608246188651457
0.1833333333333333,2817.1159010514993,0.5754489295944248
0.1833333333333333,2829.1341302345318,2.706816570168587
0.1833333333333333,2846.1077609256354,-0.13272147123618994
0.1833333333333333,2843.984099674031,2.0392973877452745
0.1833333333333333,2818.5318264841403,-0.8345188094730721
0.1833333333333333,2847.524080419399,-1.555316934742222
0.1833333333333333,2819.9477519192974,-2.2484766462672967
0.1833333333333333,2820.655593636538,-2.933164990817029
0.1833333333333333,2846.1081805726994,-0.1394265443343569
0.1833333333333333,2831.9652405178704,-0.11430010385099948
0.1833333333333333,2848.231882153301,-2.217329024276085
0.1833333333333333,2843.275412923556,2.7543940876406907
0.1999999999999999,2845.400043352576,0.6273388407040323
0.1833333333333333,2842.5681939678902,3.4236986912223086
0.1833333333333333,2844.6922027996125,1.3191593277523694
0.1833333333333333,2848.232074523271,-2.2632395907720904
0.1833333333333333,2829.84198028212,2.033036567584427
0.1999999999999999,2843.275851667741,2.761997314785293
0.1833333333333333,2843.2761140217317,2.7723811251716595
0.1833333333333333,2816.4079557507066,1.2897220435491572
0.1833333333333333,2844.691735042647,1.344769146433091
0.1833333333333333,2845.4001262058855,0.608536561759503
0.1833333333333333,2842.5683345165703,3.410924754983081
0.1833333333333333,2848.2320715754736,-2.2543581626983813
0.1833333333333333,2829.134028005792,2.7260144579570182
0.1833333333333333,2831.257949581914,0.6164189534481131
0.1833333333333333,2843.2754211481815,2.7538738998130134
0.1833333333333333,2819.947368383233,-2.2313117814090573
0.1833333333333333,2842.567974359048,3.465857212160925
0.1833333333333333,2843.9842800817755,2.035236154334178
0.1833333333333333,2829.8420229995636,2.0357891251283933
0.1833333333333333,2831.9656897508703,-0.0823738316667378
0.1833333333333333,2834.089807721453,-2.2296583350697428
0.1833333333333333,2833.3818303354233,-1.5016855818627879
0.1833333333333333,2831.2576662464803,0.6221669833432436
0.1833333333333333,2834.0895116376905,-2.204126399268733
0.1833333333333333,2833.3815657523683,-1.5232902745064054
0.1833333333333333,2842.568247088311,3.4233752863940463
0.1833333333333333,2847.5239664513806,-1.5463046022045381
0.1833333333333333,2844.691840471467,1.3443637382500477
0.1833333333333333,2831.9655992476496,-0.07951814713092178
0.1833333333333333,2834.089723773,-2.1831231125680364
0.1999999999999999,2834.797779677466,-2.9066752713816406
0.1833333333333333,2834.08977271343,-2.208169330957287
0.1833333333333333,2831.965272186568,-0.08782106525920785
0.1833333333333333,2845.40012812894,0.610218924696393
0.1833333333333333,2816.4078069851957,1.2893316866946616
0.1833333333333333,2843.2763159294923,2.731735719281165
0.1833333333333333,2847.5237441946892,-1.5389806392589358
0.1833333333333333,2843.9838562381515,2.0496909338801683
0.1833333333333333,2833.3818778997215,-1.519434528378307
0.1833333333333333,2834.7979116174006,-2.9502612337839955
0.1833333333333333,2842.5683913715366,3.417870426244006
0.1833333333333333,2833.3818099971095,-1.503185461423425
0.1833333333333333,2843.2761663161887,2.7545333408405717
0.1833333333333333,2843.2762803619207,2.7147153818514593
0.1833333333333333,2847.5239548031514,-1.5364502324022087
0.1833333333333333,2832.673849589535,-0.8233850727107327
0.1833333333333333,2834.7979099629424,-2.921456985413707
0.1833333333333333,2831.2580817592316,0.6142665219349176
0.1833333333333333,2842.568227768723,3.458472041084404
0.1833333333333333,2834.7979102396325,-2.9176479787513845
0.1833333333333333,2843.275914342927,2.7384875114990277
0.1833333333333333,2843.2762018114245,2.738834377455076
0.1999999999999999,2833.381790488439,-1.4996973298180738
0.1999999999999999,2828.4262099397683,3.418754230860726
0.1833333333333333,2847.5240768825447,-1.5418900836096927
0.1833333333333333,2846.816015655444,-0.8241453747144679
0.1833333333333333,2834.797889320207,-2.9361417375264782
0.1833333333333333,2834.0899409488634,-2.2425768696685404
0.1833333333333333,2830.550097723161,1.3144272056460642
0.1833333333333333,2844.6920440823715,1.3488134263096232
0.1833333333333333,2842.5681113943274,3.4660892983213563
0.1999999999999999,2842.567948923883,3.4344585271203254
0.1833333333333333,2834.089948275079,-2.244093007361508
0.1833333333333333,2833.381985558759,-1.5391091378276462
0.1999999999999999,2834.797058837234,-2.9019606240043765
0.1999999999999999,2834.7967250241995,-2.902830956646277
0.1833333333333333,2834.0899409488634,-2.2425768696685404
0.1833333333333333,2832.673193060646,-0.7951237822957667
0.1833333333333333,2845.4001703011977,0.6153776673783354
0.1833333333333333,2829.8420241503013,2.0417553512840763
0.1833333333333333,2834.089839583083,-2.2227779447064595
0.1833333333333333,2844.691752187684,1.3317355350583526
0.1833333333333333,2846.8159902264792,-0.8360510242809226
0.1833333333333333,2843.275858782687,2.726232584719493
0.1999999999999999,2834.797159293011,-2.9202797513973344
0.1833333333333333,2848.9399935451042,-2.971413112019369
0.1833333333333333,2834.0895670233112,-2.2197529277166845
0.1833333333333333,2843.2761995843202,2.7539070085563235
0.1833333333333333,2843.2759558398393,2.7308279898386427
0.1833333333333333,2842.566764433381,3.460554943042756
0.1833333333333333,2843.276198131694,2.74863662074449
0.1833333333333333,2819.9476340260107,-2.2271006627005834
0.1833333333333333,2846.10824171036,-0.11543073078992176
0.1833333333333333,2834.089981355965,-2.2358033160467503
0.1666666666666666,2819.9473559252806,-2.236087840663619
0.1666666666666666,2843.2763000465948,2.7319915937331407
0.1666666666666666,2834.79779702697,-2.940114024831496
0.1666666666666666,2834.7977817461565,-2.9354069771259446
0.1666666666666666,2834.7975157412466,-2.9332633087097064
0.1666666666666666,2848.2318868986495,-2.2243869880707776
0.1666666666666666,2834.7977844658903,-2.9333602420081073
0.1666666666666666,2830.5500993155856,1.3125146247251185
0.1666666666666666,2831.2579165210486,0.615164563240486
0.1666666666666666,2833.3817821551047,-1.516721416013877
0.1666666666666666,2834.7977600749637,-2.92247183775728
0.1666666666666666,2834.7975181899037,-2.9333550896863243
0.1666666666666666,2834.089841906639,-2.234692356647906
0.1666666666666666,2842.568372495592,3.410768271500969
0.1666666666666666,2830.5499413709695,1.317179643466178
0.1666666666666666,2820.6556166575533,-2.9350574224503347
0.1666666666666666,2828.42619763727,3.420307940749725
0.1666666666666666,2848.232100378315,-2.259496154091593
0.1666666666666666,2832.673586852221,-0.8174250373082376
0.1666666666666666,2846.816163644995,-0.820370486297728
0.1666666666666666,2834.797492347864,-2.927322430287302
0.1666666666666666,2834.7977819910884,-2.9131753894538135
0.1666666666666666,2832.673999716037,-0.7990707141735504
0.1666666666666666,2819.2394030919418,-1.5196751676877984
0.1666666666666666,2829.842011040822,2.0385894763274837
0.1666666666666666,2843.2761665993976,2.7480580073791625
0.1666666666666666,2831.965913782208,-0.07648689296674557
0.1666666666666666,2833.381863112402,-1.4947831554775575
0.1666666666666666,2843.2762087163246,2.7422567849914814
0.1666666666666666,2843.2763276905894,2.7406950972414905
0.1666666666666666,2842.568297092799,3.450715476516564
0.1666666666666666,2834.0897964761516,-2.1967278363298783
0.1666666666666666,2830.5501177788706,1.3190067835752006
0.1666666666666666,2830.5501177788706,1.3190067835752006
0.1666666666666666,2832.672938331768,-0.7821413424495969
0.1666666666666666,2847.5230605945108,-1.5136966749668557
0.1666666666666666,2834.7977750949613,-2.905009206537011
0.1666666666666666,2831.965642189244,-0.08221694490124516
0.1666666666666666,2829.842029022145,2.0338743866658575
0.1666666666666666,2833.3818145861524,-1.4993572470119831
0.1666666666666666,2833.381523503677,-1.4804903076385996
0.1666666666666666,2830.549982470056,1.3310935227210439
0.1666666666666666,2842.5679722288387,3.462063430543607
0.1666666666666666,2834.7979038379085,-2.9295952533214815
0.1666666666666666,2834.797879106579,-2.9174295052665378
0.1666666666666666,2834.7979117891537,-2.9312440036581164
0.1666666666666666,2816.4079554647424,1.2896991700511744
0.1666666666666666,2820.655071097106,-2.944020584582387
0.1666666666666666,2818.531698665393,-0.8245486734608796
0.1833333333333333,2834.797514180492,-2.930674915243836
0.1666666666666666,2843.2761418781192,2.7515196481934288
0.1666666666666666,2846.815717303772,-0.8405412710802612
0.1666666666666666,2833.3819910052803,-1.5413287837473262
0.1666666666666666,2817.8237451906944,-0.10571605894674087
0.1666666666666666,2845.4001114054186,0.614210266175021
0.1666666666666666,2829.8421264791295,2.017389505584656
0.1666666666666666,2834.7964287046507,-2.915534417050703
0.1666666666666666,2830.5500947483283,1.3141536658200539
0.1666666666666666,2829.842009920264,2.037644001309055
0.1666666666666666,2848.2319530723353,-2.2381422473038435
0.1666666666666666,2831.9660139691746,-0.09893996239506236
0.1666666666666666,2834.7977168723414,-2.915756096102439
0.1666666666666666,2831.9656631953076,-0.11033918552723201
0.1666666666666666,2846.8158512763284,-0.8246324741217531
0.1666666666666666,2831.2580500552504,0.6076668895160354
0.1666666666666666,2817.823881803024,-0.1218177889355453
0.1666666666666666,2820.65498855458,-2.938885366273081
0.1666666666666666,2834.7971904277492,-2.9216444323295785
0.1666666666666666,2831.2573523074047,0.6097629726209267
0.1666666666666666,2820.655756346094,-2.945759645995757
0.1666666666666666,2842.5679065338377,3.45704286753121
0.1666666666666666,2828.425783580964,3.4365224767265725
0.1666666666666666,2834.7979214346974,-2.946109200671367
0.1666666666666666,2842.568215213871,3.4539716816743367
0.1666666666666666,2845.399516624561,0.6257192959054202
0.1666666666666666,2828.4260664003464,3.436122412260324
0.1666666666666666,2829.8421280666867,2.0155275238256842
0.1666666666666666,2819.2398168915374,-1.5307667436139534
0.1666666666666666,2834.7975910683563,-2.9189620262149627
0.1666666666666666,2831.257935895668,0.6281746160798963
0.1666666666666666,2843.2761757735066,2.750814395850688
0.1666666666666666,2844.691820629864,1.344555875496476
0.1666666666666666,2848.2321073656294,-2.2511679708612915
0.1666666666666666,2831.257985186979,0.5966297503309534
0.1666666666666666,2843.2762987581664,2.7324319224708087
0.1666666666666666,2843.2759286353967,2.7535805975417262
0.1666666666666666,2820.655625428817,-2.925341901203723
0.1666666666666666,2832.67356527967,-0.7930426847050401
0.1666666666666666,2834.7979083861132,-2.9176327537063798
0.1666666666666666,2843.275889626422,2.762783480324286
0.1666666666666666,2817.823742566782,-0.11208678067533868
0.1666666666666666,2828.4261880183158,3.4159873099854634
0.1666666666666666,2845.3997661581825,0.6423120548446618
0.1666666666666666,2832.673852429037,-0.7884226711449548
0.1666666666666666,2833.381863288642,-1.5210358410586422
0.1666666666666666,2842.568377492368,3.415955593644425
0.1833333333333333,2832.673109196406,-0.7895574663611578
0.1666666666666666,2846.108167438022,-0.11655900610427095
0.1666666666666666,2831.9659274107526,-0.11264724143554752
0.1666666666666666,2843.984097408603,2.05212317937768
0.1666666666666666,2828.4260829744617,3.430779210845813
0.1666666666666666,2834.089927391312,-2.2292089761583838
0.1666666666666666,2830.550081127135,1.3095248699025057
0.1666666666666666,2819.239370933707,-1.5235848964372753
0.1666666666666666,2828.4261929741374,3.416324793462638
0.1666666666666666,2832.673833963245,-0.8014916845944643
0.1833333333333333,2843.2752911297,2.7424103741663437
0.1666666666666666,2828.426198381849,3.421330311634342
0.1666666666666666,2843.2758665525366,2.756214246664483
0.1666666666666666,2843.2763234108584,2.7125659751820366
0.1666666666666666,2845.4000171905627,0.6429682911668788
0.1666666666666666,2842.56821078076,3.4562752992014922
0.1666666666666666,2845.40015710561,0.6101486978332596
0.1666666666666666,2831.9658818488674,-0.0860461091566405
0.1833333333333333,2842.568080385269,3.442463976319683
0.1666666666666666,2843.275317648612,2.7398803341615636
0.1833333333333333,2831.9656396094374,-0.1076059380969681
0.1666666666666666,2834.089926018058,-2.236233579392761
0.1666666666666666,2843.2761919846885,2.7300929722447327
0.1666666666666666,2831.2572382859967,0.62317468495982
0.1666666666666666,2829.1341700331354,2.7276151866709104
0.1666666666666666,2834.0897906628666,-2.200126675313236
0.1666666666666666,2834.0895710015116,-2.2226717313217477
0.1666666666666666,2832.673990953581,-0.8106295817064054
0.1666666666666666,2842.568205621596,3.4614588306461007
0.1666666666666666,2842.5679695988065,3.4487622237861744
0.1666666666666666,2843.2759286353967,2.7535805975417262
0.1666666666666666,2844.6920758619417,1.3371052553296991
0.1666666666666666,2834.7977926892636,-2.9291492160931876
0.1666666666666666,2831.9659077537704,-0.08586226380526142
0.1666666666666666,2834.7975293493973,-2.9235423104107894
0.1666666666666666,2843.2763170736457,2.736715714010201
0.1666666666666666,2831.2579397789327,0.6279901372186675
0.1666666666666666,2846.8157406815535,-0.8344318796392746
0.1666666666666666,2843.9842331596633,2.0306301366018955
0.1666666666666666,2833.3819525453396,-1.523635072190598
0.1666666666666666,2831.257901449523,0.6137377572980424
0.1666666666666666,2833.381519187647,-1.4737953097941552
0.1666666666666666,2843.9839907584196,2.0370999710604805
0.1666666666666666,2832.6738677304975,-0.7924302985890225
0.1666666666666666,2844.691951161038,1.3469068999061742
0.1666666666666666,2834.7977979681737,-2.925842922189814
0.1666666666666666,2819.2393943335223,-1.5230823501791992
0.1666666666666666,2847.5239629794874,-1.5415561311872465
0.1833333333333333,2831.9659266638478,-0.11457933739725928
0.1666666666666666,2819.2393857632933,-1.5315392475999279
0.1666666666666666,2847.5240827289463,-1.5533557123497301
0.1666666666666666,2820.655616894269,-2.9328014638848785
0.1666666666666666,2834.08978936621,-2.216255967878419
0.1666666666666666,2829.8412298090375,2.038688971606401
0.1666666666666666,2830.549953456452,1.329504589862704
0.1666666666666666,2832.672889042296,-0.7891173235588322
0.1666666666666666,2830.549909782542,1.3116174496044788
0.1666666666666666,2845.399727988719,0.6256965151134423
0.1666666666666666,2829.841995193306,2.0321086911093107
0.1666666666666666,2828.426188725977,3.4203115272450257
0.1833333333333333,2829.133456280904,2.7108367643923548
0.1666666666666666,2828.426044704249,3.434910350463674
0.1666666666666666,2831.9658992114464,-0.11230219194082121
0.1666666666666666,2845.399998961024,0.6278666278566575
0.1833333333333333,2834.0897919121217,-2.215268322303965
0.1666666666666666,2833.3819837052397,-1.5390939127826413
0.1666666666666666,2831.2568903794,0.6233959824234944
0.1666666666666666,2834.089803466185,-2.2306011213661576
0.1666666666666666,2834.797918221978,-2.9528956370839463
0.1666666666666666,2834.089527622676,-2.206749069178687
0.1833333333333333,2834.7977620332317,-2.9242382308603405
0.1666666666666666,2843.2762846135533,2.726964634301022
0.1666666666666666,2842.56733013991,3.4359303129775496
0.1833333333333333,2842.5682783412153,3.444217267825661
0.1666666666666666,2834.0895281827247,-2.2282970175382504
0.1666666666666666,2845.4000502661793,0.6317276952102151
0.1666666666666666,2848.2320622345405,-2.2562960690523357
0.1666666666666666,2846.1077359503256,-0.12036682517906783
0.1666666666666666,2834.7979091378807,-2.9490616518501382
0.1666666666666666,2843.2759916271084,2.724845121174637
0.1666666666666666,2833.3818325953316,-1.5239186813451806
0.1666666666666666,2842.568142404163,3.4393871437720476
0.1666666666666666,2842.5678723770206,3.451420426281767
0.1666666666666666,2846.8161559769283,-0.8538760847864607
0.1666666666666666,2834.7978872371887,-2.9234263172786767
0.1666666666666666,2834.0899245208684,-2.218442447745042
0.1666666666666666,2831.965876290535,-0.07807010322442627
0.1666666666666666,2819.239822066868,-1.5358464061936488
0.1666666666666666,2831.9659963611366,-0.09750343501550116
0.1666666666666666,2834.089787913007,-2.229155007624081
0.1666666666666666,2831.96587436539,-0.088071618606414
0.1833333333333333,2842.5683386271485,3.417767404598137
0.1833333333333333,2842.5681510185514,3.447656073363883
0.1666666666666666,2831.257906270611,0.6274023836366002
0.1666666666666666,2848.2321115365603,-2.2543458402059455
0.1666666666666666,2834.7976104056456,-2.9447540729698973
0.1666666666666666,2843.2758720881,2.757339410097709
0.1666666666666666,2829.841728932126,2.0324291568932864
0.1666666666666666,2833.3815383408787,-1.492422196835073
0.1666666666666666,2843.2762881556496,2.716263024615422
0.1666666666666666,2830.5496711859814,1.328987846223622
0.1833333333333333,2842.568324282172,3.4291864062738346
0.1666666666666666,2842.568233214048,3.427795243091636
0.1666666666666666,2832.6738238874573,-0.799012888376308
0.1666666666666666,2828.4254532414093,3.4212344086363897
0.1666666666666666,2842.5683651955515,3.4130031424656537
0.1666666666666666,2848.2320823049104,-2.262140574251934
0.1666666666666666,2834.0898076178805,-2.213716129243289
0.1666666666666666,2829.8420088551266,2.0323399530729063
0.1666666666666666,2846.1081677530947,-0.13326012385469194
0.1666666666666666,2829.8420209386413,2.0385612249741105
0.1666666666666666,2828.426198381849,3.421330311634342
0.1666666666666666,2830.5501056042954,1.3100886784720338
0.1666666666666666,2819.2393823078733,-1.525012407823785
0.1666666666666666,2833.3819467974,-1.5084578279356586
0.1666666666666666,2843.984133323494,2.0436542755803457
0.1666666666666666,2829.842007326888,2.031223808493351
0.1666666666666666,2832.6735837763463,-0.7871423329341317
0.1666666666666666,2829.8412694990657,2.033902940629335
0.1666666666666666,2831.9655898336405,-0.08174607941886744
0.1666666666666666,2834.7966971575747,-2.9017221784315357
0.1666666666666666,2829.841987724649,2.029079936911913
0.1666666666666666,2829.841717281717,2.039422010143945
0.1666666666666666,2834.79771113161,-2.9037350605819805
0.1666666666666666,2843.2755743501802,2.717552254989338
0.1666666666666666,2842.5678977926427,3.430112985473353
0.1666666666666666,2831.965884141993,-0.08400811995729338
0.1666666666666666,2843.275118512446,2.7722600420499384
0.1666666666666666,2833.380780855858,-1.4947435332630103
0.1666666666666666,2831.9659963611366,-0.09750343501550116
0.1666666666666666,2830.5500709284956,1.3124643040522233
0.1666666666666666,2846.815743462656,-0.8296597703542858
0.1666666666666666,2843.2760661713783,2.7609095825749512
0.1666666666666666,2843.275852839724,2.7518725429999007
0.1666666666666666,2831.965154177012,-0.08653845543714135
0.1666666666666666,2834.0899326520703,-2.242330570524723
0.1666666666666666,2843.983798775906,2.0435648344447612
0.1666666666666666,2834.797895368391,-2.9473144400583577
0.1666666666666666,2834.7974486882454,-2.907783500714305
0.1666666666666666,2831.9648692864457,-0.07440399757325983
0.1666666666666666,2846.108041632685,-0.1135950592882721
0.1666666666666666,2829.841378268251,2.0185481775351652
0.1666666666666666,2829.8419861004313,2.0359546395412242
0.1833333333333333,2833.381669928142,-1.5093079176352273
0.1666666666666666,2831.9660287904626,-0.09939493821485058
0.1666666666666666,2819.2398146450637,-1.5302826212331135
0.1666666666666666,2830.549684598309,1.3282185162664897
0.1666666666666666,2844.692077261841,1.340666252982295
0.1666666666666666,2829.8419888733447,2.032664016454287
0.1666666666666666,2831.2579305130553,0.6217401918066942
0.1666666666666666,2833.38196840466,-1.5129199565649514
0.1666666666666666,2833.381798010097,-1.5272484056892042
0.1666666666666666,2846.8159801259703,-0.8429335413014688
0.1666666666666666,2833.381854755563,-1.525937374459113
0.1666666666666666,2832.6728444212545,-0.7845137534461922
0.1666666666666666,2831.9658755730875,-0.08156388500778586
0.1666666666666666,2829.8417118795396,2.0347723574779217
0.1833333333333333,2842.5683736638202,3.4194454674029227
0.1666666666666666,2831.2576151193825,0.6167028805865468
0.1666666666666666,2829.1341530535497,2.7175589421805477
0.1666666666666666,2833.3819837052397,-1.5390939127826413
0.1666666666666666,2829.8420206286964,2.0304383592857818
0.1666666666666666,2846.816022332299,-0.8115309417416477
0.1666666666666666,2845.400021399971,0.6444077294217625
0.1666666666666666,2843.275836059586,2.7485487039786234
0.1666666666666666,2832.673291137722,-0.8063569979100631
0.1666666666666666,2819.9468907638284,-2.219514671906137
0.1666666666666666,2834.797033072292,-2.9165717340917876
0.1666666666666666,2843.2762128222016,2.7398677152440856
0.1666666666666666,2834.796984249077,-2.903261967879755
0.1666666666666666,2833.381771165806,-1.4986027174198546
0.1666666666666666,2842.568192413332,3.4261983995491887
0.1666666666666666,2843.2758713564112,2.735804544169485
0.1666666666666666,2846.107317934809,-0.11116458902229506
0.1666666666666666,2830.5499455051404,1.326150844152281
0.1666666666666666,2832.673877790126,-0.8178887689312204
0.1666666666666666,2847.5240830219177,-1.5477306029829048
0.1666666666666666,2834.7970005515026,-2.9047102242972165
0.1666666666666666,2831.965884987006,-0.1136497896586941
0.1666666666666666,2829.841418392119,2.0155414199243946
0.1666666666666666,2829.842148850755,2.020864763961671
0.1666666666666666,2820.6556311267436,-2.920605141919481
0.1833333333333333,2843.276297217787,2.738325704727333
0.1833333333333333,2833.3819819290948,-1.5180691109267361
0.1833333333333333,2817.1155332343965,0.6022558496419248
0.1666666666666666,2831.258072285937,0.6087148204664034
0.1666666666666666,2848.232083327402,-2.2476818458859307
0.1666666666666666,2834.0899564719034,-2.2406412087568923
0.1666666666666666,2843.275408331311,2.753952841564266
0.1666666666666666,2846.108166213691,-0.14981114561429976
0.1666666666666666,2829.8419835237546,2.030866166535002
0.1666666666666666,2829.842008744328,2.036182620159544
0.1666666666666666,2819.2398146450637,-1.5302826212331135
0.1833333333333333,2843.2753885421293,2.760702616682625
0.1666666666666666,2829.8410624149724,2.045996984968209
0.1666666666666666,2833.3818426550865,-1.5082481373285872
0.1666666666666666,2819.2396716896887,-1.5168059602827677
0.1666666666666666,2830.5500885365336,1.311027776672662
0.1666666666666666,2833.381252430061,-1.5098385798727965
0.1666666666666666,2818.5317022055715,-0.8148800558261009
0.1666666666666666,2817.8238898537825,-0.12273482370393425
0.1666666666666666,2831.965896723924,-0.07859507747129565
0.1833333333333333,2831.9656719403265,-0.07848183509855852
0.1666666666666666,2843.2761455271634,2.7611405844244596
0.1666666666666666,2834.0897758164065,-2.1955513089298053
0.1666666666666666,2831.257965887176,0.6280420007473283
0.1666666666666666,2831.258051252854,0.6060439071387999
0.1666666666666666,2842.5683228509247,3.4331273318872153
0.1666666666666666,2843.2760411087297,2.742520462608012
0.1666666666666666,2842.5683895180173,3.417885651289011
0.1666666666666666,2843.2758837267174,2.7579990186760837
0.1666666666666666,2846.1081214959977,-0.1187488205334464
0.1666666666666666,2846.815955718899,-0.8338068717510663
0.1666666666666666,2834.7979071956065,-2.917362268428834
0.1666666666666666,2834.089970744026,-2.2391952734931464
0.1666666666666666,2834.089838762523,-2.2244031728671643
0.1666666666666666,2834.7975248124267,-2.9244971785850296
0.1666666666666666,2843.2761772706963,2.733023264202742
0.1666666666666666,2843.276194477712,2.7375806463469545
0.1666666666666666,2817.8237368326654,-0.11557911008860818
0.1666666666666666,2846.8161441593306,-0.8476929844594026
0.1666666666666666,2842.568351426062,3.4147503542574342
0.1666666666666666,2834.7967382927263,-2.915545191285821
0.1666666666666666,2819.947624608092,-2.2285043548987673
0.1666666666666666,2820.655005888742,-2.9441168516646354
0.1666666666666666,2843.275860826777,2.7580869510080026
0.1666666666666666,2831.257883411293,0.6189533685896175
0.1666666666666666,2846.8156962342414,-0.8365591883237958
0.1666666666666666,2846.108019893656,-0.10493893330234602
0.1666666666666666,2831.9658554575767,-0.08473977847401443
0.1666666666666666,2842.5683895180173,3.417885651289011
0.1666666666666666,2834.089775319644,-2.204801087240662
0.1666666666666666,2845.4001585887313,0.625006084507799
0.1666666666666666,2819.9476726217704,-2.2364694900497186
0.1666666666666666,2834.08973509644,-2.207205572622695
0.1666666666666666,2848.2320794004204,-2.2551695910976006
0.1666666666666666,2846.107768039819,-0.11028712548851773
0.1666666666666666,2817.115897050282,0.5743329825700793
0.1666666666666666,2832.673829609375,-0.8002511866194598
0.1666666666666666,2834.7974513039003,-2.911512392369457
0.1666666666666666,2846.815871337815,-0.8541789628828999
0.1666666666666666,2834.089142839329,-2.2306260876502275
0.1666666666666666,2846.8157253464306,-0.8277988335149676
0.1666666666666666,2834.0897633169743,-2.2063333518516095
0.1666666666666666,2845.4000095259353,0.6299345260637451
0.1666666666666666,2833.382003704791,-1.517274427614183
0.1666666666666666,2834.0897747362123,-2.2333756852764397
0.1833333333333333,2834.0897741273516,-2.207800088948444
0.1833333333333333,2834.7971815913033,-2.9474075237573363
0.1666666666666666,2848.231931919371,-2.235555666619869
0.1666666666666666,2829.8420327597596,2.034600706226748
0.1666666666666666,2831.9658990966623,-0.0917443257347307
0.1666666666666666,2846.8157186746353,-0.8325430506011945
0.1666666666666666,2831.2580716891566,0.6011528046532882
0.1666666666666666,2834.7970931162213,-2.9237186683472896
0.1666666666666666,2843.2752016870554,2.7488937189975027
0.1666666666666666,2834.0898134115996,-2.2016657902090855
0.1666666666666666,2832.6731671153766,-0.7860761289616095
0.1666666666666666,2834.0899682313297,-2.2143858315194804
0.1666666666666666,2843.2761450995044,2.743896293948093
0.1833333333333333,2846.8159573978555,-0.8275046973956863
0.1666666666666666,2817.8237187786413,-0.11602722318291588
0.1666666666666666,2843.98406304291,2.0294974426695584
0.1666666666666666,2816.407938049215,1.2804099256303043
0.1666666666666666,2831.9656223487605,-0.11422990079712488
0.1666666666666666,2843.27613267518,2.7433467992176714
0.1666666666666666,2842.568320962763,3.431980245086104
0.1666666666666666,2833.3815314773005,-1.5073951369453313
0.1666666666666666,2817.8237207298907,-0.12189644848824817
0.1666666666666666,2848.2318306767384,-2.251923997153848
0.1666666666666666,2843.9838329336308,2.0429649170986535
0.1666666666666666,2848.939874940098,-2.9412287866056124
0.1666666666666666,2831.965905014177,-0.08744642905516027
0.1666666666666666,2829.8420183583817,2.0426218797570717
0.1666666666666666,2832.673748022044,-0.794580048005045
0.1666666666666666,2830.5499883495672,1.3334808461009788
0.1833333333333333,2842.5683604032906,3.450856273441516
0.1666666666666666,2831.257945082956,0.6250408722928066
0.1666666666666666,2834.797920547573,-2.9278368211667156
0.1666666666666666,2820.655500996927,-2.931634232759365
0.1666666666666666,2820.6556343756815,-2.928770943184098
0.1833333333333333,2834.089110005108,-2.2034286885691023
0.1666666666666666,2817.823435778514,-0.11716554751881365
0.1666666666666666,2847.5241168985804,-1.5616140492864443
0.1833333333333333,2834.089981355965,-2.2358033160467503
0.1666666666666666,2831.9658702655797,-0.0901459398615691
0.1666666666666666,2830.54966644569,1.3229740136520456
0.1666666666666666,2819.2397749072184,-1.5423722401780442
0.1666666666666666,2828.4255027949102,3.421330016962254
0.1666666666666666,2831.2579081957474,0.6245981642687713
0.1833333333333331,2819.2396488826494,-1.5251685587182164
0.1666666666666666,2842.5681618263116,3.4492866984291153
0.1666666666666666,2829.1338000284322,2.7372439183540744
0.1833333333333333,2834.0895009119304,-2.2006345579980793
0.1666666666666666,2834.7975066824947,-2.9282809622868853
0.1666666666666666,2831.2579146145467,0.6229348544434931
0.1666666666666666,2846.8161274626964,-0.8521740678840609
0.1666666666666666,2829.1337359252684,2.731013785986938
0.1666666666666666,2829.8420121071754,2.0374673140591812
0.1833333333333333,2834.0895460281313,-2.195345336193478
0.1666666666666666,2828.425410798571,3.445354044401763
0.1666666666666666,2819.239425899403,-1.5126131721968188
0.1666666666666666,2819.9477591658797,-2.250639078786368
0.1666666666666666,2843.983848612408,2.048246658001275
0.1833333333333333,2819.947769023133,-2.249130016715152
0.1666666666666666,2847.5241384409214,-1.5648970183609063
0.1666666666666666,2834.7970979311926,-2.923447481827372
0.1666666666666666,2842.567281427192,3.456230263873359
0.1666666666666666,2834.0899363172957,-2.2228307614487632
0.1666666666666666,2834.089969619464,-2.2472168944437043
0.1666666666666666,2829.1341719992565,2.7102548787945078
0.1666666666666666,2831.965763456334,-0.09880596141319539
0.1666666666666666,2833.381858729246,-1.5306493680288846
0.1666666666666666,2831.2571524435307,0.6196375851672816
0.1666666666666666,2830.550107895889,1.307577980133242
0.1666666666666666,2834.7977449850787,-2.9404991138313905
0.1666666666666666,2843.276311263434,2.731980294770323
0.1666666666666666,2843.9838388809612,2.0398922108394357
0.1666666666666666,2831.9652361998255,-0.08545299286234888
0.1666666666666666,2834.797879562634,-2.917968560279719
0.1666666666666666,2831.9658816230185,-0.07897828922494161
0.1666666666666666,2828.4260537274154,3.421872130208942
0.1666666666666666,2834.7977817461565,-2.9354069771259446
0.1666666666666666,2834.7977139416134,-2.90395906702619
0.1666666666666666,2843.276343158531,2.706528911141453
0.1666666666666666,2832.673187778299,-0.7953480998316191
0.1666666666666666,2843.9842098322843,2.031611033476703
0.1666666666666666,2834.797886810858,-2.934319373598542
0.1666666666666666,2832.673989829019,-0.8186512026569633
0.1666666666666666,2834.797748844549,-2.9135009857182514
0.1666666666666666,2847.5241384409214,-1.5648970183609063
0.1833333333333333,2846.81615621445,-0.8476185138590436
0.1666666666666666,2832.673909495058,-0.8213596096871014
0.1666666666666666,2843.9838384539366,2.0419059533593567
0.15,2842.568387459756,3.417907166320432
0.15,2834.7974534201057,-2.911595098299938
0.15,2846.1081725815634,-0.13505076731728766
0.15,2834.7977343343573,-2.9082552280279166
0.15,2829.1341860143452,2.714622909955675
0.15,2834.797135796725,-2.9346293837345105
0.15,2832.6738388760564,-0.8011323298577625
0.15,2830.5501203872936,1.3074250497717246
0.1666666666666666,2842.5674014444394,3.4388494287864897
0.15,2843.2762610324835,2.7386183837859606
0.15,2834.7972143390552,-2.9493397296905117
0.15,2834.797219725406,-2.9475460349520013
0.15,2820.6549071007676,-2.9350086157028854
0.15,2843.276110726032,2.7607787958093284
0.15,2842.567946670752,3.4287610337456966
0.15,2847.523922722782,-1.5352156070818153
0.1666666666666666,2843.275620278292,2.7370094917522207
0.1666666666666665,2834.7970865769075,-2.9081874815390005
0.1666666666666665,2833.381869522595,-1.5261102120472014
0.1666666666666666,2832.674045311385,-0.8292275344254221
0.15,2843.2762854521516,2.73496338175337
0.15,2834.7977882434225,-2.9306311468947617
0.15,2843.276018132518,2.742086599488995
0.15,2831.965616034226,-0.08080664792452256
0.1666666666666666,2828.4262104074983,3.423260369278928
0.15,2819.947803325539,-2.238543673359265
0.15,2833.38184276463,-1.4913615515723748
0.15,2833.3819611114386,-1.5353359853319377
0.15,2833.3819611114386,-1.5353359853319377
0.15,2833.3819611114386,-1.5353359853319377
0.15,2843.275906725922,2.7573096645686106
0.15,2848.2316762812325,-2.2345290168129988
0.15,2846.1081811852155,-0.1103668351549967
0.15,2834.0895253554186,-2.2174405823249232
0.1666666666666666,2846.8161368246047,-0.8169005086087537
0.15,2831.965788528719,-0.08754610324410642
0.15,2834.0891154909236,-2.1949363472931687
0.15,2843.984255121618,2.023135652708926
0.15,2842.5683756458116,3.4177566638498775
0.15,2834.797026596544,-2.8998958146576124
0.15,2843.984218515784,2.014775097170424
0.1666666666666666,2819.2396772029965,-1.520064520068531
0.15,2834.089906805334,-2.247437234653842
0.15,2833.3818314861633,-1.5028456748252301
0.15,2834.0899458900103,-2.2342602400436182
0.15,2831.257901163559,0.6137148837998322
0.1666666666666666,2833.381872211379,-1.5263434792209636
0.15,2819.2396842056473,-1.5221450256778128
0.15,2832.673902033043,-0.7821047510173686
0.15,2830.5498252145467,1.3152978815645626
0.15,2830.5501016868543,1.312252705689504
0.1666666666666666,2818.5317079070146,-0.810699928480603
0.1666666666666666,2842.5679282461947,3.4612206753313948
0.15,2843.2763142327613,2.724412500891489
0.15,2819.2398095866674,-1.5296245655109972
0.15,2848.232072382806,-2.261119195361469
0.15,2844.692161976246,1.315211703488118
0.15,2848.231934905881,-2.2523673712990973
0.15,2848.231941536449,-2.245071270768707
0.15,2845.4000091973608,0.634482249848818
0.15,2846.108066954935,-0.1161220140629974
0.15,2846.8157292126143,-0.838490030944342
0.15,2846.815724347598,-0.8275029081600569
0.15,2829.8421355831047,2.0162147261088523
0.15,2832.6738541333216,-0.794493472990559
0.15,2844.692061818423,1.334267771215447
0.15,2832.673979931096,-0.8121489058870967
0.1666666666666665,2834.7978915010704,-2.9256750719615368
0.15,2829.134047876559,2.729775150353031
0.15,2843.2761199758393,2.7329238477210778
0.15,2818.5318259147284,-0.8385546541957657
0.1666666666666666,2845.400121134347,0.6311648679468707
0.1666666666666666,2828.426187740595,3.418521717402832
0.1666666666666666,2843.2762233709623,2.7435333246490363
0.15,2817.8238631958916,-0.12958068693540287
0.15,2842.567924929286,3.4284239423592693
0.15,2834.0897737803666,-2.210519181285529
0.1666666666666666,2847.524116794569,-1.563452332446425
0.15,2843.276037326621,2.732707433509775
0.15,2844.6921869329117,1.3197413316405815
0.15,2843.9842395113637,2.0240974502902658
0.15,2843.2758876456064,2.723440072825407
0.15,2846.1080278831478,-0.1250260191096989
0.15,2843.984086332421,2.028784351268224
0.15,2848.2319565592975,-2.245231782934328
0.1666666666666666,2847.524087625431,-1.5567356040707994
0.15,2843.276318807896,2.7099925304200103
0.15,2829.133991472257,2.731949461475881
0.15,2847.524065927051,-1.5453440285378677
0.15,2843.276130091569,2.751691765554669
0.15,2846.108136796291,-0.13327811852667681
0.15,2844.692027175262,1.3403747440628664
0.15,2834.797002420122,-2.9320170697564594
0.15,2846.815970791369,-0.8418772028730337
0.15,2842.568277306628,3.427989837462703
0.15,2831.258058265443,0.6005755425168319
0.15,2831.9656232265647,-0.08290066640017649
0.15,2843.984232046962,2.031157283898055
0.15,2843.983794658126,2.048921343591384
0.15,2831.96558597156,-0.08166553298916727
0.15,2843.9837831951695,2.044169711830956
0.15,2832.6731529940284,-0.7945917576555009
0.1666666666666666,2843.2751153558593,2.762022886939955
0.15,2831.2576392598025,0.623044489012388
0.1666666666666665,2842.5683598955793,3.4324695409943105
0.1666666666666666,2842.5683678468245,3.4308207906576755
0.15,2833.3819634366228,-1.5157423594330846
0.1666666666666665,2834.0897794661405,-2.207461053228458
0.1666666666666666,2820.65533964075,-2.9235242766334015
0.15,2831.965746741221,-0.09389335559091996
0.15,2834.7977396574342,-2.9195656850322895
0.15,2834.797867959207,-2.9245555423688576
0.15,2845.4001702901446,0.5980663259251249
0.15,2831.966032672374,-0.09596700360918767
0.1666666666666666,2828.4260278993665,3.4321194180578867
0.15,2847.523679405268,-1.542995896225268
0.1666666666666666,2843.276130014781,2.762290372788227
0.1666666666666666,2832.6732054354256,-0.7887533146610277
0.1666666666666666,2834.089970744026,-2.2391952734931464
0.1666666666666666,2843.2763305631447,2.7258369211238134
0.15,2842.568219378667,3.4349603530337403
0.15,2843.2753647607697,2.750519535524325
0.15,2831.9659926321056,-0.0971542694865436
0.15,2845.3997140029574,0.6287146294513618
0.1666666666666666,2833.3818092941974,-1.520873637416721
0.15,2843.9842100765163,2.0268442151881585
0.15,2847.523689310886,-1.5400262508998097
0.15,2829.8419946709155,2.0292570848286107
0.15,2834.797871638937,-2.9343577856582717
0.15,2842.5681879314448,3.4492529771700755
0.15,2831.9658613836527,-0.08637101874056856
0.15,2831.258037882458,0.6119740185786666
0.15,2844.6920277471977,1.3416447558214764
0.15,2832.673564115921,-0.7916555052656531
0.15,2842.5681709875334,3.4461433465619415
0.15,2831.257903471583,0.6231231182913595
0.15,2832.673106478409,-0.7853067860498962
0.15,2829.8419857213976,2.0300212759810865
0.15,2834.089823651448,-2.2278576445472074
0.1666666666666666,2829.134135031863,2.715141202713489
0.15,2843.984201494966,2.0372010207251114
0.15,2830.5499325077,1.3287030152700592
0.15,2843.27541365994,2.7539376561686506
0.15,2843.275365657033,2.7437149313163376
0.15,2834.0896895520204,-2.2425281284636687
0.15,2834.7975161316426,-2.933333574654903
0.15,2834.797905678383,-2.949467122274093
0.15,2830.5501012324444,1.3181631274995194
0.1666666666666665,2834.7975082226626,-2.911515025148988
0.15,2830.5499585740063,1.32990825465705
0.15,2832.6736041489075,-0.7902320829728574
0.15,2829.841995857686,2.034892124190685
0.15,2819.9474940805035,-2.2392383507941043
0.1666666666666666,2829.1340170764415,2.730945265319128
0.15,2819.9477912998905,-2.240473731003851
0.1666666666666666,2834.0899135723666,-2.2205357568121427
0.15,2832.6740189306583,-0.8340885282173581
0.15,2834.7979070796196,-2.949040136818717
0.15,2844.6920426543606,1.338826002834526
0.15,2829.8421182526336,2.016050127323035
0.15,2843.27591237952,2.7555728425675023
0.1666666666666666,2842.5683362389564,3.4419904769760015
0.15,2846.816002757023,-0.826222006627033
0.15,2834.08980555962,-2.213694614211868
0.15,2843.2761514381923,2.7497515091375404
0.15,2829.1341560397736,2.7170044978225962
0.15,2831.257926552788,0.6235089019600876
0.15,2833.381812135782,-1.4958467417017018
0.1666666666666666,2819.2394039003757,-1.5140518926408228
0.15,2829.842007910884,2.036159678409649
0.15,2846.81615076482,-0.8428504590221455
0.15,2831.2579375107625,0.6244222892327133
0.15,2830.549957590524,1.324223395144496
0.15,2848.232093600018,-2.2564339691084876
0.15,2831.966068511155,-0.12615220750472464
0.15,2828.426210073882,3.4166071937783062
0.15,2831.2571996817355,0.6226204229735458
0.1666666666666666,2834.089958718377,-2.241125331137732
0.15,2846.816168167377,-0.8464662300409908
0.1666666666666666,2834.7978963604646,-2.9195628113509655
0.15,2830.54995961119,1.324860641984411
0.15,2831.96602597854,-0.09922100487357415
0.15,2831.9651957575325,-0.07309541370303804
0.1666666666666666,2856.7100688634746,3.4370844218231347
0.15,2833.381781543751,-1.4744643069279755
0.15,2819.239634195236,-1.5173846276437875
0.1666666666666666,2842.5681727541123,3.448674271556569
0.15,2846.107743055974,-0.1344505957464882
0.1666666666666666,2819.9477535415513,-2.2369558525345785
0.15,2833.381795915571,-1.4959199208022838
0.15,2846.8159763231356,-0.8092270071953669
0.15,2819.9474801465026,-2.236451562986091
0.15,2834.7975065768724,-2.911514887424851
0.15,2834.7978836841985,-2.9205837640978314
0.15,2834.089904643119,-2.218081304927855
0.15,2842.567995521501,3.4393475629169497
0.15,2834.797093141784,-2.901912619145553
0.15,2831.2579461609203,0.6273847609465631
0.15,2829.842038124651,2.0383117852730965
0.15,2834.08968305106,-2.2094225039073128
0.15,2819.947812083959,-2.2351364908678644
0.15,2842.5681096993944,3.428606875419136
0.15,2829.842007626046,2.0268041132124948
0.15,2819.947812083959,-2.2351364908678644
0.15,2843.9839736003046,2.0345918942223515
0.15,2842.5682414379494,3.45852579399569
0.15,2832.6738947720373,-0.7891416172358782
0.15,2830.5499837826874,1.3312197312349114
0.15,2845.4001348432957,0.6272000210541737
0.15,2847.5236653701327,-1.5440987851965793
0.15,2833.3815564709466,-1.4959019322766887
0.15,2829.8418452252413,2.0191310646306437
0.1666666666666665,2834.797046663348,-2.9310937978598144
0.15,2842.567864423781,3.4650092812558158
0.15,2846.10804243536,-0.11737757179975054
0.15,2832.6738195827597,-0.820684054809033
0.15,2834.0897945083766,-2.2305653302701605
0.15,2843.2761136465197,2.749070506101896
0.15,2833.38192880374,-1.52077427557193
0.15,2829.8419750538405,2.032271401640594
0.15,2845.3999507231,0.6462889703847094
0.15,2843.2758318733904,2.7647048596195516
0.15,2842.5679590263417,3.433661490113067
0.15,2843.27614664267,2.729514935896464
0.15,2847.5239632548896,-1.5219813601982108
0.15,2845.3997602010627,0.6428912998379942
0.15,2817.8238806114196,-0.12029144251453279
0.15,2846.8161466271745,-0.8352032374861479
0.15,2833.381857395438,-1.4932532231524016
0.15,2848.2320727137962,-2.2652307038507575
0.1666666666666666,2847.523677693017,-1.546330025669021
0.15,2834.0899557729917,-2.2228314366016595
0.15,2830.549975881453,1.3215632864213247
0.15,2846.107777095164,-0.10483380691299872
0.15,2833.381562866742,-1.5154644637499475
0.15,2843.2762110923277,2.729179501014627
0.15,2831.965921683919,-0.08523418562872895
0.15,2831.965656213369,-0.07399628437386829
0.1666666666666665,2834.0898204507043,-2.2067301387704403
0.15,2848.231906924659,-2.2306552630145826
0.15,2842.5675093149393,3.45420766125927
0.1666666666666665,2834.089941002144,-2.2441455881109915
0.15,2818.5314236559293,-0.81596448791158
0.15,2847.5239505436625,-1.5441882556097895
0.15,2834.79722470276,-2.944435304366852
0.15,2834.0895411227,-2.229505029162333
0.15,2844.6920613268785,1.3296949386333232
0.15,2844.6920705636608,1.3344615215128066
0.15,2842.5682962354776,3.450520457765187
0.15,2831.9659262736127,-0.07663982332826272
0.15,2829.1340701458694,2.744711137970059
0.15,2846.1078305177293,-0.1059271630161073
0.1666666666666666,2832.6739979233184,-0.8032300254348997
0.1666666666666666,2834.7975439707484,-2.9228305274068815
0.15,2842.568287321997,3.462717406259371
0.1666666666666666,2834.797920547573,-2.9278368211667156
0.15,2834.797488299383,-2.9254322028174444
0.1666666666666666,2831.965231108145,-0.08076974702490781
0.15,2832.6738751720345,-0.8121528326806927
0.15,2829.842015658272,2.034544504814345
0.15,2842.5682116511657,3.4546600136274277
0.15,2831.96589892044,-0.08103474300093143
0.15,2832.6739872876183,-0.8037587519358002
0.15,2830.5499510687255,1.3275296406994697
0.15,2831.2576017696324,0.6248398179976808
0.15,2832.6732932575133,-0.7981847756479282
0.15,2846.8161551265343,-0.8332258929665852
0.15,2843.2754127943285,2.757836414801239
0.15,2830.5500916993133,1.3106922349287615
0.15,2820.655054274322,-2.943865892982148
0.15,2847.5236419769344,-1.535447685834621
0.15,2844.6919441880164,1.3255452740699198
0.15,2819.947781644018,-2.2414925153931673
0.1666666666666666,2828.426188725977,3.4203115272450257
0.15,2847.523816606148,-1.555026812443749
0.15,2848.2320623087944,-2.26167716953166
0.15,2820.655332534475,-2.9302575073233372
0.15,2834.089766837423,-2.2311819577538587
0.15,2831.258062546655,0.6075139591545183
0.15,2844.692044928656,1.3402625735983977
0.15,2832.673831194735,-0.7970092529259435
0.15,2845.4001683431616,0.621726877439731
0.15,2843.276314999314,2.729446944003627
0.15,2842.56822653342,3.439102632773626
0.15,2843.2763237005915,2.727639058494091
0.15,2848.2318221627484,-2.266334154185472
0.15,2842.5679079152055,3.4471645839284077
0.15,2832.6738732702456,-0.8201525211407322
0.15,2834.7974578079857,-2.9183688718183523
0.15,2846.107769414811,-0.10953802802185969
0.15,2832.673865854651,-0.8175207495400014
0.15,2830.5492317545218,1.3339750196370572
0.15,2832.6731581931585,-0.7837050368136033
0.15,2831.2580536063474,0.6047440802709717
0.1666666666666666,2817.8237166593603,-0.11743938555356466
0.15,2817.823859827351,-0.12562868265051935
0.15,2847.5240939661144,-1.550586369948056
0.15,2834.797761312099,-2.908244682436639
0.15,2843.2761027513175,2.7683815797541045
0.15,2842.5681761024966,3.4627844243780945
0.15,2829.133463317765,2.7265172518932466
0.15,2834.797745823677,-2.9325003663788154
0.15,2834.79785309058,-2.9278866584106704
0.15,2843.275926577136,2.7536021125731476
0.1666666666666666,2818.531730543109,-0.8084512881335691
0.15,2831.2579145679774,0.6168570301602924
0.1666666666666666,2834.797752550877,-2.897894402070265
0.15,2833.380893418639,-1.4887021294309242
0.15,2845.400024196881,0.6322585961258089
0.15,2846.108175509245,-0.15028232652036455
0.15,2817.8238718555162,-0.1276887227324342
0.15,2830.55010529142,1.3159487666127572
0.15,2843.2759286071673,2.7289719539817123
0.15,2843.2755628103646,2.740240839128039
0.1666666666666666,2844.6920283957375,1.3390392443474213
0.15,2819.2393788607374,-1.5220387415370822
0.15,2843.275823807991,2.7609510109589275
0.15,2843.984184776148,2.0300248388178685
0.15,2834.0897411996466,-2.216991555291668
0.15,2833.381841533442,-1.525487268286093
0.15,2829.841980644864,2.024747777169368
0.15,2818.53182110331,-0.8340524059020223
0.15,2831.257784046151,0.6077916086791321
0.15,2830.5499378537183,1.3286412941495667
0.15,2818.5318128903155,-0.8356214343001985
0.15,2846.107713333597,-0.11751489233353386
0.15,2846.108031552198,-0.12322858001808255
0.15,2844.6920443614167,1.347170665560657
0.15,2833.3816703240204,-1.518724090374815
0.15,2830.5500998303346,1.3124978286883804
0.15,2834.7969741994557,-2.9082472319252632
0.15,2833.3819177587247,-1.525349687997175
0.15,2820.655700865533,-2.9472181452173816
0.1666666666666666,2819.947630676587,-2.2234273952975347
0.15,2830.5496948714413,1.3294953625869554
0.15,2834.7977026426856,-2.9225434908254444
0.15,2843.276169840574,2.726375823769263
0.15,2834.0899588599254,-2.2453874939027467
0.15,2843.2763111023273,2.72947420717408
0.15,2844.6917880168353,1.3360081457471111
0.15,2834.7977665722296,-2.917696007526097
0.1666666666666666,2834.089834658593,-2.2274515482700052
0.1666666666666666,2842.5679695988065,3.4487622237861744
0.15,2842.568187590407,3.4557712789249746
0.15,2834.7974747152184,-2.9323995194075794
0.15,2847.524109666486,-1.5561353258276072
0.15,2842.5682311308137,3.4256103534179663
0.15,2842.56816175465,3.4452349878178223
0.15,2833.3810903518247,-1.5130765391316867
0.15,2830.5497007379527,1.336588683008858
0.15,2842.568180096151,3.4552589283604678
0.1666666666666666,2834.7975177816757,-2.9261421151568583
0.15,2842.5682083577776,3.442922851525949
0.15,2831.2580610157456,0.6062469870411279
0.15,2831.2576589291816,0.6295405465950464
0.15,2831.2576610190586,0.6262946529775147
0.15,2834.797917129963,-2.9456035632591058
0.15,2843.9841151840137,2.049446631801404
0.15,2818.5317174410434,-0.8101666334513568
0.15,2829.8419913152215,2.0269897808560278
0.15,2847.524122006656,-1.5582620777241758
0.15,2832.673751165066,-0.8145215205225264
0.15,2831.2580699560535,0.6090168659246745
0.15,2829.842128302977,2.0194867008826463
0.15,2834.7971504828397,-2.920001117957729
0.15,2818.5316762779858,-0.8195197043113941
0.15,2819.2396383128203,-1.5255718068091728
0.15,2834.0897999101057,-2.1995992418792913
0.15,2843.983839489173,2.022689082125363
0.15,2843.275404847807,2.7526279791558794
0.15,2847.524087231998,-1.5442730568023237
0.15,2829.8421418514376,2.023625496759723
0.15,2834.089820523306,-2.2141892392985985
0.15,2848.2318880150124,-2.2192535762205607
0.15,2833.3818078368613,-1.5055333030716493
0.1666666666666666,2833.381122896016,-1.4955731469180338
0.15,2848.2319377806934,-2.252936743404404
0.1666666666666666,2834.7979164379212,-2.951296522814823
0.15,2848.2320819726738,-2.268917391782334
0.15,2833.3815492825775,-1.5224317803400824
0.1666666666666666,2842.568372495592,3.410768271500969
0.15,2834.089802731347,-2.22073375894302
0.15,2834.089922703197,-2.248341475816358
0.15,2832.673878422134,-0.8187854599853431
0.15,2847.5241322959137,-1.5567501751783572
0.15,2829.8421328328022,2.0105432815845563
0.15,2833.3818370995973,-1.5033289867190485
0.15,2831.2580589519885,0.6079919358222012
0.15,2834.7975974884075,-2.929239456298125
0.15,2834.7975161316426,-2.933333574654903
0.1666666666666666,2829.1341561013937,2.7111591199570237
0.15,2832.67384939119,-0.8226773949601355
0.15,2828.4260394070866,3.4218633938279366
0.15,2834.089914975696,-2.2286418152226704
0.15,2830.5499897820537,1.3204377311479918
0.15,2843.2762843275896,2.726941760802812
0.15,2843.984007118575,2.02802214962714
0.15,2843.2761282714678,2.7496175816369015
0.15,2834.797758016703,-2.9224503227258585
0.15,2845.399722583382,0.6293405729978964
0.15,2842.5683787584785,3.419715051829741
0.15,2843.9841007741434,2.043676380828027
0.15,2834.089546317897,-2.2082054049879436
0.15,2834.7979097308926,-2.931222488626695
0.15,2843.2761478091184,2.757475977552156
0.15,2829.8420266389976,2.0341764857781772
0.15,2834.089967561203,-2.247195379412283
0.15,2831.9658953457742,-0.08770943244617256
0.15,2843.2761326061022,2.741010882982347
0.15,2842.567504810841,3.4271468217897954
0.15,2833.3818094180147,-1.5094316475218763
0.15,2820.6547452851187,-2.9435822734773427
0.15,2834.0897724161696,-2.2345504541195966
0.15,2848.9398746541337,-2.9412516601038226
0.15,2843.276330045409,2.7300818464728582
0.15,2833.3812710512475,-1.5187214397251636
0.15,2829.1333396161385,2.7263861941330467
0.15,2829.8418713973037,2.0153413294377844
0.15,2846.816000419191,-0.8191067319550762
0.15,2846.108182715762,-0.1400107082636306
0.15,2817.1157701665015,0.5870373387901312
0.1666666666666666,2832.6738776415473,-0.8236615510631369
0.15,2831.965932306293,-0.08415050999060468
0.15,2834.0890974544936,-2.2175586450722533
0.15,2831.9659124557143,-0.10716896314683051
0.15,2833.381097272695,-1.4998689543746813
0.15,2834.0897658520416,-2.2329717675960525
0.15,2843.2758537698924,2.747769664249655
0.15,2843.27561439504,2.7337331652821346
0.15,2842.568236925406,3.4497061183859903
0.15,2833.381983302542,-1.5389285408039592
0.15,2831.258075571068,0.6045807392589512
0.15,2832.6738368929,-0.7907827127222516
0.15,2833.3815492825775,-1.5224317803400824
0.1666666666666666,2834.7977644499997,-2.9362552969181843
0.1666666666666666,2844.6920250058665,1.3433848098898702
0.15,2831.9657472597587,-0.0956917066176756
0.15,2828.4260706220566,3.429565375889185
0.15,2845.4000168875054,0.6411102464300488
0.15,2830.549277307259,1.3308635602818317
0.1333333333333333,2843.983945098897,2.0309136340187264
0.1333333333333333,2831.2579397920617,0.6238609447303929
0.1333333333333333,2848.231123389324,-2.2520500726628576
0.1333333333333333,2829.8409851567553,2.032181460661372
0.1333333333333333,2832.6738436886026,-0.7957832311353575
0.1333333333333333,2833.381915006018,-1.5187944952678096
0.1333333333333333,2831.966044281264,-0.09414829614376008
0.1499999999999998,2834.7979314020854,-2.94415762799536
0.1333333333333333,2846.1078900059747,-0.1271084943424431
0.1333333333333333,2846.1077455222626,-0.11040628415354704
0.1333333333333333,2831.9651749913382,-0.08173790824253023
0.1333333333333333,2830.5499285819146,1.3319720075817605
0.1333333333333333,2834.0899065913686,-2.2293440144446612
0.1333333333333333,2845.3999382951993,0.6238836625776281
0.1333333333333333,2832.673249571801,-0.7960438182240971
0.1333333333333333,2843.2761633113955,2.7585194213245057
0.1499999999999998,2834.7978888694706,-2.9172264253642095
0.1333333333333333,2843.27614182968,2.746820575339746
0.1333333333333333,2833.3819438030496,-1.5424762386179625
0.15,2848.2320558688384,-2.263493735253953
0.1333333333333333,2845.4001748458704,0.620970836961443
0.1333333333333333,2843.276312028047,2.733480350890077
0.1333333333333333,2834.7971914631853,-2.9201448760201942
0.1333333333333333,2845.40017789082,0.6041858527254717
0.1333333333333333,2834.089965229955,-2.2471654777323073
0.1333333333333333,2834.089943558762,-2.2342303383636426
0.1333333333333333,2834.0899243227886,-2.2302255702560396
0.1333333333333333,2843.984246757946,2.021935017770967
0.1499999999999998,2832.6736293163353,-0.8147829222192583
0.1333333333333333,2819.9477585939517,-2.2506848257823338
0.1499999999999998,2842.5682215053384,3.436347165839137
0.1333333333333333,2829.8420010158193,2.0375469301490168
0.1499999999999998,2831.965654793697,-0.1071077291974739
0.1333333333333333,2830.549828104193,1.317418683535277
0.1333333333333333,2834.089767360746,-2.230240546127914
0.1333333333333333,2817.823472281878,-0.10334468170778661
0.1499999999999998,2817.823881403724,-0.12532827096756885
0.1499999999999998,2818.531705591464,-0.8162569149814346
0.1499999999999998,2842.5683704373314,3.41078978653239
0.1499999999999998,2846.816095917502,-0.8267010069002733
0.1333333333333333,2834.089809298781,-2.197805366835366
0.1333333333333333,2831.9658632339338,-0.0838069322249908
0.1333333333333333,2842.5684149026183,3.4198997715492263
0.1333333333333333,2842.568363457315,3.4308722073690725
0.1333333333333333,2843.276326173636,2.7258883378352103
0.1333333333333333,2834.089966354517,-2.2391438567817494
0.1499999999999998,2842.5683787584785,3.419715051829741
0.1333333333333333,2834.089809022091,-2.2016143734976885
0.1333333333333333,2842.5679091918128,3.450446822517871
0.1333333333333333,2834.0895276107967,-2.2283427645344434
0.1333333333333333,2834.797071931449,-2.913034134738581
0.1333333333333333,2846.107764913978,-0.11520488857114841
0.1333333333333333,2828.426074430588,3.425261493069786
0.1333333333333333,2848.2319400504107,-2.2500063804880575
0.1333333333333333,2829.842139516371,2.0092601494328504
0.1333333333333333,2834.089966354517,-2.2391438567817494
0.1333333333333333,2842.5681567134347,3.4460399245654845
0.1333333333333333,2842.5682865134227,3.446891279799259
0.1333333333333333,2832.6738573887515,-0.8175716312754392
0.1333333333333333,2832.674031303889,-0.827173733660337
0.1333333333333333,2818.531703958263,-0.8181749905347052
0.1333333333333333,2833.3819530979736,-1.515659198236233
0.1333333333333333,2843.2763467202667,2.7049315775159877
0.1333333333333333,2842.567490272555,3.44725239849633
0.1333333333333333,2834.797929070837,-2.9441277263156116
0.1333333333333333,2828.4258107209894,3.440665369933347
0.1333333333333333,2834.0896304097905,-2.2185288920051534
0.1333333333333333,2817.115617582879,0.5807276019039117
0.1333333333333333,2845.3997670286813,0.6344915056268844
0.1333333333333333,2818.5317064685237,-0.8112363609549096
0.1499999999999998,2834.797883077762,-2.921058295091718
0.1333333333333333,2846.816163589655,-0.8459522059801748
0.1499999999999998,2834.089797988772,-2.201994595454745
0.1333333333333333,2831.2580954969876,0.6076076041607734
0.1333333333333333,2833.381210550515,-1.5013494546018584
0.1333333333333333,2843.9838234431786,2.0488684453058807
0.1333333333333333,2830.5499825552083,1.3256253594974055
0.1499999999999998,2834.7978778790634,-2.9177126103520012
0.1333333333333333,2834.0899238110896,-2.228193274323059
0.1333333333333333,2817.823715388503,-0.11760941399454812
0.1333333333333333,2831.965873248269,-0.08363069458288241
0.1499999999999998,2842.5683665875217,3.4159226094104578
0.1333333333333333,2844.692039017843,1.3525742775083263
0.1499999999999998,2831.258054415634,0.6057083653948995
0.1333333333333333,2830.54995057989,1.3263342599845032
0.1333333333333333,2828.426188096773,3.420739379894874
0.1333333333333333,2831.9658764967376,-0.0782604745274621
0.1333333333333333,2831.9659130235696,-0.10828487534757057
0.1333333333333333,2833.381848074197,-1.5202549984689828
0.1333333333333333,2832.6738554230737,-0.8047488743049888
0.1333333333333333,2833.3818349651015,-1.521635406932254
0.1333333333333333,2843.2758743352297,2.7263504192229915
0.1333333333333333,2817.8234353563835,-0.1131845001463508
0.1333333333333333,2834.7977061820948,-2.911034033040676
0.1333333333333333,2843.9839514324767,2.03341553304531
0.1499999999999998,2831.257908903133,0.6182746705254759
0.1333333333333333,2829.841324617081,2.031916068973487
0.1333333333333333,2831.965855316813,-0.09109855490545467
0.1333333333333333,2834.797887523397,-2.923890386978639
0.1499999999999998,2830.5500908900267,1.3097279498048338
0.15,2845.4000195457475,0.6407327810013549
0.1333333333333333,2818.5318083089364,-0.8313949056497003
0.1333333333333333,2842.568282833692,3.456693523088673
0.1333333333333333,2842.5682865134227,3.446891279799259
0.1333333333333333,2845.3997459518714,0.6324164354654399
0.1333333333333333,2842.5679475093502,3.4367597811982717
0.1333333333333333,2834.7977859121743,-2.9306012452150134
0.1333333333333333,2831.96590817452,-0.08944388433757244
0.1333333333333333,2846.8161316378214,-0.8548915417111156
0.1333333333333333,2846.1077794405996,-0.10667753081303645
0.1333333333333333,2842.5683206445933,3.4296733357870393
0.1333333333333333,2832.673575002636,-0.7926375698024347
0.1333333333333333,2819.9476645768736,-2.2264271759344427
0.1333333333333333,2843.276139416403,2.741231871437015
0.1333333333333333,2834.7978500717154,-2.9303231158709204
0.1499999999999998,2831.966056214338,-0.12910465868349594
0.1333333333333333,2831.965600384102,-0.11615766693320236
0.1333333333333333,2844.6920328444207,1.3361254060450916
0.1333333333333333,2844.6920706160013,1.3365050248324293
0.1333333333333333,2831.965831020521,-0.0908783195655124
0.1333333333333333,2833.38192744471,-1.51084232943883
0.1333333333333333,2829.8421186573637,2.0177475824281257
0.1499999999999998,2843.2762514366113,2.739105155540303
0.1333333333333333,2829.841995015425,2.0329602714674704
0.1333333333333333,2831.257605463803,0.6245672885265557
0.1499999999999998,2831.965916182914,-0.08579154169739371
0.1333333333333333,2832.673799924605,-0.7958190303119298
0.1333333333333333,2833.3819174727605,-1.5253725614951579
0.1333333333333333,2834.0889695834194,-2.213595192025043
0.1333333333333333,2831.257883769602,0.6212853347867967
0.1333333333333333,2846.8156956623134,-0.8366049353199888
0.1333333333333333,2834.0897333165112,-2.209535758906111
0.1333333333333333,2829.133990320177,2.7308687785769763
0.1333333333333333,2829.8416879507713,2.0305671800915492
0.1333333333333333,2842.5682434086325,3.4497035348015133
0.1333333333333333,2828.425762051101,3.4348533027401684
0.1333333333333333,2844.692036830093,1.3400739790485332
0.1333333333333333,2842.5683123443328,3.4433505443429206
0.1333333333333333,2831.257938525859,0.623137136537287
0.1333333333333333,2834.7977339231456,-2.9059245334008046
0.1333333333333333,2828.42456538244,3.434520317756426
0.1333333333333333,2834.0894611977774,-2.201427055442011
0.1333333333333333,2847.5236611336964,-1.5418874309494786
0.1333333333333333,2845.4000986387714,0.6371331284885703
0.1333333333333333,2844.691905892163,1.3242474015479744
0.1333333333333333,2843.276241865918,2.735165419173337
0.1333333333333333,2842.5678972207147,3.4300672384773874
0.1499999999999998,2834.7976782954706,-2.8991902994296193
0.1333333333333333,2843.276184068541,2.7485470014515223
0.1333333333333333,2829.134044423707,2.7363614004262105
0.1333333333333333,2843.2758584099824,2.7563606302739725
0.1333333333333333,2832.6735764998516,-0.8189478366768264
0.1333333333333333,2829.8421385537754,2.0171252250439804
0.1333333333333333,2829.8421235189803,2.0150958026195696
0.1333333333333333,2832.673172741341,-0.7905397514028353
0.1333333333333333,2831.966032255615,-0.09607835378834584
0.1333333333333333,2829.8421385537754,2.0171252250439804
0.1499999999999998,2843.275097647621,2.7628764289029624
0.1333333333333333,2845.3997357264,0.6440130002398051
0.1333333333333333,2830.5499432799256,1.3235885940360534
0.1333333333333333,2831.257927766413,0.6219308870858071
0.1333333333333333,2847.5241204204485,-1.558670171857987
0.1333333333333333,2832.673879601004,-0.7934459314619579
0.1333333333333333,2831.965907732143,-0.08888084528005656
0.1333333333333333,2819.9476396407863,-2.2222318201018982
0.1333333333333333,2829.8420038620106,2.033014770732859
0.1333333333333333,2834.0897517440826,-2.2059112321413714
0.1333333333333333,2829.841725564252,2.0359570465813133
0.1333333333333333,2843.276213799278,2.741409780041219
0.1333333333333333,2820.6557513529783,-2.9450848283358044
0.1333333333333333,2843.9841283188125,2.047499433753314
0.1333333333333333,2833.381960323368,-1.5211525214701203
0.1333333333333333,2843.2761475502175,2.7539794145685965
0.1333333333333333,2819.239676924466,-1.5172479505680363
0.1333333333333333,2818.531863637813,-0.8324108698603698
0.1333333333333333,2832.6738536982693,-0.7878659249388075
0.1499999999999998,2829.1339914448863,2.729854483955602
0.1333333333333333,2831.9657595427034,-0.09795469834713189
0.1333333333333333,2831.966025226198,-0.10161023000633762
0.1499999999999998,2843.2762987784595,2.74629940397374
0.1499999999999998,2832.6738891902496,-0.7891359945813797
0.1333333333333333,2847.523940606777,-1.5467170681880023
0.1499999999999998,2834.79789331013,-2.9472929250269364
0.1333333333333333,2834.797579049935,-2.9447851393407634
0.1333333333333333,2831.9660061893087,-0.09728359317533664
0.1499999999999998,2842.5683493678007,3.4147718692888556
0.1333333333333333,2834.797441163044,-2.931997555838632
0.1499999999999998,2819.947748483155,-2.236297796812462
0.1333333333333333,2846.108032930298,-0.11909502520748619
0.1333333333333333,2848.232083136769,-2.2636540413918493
0.1333333333333333,2831.966032255615,-0.09607835378834584
0.15,2843.2754596313853,2.746155465520099
0.1333333333333333,2830.54993776777,1.3276772523404707
0.1333333333333333,2845.4000293539966,0.6399702574990145
0.1499999999999998,2829.842001744146,2.0274743289511536
0.1333333333333333,2848.232091268769,-2.256404067428512
0.1333333333333333,2831.2579251231186,0.6208998615560517
0.1333333333333333,2843.276169498549,2.7243156795924373
0.1499999999999998,2842.568328332177,3.4202561995347653
0.1333333333333333,2834.797913147685,-2.949018695947627
0.1333333333333333,2820.6557285888703,-2.944223366334528
0.1499999999999998,2834.0899356620216,-2.242248381775546
0.15,2846.8159572163718,-0.8338005693721504
0.1333333333333333,2831.9660066368247,-0.0944449642628229
0.1499999999999998,2834.797871638937,-2.9343577856582717
0.1333333333333333,2834.797640237597,-2.944012331114635
0.1333333333333333,2831.9660737566633,-0.09735165522248512
0.1333333333333333,2833.3815474323037,-1.49616766978009
0.1499999999999998,2832.673827936789,-0.7895205681053211
0.1499999999999998,2846.8159728556075,-0.8098138268908283
0.15,2842.568232711235,3.459368176760242
0.1333333333333333,2819.9476331681185,-2.227169283194532
0.1333333333333333,2833.3815792134765,-1.4865247250358895
0.1499999999999998,2832.673874787164,-0.7829780885823437
0.1333333333333333,2829.841961367241,2.02563428845572
0.1333333333333333,2846.108038316261,-0.1368949908012136
0.1499999999999998,2833.3808447793617,-1.495394534167208
0.1333333333333333,2829.841296032888,2.0392073277409963
0.1333333333333333,2842.5683685360045,3.4440816331498874
0.1499999999999998,2834.7979184893125,-2.9278153061352943
0.1333333333333333,2847.5240799737753,-1.5377535699106233
0.1333333333333333,2830.550107019369,1.3154491732216942
0.1333333333333333,2842.5683685360045,3.4440816331498874
0.1333333333333333,2834.797772999401,-2.914258923354948
0.1333333333333333,2833.38182987489,-1.4974599151188501
0.1333333333333333,2843.275939577092,2.7330098907441944
0.1333333333333333,2843.275543289252,2.7315997122205586
0.1499999999999998,2832.6735780569475,-0.791870069192221
0.1333333333333333,2846.1081562882546,-0.13809707268029606
0.1333333333333333,2843.27614903439,2.7392294873831
0.1333333333333333,2831.965876760005,-0.08280953064955843
0.1333333333333333,2829.8419833485823,2.033557561114901
0.1499999999999998,2834.0898263436884,-2.2083573740758813
0.1333333333333333,2834.797647041839,-2.924108648867088
0.1333333333333333,2834.7979120484124,-2.9512451061036535
0.1333333333333333,2833.3812677165383,-1.5152686953348338
0.1333333333333333,2818.531824570912,-0.8381885906041832
0.1333333333333333,2847.5241093164755,-1.547415429787046
0.1333333333333333,2833.3819916125476,-1.5360900448924728
0.1333333333333333,2834.089805033645,-2.2034136705296823
0.1499999999999998,2830.5499565241707,1.3253455574127984
0.1333333333333333,2829.842009414889,2.0347628005018916
0.1333333333333333,2830.5496749517965,1.3332097836387566
0.1333333333333333,2828.4260539879833,3.4342705401106084
0.1333333333333333,2830.549948619583,1.330091059300492
0.1333333333333333,2842.5683464348904,3.4237548275810306
0.1333333333333333,2819.2398104562703,-1.5364904982314889
0.1333333333333333,2833.38193237542,-1.5418322003117955
0.1333333333333333,2820.6555929464334,-2.9287954705438795
0.1499999999999998,2829.1337445255303,2.7331936460754767
0.1333333333333333,2834.089805599575,-2.2099525131850277
0.1333333333333333,2843.983981185732,2.0305062701055716
0.1333333333333333,2834.7977899870884,-2.9278715220875546
0.1333333333333333,2831.2579473679884,0.6277194168318487
0.1333333333333333,2829.8420219353475,2.0376871558993455
0.1333333333333333,2842.567948540269,3.45986662428336
0.1333333333333333,2848.232107967612,-2.250987058906467
0.1333333333333333,2833.380882106278,-1.4881002995774624
0.1333333333333333,2834.797512917465,-2.913234166332797
0.1333333333333333,2843.2758250346074,2.760504740241686
0.1333333333333333,2819.9473652363345,-2.224704784217626
0.1333333333333333,2830.5499846516677,1.332703286365711
0.1499999999999998,2842.568229094371,3.4570771028102025
0.1333333333333333,2828.4258147332434,3.4403167613919434
0.1499999999999998,2829.134063915824,2.740843814023616
0.1499999999999998,2831.2576695146404,0.628576042914243
0.1333333333333333,2830.54996657585,1.3195067737082011
0.1499999999999998,2842.5683708672527,3.4440517314699117
0.1333333333333333,2829.8421653382384,2.0270491238615134
0.1333333333333333,2834.797937829257,-2.9407205438242108
0.1333333333333333,2831.2580903233634,0.6142427558815029
0.1499999999999998,2833.3818331101847,-1.489579409870096
0.1499999999999998,2834.7977890600087,-2.913341243609516
0.1499999999999998,2834.0899557729917,-2.2228314366016595
0.1333333333333333,2829.842016382469,2.035939126130313
0.1333333333333333,2833.381817736472,-1.4939733943416629
0.1333333333333333,2831.965891517301,-0.08040465805554196
0.1333333333333333,2843.2751783981453,2.772518003078203
0.1333333333333333,2828.4260625768857,3.4342412580156747
0.1333333333333333,2847.5241040241485,-1.5219812015808536
0.1333333333333333,2843.2763349320553,2.729295520326611
0.1333333333333333,2829.8420231178407,2.0372358662892904
0.1333333333333333,2834.7967990863417,-2.8980595241824805
0.1333333333333333,2831.965921058181,-0.07594901302637713
0.1333333333333333,2834.089914969798,-2.214791998706477
0.1333333333333333,2845.3999192486353,0.628625566299344
0.1333333333333333,2829.8420162932875,2.0274594325502333
0.1333333333333333,2846.108175813944,-0.12610329842227114
0.1333333333333333,2820.655731193254,-2.944239891874237
0.1333333333333333,2847.523055182119,-1.5083731945771954
0.1333333333333333,2834.0896887027657,-2.228164123572811
0.1333333333333333,2829.8417251845935,2.029503003102093
0.1333333333333333,2831.9651658038288,-0.07802322268489591
0.1333333333333333,2843.275112471525,2.757043934000721
0.1333333333333333,2856.7095452688386,3.448932279936223
0.1333333333333333,2843.9840765582744,2.042513653343259
0.1499999999999998,2834.0895086798114,-2.196959622926546
0.1333333333333333,2846.1081324611478,-0.14219187102624675
0.1333333333333333,2818.531842095472,-0.8291279007859078
0.1333333333333333,2834.7978637349033,-2.921996802153689
0.1333333333333333,2831.2578875765,0.616009563310698
0.1333333333333333,2832.6738721830366,-0.7974069978856567
0.1333333333333333,2831.2578782774326,0.6181730124047394
0.1333333333333333,2832.673867521106,-0.8202246755997583
0.1333333333333333,2831.9651585630254,-0.08490790541605639
0.1333333333333333,2832.672997153337,-0.8027019165980337
0.1333333333333333,2846.1077662978846,-0.13729548537764102
0.1333333333333333,2848.2319211919043,-2.2457118442577846
0.1333333333333333,2829.134021416719,2.7277791305442207
0.1333333333333333,2843.9840835213663,2.0398565181352764
0.1333333333333333,2832.6738473693767,-0.8049143887650533
0.1499999999999998,2817.8237272678075,-0.11351040407800768
0.1499999999999998,2831.257929034243,0.62103908766711
0.15,2848.2320499178627,-2.256014405220348
0.1499999999999998,2834.797865675205,-2.917442524072873
0.1333333333333333,2831.96587331781,-0.08593464082470648
0.1333333333333333,2829.1341574132052,2.7162941320072402
0.1333333333333333,2829.842142307696,2.0221960061063666
0.1499999999999998,2842.568215431008,3.441140095648492
0.1333333333333333,2819.947786390184,-2.23961683642133
0.1333333333333333,2842.568182820472,3.457168742050647
0.1333333333333333,2829.8421212725066,2.0155799250004094
0.1333333333333333,2817.8234697984576,-0.10751169176612774
0.1333333333333333,2834.7969658699385,-2.902177468950018
0.1333333333333333,2848.232080890295,-2.2631699190110095
0.1333333333333333,2829.841998904805,2.0328340381441987
0.1333333333333333,2831.9658854012596,-0.08134404316762134
0.1333333333333333,2846.816155457654,-0.853202179943285
0.1333333333333333,2817.1154997721565,0.5998380205458697
0.15,2848.232058619141,-2.257822290729657
0.1333333333333333,2834.797668990197,-2.9004908459581857
0.1333333333333333,2819.947775922893,-2.235802923241055
0.1333333333333333,2834.796935436094,-2.9019299841470088
0.1333333333333333,2830.5499684183824,1.3256381592674529
0.1333333333333333,2833.3812779040563,-1.5080663707031507
0.1333333333333333,2819.2390010024105,-1.513966881244868
0.1499999999999998,2829.1339982961945,2.7167951530588814
0.1333333333333333,2831.965587330624,-0.0874254466215658
0.1333333333333333,2819.9476247736316,-2.2274441771777322
0.1499999999999998,2834.089806712345,-2.2290918434520175
0.1333333333333333,2845.4001194509697,0.6291732361650036
0.1333333333333333,2845.3999484459923,0.6380323198090239
0.1499999999999998,2844.6913316420087,1.3429537994614185
0.1333333333333333,2834.089808995849,-2.2279929629689668
0.15,2834.0899342049174,-2.244062912808148
0.1333333333333333,2819.9477370516106,-2.2474018567078717
0.1499999999999998,2820.655590539095,-2.9311412959677026
0.15,2843.275595659379,2.7334942450453967
0.1333333333333333,2834.0891984152872,-2.2163088989987645
0.15,2834.0897632797705,-2.2087564334745675
0.1333333333333333,2831.965825443286,-0.08428779505412357
0.1333333333333333,2819.947624316305,-2.2296101368388506
0.1333333333333333,2829.8414335670927,2.0150898316389347
0.1333333333333333,2844.692172637153,1.3208618681957447
0.1499999999999998,2833.3818567636567,-1.527298014618105
0.15,2846.816130100236,-0.8504827928183465
0.15,2847.524098149683,-1.5510308320998565
0.1333333333333333,2843.2762713007655,2.7324186542754445
0.1333333333333333,2848.232060192454,-2.2560516664113104
0.1333333333333333,2833.3819809712936,-1.538898639123983
0.1333333333333333,2834.797438195906,-2.9073609247567873
0.1499999999999998,2831.9660321113424,-0.10317579365856903
0.1333333333333333,2842.568350102606,3.4351568362236264
0.1333333333333333,2834.797920413729,-2.950009788245081
0.15,2833.381822877991,-1.5053848092811126
0.1333333333333333,2828.4260907033536,3.4239205317666004
0.1333333333333333,2834.7974640655148,-2.937108283602936
0.1333333333333333,2829.1341681429426,2.708361957037016
0.15,2848.2318146302023,-2.2641945951643834
0.1333333333333333,2842.5675996151567,3.443378814562047
0.1499999999999998,2842.568372895676,3.4119498531556856
0.1333333333333333,2832.6737521379864,-0.8318899472715854
0.1333333333333333,2832.673989452046,-0.8362570512255277
0.1333333333333333,2846.81612897369,-0.8379743876761186
0.1333333333333333,2843.9842392254,2.0240745767920556
0.1333333333333333,2833.3818082096104,-1.5288358044407575
0.1333333333333333,2832.674032264768,-0.8350581796434943
0.1333333333333333,2833.3816750710926,-1.5188327046779593
0.1333333333333333,2847.5236726965436,-1.541799455006745
0.1333333333333333,2847.524106987767,-1.563483642852385
0.1333333333333333,2829.133422875,2.718992730511846
0.1333333333333333,2847.5241134906414,-1.5633992916341983
0.1333333333333333,2843.984226595137,2.0159875415307864
0.1333333333333333,2842.5682261497177,3.4466984579472686
0.1333333333333333,2833.3818114479636,-1.5284375627387705
0.1333333333333333,2843.2756092324403,2.73281824012136
0.1333333333333333,2846.816135433673,-0.8459964095481967
0.1333333333333333,2834.089084923639,-2.2078089067387
0.1333333333333333,2844.6920462376866,1.3348726486014144
0.1333333333333333,2831.9648911485842,-0.08145441600618118
0.1333333333333333,2846.8161323185614,-0.843909674276322
0.1333333333333333,2846.815990524081,-0.8453414302617749
0.1499999999999998,2846.815986216422,-0.843480557717553
0.1499999999999998,2819.9477455505694,-2.2458099548117127
0.1333333333333333,2818.5316849058454,-0.8217840719466286
0.1499999999999998,2842.567616523851,3.4447384300275155
0.1333333333333333,2829.8418586236967,2.0118070523151537
0.1499999999999998,2831.965894038266,-0.09108627001261442
0.1499999999999998,2844.6920127590097,1.349961755649965
0.1333333333333333,2831.965882032511,-0.1177425914373887
0.1333333333333333,2834.0897783799014,-2.228027251686968
0.1333333333333333,2831.9659928600113,-0.10694359026764484
0.1333333333333333,2834.089051191164,-2.206645629605754
0.1333333333333333,2833.38188696136,-1.5059992593449891
0.1333333333333333,2834.7975559179886,-2.93371652994095
0.1333333333333333,2834.7978619356495,-2.950209106721002
0.1499999999999998,2829.1341453985196,2.714195903591086
0.1499999999999998,2817.823875759246,-0.12294954305562282
0.1499999999999998,2834.0896839075426,-2.2401494005517226
0.1333333333333333,2831.965228486206,-0.09055775338776492
0.1333333333333333,2833.3818618653145,-1.5211346159075962
0.1333333333333333,2833.3818419993954,-1.4979484345367216
0.15,2843.276131510502,2.75025735994422
0.1333333333333333,2817.8237362607374,-0.11562485708457378
0.1333333333333333,2831.9659428967407,-0.11210550903454695
0.1333333333333333,2834.797773119485,-2.9091978197215957
0.1333333333333333,2842.568206126537,3.4643777711172907
0.1333333333333333,2843.276173396986,2.7414172029894965
0.15,2845.3997673749145,0.648033786420152
0.1333333333333333,2842.5683206445933,3.4296733357870393
0.1333333333333333,2831.966027258839,-0.10126567593180202
0.1333333333333333,2843.9838087016133,2.0423116031280655
0.1333333333333333,2846.815414159024,-0.8311523558183952
0.1333333333333333,2834.7974896805445,-2.920276752629872
0.1333333333333333,2843.2761876637405,2.719362299779102
0.1333333333333333,2828.426197061305,3.4121105087123054
0.1333333333333333,2834.7977615772534,-2.9150462433565116
0.1333333333333333,2834.797745450418,-2.92422084353523
0.1333333333333333,2843.276335059656,2.7298647780545826
0.1333333333333333,2829.133772505038,2.735409645680809
0.1333333333333333,2842.5683755105215,3.4199394520540958
0.1333333333333333,2834.7978521269447,-2.928108653885198
0.1333333333333333,2842.568385128508,3.4179370680004078
0.1333333333333333,2843.2761780880783,2.749933187020185
0.1333333333333333,2846.1079084600415,-0.12341805336142542
0.1333333333333333,2831.2579316529363,0.6261873611040646
0.1333333333333333,2834.0898261312905,-2.224128791351567
0.1333333333333333,2843.27590904166,2.762138804456627
0.1333333333333333,2834.7978645869225,-2.93239145852898
0.1333333333333333,2833.3815538223585,-1.518894519739331
0.15,2842.5681400349968,3.4733654492879666
0.1499999999999998,2834.0897943545388,-2.2120256172648918
0.1333333333333333,2834.797508913478,-2.9013687588776356
0.1166666666666666,2842.568143471986,3.4742986668023605
0.1166666666666666,2833.3817804634896,-1.5010891674709343
0.1166666666666666,2848.231795183987,-2.262310753260317
0.1166666666666666,2846.1079104332607,-0.13713677425240745
0.1166666666666666,2832.6736988539715,-0.810599515826323
0.1166666666666666,2833.3819388579896,-1.5383305743618054
0.1166666666666666,2843.275546551937,2.7401278969076723
0.1166666666666666,2843.984083700488,2.031888071646473
0.1166666666666666,2832.6739593254633,-0.8104826823249893
0.1166666666666666,2831.257900591631,0.6136691368038666
0.1333333333333333,2842.568355149986,3.4159225992111413
0.1166666666666666,2846.815744910712,-0.8104655419341417
0.1166666666666666,2842.5681972907587,3.4298908858208064
0.1166666666666666,2843.2762985362456,2.744032035577238
0.1166666666666666,2834.797926364231,-2.9440862929938723
0.1166666666666666,2834.7975098866023,-2.9111295688453103
0.1166666666666666,2817.115748000701,0.5893291020852965
0.1166666666666666,2828.426174143973,3.4097309076861277
0.1333333333333333,2834.0895344111677,-2.217304538602986
0.1333333333333333,2842.568362332753,3.4228505864185146
0.1166666666666666,2845.4001284808974,0.6313020235377729
0.1333333333333333,2843.2761684009115,2.742271990871638
0.1166666666666666,2834.0899625233487,-2.247124044410568
0.1166666666666666,2834.7974778444736,-2.936906753255596
0.1166666666666666,2847.5241228003365,-1.5606689979927053
0.1166666666666666,2817.8238458848464,-0.12792878354701048
0.1166666666666666,2830.549974225493,1.3278080623722082
0.1333333333333333,2820.655731229815,-2.942289699545073
0.1166666666666666,2831.256954914494,0.6314824575739076
0.1166666666666666,2834.0897589918977,-2.2021384222469385
0.1166666666666666,2831.965869095097,-0.08713288434142105
0.1166666666666666,2843.2763048078796,2.7090697899428697
0.1166666666666666,2847.524127610697,-1.5404430464557193
0.1333333333333333,2828.4252699335952,3.4387816215619664
0.1166666666666666,2830.5500957750687,1.310807171241728
0.1166666666666666,2831.258064618751,0.6126982885127411
0.1166666666666666,2832.673591765568,-0.7988764308818063
0.1166666666666666,2818.531416487187,-0.8196130364032589
0.1166666666666666,2844.6920516468285,1.3456704306306488
0.1333333333333333,2843.275453402511,2.751673005043058
0.1166666666666666,2846.108184220135,-0.14412557323816894
0.1166666666666666,2830.5499569747017,1.3232945377448806
0.1333333333333333,2832.6739242450394,-0.8010153898111269
0.1166666666666666,2832.6737825082264,-0.788492230120169
0.1166666666666666,2834.089875514695,-2.21855786441746
0.1166666666666666,2848.2313048172537,-2.25505075718849
0.1333333333333333,2845.4001100224054,0.6234808188285784
0.1333333333333333,2846.108164024358,-0.13710658866516537
0.1166666666666666,2846.107687109781,-0.10780757111785254
0.1166666666666666,2833.3818006582514,-1.5031973202918907
0.1166666666666666,2843.2761014092966,2.7569759776571576
0.1166666666666666,2831.257609220857,0.6208974537417927
0.1166666666666666,2830.5500930601343,1.3115508125217394
0.1166666666666666,2829.8413204322796,2.0294670613228174
0.1166666666666666,2818.5311266371036,-0.8304056886937559
0.1166666666666666,2830.5496885487573,1.3313869753328282
0.1166666666666666,2834.0894791653636,-2.2101656395524403
0.1166666666666666,2833.3812379872106,-1.5129725239688372
0.1166666666666666,2834.089541077427,-2.2260434991548683
0.1166666666666666,2834.0890997059428,-2.2247026250617243
0.1166666666666666,2831.965886894388,-0.09385279650059798
0.1166666666666666,2831.2576390573868,0.621875508460301
0.1166666666666666,2832.6735396941313,-0.7933334789753533
0.1166666666666666,2843.275887407047,2.749867488348479
0.1333333333333333,2834.0899107428713,-2.2290888421825263
0.1166666666666666,2828.4260443015924,3.4352084830015643
0.1166666666666666,2831.9659218238153,-0.08516535683023609
0.1333333333333333,2833.3810892961847,-1.496987957679602
0.1166666666666666,2817.115761025114,0.5863958821897294
0.1333333333333333,2819.94775836887,-2.2469210118131073
0.1333333333333333,2848.2319312801606,-2.25429403796853
0.1333333333333333,2820.65572108519,-2.9519048813469695
0.1166666666666666,2829.1340453522025,2.729351465019996
0.1166666666666666,2833.3818108319138,-1.4989694912055458
0.1166666666666666,2819.9477513359784,-2.2424387254581415
0.1166666666666666,2834.7977103100834,-2.900254971423741
0.1333333333333333,2818.531707534877,-0.812358523223212
0.1166666666666666,2847.5241128354965,-1.5486491349579086
0.1166666666666666,2832.67398392403,-0.8041444373596311
0.1166666666666666,2842.5675403719492,3.433348779011961
0.1166666666666666,2819.947783268598,-2.2391468149474583
0.1166666666666666,2834.7978879427674,-2.932462781631716
0.1166666666666666,2834.797129046061,-2.917678599413305
0.1166666666666666,2831.258064171235,0.6098596596002274
0.1166666666666666,2828.426075644604,3.440550880469069
0.1166666666666666,2831.257618327845,0.6239215780791366
0.1166666666666666,2832.673867991795,-0.7956507130620158
0.1166666666666666,2818.5315744737945,-0.8214805837891099
0.1166666666666666,2829.8421330587485,2.01579104077559
0.1166666666666666,2829.134064157703,2.742422184314558
0.1166666666666666,2830.5494025037738,1.315912313386958
0.1166666666666666,2832.673589861362,-0.7835845372960982
0.1166666666666666,2829.84211911802,2.0232977036651008
0.1166666666666666,2830.549263228375,1.3292543156263272
0.1166666666666666,2846.8161396498394,-0.8304926752562387
0.1166666666666666,2829.8421330587485,2.01579104077559
0.1166666666666666,2834.0898419916034,-2.2281800847558335
0.1166666666666666,2832.673839708715,-0.79630986381376
0.1166666666666666,2830.5499303093216,1.324431508937517
0.1166666666666666,2843.2758333964202,2.7382290414822377
0.1166666666666666,2844.6920191813847,1.3288817538558775
0.1166666666666666,2831.2569544223466,0.6271691625968979
0.1333333333333333,2843.2753849732126,2.754190082520226
0.1166666666666666,2848.23164014541,-2.2386246205009814
0.1166666666666666,2843.984233924482,2.033667361777637
0.1166666666666666,2834.7977892639174,-2.939017012431758
0.1166666666666666,2846.8159879032187,-0.8327765887712449
0.1166666666666666,2831.2579284608837,0.6212875331873086
0.1166666666666666,2844.6921863609837,1.3196955846443885
0.1166666666666666,2834.089935124883,-2.2217983040186047
0.1166666666666666,2845.4001457364834,0.6299348867491225
0.1333333333333333,2833.381811718479,-1.493580488187198
0.1166666666666666,2834.7977472622524,-2.9190706077883553
0.1166666666666666,2846.1081686359153,-0.14172817778568614
0.1166666666666666,2831.966006583842,-0.10810987381900102
0.1166666666666666,2834.797857449124,-2.928045351954222
0.1166666666666666,2833.3819518824025,-1.5412637942573726
0.1166666666666666,2829.1330708475894,2.739194211370713
0.1333333333333333,2820.6550564910176,-2.9424117817270585
0.1166666666666666,2846.10806293159,-0.11512078626330036
0.1166666666666666,2831.2576288205946,0.620002871702911
0.1166666666666666,2834.7977749526417,-2.938316892247669
0.1166666666666666,2819.9476551261064,-2.2278394359476286
0.1166666666666666,2847.5239571077536,-1.5495636258755254
0.1166666666666666,2833.3815314721196,-1.4995597835316345
0.1166666666666666,2843.275882553542,2.7199497676812383
0.1166666666666666,2831.2579471487006,0.619893811097166
0.1166666666666666,2831.2579274792843,0.6199136245226903
0.1166666666666666,2831.9659121902364,-0.0919735597040506
0.1166666666666666,2846.1077249499835,-0.11356888098372664
0.1333333333333333,2846.1077462309536,-0.12195518434792
0.1333333333333333,2843.276144923017,2.736279521904232
0.1333333333333333,2846.8160022085176,-0.8404174791853374
0.1166666666666666,2830.550078082598,1.3159927962787725
0.1333333333333333,2834.7978909788817,-2.947263023347188
0.1333333333333333,2843.276309752873,2.709817901434969
0.1166666666666666,2834.089678869688,-2.2400780655500077
0.1166666666666666,2843.275838919955,2.7516794917006804
0.1166666666666666,2848.232031663894,-2.2546906901747388
0.1166666666666666,2829.8417023659426,2.0327236354280225
0.1166666666666666,2819.9476098733653,-2.2249777569225833
0.1166666666666666,2830.548956819893,1.3312375144428878
0.1166666666666666,2834.7978666010827,-2.934286450656784
0.1333333333333333,2846.816110915862,-0.8416344155864866
0.1333333333333333,2847.524059928971,-1.5445361326806024
0.1166666666666666,2833.381926724839,-1.5122709610654839
0.1166666666666666,2830.548595178118,1.3171305329216818
0.1166666666666666,2832.6738383019306,-0.7915737767735088
0.1166666666666666,2831.2580346715563,0.6041339399400352
0.1166666666666666,2844.6921894234206,1.3088736246260864
0.1166666666666666,2820.65570619697,-2.941571044422349
0.1166666666666666,2847.5240800448437,-1.5597377386540083
0.1166666666666666,2834.0899255559552,-2.2422377204915866
0.1166666666666666,2831.9658546333953,-0.08919846691792718
0.1166666666666666,2831.965868375958,-0.08092402601258687
0.1166666666666666,2846.1080437416554,-0.12960358351613693
0.1166666666666666,2831.9660142397674,-0.10086690486496427
0.1166666666666666,2834.0897303036945,-2.2163344525921618
0.1166666666666666,2846.10812956834,-0.1429377516869752
0.1166666666666666,2833.3819411684417,-1.5243187115890597
0.1166666666666666,2830.5499359967703,1.3231498628203673
0.1166666666666666,2834.7977410778753,-2.91421504890958
0.1166666666666666,2843.983951756899,2.05124867094205
0.1166666666666666,2846.8158327984424,-0.8315600934248469
0.1166666666666666,2834.796758193097,-2.9219552994810845
0.1166666666666666,2846.8159708053718,-0.8415075930775999
0.1333333333333333,2834.797747020126,-2.934857907028556
0.1166666666666666,2831.25800434464,0.6057521027022287
0.1166666666666666,2830.549934679707,1.3266308283166046
0.1166666666666666,2843.275918698126,2.7351602206578276
0.1166666666666666,2842.568221731901,3.4622959286357267
0.1166666666666666,2818.531723354804,-0.8056124403366021
0.1166666666666666,2819.947673041284,-2.2219403812078253
0.1166666666666666,2829.842049198463,2.027265223159896
0.1166666666666666,2842.568240079825,3.448794885707991
0.1166666666666666,2830.5501244854568,1.3196966468892362
0.1166666666666666,2834.7977919639875,-2.9271526294018733
0.1166666666666666,2834.797913451458,-2.9277439711338067
0.1166666666666666,2829.842013260883,2.0364091476041843
0.1166666666666666,2830.54997491085,1.3325474403388518
0.1166666666666666,2829.1340591059306,2.7460267114695065
0.1166666666666666,2843.9843166129626,2.0114179447458236
0.1166666666666666,2834.797762206249,-2.901283699445414
0.1166666666666666,2829.1341742994855,2.721918052625548
0.1166666666666666,2834.0898488241405,-2.2209116011512853
0.1166666666666666,2819.947601456832,-2.2353379910602387
0.1166666666666666,2817.823848616685,-0.13247312160472308
0.1166666666666666,2831.9658756402355,-0.09080744441694497
0.1166666666666666,2842.568261751018,3.435859746339326
0.1166666666666666,2842.568229315953,3.451040392942153
0.1166666666666666,2831.966044238252,-0.09430745007062233
0.1166666666666666,2846.108104159478,-0.1090634558888091
0.1166666666666666,2829.8421622166525,2.027519145335385
0.1166666666666666,2828.425780786356,3.4357109492508355
0.1333333333333333,2842.5683688126946,3.44789063981221
0.1166666666666666,2829.134061391467,2.740420128690581
0.1166666666666666,2829.8420118000818,2.034926832464374
0.1166666666666666,2833.3815738553144,-1.4842804009370292
0.1166666666666666,2842.567943785126,3.4365868445021546
0.1166666666666666,2832.673587696458,-0.7900700266033144
0.1166666666666666,2848.2320968592917,-2.25808340246807
0.1166666666666666,2831.9658759294384,-0.08248384536422033
0.1166666666666666,2829.8421560892907,2.020644158530737
0.1166666666666666,2832.6738990850654,-0.790166587240221
0.1166666666666666,2834.797755021567,-2.9074505276845573
0.1166666666666666,2834.797492196634,-2.902221043530642
0.1166666666666666,2831.25770766238,0.6352047687798524
0.1166666666666666,2847.523973537044,-1.5058048416348977
0.1333333333333333,2834.797770751115,-2.9238667539799517
0.1166666666666666,2833.3815225705403,-1.498131473515243
0.1166666666666666,2828.42616473279,3.4203594426362054
0.1166666666666666,2834.0897783615546,-2.209231179375718
0.1166666666666666,2842.5679504645295,3.465855080215065
0.1166666666666666,2834.0895372078144,-2.2169368345904674
0.1166666666666666,2834.797913451458,-2.9277439711338067
0.1166666666666666,2832.6737454602207,-0.7916871791024157
0.1166666666666666,2828.4262225561856,3.4226121974937653
0.1166666666666666,2842.5683443299463,3.4148432042905705
0.1166666666666666,2833.381507716938,-1.502353029675203
0.1166666666666666,2831.2576334749842,0.6238872826879408
0.1166666666666666,2844.6921569261362,1.3224423495422812
0.1166666666666666,2833.381535184216,-1.4940338887536073
0.1166666666666666,2843.275401645847,2.7587471868119775
0.1333333333333333,2843.2758420957452,2.765010659586569
0.1166666666666666,2843.275835967638,2.739076230095999
0.1166666666666666,2834.7979068636578,-2.9510693655246767
0.1166666666666666,2842.568128742567,3.453346750415869
0.1166666666666666,2834.7975792829916,-2.9257179398181394
0.1166666666666666,2848.232083565387,-2.261549956250229
0.1166666666666666,2834.089438187627,-2.1963818040059677
0.1166666666666666,2834.797909341806,-2.951203672781914
0.1166666666666666,2834.797433564388,-2.918616645783858
0.1166666666666666,2833.3815111630465,-1.503297390367277
0.1333333333333333,2843.275893657091,2.755897350254293
0.1166666666666666,2818.5318673765323,-0.8202112635552503
0.1166666666666666,2847.5241425446857,-1.5459617560508654
0.1166666666666666,2842.567948949568,3.44482655705366
0.1166666666666666,2831.965636256313,-0.07433743154732543
0.1166666666666666,2842.5682498112096,3.436643872423977
0.1166666666666666,2829.842130308446,2.010119596251294
0.1166666666666666,2843.984245689794,2.028071447871645
0.1166666666666666,2819.947736765647,-2.247424730206082
0.1166666666666666,2843.2762622133205,2.7301789828813083
0.1333333333333333,2843.2762868421228,2.739307440595506
0.1166666666666666,2834.0897179982585,-2.1846105329244536
0.1166666666666666,2843.276254934959,2.754807415856214
0.1166666666666666,2829.841748107351,2.040614177054034
0.1166666666666666,2833.381867917128,-1.5176860000944563
0.1166666666666666,2829.842156216258,2.0229324866538385
0.1166666666666666,2805.8052696885097,-2.2360454899726423
0.1166666666666666,2819.9477681884528,-2.2352887981120846
0.1333333333333333,2834.089768088683,-2.211053055492699
0.1166666666666666,2846.1081519616105,-0.13186998158686591
0.1166666666666666,2843.2761386302227,2.720928260058737
0.1166666666666666,2817.8237133078705,-0.12038638245887985
0.1166666666666666,2830.549673684225,1.3227534082211116
0.1166666666666666,2843.275900246901,2.7307802084858572
0.1333333333333333,2843.276248489958,2.7573631692738827
0.1333333333333333,2842.568251132446,3.432995713167481
0.1166666666666666,2833.381565373828,-1.4825182340507916
0.1166666666666666,2834.089932387213,-2.2092590586719814
0.1333333333333333,2843.2758977316475,2.7399552672807723
0.1333333333333333,2834.7977759629794,-2.9395013808805124
0.1166666666666666,2847.5241208490665,-1.5565660867163664
0.1166666666666666,2832.673182572752,-0.7899698956729698
0.1166666666666666,2844.692201655756,1.3190678337602109
0.1166666666666666,2833.381104256125,-1.5018711471580803
0.1166666666666666,2831.25793732387,0.6157537815026565
0.1166666666666666,2845.4001517418137,0.6059969289650794
0.1166666666666666,2842.5683135067948,3.4340194423615698
0.1166666666666666,2833.3819441549012,-1.5215641336636851
0.1166666666666666,2842.568236676785,3.4624061356597275
0.1166666666666666,2834.79708896494,-2.9006265658980186
0.1166666666666666,2817.115761025114,0.5863958821897294
0.1166666666666666,2845.399724076515,0.6348197333163063
0.1166666666666666,2819.9477507754414,-2.2485681402594553
0.1166666666666666,2842.568230606131,3.425622920493276
0.1166666666666666,2846.1081659714055,-0.1330133916402393
0.1166666666666666,2817.1157571531617,0.5870088982779388
0.1166666666666666,2831.965871109114,-0.08306466026169111
0.1166666666666666,2845.3997458367053,0.6292629532332753
0.1166666666666666,2848.232071078447,-2.268607964747513
0.1166666666666666,2842.567967151459,3.428802554662604
0.1333333333333333,2834.7977677386607,-2.9333531763608596
0.1166666666666666,2830.550098704612,1.3091720846097934
0.1166666666666666,2829.841993032917,2.0276326150937742
0.1166666666666666,2843.2761879226214,2.7225968217601832
0.1166666666666666,2834.0890661740823,-2.2175498496268022
0.1166666666666666,2843.9842389394357,2.024051703294073
0.1333333333333333,2844.692173196202,1.3306197665916688
0.1333333333333333,2834.7978953739957,-2.9331226445915326
0.1333333333333333,2819.9477781693668,-2.2362870456218946
0.1166666666666666,2831.2579311088944,0.6214622763652308
0.1333333333333333,2848.232062414809,-2.2503969152672205
0.1166666666666666,2829.8421354321895,2.017595246517852
0.1166666666666666,2834.7974697001255,-2.905585043813989
0.1333333333333333,2834.0894392974433,-2.196122715537109
0.1333333333333333,2847.52410523125,-1.5473356614009877
0.1166666666666666,2830.549963456745,1.3285009226730955
0.1166666666666666,2846.816098879689,-0.8407072624125917
0.1166666666666666,2818.5317005889588,-0.8165462930574591
0.1166666666666666,2831.965825840154,-0.08365427122788727
0.1166666666666666,2843.9842152793462,2.023444136319678
0.1166666666666666,2817.823854261163,-0.13485184951666912
0.1333333333333333,2834.7977826191086,-2.9367710435778753
0.1166666666666666,2847.5239441741455,-1.5388872943394234
0.1166666666666666,2848.232088562163,-2.2563626341067726
0.1166666666666666,2831.965920314637,-0.11255439140263858
0.1166666666666666,2829.1341725889015,2.7202907879286125
0.1166666666666666,2843.2761760568374,2.7524030640900827
0.1166666666666666,2831.966029134029,-0.09560833231447464
0.1166666666666666,2831.257935812469,0.6223882185956547
0.1333333333333333,2831.257919378534,0.6214076742163683
0.1166666666666666,2844.6921779956665,1.3184602667858158
0.1166666666666666,2834.7977720370677,-2.9321306796914413
0.1166666666666666,2848.232076075223,-2.2634206426040566
0.1166666666666666,2834.089797118725,-2.200012029258416
0.1166666666666666,2842.5679446253453,3.4606280471030795
0.1166666666666666,2847.5240894690014,-1.5445624744841389
0.1166666666666666,2829.8420035246195,2.038686151701775
0.1166666666666666,2830.5489851745224,1.3341945785858351
0.1166666666666666,2834.089929951069,-2.228097341735931
0.1166666666666666,2847.52411508197,-1.5491332573387484
0.1166666666666666,2832.6735713696185,-0.7894363946482406
0.1166666666666666,2832.6738457487913,-0.7895662953781418
0.1333333333333333,2834.7978953739957,-2.9331226445915326
0.1333333333333333,2848.232083136769,-2.2636540413918493
0.1166666666666666,2834.7977448901615,-2.905106105816052
0.1333333333333333,2848.232091268769,-2.256404067428512
0.1166666666666666,2819.9478154278777,-2.242625907166326
0.1333333333333333,2819.9476475641272,-2.2232743642456274
0.1333333333333333,2843.276157499825,2.7483635541776104
0.1166666666666666,2834.0894829153503,-2.2011980320632007
0.1166666666666666,2830.549959285212,1.326353752563785
0.1166666666666666,2830.549963456745,1.3285009226730955
0.1166666666666666,2847.5236572255985,-1.5249590633094157
0.1166666666666666,2819.94696218271,-2.2222294908587745
0.1166666666666666,2847.5241108402756,-1.5637584024708882
0.1333333333333333,2834.089818726852,-2.233248555193524
0.1166666666666666,2844.6921779956665,1.3184602667858158
0.1333333333333333,2834.7979120484124,-2.9512451061036535
0.1333333333333333,2843.275910665044,2.7485947861164797
0.1166666666666666,2844.6921779956665,1.3184602667858158
0.1166666666666666,2834.7977349179605,-2.9132060478188597
0.1166666666666666,2819.9476291965266,-2.227984565288421
0.1333333333333333,2834.7975079374633,-2.9306082734876617
0.1166666666666666,2842.5681564838555,3.444707852998319
0.1166666666666666,2817.8237181757304,-0.12310812429352798
0.1166666666666666,2844.692158343378,1.3322588933815944
0.1333333333333333,2843.2755843846676,2.735403297928793
0.1166666666666666,2820.6557297446493,-2.945687434436052
0.1166666666666666,2831.258055368124,0.5724524964854137
0.1166666666666666,2829.1341594916616,2.7071037656804604
0.1166666666666666,2846.8158741089524,-0.8363738104090918
0.1166666666666666,2834.08974138051,-2.200553946291565
0.1166666666666666,2846.8161600840162,-0.855685128458843
0.1166666666666666,2819.947622999173,-2.2386209601347007
0.1166666666666666,2842.568305950237,3.425675431011405
0.1166666666666666,2819.239526475442,-1.542047074158224
0.1166666666666666,2834.797903568476,-2.9391727745757654
0.1166666666666666,2834.0895397544277,-2.215720048827463
0.1333333333333333,2832.673606202459,-0.7913723406240284
0.1166666666666666,2819.239795591667,-1.545723829746682
0.1166666666666666,2830.5496861091024,1.3266234675713315
0.1333333333333333,2843.276182166484,2.7387503808166067
0.1166666666666666,2831.96592174718,-0.11455926115622984
0.1166666666666666,2846.107321822434,-0.11639934280015339
0.1166666666666666,2832.6738500681286,-0.7984258955261359
0.1166666666666666,2844.69205725493,1.3387312886286378
0.1166666666666666,2829.842007121056,2.025205688050358
0.1333333333333333,2843.2763178663063,2.710938729677279
0.1166666666666666,2834.7970729176704,-2.9130837227126807
0.1166666666666666,2843.2762690920613,2.7350776157569885
0.1166666666666666,2843.2763198643192,2.7180424574636293
0.1166666666666666,2843.2762837556616,2.7268960138068463
0.1166666666666666,2834.797541650072,-2.9320976281273508
0.1166666666666666,2834.7978848475896,-2.9533710923461856
0.1166666666666666,2832.6739861705037,-0.804628559740471
0.1166666666666666,2846.1077231911413,-0.11648724240728014
0.1166666666666666,2846.1080357328456,-0.1276567023778301
0.1166666666666666,2846.1081419561306,-0.1392800389836485
0.1166666666666666,2834.797470175234,-2.9101633261954136
0.1166666666666666,2833.381795812135,-1.5028017384380634
0.1166666666666666,2834.0899625233487,-2.247124044410568
0.1166666666666666,2831.9659110533285,-0.08438720418215485
0.1166666666666666,2843.275822478139,2.7499550229823866
0.1166666666666666,2834.7978882722755,-2.947221590025449
0.1166666666666666,2819.946802352212,-2.2274721572287617
0.1166666666666666,2832.673813475153,-0.7997782737121614
0.1166666666666666,2847.5240634026945,-1.5457677138711297
0.1166666666666666,2834.797051976293,-2.9095869990363457
0.1499999999999998,2843.983779755369,2.046475734476752
0.1166666666666666,2834.0894781607594,-2.2270365598027526
0.1333333333333333,2832.6728365521976,-0.790143692095913
0.1166666666666666,2843.9837873461183,2.046270812386548
0.1166666666666666,2843.2758489725093,2.750167828444078
0.1166666666666666,2831.9655946640423,-0.08210051728524723
0.1166666666666666,2818.5314148710067,-0.8175792633057218
0.1166666666666666,2832.673885908587,-0.7978409820484123
0.1333333333333333,2831.9653152611763,-0.10304621822307944
0.1166666666666666,2831.965852906962,-0.08431141323061343
0.1333333333333333,2833.381850784459,-1.5213524435318793
0.1333333333333333,2828.4257831378795,3.437736913793449
0.1333333333333333,2818.531699868412,-0.811774982601138
0.1166666666666666,2829.134040440374,2.74158533799365
0.1166666666666666,2828.426070420756,3.438232839573126
0.1166666666666666,2831.2579046833334,0.6172261883184058
0.1166666666666666,2843.984214112566,2.02635372454247
0.1166666666666666,2844.692168680475,1.3311662636346695
0.1166666666666666,2842.568359769596,3.4144478948401407
0.1166666666666666,2843.984231177209,2.022539895157162
0.1166666666666666,2843.275859651071,2.7250604954455424
0.1166666666666666,2834.7977309398493,-2.909692106741388
0.1166666666666666,2834.0897811406935,-2.2304144091737745
0.1333333333333333,2834.7975823337147,-2.9191778793890824
0.1166666666666666,2831.2578808439584,0.6197062008444502
0.1166666666666666,2846.816154616334,-0.8542348050834063
0.1166666666666666,2831.2577681254734,0.6166471379331211
0.1166666666666666,2832.6732971447595,-0.8131274569858516
0.1166666666666666,2829.8417373320463,2.0393103618013932
0.1166666666666666,2831.965879298783,-0.08761245032615425
0.1166666666666666,2831.965885595679,-0.07977328589098466
0.1333333333333333,2845.3999914616697,0.6449970759382028
0.1166666666666666,2845.3998878060256,0.6129536770803203
0.1166666666666666,2819.2397812102595,-1.538957762694436
0.1166666666666666,2834.08990157431,-2.2433144438956676
0.1166666666666666,2833.3817797166716,-1.5018023907515614
0.1166666666666666,2833.3817983093095,-1.5255566381225778
0.1333333333333333,2818.5317045522734,-0.8132828654237176
0.1166666666666666,2829.841274509305,2.033399961540068
0.1166666666666666,2832.6735981000106,-0.7909411486873088
0.1166666666666666,2818.5318377458784,-0.8256030029566255
0.1166666666666666,2831.2579225889413,0.6220470707107445
0.1166666666666666,2845.4001513647,0.6092045468767098
0.1166666666666666,2846.1081529469925,-0.13008017174467212
0.1166666666666666,2834.0897431798103,-2.2060730370047965
0.1333333333333333,2831.9659204386016,-0.11539736499115115
0.1166666666666666,2842.5681619538013,3.4510078877771333
0.1166666666666666,2844.6920411596475,1.351724944527133
0.1166666666666666,2843.2761552935376,2.747353493444565
0.1166666666666666,2843.275868392266,2.7519903775033994
0.1166666666666666,2829.842006124342,2.0160077556100644
0.1166666666666666,2843.2763065657605,2.726101209474385
0.1166666666666666,2831.965887726226,-0.09968072809728053
0.1166666666666666,2843.2763189394273,2.7315194001581284
0.1166666666666666,2843.276311578595,2.720153657440554
0.1333333333333333,2846.8161493692414,-0.8557730975224934
0.1166666666666666,2834.7977244329904,-2.9174109747360832
0.1166666666666666,2846.816114478116,-0.8388935775920212
0.1166666666666666,2842.5682854036063,3.4466321913306275
0.1166666666666666,2833.3818486551577,-1.508170733181216
0.1333333333333333,2847.52374233008,-1.5315487071215648
0.1166666666666666,2817.8237359747736,-0.11564773058278395
0.1166666666666666,2833.3819528120093,-1.5156820717342159
0.1166666666666666,2834.089779297075,-2.227960485543133
0.1166666666666666,2843.2762459813816,2.7327172758540668
0.1166666666666666,2833.381761981674,-1.477798388445935
0.1166666666666666,2814.9920204157897,2.696191106133095
0.1166666666666666,2819.947637550877,-2.218853054638262
0.1166666666666666,2834.0897608642354,-2.2146271044724815
0.1166666666666666,2846.8159646726795,-0.812551049976613
0.1166666666666666,2832.6735708895712,-0.7881597904329464
0.1166666666666666,2834.7975098866023,-2.9111295688453103
0.1166666666666666,2845.3998956230926,0.6243567868260939
0.1166666666666666,2834.797783205568,-2.930559811893274
0.1166666666666666,2831.9660416071943,-0.09083964575737515
0.1166666666666666,2845.400017325151,0.6357479674990386
0.1166666666666666,2831.9660416071943,-0.09083964575737515
0.1166666666666666,2834.7975281162135,-2.9261448598653734
0.1333333333333333,2846.815771481759,-0.8338148115510402
0.1166666666666666,2834.0897830801136,-2.1998923049241546
0.1333333333333333,2834.7976824289667,-2.889069712479679
0.1166666666666666,2830.5501161745533,1.319128093310349
0.1166666666666666,2843.276226084667,2.7404784940425544
0.1166666666666666,2844.692047672864,1.336346914310208
0.1166666666666666,2834.7977746500414,-2.9353141270930356
0.1166666666666666,2834.089786591196,-2.220411926687624
0.1166666666666666,2834.7977727115353,-2.9163590529992254
0.1166666666666666,2843.2762481199265,2.7416483217967653
0.1333333333333333,2843.2763478448287,2.7129531984665456
0.1333333333333333,2834.089835749277,-2.226131175405482
0.1166666666666666,2842.568307074799,3.4336970519619627
0.1166666666666666,2834.0898099952146,-2.211375183465363
0.1166666666666666,2842.5679350267064,3.4331796620107538
0.1166666666666666,2833.3815535363947,-1.518917393237314
0.1166666666666666,2830.5501100471915,1.3122531065054739
0.1166666666666666,2831.9658982043034,-0.08020161371954306
0.1166666666666666,2834.0892092993477,-2.241131222256708
0.1166666666666666,2833.3818608264874,-1.503767822737884
0.1166666666666666,2829.841443648158,2.0193819235335706
0.1333333333333333,2843.276294874128,2.7249418798549963
0.1333333333333333,2842.5675928169285,3.442587379013251
0.1166666666666666,2846.1081590118874,-0.13428044280426005
0.1166666666666666,2832.67311647824,-0.7847711750900307
0.1166666666666666,2831.2579357322106,0.6276707048770852
0.1166666666666666,2834.797926364231,-2.9440862929938723
0.1166666666666666,2843.2759252190117,2.7438712042854485
0.1166666666666666,2834.7976164729184,-2.914066313175957
0.1166666666666666,2831.257933678259,0.623259569933419
0.1333333333333333,2842.5679810175593,3.4385739006163996
0.1166666666666666,2842.5681784270087,3.457316937760562
0.1166666666666666,2833.3815620024866,-1.5199045519747303
0.1166666666666666,2831.2580784433576,0.6113055948639733
0.1166666666666666,2834.7979022148897,-2.93101684636797
0.1166666666666666,2842.5683716580297,3.420224008556309
0.1166666666666666,2829.842147457838,2.0195253041624377
0.1166666666666666,2834.7975064450206,-2.9132097204967087
0.1166666666666666,2818.5318339973924,-0.8287282415357614
0.1166666666666666,2829.8418290669974,2.0186726379898996
0.1166666666666666,2834.7977376959707,-2.9128758745627126
0.1166666666666666,2843.2761837018666,2.747475739669505
0.1166666666666666,2831.966075498949,-0.124150814858651
0.1166666666666666,2842.568247730137,3.4338680470110257
0.1,2820.655324873018,-2.9265091310295146
0.1166666666666666,2829.8421092389153,2.0141016790077595
0.1,2847.5236601831193,-1.5208270364840846
0.1,2834.797696041103,-2.8988758786707964
0.1166666666666666,2832.6728311592733,-0.8140317989187582
0.1,2831.9658321598163,-0.0918553921645869
0.1,2843.2761370627454,2.7534957878790602
0.1166666666666666,2847.523659535349,-1.5440545737673161
0.1166666666666666,2829.841966484434,2.025753141683432
0.1166666666666666,2832.6735730674836,-0.785021750072962
0.1,2845.399710434428,0.6254185661236092
0.1,2848.23091300804,-2.2107349850947284
0.1,2830.5499601114147,1.3298008816580575
0.1,2829.1341300517356,2.7097828064537337
0.1,2844.6920386961046,1.3431610239162064
0.1,2832.673817461205,-0.7961281714352825
0.1,2845.4000303654934,0.6356017555463178
0.1,2816.4079201662416,1.282016082022731
0.1,2829.8421179866755,2.015283801940091
0.1166666666666666,2843.276298105778,2.7327831724124616
0.1,2834.0899388605962,-2.2193786778377387
0.1,2834.797730614024,-2.912249935054669
0.1,2842.5679061710402,3.448809430780925
0.1166666666666665,2833.3810643154616,-1.4956986386320053
0.1,2831.9651378382473,-0.08265577576159223
0.1,2834.0897488576306,-2.2101070665454587
0.1,2831.9660061356367,-0.09966780666126805
0.1,2842.5683524950423,3.4369190998203294
0.1,2843.2760994987116,2.7638086500442927
0.1,2834.7978986470935,-2.9389121975369874
0.1,2833.381997688758,-1.5340606468304614
0.1,2832.674005783675,-0.8037897612666931
0.1,2817.823870997624,-0.12775734322660998
0.1,2843.2759411987154,2.731085752989088
0.1,2829.1340438068714,2.743231262484015
0.1,2834.0899604050787,-2.2390445163643236
0.1,2842.5679469374218,3.4367140342020788
0.1,2834.0897865368156,-2.1971965107031743
0.1,2834.797898636749,-2.930940513973341
0.1166666666666665,2834.089952884038,-2.2368569162256207
0.1,2843.276177645577,2.7476863793213715
0.1,2845.399752489555,0.6375684374405878
0.1,2834.7975220599237,-2.925934220213507
0.1,2833.3819948753007,-1.5339079142745087
0.1,2843.276161148651,2.751874496823134
0.1,2842.56837917907,3.4180364084178336
0.1166666666666666,2832.6739981961528,-0.8026985020958852
0.1,2833.3819602535464,-1.5354046058261135
0.1,2846.8157447646345,-0.8350719628041382
0.1,2845.400157448448,0.6205709035420127
0.1,2831.9658948225347,-0.08011108585248092
0.1166666666666666,2831.966035479832,-0.09771463256202315
0.1,2832.673574430708,-0.7926833167986277
0.1,2847.523691239106,-1.5443240671862586
0.1166666666666666,2833.381960912473,-1.5076823716297474
0.1,2831.258075114496,0.6147531727820575
0.1,2830.5501119506594,1.3168984134031787
0.1,2834.7977449657847,-2.932568986872991
0.1,2843.98382515211,2.049383235920142
0.1,2834.7979214531642,-2.9316647473399087
0.1,2831.965889269656,-0.08185911562151357
0.1166666666666666,2843.2763451382225,2.712994631788285
0.1166666666666666,2834.0899636479107,-2.23910242346001
0.1,2834.089938733886,-2.226109376995659
0.1166666666666666,2843.9830866897632,2.0511150321342027
0.1,2831.25807466698,0.6119145438695438
0.1,2842.5680527617137,3.4435553863815143
0.1166666666666666,2834.797904693038,-2.9311511536252075
0.1166666666666666,2843.275508595618,2.731709505961771
0.1,2831.9656325953056,-0.07761548508637069
0.1,2845.3997501124586,0.6237596850382047
0.1,2847.524118268833,-1.5643778719990016
0.1,2828.4260046720406,3.429224937735955
0.1166666666666666,2834.0899255559552,-2.2422377204915866
0.1,2834.7976815231486,-2.8978555791476124
0.1,2834.797440591116,-2.9320433028345976
0.1,2843.9837889649584,2.0444008794767354
0.1,2834.08901981048,-2.2069659630847753
0.1,2831.2578633382736,0.6185325872246378
0.1166666666666666,2845.400126788818,0.6266271377505306
0.1,2843.2760541774473,2.756229249743573
0.1,2820.655036069717,-2.938472884996123
0.1,2830.5499377732713,1.3255068415947433
0.1,2831.9653247098736,-0.08739401565055821
0.1,2832.6738568168234,-0.8176173782716322
0.1,2842.5683546944197,3.431124280342451
0.1,2842.5683546944197,3.431124280342451
0.1,2832.673997537226,-0.8304207362922514
0.1,2830.5493541968203,1.3226191338844033
0.1,2829.134177881349,2.7189350372581886
0.1,2843.27631373101,2.7359426540982303
0.1,2832.6739776713066,-0.8072345549213767
0.1,2846.108136250594,-0.13028950024055674
0.1,2847.524061683235,-1.5402572393080536
0.1,2831.965165504119,-0.08370395986037846
0.1,2831.965635916144,-0.10928677166604214
0.1,2846.8161448787905,-0.8388606516313232
0.1,2846.1081399747177,-0.1285959357631897
0.1,2847.5241041178547,-1.5602157814465885
0.1,2846.8157200317355,-0.8384550803526356
0.1,2847.523898480206,-1.5279623156151725
0.1,2846.1077273285296,-0.12230654062738366
0.1,2834.0897458926606,-2.200013769634547
0.1,2831.2579075932367,0.6260919382762592
0.1,2829.8421111423836,2.0187469859054645
0.1,2828.426177073073,3.4207836097604742
0.1,2834.089877874164,-2.214805870260529
0.1166666666666666,2834.0899225042317,-2.22068786211394
0.1,2829.841969369502,2.0317723572457553
0.1166666666666666,2834.0895584123996,-2.226487211794576
0.1,2834.0894949762696,-2.208759575848842
0.1,2845.400085163308,0.6338361194961403
0.1,2847.524088907529,-1.5504127463332245
0.1,2848.2316483832506,-2.240845377744338
0.1,2847.52393088136,-1.5468502936324657
0.1,2845.3999581916273,0.6380522518400931
0.1,2830.550089345748,1.3131344949446757
0.1166666666666666,2834.089713505699,-2.1946875138391433
0.1,2817.115489133211,0.5926388588257604
0.1,2843.2762375286025,2.7473403310955735
0.1,2848.2320617708115,-2.2563257517060475
0.1,2829.8412608064077,2.03275851407196
0.1,2831.965890665887,-0.0791098376200255
0.1166666666666666,2830.5499577159517,1.3172224658632752
0.1166666666666666,2834.797909341806,-2.951203672781914
0.1,2843.275911467214,2.747119023669093
0.1,2830.5499567663473,1.3284948368591911
0.1,2834.7978282387935,-2.9202328332709975
0.1,2829.8421372086905,2.0199522252924553
0.1,2831.257861321771,0.6249358858355437
0.1166666666666666,2834.0899516222617,-2.241032481104596
0.1166666666666666,2834.797871139646,-2.9285901968012418
0.1,2829.841994050027,2.0334787063930535
0.1,2843.275393004771,2.7650521151502536
0.1,2842.56795704941,3.4305531012158816
0.1,2817.115493015056,0.5898477067854154
0.1,2818.531686379481,-0.8225845312592147
0.1,2843.984095785782,2.0520739129096586
0.1,2829.1340241214734,2.722868462909548
0.1,2817.115759633852,0.5912864718297292
0.1,2834.797730367272,-2.890064973049061
0.1,2833.38194122415,-1.508616761339676
0.1166666666666666,2846.8160011925174,-0.8267496901116812
0.1,2845.400145840835,0.61041018213282
0.1,2831.965913554347,-0.07961538260377828
0.1,2819.9468869918455,-2.218773298181623
0.1,2829.8421354097327,2.023274976585809
0.1,2843.9840734743516,2.058972275685914
0.1,2831.9658915771906,-0.07688453138956837
0.1,2848.232085319331,-2.256304727011086
0.1,2819.947773786126,-2.236925936448609
0.1,2819.947049862121,-2.2387121817057554
0.1,2819.9470796970227,-2.232263908995925
0.1,2832.6738438160646,-0.7877433461169353
0.1,2843.276304518818,2.7338598638974645
0.1,2832.673835721828,-0.7887917423163928
0.1,2834.7977340245934,-2.895042080541598
0.1,2833.381798268775,-1.49514010038933
0.1,2819.947344068821,-2.2257066979269133
0.1,2829.8409983553124,2.0389135076334686
0.1166666666666666,2834.797909341806,-2.951203672781914
0.1,2848.2320879037056,-2.269181733736689
0.1,2843.984077248631,2.0298606671352912
0.1166666666666666,2843.9842654811946,2.0236307651244596
0.1,2844.6921803742125,1.3097226071423862
0.1,2842.5683604884102,3.4232826671878414
0.1,2848.2320762373292,-2.261412280768484
0.1,2842.5683604884102,3.4232826671878414
0.1,2844.6921777097027,1.318437393287833
0.1,2842.568363452839,3.434531462833852
0.1,2846.1080783769207,-0.10447230876423182
0.1,2847.524143387079,-1.5459836173414645
0.1,2833.38181195623,-1.490658933388329
0.1,2819.239819402594,-1.52962408371999
0.1,2830.5499439406112,1.3271450984261137
0.1,2843.2754137260977,2.755775683502195
0.1,2819.9476474271496,-2.2187184075647464
0.1,2831.966023111178,-0.09451526092806424
0.1,2817.8234887005324,-0.1041121313795327
0.1166666666666666,2831.2580584913894,0.6058233017078658
0.1,2831.9651888867957,-0.08297486055422844
0.1,2819.2396515610326,-1.5167146222691723
0.1,2846.8157526813234,-0.8288553316641739
0.1,2834.7974446872704,-2.9037393192424994
0.1,2818.531712270097,-0.8126458683755925
0.1166666666666665,2834.7969476531275,-2.9056877283391014
0.1,2848.2320789876317,-2.255740836244188
0.1,2847.524127937688,-1.5585264196787578
0.1,2843.275140697747,2.7594350171462447
0.1,2817.823893969953,-0.11965634465226573
0.1,2829.13410445172,2.7081875840355885
0.1,2847.5240689611455,-1.548069471135272
0.1,2842.568338273657,3.41505384394221
0.1,2847.524087706949,-1.5604364837850728
0.1,2831.965847797125,-0.0876997204791807
0.1,2831.2578965664584,0.6214194485496007
0.1,2832.672869911763,-0.7872148836969803
0.1,2834.0897924802603,-2.2127632116334226
0.1,2829.1341626797534,2.7217705782441093
0.1,2834.089924461763,-2.2275553122594047
0.1,2818.531720600841,-0.8128964889629867
0.1,2842.5681819790275,3.460581479782287
0.1,2843.2762915474054,2.728050901748385
0.1,2848.2321136845503,-2.258657171457246
0.1,2834.7977414912084,-2.894348564588267
0.1,2842.5679510454133,3.461279282066357
0.1,2831.2576591843517,0.6294215261779625
0.1,2830.5499671744415,1.3319483960310081
0.1,2829.842006551803,2.033794313991335
0.1,2842.568126547063,3.4672379710106855
0.1,2829.842147702863,2.012621584928058
0.1,2831.965905654527,-0.07270960647014298
0.1,2829.842005471241,2.0351164874157397
0.1,2830.54998553418,1.3377345872170834
0.1,2820.655020934525,-2.9318679660804956
0.1,2818.5314849103797,-0.7997655116510839
0.1,2831.257937863955,0.6262138983035455
0.1,2834.797775056327,-2.9248850053298283
0.1,2848.232090868135,-2.257932938090678
0.1,2842.5681522947,3.4625012316004944
0.1,2829.134053728793,2.741415796625238
0.1,2843.276146076403,2.7537217952607547
0.1,2834.0898213213295,-2.2227883121362666
0.1,2834.089922313123,-2.2421798133959
0.1,2819.9477582990817,-2.2362973150214556
0.1,2846.8159921539273,-0.8305100706240887
0.1,2842.567888979547,3.456764918541377
0.1,2831.257894268059,0.6232693384261535
0.1166666666666666,2846.108146164112,-0.12927901675152337
0.1,2847.5241041178547,-1.5602157814465885
0.1,2816.4075025100783,1.299121916003126
0.1,2846.815832512478,-0.8315829669228297
0.1,2846.815697466799,-0.8158431669502225
0.1,2842.568166850566,3.4471120982453476
0.1,2829.134129210131,2.713965879412695
0.1,2828.4261754198465,3.416046844472578
0.1,2847.523655471807,-1.5290468368613037
0.1,2831.2571903590133,0.6227498751394417
0.1,2846.816104690076,-0.8475576293708152
0.1,2832.6738188965905,-0.8207820970846004
0.1,2846.107979326334,-0.12640040104580616
0.1,2834.089788894426,-2.229014399463453
0.1,2829.841263669928,2.039217234699594
0.1,2817.115463372518,0.5915842725665451
0.1,2831.2571627839307,0.6197862770418838
0.1,2833.381837444515,-1.5218273684376564
0.1,2846.816165221367,-0.8535425501448956
0.1,2843.9840881446357,2.055997596407719
0.1166666666666665,2842.5679324741154,3.446264450783977
0.1166666666666666,2834.0897948722513,-2.1995279068775764
0.1,2834.7979124825515,-2.9325646715271105
0.1,2832.673574249747,-0.8143217371836161
0.1166666666666666,2830.5497021885726,1.332240717961634
0.1,2834.7978277283128,-2.9253214605543123
0.1,2846.1077350431833,-0.1207444236768994
0.1,2843.2762787292017,2.7364636311727963
0.1,2831.2576133128186,0.6203685614664259
0.1,2844.692156640172,1.3224194760442984
0.1166666666666666,2847.5239222205564,-1.5223458589617314
0.1,2832.6739294913173,-0.8042385098634784
0.1,2831.2576240222056,0.6233648453660959
0.1,2846.8160989669145,-0.8352733697741915
0.1,2845.400092399896,0.6101571841056549
0.1,2829.842101576241,2.0150973469424165
0.1,2834.7977422749623,-2.9355122202540898
0.1,2833.3815424305835,-1.523512899652365
0.1,2846.815701445742,-0.8376586706630097
0.1,2846.1077334294155,-0.10496340923294219
0.1,2842.5678966487867,3.4300214914811944
0.1166666666666666,2831.9658901529133,-0.08869900215786598
0.1,2829.8412791033315,2.0357541021602845
0.1,2831.2578805579947,0.61968332734624
0.1,2829.133711630692,2.7275972415965155
0.1166666666666666,2832.6729156064425,-0.7886040563549517
0.1,2829.133711630692,2.7275972415965155
0.1,2830.5499661399595,1.3291442313075648
0.1,2818.53110315491,-0.8223080968805115
0.1,2843.2762124395476,2.7502304793126444
0.1,2833.3804557010394,-1.517362963813583
0.1,2819.2393705991376,-1.5227121053055062
0.1,2834.089794946505,-2.227850969377827
0.1,2845.3999998910763,0.6354341015684486
0.1166666666666666,2830.550089174957,1.3102685495954995
0.1,2829.8417238507277,2.0397338888381555
0.1,2831.965869773685,-0.08562309178120284
0.1,2819.239659267845,-1.51851990522979
0.1,2848.2320356760615,-2.248605175348733
0.1,2834.089936719387,-2.240876340718118
0.1,2843.9840530272927,2.053328050302493
0.1,2833.381984775985,-1.5177183249703958
0.1,2845.3999060464444,0.6204927840418818
0.1,2829.841737367815,2.037594802040927
0.1,2846.107822513733,-0.1019889142563828
0.1,2805.805288926784,-2.236693390944581
0.1166666666666666,2846.1082211972703,-0.13607378536942677
0.1,2818.531466582333,-0.8031010035968745
0.1166666666666666,2831.965934962146,-0.08308338847059728
0.1,2819.947369923491,-2.216084023369082
0.1,2831.257628737871,0.6187652066219066
0.1,2834.797762463104,-2.9271730617762275
0.1166666666666666,2833.38200969001,-1.5307113714347471
0.1,2817.115917037207,0.5846238065251536
0.1,2843.9841074116684,2.05061374071479
0.1,2834.0899891664562,-2.2362088346833104
0.1,2842.567934024649,3.4530563560621443
0.1,2832.6723950643805,-0.8144174965000078
0.1,2829.8419821512603,2.0291379768714806
0.1,2834.089966350041,-2.2354846013167426
0.1,2828.4260476124873,3.430310888069573
0.1,2842.5682928433803,3.4497272953612668
0.1,2829.8409941623804,2.05104312330643
0.1,2834.797758686727,-2.90503479901205
0.1,2828.426233533907,3.4208380824147033
0.1,2843.2762555597005,2.744743425827632
0.1,2847.524082690075,-1.5418662168070714
0.1,2848.232082259228,-2.266803005824743
0.1,2830.550129725076,1.3078196333810146
0.1,2845.399727917848,0.6346768449763217
0.1,2831.965904981332,-0.11458137139917565
0.1,2834.0894970623654,-2.230575889113095
0.1,2833.381475810551,-1.49610196792727
0.1,2830.5500296941073,1.3129887080028084
0.1,2830.5500843489717,1.3079471728012195
0.1166666666666666,2834.0899466254855,-2.246219803248052
0.1,2834.797487985037,-2.910018151186854
0.1,2843.276224766021,2.7401664155820202
0.1,2847.5233674079495,-1.545883784149409
0.1,2834.797864813953,-2.947356901803585
0.1,2844.692062782924,1.3334895945212113
0.1,2830.549390000599,1.3141402654694492
0.1,2830.5496850975796,1.3292649382300952
0.1,2831.9656116401934,-0.07595490500165332
0.1,2829.1330800820715,2.7484727953155232
0.1,2848.2320840538964,-2.2640489108586213
0.1,2832.6728626603986,-0.7987489426400781
0.1,2845.4000411318902,0.6315064162400862
0.1,2848.23191103686,-2.244016930134266
0.1,2843.984268052092,2.0057442547074653
0.1,2832.673976224671,-0.8000970751090238
0.1,2843.2762664145916,2.7321689098243085
0.1,2834.0899162166934,-2.220740843816806
0.1,2834.0895283102623,-2.2267767587329255
0.1,2819.2398166522917,-1.535295528244286
0.1,2847.5234055182846,-1.541082940072071
0.1,2848.2320762373292,-2.261412280768484
0.1,2847.524051764469,-1.5488492991194591
0.1166666666666665,2834.7975037714978,-2.9289365807676275
0.1,2832.6735787046173,-0.7887986291693728
0.1,2831.9658314964404,-0.09191406360117778
0.1,2833.381516163079,-1.5052046435167883
0.1166666666666666,2833.3818435729227,-1.5229676601133653
0.1,2829.134186639769,2.7223422197495895
0.1,2834.0898273906164,-2.222611962532632
0.1,2814.991892802813,2.711319140349654
0.1,2830.549727407551,1.3343742296694345
0.1,2832.673251575954,-0.7995871310948143
0.1166666666666666,2832.6738885791897,-0.7884860950100139
0.1,2844.691802914458,1.334798407544578
0.1,2834.7977026046856,-2.914150879159604
0.1166666666666666,2834.0899409810077,-2.243841075336106
0.1,2817.823896273784,-0.12324996762406688
0.1166666666666665,2834.0899362915347,-2.210712351076141
0.1166666666666666,2847.5241152045887,-1.5541873588044204
0.1166666666666666,2831.965599116866,-0.08721433084638539
0.1,2848.2320424891177,-2.255559249831882
0.1166666666666666,2831.258050096609,0.6025305850955158
0.1,2834.797714743104,-2.9176373999367913
0.1,2819.239795582761,-1.5313134454878206
0.1,2834.7978816143236,-2.938057893761383
0.1,2831.9657409939173,-0.10027361442075243
0.1166666666666666,2842.568358099436,3.41309599249879
0.1,2846.81600439108,-0.8330681648048014
0.1,2831.2578771077633,0.6167853754328573
0.1,2819.2389935837446,-1.516918869943516
0.1,2844.6921704096617,1.320672264252518
0.1166666666666666,2834.089939325445,-2.243984932283367
0.1,2829.84172430134,2.037030340752436
0.1,2832.673868104092,-0.8228910751164232
0.1166666666666666,2843.2762885241405,2.714848644667641
0.1,2843.276244150008,2.7235185951442094
0.1,2834.0897579269986,-2.232467626162486
0.1,2846.1066211652246,-0.13188495086394836
0.1,2829.842130287335,2.003332340507188
0.1166666666666665,2845.40015980096,0.6205699530249549
0.1,2843.9840982442106,2.039183020255133
0.1,2843.9840982442106,2.039183020255133
0.1,2834.08975389816,-2.2103104196791152
0.1,2818.531862301288,-0.8290763408518512
0.1,2831.9651887264586,-0.09042435511974074
0.1,2834.0896433161865,-2.2167528300488892
0.1,2846.108168349951,-0.1417510512838963
0.1,2834.089773764079,-2.23349660104999
0.1,2831.9658747447884,-0.0907777152390231
0.1,2815.699974189038,1.9853023011717805
0.1,2815.699974189038,1.9853023011717805
0.1,2842.56819253807,3.42358432373194
0.1,2845.400152037551,0.6095450551353938
0.1,2842.568308012517,3.4373567768131137
0.1,2831.9660094862634,-0.09833581158337873
0.1,2828.4250935339333,3.439620046464427
0.1,2843.984226023209,2.015941794534821
0.1,2848.2317958773815,-2.264623978193161
0.1,2846.8159876172545,-0.8327994622692277
0.1,2833.3816824802134,-1.5376099121671247
0.1,2833.381223750379,-1.5150317503278838
0.1,2848.231889373267,-2.2487989916124205
0.1,2834.089914312759,-2.2462705372892176
0.1,2843.984098104792,2.0368027660353176
0.1,2846.8159868773305,-0.8348053576590847
0.1,2833.3815483558396,-1.5267354296328337
0.1,2844.691912180743,1.3259483082354218
0.1,2832.6738426240363,-0.8025479121080369
0.1,2831.2580564437294,0.6023828429767996
0.1,2847.5234128369343,-1.5382068346839293
0.1,2833.381922161591,-1.53853990285769
0.1,2832.673589201224,-0.8166448693104521
0.1,2846.81569004485,-0.8272904101610185
0.1,2842.5682035818922,3.4309433896310884
0.1,2830.5489586252374,1.335964806711148
0.1,2832.6738330258777,-0.7838758007914651
0.1,2843.276162136978,2.726949398558659
0.1,2830.550057726563,1.3101812257886523
0.1,2817.1158701868317,0.5780813270021762
0.1,2846.1081052622976,-0.1348994772952694
0.1,2832.6731011739053,-0.8132877045146335
0.1,2843.9842622383626,2.023688672220146
0.1,2834.08974844486,-2.200331807734751
0.1,2830.5499131186807,1.324431414028537
0.1,2834.0898632067187,-2.23058863302266
0.1,2845.3997104805553,0.6373607951026329
0.1,2834.7976993540833,-2.9173472257049413
0.1,2842.5681945133315,3.4375333816550073
0.1,2830.549623287379,1.3282254652025813
0.1,2818.531853935971,-0.8303116587104239
0.1,2846.108168349951,-0.1417510512838963
0.1166666666666666,2833.381967200249,-1.5134542265352158
0.1,2847.523951028111,-1.5400673276757206
0.1,2834.797828062241,-2.9160208294734105
0.1,2834.089914312759,-2.2462705372892176
0.1,2847.5236709156216,-1.542436676147523
0.1,2831.9658688283203,-0.08755509920871571
0.1,2842.567603341537,3.4466301320446173
0.1,2834.797850931918,-2.915716033692274
0.1,2817.115899621679,0.5753345621042835
0.1,2834.0898944468395,-2.223084355918343
0.1,2834.0898944468395,-2.223084355918343
0.1166666666666666,2843.984243092752,2.0248362507119397
0.1,2832.67310665708,-0.7895462819069567
0.1,2833.3817388294783,-1.4928243169973257
0.1166666666666666,2845.400024502542,0.6360833805602119
0.1,2828.4255019173893,3.4219942307836964
0.1,2828.426207690372,3.412686625392708
0.1,2844.6920417424226,1.3387027687241713
0.1,2831.2573593748284,0.6063937865069862
0.1,2831.2580424339344,0.6035262530301729
0.1,2843.2761132700257,2.7474517758809283
0.1,2831.257903063047,0.618181525666101
0.1,2843.984065681114,2.048779359716572
0.1166666666666666,2834.089786885398,-2.210595640055728
0.1,2846.1078913564265,-0.135581847297212
0.1,2819.947767007218,-2.247490820646296
0.1,2847.5241049046444,-1.56062515450248
0.1166666666666666,2830.5501013900835,1.3063710445760046
0.1,2834.0895042234374,-2.228372399734451
0.1,2848.2318022828917,-2.265568913898441
0.1,2846.815989212229,-0.8473930726475974
0.1,2847.5241301841615,-1.5590105420595977
0.1166666666666666,2834.797902041765,-2.9489688018172293
0.1166666666666666,2834.7977572766667,-2.9370148267477836
0.1,2819.9477720685713,-2.238044526813236
0.1,2829.1341751035607,2.7061766510199616
0.1,2834.79721169342,-2.9492161639014296
0.1,2833.381831321234,-1.5258553296314918
0.1,2831.9653473819626,-0.10193796232704852
0.1,2845.4001671340984,0.6242999811941398
0.1,2848.2320921351925,-2.262316521931
0.1,2848.2320809851535,-2.2693617415326366
0.1,2848.232096220418,-2.2623962903170582
0.1,2831.2571759146213,0.6164942970239963
0.1,2820.65504883726,-2.9498131579332543
0.1,2834.0897916372032,-2.2204517842894385
0.1166666666666666,2846.8161350839537,-0.8369037029699775
0.1,2832.673988685163,-0.8187426966491219
0.1,2842.5683630038975,3.4127256142039415
0.1,2846.1077384295677,-0.12475167435910961
0.1,2829.841972153931,2.0131094912089544
0.1,2831.257931994772,0.615035384581693
0.1,2834.7977913915975,-2.9390373254724764
0.1,2845.3999106662927,0.620710711208029
0.1,2817.115768271696,0.5842334496706579
0.1,2845.400156323886,0.6125492825914548
0.1166666666666665,2846.108048124357,-0.11512043542299066
0.1,2848.2320809851535,-2.2693617415326366
0.1,2848.9399930949726,-2.959721279349472
0.1,2833.3819514014835,-1.523726566182984
0.1,2834.7978628904325,-2.9404588264755036
0.1,2846.8161409337163,-0.8614621948271325
0.1166666666666666,2846.816132602761,-0.8287226552189165
0.1,2834.0895004217405,-2.213471482124885
0.1,2832.6738501565824,-0.8046874711291255
0.1,2832.6738647308102,-0.7873466415473461
0.1166666666666666,2843.276300958173,2.7139550397748295
0.1,2842.567928485804,3.4272148941508034
0.1166666666666666,2842.5675350312385,3.4246055201737815
0.1,2830.5501012599548,1.3052271534895732
0.1,2846.108142229691,-0.13978580121425077
0.1,2847.5239955233487,-1.5525275650035313
0.1,2843.9841713672513,2.0330711832311175
0.1,2845.4000402039223,0.6356874590013607
0.1,2834.7977406028695,-2.940988849525536
0.1166666666666666,2842.568246605575,3.4258464260604677
0.1,2831.257948446736,0.6158270845629074
0.1,2819.947774539764,-2.2496303796673844
0.1,2848.231931557206,-2.2297015499823396
0.1,2847.523921826855,-1.5150682520583885
0.1,2832.673177194183,-0.8171767263620691
0.1,2834.089921845305,-2.248410096310306
0.1,2848.232096220418,-2.2623962903170582
0.1,2842.5679086198843,3.450401075521678
0.1166666666666665,2834.0899300882834,-2.231943397807514
0.1,2818.531849107123,-0.8396626405998878
0.1,2842.568182224796,3.4459122353624947
0.1166666666666666,2834.797903568476,-2.9391727745757654
0.1,2819.239795305703,-1.5457467032446648
0.1166666666666665,2846.8161632667366,-0.8502409511108583
0.1,2831.9660362587383,-0.10109094661487623
0.1,2845.399749460189,0.6313938759018597
0.1,2830.549986905132,1.3175833498793699
0.1,2833.3818537218035,-1.5265114922242664
0.1,2842.56793361618,3.425135167562213
0.1,2847.524069025862,-1.5475882886124654
0.1,2847.5241005905195,-1.558942395774682
0.1,2843.9840734874806,2.043313521994061
0.1,2843.9839510718084,2.033388815688933
0.1,2842.568300602519,3.4346405498253274
0.1,2846.108149223061,-0.1243258163106643
0.1,2843.9838308226226,2.0469836344715544
0.1,2830.5500741369974,1.3103676807863267
0.1,2846.8156800939582,-0.8061753650952989
0.1,2848.231806879899,-2.251773961328898
0.1,2831.2576322024456,0.6251511926545895
0.1,2829.8419839786056,2.036370893034301
0.1,2834.0898942845984,-2.2146194152628547
0.1,2819.947703726442,-2.243883863319047
0.1,2817.1155168656883,0.600306143280423
0.1,2843.276295139636,2.736650086170471
0.1,2848.231658467413,-2.2377678833213417
0.1,2845.3999786034256,0.6459868648248944
0.1,2843.275874130787,2.7564659862642724
0.1,2834.089879617153,-2.2304021780249856
0.1,2829.1334515314625,2.718814361863054
0.1166666666666666,2834.0895653998928,-2.2211609903315113
0.1,2834.089490615828,-2.20118675361108
0.1166666666666666,2834.797926364231,-2.9440862929938723
0.1,2844.6917878684303,1.3443993663862799
0.1,2831.9660378308163,-0.09023069675180458
0.1166666666666666,2843.2763200639893,2.7395410211086864
0.1,2818.531833711428,-0.8287511150339716
0.1166666666666666,2843.2763451382225,2.712994631788285
0.1,2844.6917878684303,1.3443993663862799
0.1166666666666666,2834.797901013308,-2.9213489103357935
0.1,2831.9651792624704,-0.08035206496670196
0.1,2833.381977822839,-1.5108744654595867
0.1,2832.6736027307898,-0.8103991515123542
0.1166666666666666,2843.276274754651,2.7165958564594215
0.1,2845.4001193564927,0.6174356065104362
0.1166666666666666,2834.0897744554586,-2.2148285185971437
0.1,2844.6921541449246,1.3276617064265424
0.1,2843.2758472011674,2.7536747825892247
0.1166666666666665,2842.568308215151,3.4398260941828114
0.1,2846.8157282371885,-0.8383447291835071
0.0833333333333333,2833.3819382860615,-1.5383763213579984
0.0833333333333333,2831.965892802991,-0.08501887362190569
0.0833333333333333,2843.276163453812,2.724489064410956
0.0833333333333333,2819.9478032073052,-2.239249467150606
0.0833333333333333,2843.983824866146,2.0493603624219316
0.0833333333333333,2834.7979422945414,-2.94461611159565
0.0833333333333333,2834.797885400223,-2.9453952183918206
0.0833333333333333,2832.673997251262,-0.8304436097902342
0.0833333333333333,2842.567493049536,3.4547229476814785
0.0833333333333333,2846.81576961715,-0.8263828794138967
0.0833333333333333,2833.381860951748,-1.5193266669268661
0.0833333333333333,2834.089979578221,-2.239632242061788
0.0833333333333333,2834.7979206233485,-2.931680972226985
0.0833333333333333,2834.7978559912012,-2.9286443998320353
0.0833333333333333,2843.9840849338334,2.04209336665249
0.0833333333333333,2843.9838184793975,2.045783769503852
0.0833333333333333,2833.3819735091865,-1.5246620751933906
0.0833333333333333,2834.797591701954,-2.918197667622238
0.0833333333333333,2831.965879043183,-0.08714979770071675
0.0833333333333333,2842.56829810518,3.4266558732589614
0.0833333333333333,2843.9840848259664,2.042386123288817
0.0833333333333333,2817.8238675582934,-0.12205236222450626
0.0833333333333333,2819.239369503887,-1.523699263927644
0.0833333333333333,2844.691802877239,1.3437487420041194
0.0833333333333333,2833.3815529644667,-1.5189631402335069
0.0833333333333333,2846.815755952728,-0.8280238938319521
0.0833333333333333,2845.4000162564075,0.6259612435141221
0.0833333333333333,2845.399750298787,0.6393926233544348
0.0833333333333333,2831.965898984094,-0.08237784040035347
0.0833333333333333,2816.4079452765027,1.2861776200694048
0.0833333333333333,2843.275889501859,2.7548934725411085
0.0833333333333333,2843.276139446839,2.7442657002801765
0.0833333333333333,2834.08991383184,-2.228733309214829
0.0833333333333333,2832.673977385343,-0.8072574284193595
0.0833333333333333,2830.550106645749,1.3116068632064493
0.0833333333333333,2842.568177633219,3.4522608736137057
0.0833333333333333,2829.8420119479256,2.031382833366066
0.0833333333333333,2847.5238686024427,-1.553950338250244
0.0999999999999998,2846.815759999899,-0.8281065115885596
0.0833333333333333,2817.823470875325,-0.11303161391986312
0.0833333333333333,2847.5241370380772,-1.5650194876089623
0.0833333333333333,2842.5674062838016,3.4296835467447715
0.0833333333333333,2829.842000466651,2.025563449965795
0.0833333333333333,2843.276139224977,2.7392553831292856
0.0833333333333333,2842.5682387652982,3.425066805471075
0.0833333333333333,2834.089528763319,-2.2208348816055454
0.0833333333333333,2833.3818727819635,-1.5291933325283653
0.0833333333333333,2843.2761109357934,2.75719936475225
0.0833333333333333,2846.816044892453,-0.8455615555493218
0.0833333333333333,2820.655744562322,-2.9470662419308815
0.0833333333333333,2817.82372556537,-0.12120301445650246
0.0833333333333333,2843.276283183733,2.7268502668106533
0.0833333333333333,2828.4260676860144,3.4229609583734257
0.0833333333333333,2834.08991383184,-2.228733309214829
0.0833333333333333,2846.1082116054363,-0.1550517485412379
0.0833333333333333,2831.257996983137,0.5852942964991426
0.0833333333333333,2843.2758940342965,2.72120901981216
0.0999999999999998,2834.0899592805167,-2.2470661373148815
0.0833333333333333,2847.524101294209,-1.5587616417586894
0.0833333333333333,2846.8159733214957,-0.8316789257140645
0.0833333333333333,2831.258041424217,0.5944851379948543
0.0833333333333333,2846.108119272179,-0.1203458356855639
0.0833333333333333,2831.2578940472335,0.616204761626897
0.0833333333333333,2818.5316959087577,-0.8114186241504038
0.0833333333333333,2846.108127223583,-0.11528280476620335
0.0833333333333333,2846.1081296967122,-0.13408580135689352
0.0833333333333333,2829.841990130898,2.027686046435789
0.0833333333333333,2820.654999127396,-2.943457065526958
0.0833333333333333,2843.27622946401,2.748816865532444
0.0833333333333333,2828.426173572045,3.4096851606899348
0.0833333333333333,2834.089921559341,-2.2484329698085164
0.0833333333333333,2848.2317626585636,-2.2628760806224966
0.0833333333333333,2831.2578959612993,0.6155744357868539
0.0833333333333333,2831.965847561694,-0.08162497040419875
0.0833333333333333,2846.8146379100717,-0.8494021935979307
0.0833333333333333,2832.6728265534434,-0.7848861921230997
0.0833333333333333,2846.1080953704623,-0.11381123998848797
0.0833333333333333,2829.841998196717,2.0261068892484544
0.0999999999999998,2847.5236701791264,-1.52491205244188
0.0833333333333333,2834.797614966894,-2.9218566717686087
0.0833333333333333,2846.1077270425653,-0.12232941412536646
0.0833333333333333,2842.56831957788,3.4181359055398848
0.0833333333333333,2832.673837725353,-0.7939738749535019
0.0833333333333333,2831.9658510215395,-0.08014353716162927
0.0833333333333333,2832.673972967392,-0.8089432752009208
0.0833333333333333,2847.524092489533,-1.5524434791078343
0.0833333333333333,2843.276061407292,2.7586196564068772
0.0833333333333333,2842.568254870068,3.441223340219558
0.0833333333333333,2833.3818216424097,-1.526688892465466
0.0833333333333333,2831.2578905954806,0.6220872516621162
0.0833333333333333,2834.797869820034,-2.9357158379748336
0.0833333333333333,2843.98406082861,2.0323857680572925
0.0833333333333333,2817.823191241767,-0.12118908207140525
0.0833333333333333,2842.5683351723374,3.431439767854026
0.0833333333333333,2831.965626685271,-0.10995478793687945
0.0833333333333333,2833.381978769945,-1.5377836695597298
0.0833333333333333,2846.10813862914,-0.1390271598839864
0.0999999999999998,2847.5240924514783,-1.5524463284783836
0.0833333333333333,2843.983779941824,2.042619425671684
0.0833333333333333,2848.2317626585636,-2.2628760806224966
0.0833333333333333,2830.5500777487878,1.3098575501301055
0.1,2843.2761367860553,2.7496867812167376
0.0833333333333333,2846.8156988248793,-0.8250938291727071
0.0833333333333333,2834.0898968832685,-2.2133137677699453
0.1,2846.8161215832306,-0.8449841331498669
0.1,2831.2576387745225,0.6295593088789798
0.0833333333333333,2829.8416921414096,2.028694389300241
0.0833333333333333,2832.6735444286896,-0.7974149071375339
0.0833333333333333,2848.2317839820216,-2.25296969589189
0.0833333333333333,2831.965141209393,-0.08310089144645243
0.0833333333333333,2847.5240593883073,-1.5563106438386611
0.0833333333333333,2846.816114106003,-0.836899598116921
0.0833333333333333,2830.55006502232,1.3060512421391617
0.0833333333333333,2843.2762569956476,2.7391532135356966
0.0833333333333333,2816.4077658277497,1.3095096291775659
0.0833333333333333,2842.568300909387,3.440633143287719
0.0833333333333333,2829.8412439074586,2.036633207314548
0.0833333333333333,2829.133959676139,2.7353158148257135
0.0833333333333333,2847.523826292988,-1.5486007009356777
0.0833333333333333,2831.2580456034448,0.6086745928277756
0.0833333333333333,2831.9660210466022,-0.09134341409327075
0.1,2843.2758915849904,2.754451172183067
0.0833333333333333,2847.52411855584,-1.5512382397208435
0.0833333333333333,2818.5318214023314,-0.8346941439030408
0.0833333333333333,2834.089945881379,-2.228627160337709
0.0833333333333333,2842.5683646553703,3.428453764444221
0.0833333333333333,2847.5241261369906,-1.55892792430299
0.0833333333333333,2843.2763007483372,2.7377514883163947
0.0833333333333333,2846.107997427656,-0.10345603268453338
0.0833333333333333,2843.275388337772,2.764984196256421
0.0833333333333333,2820.655619206212,-2.930273848640175
0.0833333333333333,2828.425940130572,3.419757194968484
0.0833333333333333,2819.9476605764166,-2.2281668434189243
0.0833333333333333,2831.2579426549896,0.622301012278045
0.0833333333333333,2842.5683362523155,3.434403517995615
0.0833333333333333,2833.3818732830196,-1.5049596056690817
0.1,2843.2755295078564,2.742812377797861
0.0833333333333333,2833.381994194998,-1.5393870244042491
0.0833333333333333,2845.3999960459723,0.6084423355822778
0.1,2833.3818280929377,-1.520351658837193
0.0999999999999998,2847.5241119617567,-1.5541294517089612
0.0833333333333333,2820.6557280794477,-2.940969055970411
0.0833333333333333,2831.9660210466022,-0.09134341409327075
0.0833333333333333,2806.5136299264695,-2.9661320411985774
0.0833333333333333,2843.275839343504,2.7472253258598824
0.0833333333333333,2845.4001602175535,0.6249406266041077
0.0833333333333333,2833.381945485382,-1.5102586725733578
0.0833333333333333,2829.841985926555,2.037370506496892
0.0833333333333333,2819.9477463542507,-2.242584195651381
0.0833333333333333,2842.567950956443,3.4314991070480536
0.0833333333333333,2831.9658623696964,-0.08703113179175342
0.0833333333333333,2846.815965318392,-0.8186283276587493
0.0833333333333333,2847.5241000706837,-1.560133163689981
0.0833333333333333,2843.2762997562636,2.7099998596090025
0.0833333333333333,2845.3997122068313,0.6362573263228583
0.0833333333333333,2846.8160970899194,-0.8430809836983105
0.0833333333333333,2820.6545574862894,-2.9308099980685838
0.0833333333333333,2834.7976471519114,-2.9015802110150974
0.0833333333333333,2846.816056451648,-0.8329191568976247
0.0833333333333333,2834.79711757187,-2.931106401693915
0.0833333333333333,2819.239381774064,-1.5121849715097804
0.0833333333333333,2847.5239532141345,-1.539101476868465
0.0833333333333333,2834.089120902735,-2.2126545239791544
0.0833333333333333,2831.965632050019,-0.10694670263659938
0.0833333333333333,2834.0898896544936,-2.219182513359777
0.0833333333333333,2830.5489596689517,1.329691765129927
0.0833333333333333,2831.9659939864346,-0.10149617289285157
0.1,2830.5489562263842,1.3364359602841647
0.0833333333333333,2842.5682835000193,3.436720460263497
0.0833333333333333,2833.381514872511,-1.5220984372650834
0.0833333333333333,2842.5682835000193,3.436720460263497
0.0833333333333333,2834.7971177188833,-2.9191684102417197
0.0833333333333333,2834.0894775888314,-2.2270823067989456
0.0833333333333333,2820.6555634845604,-2.9281190698374053
0.0833333333333333,2847.524061459858,-1.5493413854572613
0.0833333333333333,2834.797882531393,-2.9348162692585618
0.0833333333333333,2842.5681429513393,3.4494943965027245
0.0833333333333333,2831.2578630523094,0.618509713726655
0.0833333333333333,2834.0894775888314,-2.2270823067989456
0.0833333333333333,2829.842116591439,2.0174144409285977
0.0833333333333333,2814.9915837729086,2.712237710346538
0.0833333333333333,2843.2746939890835,2.7325113652434543
0.0833333333333333,2847.5239038093137,-1.5324310501333747
0.0833333333333333,2834.089970921113,-2.245514303991257
0.0833333333333333,2832.6733068269687,-0.8064241840737311
0.0833333333333333,2834.0899765029003,-2.2455199266457555
0.1,2846.1081883017578,-0.14274702851412485
0.0833333333333333,2846.8159877174257,-0.8284651699396147
0.0833333333333333,2845.400008096115,0.6298201585736037
0.0833333333333333,2834.7974431811326,-2.9128521453586815
0.0833333333333333,2847.524101102476,-1.5569301750364792
0.1,2846.816136261372,-0.8422613668310055
0.0833333333333333,2831.9656778132585,-0.11356516149132312
0.0833333333333333,2846.1077615229483,-0.13443645117819514
0.0833333333333333,2834.0897693235806,-2.2327628205329235
0.0833333333333333,2833.381961858024,-1.516496610011239
0.0833333333333333,2846.1081680639873,-0.1417739247818791
0.0833333333333333,2846.1074917238952,-0.13026219169387632
0.0833333333333333,2844.6921884535654,1.310935051502976
0.0833333333333333,2843.2762309215673,2.7323643416138124
0.0833333333333333,2831.9658781290673,-0.08534947779231895
0.0833333333333333,2846.8153458644438,-0.8279756339068389
0.0833333333333333,2834.0897363157665,-2.21107304905662
0.0833333333333333,2833.3811003528904,-1.5118128791492658
0.0999999999999998,2843.2763065542545,2.726053168356998
0.0999999999999998,2848.2319282036474,-2.2543420108378807
0.0833333333333333,2834.7977765988203,-2.9156661521330705
0.0833333333333333,2834.797195246019,-2.9488797813570327
0.1,2829.8413172633636,2.0321498805355294
0.0833333333333333,2828.425801396977,3.432063472998027
0.0833333333333333,2834.797925272116,-2.951733491383692
0.0833333333333333,2848.231618938211,-2.220312181299022
0.0833333333333333,2829.132644337105,2.727334610295849
0.0833333333333333,2844.6917771621756,1.3421654350778551
0.0833333333333333,2830.5496780062736,1.3263810923015042
0.0833333333333333,2830.548996526982,1.32880352038735
0.0833333333333333,2832.673999141704,-0.8115127404773768
0.0833333333333333,2833.3819513104745,-1.5413095412535656
0.0833333333333333,2846.10776120029,-0.12292933147147422
0.0833333333333333,2843.9838294915703,2.0439311448900765
0.0833333333333333,2842.568332800786,3.4107875139947295
0.0833333333333333,2834.0897698378535,-2.2343638476289813
0.0833333333333333,2834.089850009135,-2.2110868852563175
0.0833333333333333,2833.3818020152517,-1.5036492973569127
0.0833333333333333,2834.089125192675,-2.2302154131435876
0.0833333333333333,2842.568170180385,3.4456251580412767
0.0833333333333333,2829.8420042846783,2.0344482908491868
0.0833333333333333,2843.276143669684,2.743781926457724
0.0833333333333333,2817.115492215788,0.5886639810428941
0.0833333333333333,2847.5239480776368,-1.5313754150282566
0.0833333333333333,2829.134021777739,2.7242867236005366
0.0833333333333333,2845.4001511698857,0.6059511819691138
0.0833333333333333,2833.38152988691,-1.5063709270681445
0.0833333333333333,2828.42620456873,3.4132772060767023
0.0833333333333333,2846.8161350815167,-0.8581083128305461
0.0833333333333333,2832.6732944733385,-0.8086845738386095
0.0833333333333333,2848.2320394094986,-2.2540971431132055
0.0833333333333333,2843.2762603564147,2.7296175767159196
0.0833333333333333,2834.089675324039,-2.2409899053272904
0.0833333333333333,2843.984095613026,2.0356574189735523
0.0833333333333333,2831.9658788133997,-0.08999274955085962
0.0999999999999998,2848.2320846026464,-2.2601769629099113
0.0833333333333333,2833.381931444555,-1.5181233598826909
0.0833333333333333,2845.4000069809445,0.6178807451275602
0.0833333333333333,2847.523945670501,-1.5366836185145265
0.0833333333333333,2831.9653497456998,-0.10144599084818832
0.0833333333333333,2845.4001584033535,0.626268032416319
0.0833333333333333,2829.134137850203,2.711040101440733
0.0833333333333333,2831.9656001738595,-0.07252706870036431
0.0833333333333333,2842.568381329787,3.4103313029321
0.0833333333333333,2833.381799908842,-1.5107584593726076
0.0833333333333333,2847.524062628619,-1.5305650689649322
0.0833333333333333,2832.6740172771497,-0.8314282780945761
0.0833333333333333,2834.7979196276383,-2.949354763471746
0.0833333333333333,2845.3997244302723,0.6244456928447121
0.0833333333333333,2842.568149196556,3.4411235826057234
0.0999999999999998,2848.232055987307,-2.267277916280072
0.0833333333333333,2843.276285122698,2.7142024013686163
0.0833333333333333,2834.0897240016566,-2.2017337283254053
0.0833333333333333,2831.258032263975,0.6124352160536006
0.0833333333333333,2829.133976765404,2.7295054526434037
0.0833333333333333,2848.232026778101,-2.2539787684853456
0.0833333333333333,2842.5683602602567,3.4143133856885655
0.0833333333333333,2831.966036425383,-0.10652887094351464
0.0833333333333333,2848.2318095457213,-2.2543889541351168
0.0833333333333333,2846.815861410535,-0.8440492388279982
0.0833333333333333,2818.5317100927896,-0.8152187184044566
0.0833333333333333,2843.2762425181163,2.723127031695594
0.0833333333333333,2834.089251456403,-2.228774150111445
0.0833333333333333,2831.257330094996,0.6135275235172262
0.0833333333333333,2834.7979179720755,-2.949498620419007
0.0833333333333333,2846.8159940133155,-0.8233809879464989
0.0833333333333333,2834.0892266245583,-2.2163862468329087
0.0833333333333333,2844.6917789253584,1.3384944309588278
0.0833333333333333,2847.5236822960337,-1.5502290026137107
0.0833333333333333,2843.984095613026,2.0356574189735523
0.0833333333333333,2847.524093496628,-1.551741663849376
0.0833333333333333,2848.232092221852,-2.2678637981215086
0.0833333333333333,2844.6921857890557,1.319649837648423
0.0833333333333333,2834.7971879459783,-2.9466449103923478
0.0833333333333333,2833.3815649608578,-1.5202143820615612
0.0833333333333333,2834.797891491227,-2.9486509773434983
0.0833333333333333,2834.7979179720755,-2.949498620419007
0.0999999999999998,2843.276317572924,2.7081700300606144
0.0833333333333333,2844.6919943136754,1.3497559560640369
0.0999999999999998,2848.2316575367977,-2.2394091978814163
0.0833333333333333,2848.2320517376447,-2.2572680132533076
0.0833333333333333,2834.089936074947,-2.245901978774321
0.0833333333333333,2834.0897359047276,-2.210548740092361
0.0833333333333333,2831.96557223121,-0.08884721784587982
0.0833333333333333,2834.7978987912675,-2.9508858483081832
0.0833333333333333,2834.0895108550417,-2.227507143866103
0.0833333333333333,2842.568381329787,3.4103313029321
0.0833333333333333,2834.089761255651,-2.2332861227504397
0.0833333333333333,2832.6738395084344,-0.8247576315576569
0.0833333333333333,2848.2320540204387,-2.2680399871856447
0.0833333333333333,2845.400004172779,0.6336960256923262
0.0833333333333333,2831.2580670875172,0.6026396276088106
0.0833333333333333,2834.7978987912675,-2.9508858483081832
0.0833333333333333,2834.089905661478,-2.2475287286460004
0.0833333333333333,2842.5681606107937,3.4451434938256638
0.0833333333333333,2818.531816405555,-0.8398814660464969
0.0833333333333333,2847.5241135590636,-1.5564255618642997
0.0833333333333333,2834.797696358913,-2.9236681406447476
0.0833333333333333,2831.25798789832,0.6099892184319387
0.0833333333333333,2830.5500959618394,1.3060200760967713
0.0833333333333333,2829.8420989285055,2.008319405046374
0.0833333333333333,2843.2755580155977,2.741975650212096
0.0833333333333333,2834.797727424506,-2.9380471311220733
0.0833333333333333,2834.0894930138843,-2.228685661643465
0.0833333333333333,2819.947752711459,-2.2463702840909052
0.0833333333333333,2844.692015829779,1.3566497726438222
0.0833333333333333,2830.5499520756107,1.3344593713977162
0.0833333333333333,2831.9658620049313,-0.08670407226686944
0.0833333333333333,2833.3817889986617,-1.5100091587374518
0.0999999999999998,2846.1081466297574,-0.13744216943551932
0.0833333333333333,2830.5492603660437,1.3284210893380974
0.0833333333333333,2819.2393703131734,-1.5227349788037163
0.0833333333333333,2830.5499296243624,1.3255983089067847
0.0833333333333333,2843.2762138895255,2.7239897621057665
0.0833333333333333,2846.816140337894,-0.8374626357800402
0.0833333333333333,2817.823849836909,-0.1257746759080665
0.0833333333333333,2833.3818696164753,-1.5000292544346558
0.0833333333333333,2817.1154923141526,0.5992307784056928
0.0833333333333333,2842.568186169273,3.4427733893549393
0.0833333333333333,2819.9476026795724,-2.2326296430900827
0.0833333333333333,2829.841968368843,2.032064493580457
0.0833333333333333,2834.7977946668766,-2.9387208100074247
0.0833333333333333,2844.6920035469925,1.349617427602015
0.0833333333333333,2842.568381329787,3.4103313029321
0.0833333333333333,2834.0895488597325,-2.231510668258096
0.0833333333333333,2833.3817927023015,-1.5214869501638204
0.0833333333333333,2829.1341589197336,2.7070580186842674
0.0999999999999998,2844.6920451543433,1.3470625202290147
0.0833333333333333,2830.5499644359543,1.3245000452438815
0.0833333333333333,2843.2761828734942,2.722084622162625
0.0833333333333333,2831.966003322989,-0.10149659884954271
0.0833333333333333,2842.568359658594,3.423266442300765
0.0833333333333333,2842.568381329787,3.4103313029321
0.0833333333333333,2829.133770378108,2.7434263266783914
0.0833333333333333,2817.823853686719,-0.1309074987861341
0.0833333333333333,2845.400151960242,0.6199306040818608
0.0833333333333333,2843.9842147074182,2.023398389323485
0.0833333333333333,2818.531720143133,-0.8117821448448455
0.0833333333333333,2843.9842514591073,2.0293128833683167
0.0833333333333333,2829.842057758007,2.0358324719786522
0.0833333333333333,2842.5684071106316,3.420855865211543
0.0833333333333333,2820.6556399902806,-2.9249366085041886
0.0833333333333333,2828.4260946542836,3.432982365345866
0.0833333333333333,2819.9478119657247,-2.235842284659205
0.0833333333333333,2819.9476690103497,-2.222365623708859
0.0833333333333333,2829.842017861114,2.0359827224055933
0.0833333333333333,2845.4001460827217,0.6376523391330005
0.0833333333333333,2847.524146921059,-1.5535906841670035
0.0833333333333333,2844.69194304416,1.3254537800777613
0.0833333333333333,2829.842076893718,2.0376768808985033
0.0833333333333333,2846.8160070817166,-0.8361208063350806
0.0833333333333333,2831.9651531402733,-0.07442814052090059
0.0833333333333333,2832.6736062363293,-0.7881623743725037
0.0833333333333333,2844.6920291988354,1.341334154048887
0.0833333333333333,2847.5241056240284,-1.5512129706001738
0.0833333333333333,2846.10813596463,-0.13031237373853954
0.0833333333333333,2842.5675429538437,3.434559271932483
0.0833333333333333,2829.842036830481,2.036144610332245
0.0833333333333333,2834.0898372361444,-2.208815857675944
0.1,2829.1340637424514,2.7479040645008
0.0833333333333333,2846.8161842047384,-0.8486068146331412
0.0833333333333333,2843.276311793243,2.7164300098276994
0.0833333333333333,2834.0899322251375,-2.2407691558962535
0.0833333333333333,2831.965938575522,-0.11187308974442112
0.1,2831.964922494776,-0.07145416835721924
0.0833333333333333,2831.966050691106,-0.10347900899952855
0.0833333333333333,2843.276340196298,2.710480256276533
0.0999999999999998,2848.2316715138522,-2.2393616923778996
0.0833333333333333,2829.133470753998,2.731351540644303
0.0833333333333333,2846.1081570341603,-0.13429445649500493
0.0999999999999998,2843.9842782094383,2.0352897840965625
0.0999999999999998,2842.567649015946,3.448253608386283
0.0833333333333333,2848.2319163734555,-2.209425959740628
0.0833333333333333,2831.2580781204892,0.610030176163988
0.0833333333333333,2833.3818838474385,-1.5182158186964616
0.0833333333333333,2833.381545957081,-1.5006163012495906
0.0833333333333333,2833.3818708400936,-1.4940297448528954
0.0833333333333333,2831.9660210466022,-0.09134341409327075
0.0833333333333333,2834.797707028527,-2.900409029478705
0.0833333333333333,2829.841294607885,2.0341823405197594
0.0833333333333333,2831.2576425355355,0.6198851011202319
0.0833333333333333,2844.6922117027607,1.3269496193621588
0.0833333333333333,2843.2759399351585,2.725984266014457
0.0833333333333333,2819.947741838196,-2.2498492051139936
0.0833333333333333,2842.5682365230196,3.426318861084178
0.0833333333333333,2846.1082139072673,-0.1359332605171326
0.0833333333333333,2848.2321096373794,-2.2585745537006385
0.0833333333333333,2834.0895496392914,-2.206640410415474
0.0833333333333333,2831.9660500318037,-0.09356770941464145
0.0833333333333333,2828.426207685449,3.4264301939812563
0.0833333333333333,2830.550130152041,1.3181480594221155
0.0833333333333333,2834.089858907337,-2.2217509970446088
0.0833333333333333,2842.5681983688914,3.4580550404124564
0.0833333333333333,2832.6739136087767,-0.7885970766062373
0.0833333333333333,2848.2321020562285,-2.250884869118492
0.0833333333333333,2829.8420230764696,2.041958116020342
0.0833333333333333,2846.1081504807808,-0.12874856122090694
0.0833333333333333,2829.8405614498315,2.0418918806746764
0.0833333333333333,2843.275910398697,2.754814134255322
0.0833333333333333,2833.3815498408508,-1.495099643133142
0.0833333333333333,2829.8417164131547,2.0352259506852683
0.0833333333333333,2831.965904195374,-0.08414423840532816
0.0833333333333333,2819.2396944358907,-1.5159594142893171
0.0833333333333333,2829.1340430006226,2.7368924661438867
0.0833333333333333,2829.8413031625014,2.03061571275848
0.0999999999999998,2847.524098128705,-1.5462046691162528
0.0833333333333333,2830.5499593112854,1.3217635447077067
0.0833333333333333,2834.089945881379,-2.228627160337709
0.1,2829.134065552589,2.743638779693639
0.0833333333333333,2834.089831250552,-2.222364735118611
0.0833333333333333,2831.9660291038335,-0.09097203657009995
0.0833333333333333,2834.0899599335853,-2.230275306018993
0.0833333333333333,2832.6736518104044,-0.8056120522899293
0.0833333333333333,2831.2580781204892,0.610030176163988
0.0833333333333333,2842.567189541378,3.4781301972112146
0.0833333333333333,2829.842020706345,2.034790015857467
0.0833333333333333,2834.7974993522066,-2.9219664511205226
0.0833333333333333,2832.672893130511,-0.7754602398360254
0.0833333333333333,2847.5241393399083,-1.545900999584857
0.0833333333333333,2829.8421474168986,2.0125987114300754
0.0833333333333333,2846.8161766235876,-0.8409171300509947
0.0833333333333333,2828.4260775689963,3.4343897618153845
0.0833333333333333,2833.381858204762,-1.5162796391709827
0.0833333333333333,2843.275909714563,2.7563780302891026
0.0833333333333333,2828.426051473524,3.4359060647578756
0.0833333333333333,2819.2396804755003,-1.5121874158163544
0.0833333333333333,2831.965756376758,-0.08915228372919809
0.0833333333333333,2846.1081504807808,-0.12874856122090694
0.0833333333333333,2829.842042042465,2.036779332359139
0.0833333333333333,2846.1081555678315,-0.10471360302159828
0.0833333333333333,2831.965932772121,-0.10631190010325846
0.0833333333333333,2829.1340236157794,2.736047932166381
0.0833333333333333,2834.7977499292097,-2.9018638001648047
0.0833333333333333,2833.3817752969962,-1.4882270704570957
0.0833333333333333,2832.6739151266975,-0.8191359058730259
0.0833333333333333,2832.67306784351,-0.8250756778896686
0.0833333333333333,2831.257928064938,0.6213364434733974
0.0833333333333333,2818.531839930486,-0.826017447369052
0.0833333333333333,2828.4262099556477,3.4159013999867383
0.0833333333333333,2842.568178308803,3.4614169016726875
0.0833333333333333,2846.108162679113,-0.12016522146933935
0.0833333333333333,2834.797926846038,-2.9452398935179582
0.0833333333333333,2833.381827522042,-1.497445682340743
0.0833333333333333,2831.965873103053,-0.08627622087051673
0.0833333333333333,2817.823712417809,-0.11462732876969046
0.0833333333333333,2831.96603255414,-0.09667279740075553
0.0999999999999998,2847.524091797006,-1.5456407783493546
0.0833333333333333,2820.6557523138226,-2.94133257666508
0.0833333333333333,2831.9656074195586,-0.082620689211311
0.0833333333333333,2832.673842076528,-0.7951706892735163
0.0833333333333333,2833.3815550086892,-1.5184299454255212
0.0833333333333333,2831.96603207839,-0.09836087586127501
0.0833333333333333,2842.567934454778,3.433133915014788
0.0999999999999998,2845.400017471146,0.6352925952814121
0.0833333333333333,2833.3804955619225,-1.517426258635845
0.0833333333333333,2844.6921828385507,1.3153711781686994
0.0833333333333333,2829.1341669409853,2.7201286670102003
0.0833333333333333,2832.6738422203816,-0.7925008668004953
0.0833333333333333,2848.2320771869345,-2.2561423408684202
0.0833333333333333,2831.96602079293,-0.09154059014898702
0.0833333333333333,2834.089914956402,-2.220711688264271
0.0833333333333333,2834.0898170119394,-2.227040873763138
0.0833333333333333,2832.6738628132075,-0.788552644769155
0.0833333333333333,2834.7978448060558,-2.9288940846417693
0.0833333333333333,2843.2759226752437,2.729612874972232
0.0833333333333333,2846.1081755965333,-0.14391348380296776
0.0833333333333333,2834.089506828724,-2.2122689701242395
0.0833333333333333,2819.947643396859,-2.226839531588827
0.1,2829.8420149900903,2.0406104575384334
0.0833333333333333,2817.823713685056,-0.1175746893126662
0.0833333333333333,2847.524116309366,-1.5507541173400037
0.0833333333333333,2819.9477631166533,-2.235501064055709
0.0833333333333333,2831.2572194356417,0.6232345045294317
0.0833333333333333,2833.3818244965687,-1.4918960610970804
0.0833333333333333,2831.2579374057254,0.6313245244020541
0.0833333333333333,2843.2758707688263,2.755371160227379
0.0999999999999998,2845.399725386724,0.6440669644453417
0.0833333333333333,2817.823869587098,-0.1358018376751507
0.0833333333333333,2834.08995197281,-2.246806219936837
0.0833333333333333,2817.823869587098,-0.1358018376751507
0.0833333333333333,2832.673988399199,-0.8187655701471047
0.0833333333333333,2846.1081504807808,-0.12874856122090694
0.0833333333333333,2848.2318782781467,-2.218998918015558
0.0833333333333333,2831.2579373414683,0.6320030669168688
0.0833333333333333,2834.797735764143,-2.9047466290095487
0.0833333333333333,2848.2313059765434,-2.2378022689914414
0.1,2848.232051623849,-2.255396615867087
0.0833333333333333,2834.7976550119156,-2.93731375762058
0.0833333333333333,2843.276106799062,2.768089564216734
0.0833333333333333,2830.5499505983717,1.3242756287805117
0.0833333333333333,2820.6557488635162,-2.9356318158344243
0.0833333333333333,2817.823476229481,-0.10982179611044292
0.0833333333333333,2831.2579496850467,0.6334517581023562
0.0833333333333333,2846.8161766235876,-0.8409171300509947
0.0833333333333333,2832.6738845757286,-0.7874313954305245
0.0833333333333333,2828.4260775689963,3.4343897618153845
0.0833333333333333,2834.797888699392,-2.9244512698844924
0.0833333333333333,2843.9838348911235,2.048432083906529
0.0833333333333333,2833.3818082813254,-1.5033227024117766
0.0833333333333333,2834.089813623803,-2.221192242543083
0.0833333333333333,2842.568320467413,3.4318341363445155
0.0833333333333333,2829.8421719207213,2.0174883033138853
0.0833333333333333,2845.400125253523,0.62795099324655
0.0833333333333333,2846.816174321757,-0.8600356180751
0.0833333333333333,2834.7970030582774,-2.9155359915891506
0.0833333333333333,2831.96603255414,-0.09667279740075553
0.0833333333333333,2819.9475198189575,-2.2370186468258937
0.0833333333333333,2847.524116309366,-1.5507541173400037
0.0833333333333333,2831.9660178062672,-0.09980681112502093
0.0833333333333333,2832.6738361064117,-0.7927963348483477
0.0833333333333333,2845.4001298447156,0.635183509198437
0.0833333333333333,2832.673838184372,-0.7877963424826143
0.0833333333333333,2842.5682884725798,3.450404676457492
0.0833333333333333,2846.816125165293,-0.8423216676500179
0.0833333333333333,2842.568037652797,3.439319080973251
0.0833333333333333,2843.9840921291775,2.050546678511487
0.0833333333333333,2829.1341669409853,2.7201286670102003
0.0833333333333333,2842.568202819014,3.4540618357157618
0.0833333333333333,2831.258043356971,0.6091587152086154
0.0833333333333333,2832.6736043772526,-0.8127178608101469
0.0833333333333333,2832.673849917348,-0.7917779992826158
0.0833333333333333,2829.84211792433,2.0191264542763396
0.1,2834.08990882157,-2.211385968126955
0.0833333333333333,2832.6740200075383,-0.8079242568871623
0.0833333333333333,2832.6738361064117,-0.7927963348483477
0.0833333333333333,2830.549951594606,1.3321338186953569
0.0833333333333333,2831.965907517625,-0.1117524445480678
0.0833333333333333,2829.1341446069655,2.716595991192586
0.0833333333333333,2843.9839572972974,2.025584531856249
0.0833333333333333,2834.089922683903,-2.2404113488579585
0.0833333333333333,2831.965893814539,-0.11265638223598014
0.0833333333333333,2834.089002832866,-2.2099581673891007
0.1,2847.5241183062813,-1.546752937266094
0.0833333333333333,2844.6917677315632,1.3549460110310059
0.0833333333333333,2828.4260644329656,3.4280168564159035
0.0833333333333333,2846.108206606028,-0.1337492474072783
0.0833333333333333,2846.108183018482,-0.13246624059217182
0.0833333333333333,2833.381837049075,-1.5204824897616747
0.0833333333333333,2833.3818213287022,-1.4980352195325333
0.0833333333333333,2842.5681862006395,3.456377730575546
0.0833333333333333,2831.9660468262628,-0.09522686213700961
0.0833333333333333,2831.9658977634363,-0.07732661730284175
0.0833333333333333,2829.841999513252,2.0285850785506194
0.0833333333333333,2831.257387976327,0.6108229534955614
0.0833333333333333,2846.1079146097754,-0.1321288530663115
0.0833333333333333,2845.399999302156,0.636379206132401
0.0833333333333333,2834.0892540708674,-2.2132502693858718
0.0833333333333333,2832.673989523761,-0.8107439491965468
0.0833333333333333,2831.2580576290934,0.6106046504723613
0.0833333333333333,2842.5683718713635,3.4182963257956507
0.0833333333333333,2842.568233522356,3.443910303189405
0.0833333333333333,2846.815763533879,-0.8357135784140987
0.0833333333333333,2832.673856530859,-0.817640251769615
0.0833333333333333,2817.8239145961015,-0.1279727842166709
0.0833333333333333,2829.8420214673065,2.02344685073716
0.0833333333333333,2819.9470191369046,-2.2445363777570164
0.0833333333333333,2831.9660457017008,-0.10324848308756752
0.0833333333333333,2834.797774692019,-2.9237150350256926
0.0833333333333333,2842.568334874081,3.426184720989568
0.0833333333333333,2834.0897773299075,-2.2083087340729013
0.0833333333333333,2834.089901693422,-2.2252467884376417
0.0833333333333333,2834.089741861064,-2.2068320072816165
0.0833333333333333,2819.947736698379,-2.243602980040697
0.0833333333333333,2834.797872460979,-2.9337821711853787
0.0833333333333333,2816.4075287885457,1.3032503628154
0.0833333333333333,2834.797863718702,-2.9483440604257227
0.0833333333333333,2833.38179202998,-1.5046214352443146
0.0833333333333333,2833.381918420142,-1.5151901399871237
0.0833333333333333,2833.3819951803794,-1.5375972145620553
0.0833333333333333,2846.8159863241954,-0.8335241510256687
0.0833333333333333,2832.673843538088,-0.7944692126751426
0.0833333333333333,2831.2571449730303,0.6220753031530643
0.0833333333333333,2834.088726323088,-2.201861703320856
0.0833333333333333,2830.5489416406804,1.3305308937429567
0.0833333333333333,2818.5318080292386,-0.8329584000768383
0.0833333333333333,2817.823723536565,-0.10745353900585801
0.0833333333333333,2829.8418592633598,2.0256313158724337
0.0833333333333333,2843.2762390319926,2.738870610970889
0.0833333333333333,2843.275559721359,2.7416732342217642
0.0833333333333333,2846.1081729320235,-0.1351986976575209
0.0833333333333333,2846.816166740606,-0.8523459334929534
0.0833333333333333,2831.2580682375074,0.5986013727220293
0.0833333333333333,2834.7977549830716,-2.922224697942255
0.0833333333333333,2831.965201213067,-0.08359619674288421
0.0833333333333333,2834.0897440223744,-2.2183383123773526
0.0833333333333333,2834.7977337139664,-2.913290441479501
0.0833333333333333,2842.568341457894,3.4166695759241987
0.0833333333333333,2848.2318307394016,-2.2587066888218867
0.0833333333333333,2831.96603207839,-0.09836087586127501
0.0833333333333333,2834.0899153024457,-2.2177724723661454
0.0833333333333333,2842.5683718713635,3.4182963257956507
0.0833333333333333,2842.5683718713635,3.4182963257956507
0.0833333333333333,2843.276176472427,2.7479073937319534
0.0833333333333333,2848.2320627870045,-2.265117033223616
0.0833333333333333,2834.7976868936685,-2.912570397813295
0.0833333333333333,2843.9842054580704,2.0338804259060503
0.0833333333333333,2832.6738291882175,-0.8112103027729822
0.0833333333333333,2847.523815991679,-1.5586143561870145
0.0833333333333333,2834.797395967787,-2.9130756877078854
0.0833333333333333,2833.381914148126,-1.5188631157619854
0.0833333333333333,2846.8157062468285,-0.8136465859619112
0.0833333333333333,2834.089811066814,-2.2325851877266985
0.0833333333333333,2843.2763150748738,2.720517443731815
0.0833333333333333,2845.4000001957133,0.6190374742210693
0.0833333333333333,2820.6555975794313,-2.9345170222891768
0.0833333333333333,2832.673727461456,-0.8281891471642604
0.0833333333333333,2846.8158322265144,-0.8316058404210399
0.0833333333333333,2842.5683033659384,3.413534278892622
0.0833333333333333,2828.425385781828,3.422786781298127
0.0833333333333333,2846.1081370353836,-0.11905667829598449
0.0833333333333333,2834.797826635462,-2.9244093959242834
0.0833333333333333,2844.6921711187842,1.3265127964526997
0.0833333333333333,2843.9842136107777,2.0281364580368075
0.0833333333333333,2843.9842009805147,2.0200494227755383
0.0999999999999998,2848.2319022183983,-2.254177867908474
0.0833333333333333,2846.8158347307503,-0.8416011000259606
0.0833333333333333,2834.0898205639905,-2.2286252051962663
0.0833333333333333,2818.5316862528857,-0.8124374085397201
0.0833333333333333,2834.79743031729,-2.91105750283067
0.0833333333333333,2843.275853611418,2.7494679800996904
0.0833333333333333,2843.9838184793975,2.045783769503852
0.0833333333333333,2833.3817778714624,-1.502416203747896
0.0833333333333333,2833.3819735091865,-1.5246620751933906
0.0833333333333333,2834.0899552557553,-2.244514750885145
0.0833333333333333,2834.0899071037134,-2.2307319684409714
0.0666666666666666,2833.381773313482,-1.5061120530207406
0.0666666666666666,2834.089754265168,-2.204551902128558
0.0666666666666666,2832.6735512682512,-0.792267324928969
0.0666666666666666,2847.524108689229,-1.5510992765947507
0.0666666666666666,2843.2762860842345,2.7244195874259196
0.0666666666666666,2846.1081789425,-0.1412028451044265
0.0666666666666666,2831.9656157234817,-0.07992332185551568
0.0666666666666666,2848.2320746726123,-2.2638441382879324
0.0666666666666666,2831.9658466026667,-0.07853491448049886
0.0666666666666666,2830.5500653303916,1.314344007434827
0.0666666666666666,2847.523790028487,-1.543478681067901
0.0666666666666666,2833.3819393172844,-1.5213063826691935
0.0666666666666666,2846.107244332237,-0.11150820399361049
0.0666666666666666,2847.5236521892425,-1.5323200266910735
0.0666666666666666,2842.568106609955,3.461234746370819
0.0666666666666666,2846.1081383431756,-0.1390500333819692
0.0666666666666666,2830.5500801692424,1.3150114795577126
0.0666666666666666,2828.4261782215963,3.420193622262307
0.0666666666666666,2832.673561821442,-0.8155866713111043
0.0666666666666666,2846.815960650235,-0.8288797124567883
0.0666666666666666,2831.257238985523,0.6139443090316131
0.0666666666666666,2830.549982525307,1.3336157660490222
0.0666666666666666,2817.8237351168814,-0.11571635107695973
0.0666666666666666,2817.115907706859,0.5811708770375598
0.0666666666666666,2843.9842314438793,2.030492895613544
0.0666666666666666,2842.568339227314,3.437335565903587
0.0666666666666666,2828.426216313552,3.4233289192938834
0.0666666666666666,2831.966011635267,-0.09363917472292292
0.0666666666666666,2832.6738562448954,-0.8176631252678251
0.0666666666666666,2834.797820582584,-2.9068527410340805
0.0666666666666666,2843.2758637686657,2.752474299045981
0.0666666666666666,2846.108092611469,-0.11429558552630915
0.0666666666666666,2829.8420853943503,2.0181771368468597
0.0666666666666666,2843.276275480457,2.730240450343489
0.0666666666666666,2843.2762158328896,2.726691194194764
0.0666666666666666,2833.3819596816184,-1.535450352822079
0.0666666666666666,2856.7103078799537,3.447749589322321
0.0666666666666666,2833.381951954117,-1.5157506922283916
0.0666666666666666,2845.39989742971,0.6155733801864712
0.0666666666666666,2846.8161320202503,-0.8550271393420373
0.0666666666666666,2847.524094736571,-1.5600110088758996
0.0666666666666666,2833.381994360892,-1.521729458046565
0.0666666666666666,2842.567934168814,3.433111041516578
0.0666666666666666,2834.089978748405,-2.2396484669488643
0.0833333333333333,2834.797848066591,-2.9290713842629788
0.0666666666666666,2833.381929377422,-1.5332211053698324
0.0666666666666666,2845.4001214490745,0.6086750733687963
0.0666666666666666,2844.6920167928456,1.3357157312874748
0.0666666666666666,2847.52408715542,-1.552321324293753
0.0666666666666666,2843.2758546386444,2.725748528966643
0.0666666666666666,2829.1339990356587,2.7250724534627464
0.0666666666666666,2848.2320419000703,-2.257013731928761
0.0666666666666666,2834.797803955107,-2.9325137272109396
0.0666666666666666,2830.5499282906476,1.3276607073214997
0.0666666666666666,2833.3818288570305,-1.5197391919682997
0.0666666666666666,2829.8409722228757,2.037382955228613
0.0666666666666666,2832.6739511458413,-0.8139021197263335
0.0666666666666666,2830.5500801692424,1.3150114795577126
0.0666666666666666,2831.2578984163183,0.621787804329985
0.0666666666666666,2846.8156984355014,-0.839624084005769
0.0666666666666666,2828.4261803094014,3.4152634313458083
0.0666666666666666,2820.655722163925,-2.9418711720537125
0.0666666666666666,2833.3818383992225,-1.493025553071946
0.0666666666666666,2833.3819715082564,-1.5173018588871383
0.0666666666666666,2834.7974198989928,-2.8896185593980674
0.0666666666666666,2834.089801115543,-2.1980094226055806
0.0666666666666666,2842.568374669761,3.421860056992492
0.0666666666666666,2842.568319095264,3.4419119411788257
0.0666666666666666,2831.257669203896,0.6294593689832498
0.0666666666666666,2843.276248391685,2.7574443729018
0.0666666666666666,2829.842147130935,2.0125758379318652
0.0666666666666666,2846.8161119879337,-0.8138135251339401
0.0666666666666666,2834.7978969408973,-2.927269597954635
0.0666666666666666,2819.2397006262845,-1.5118842925126654
0.0666666666666666,2846.108147938509,-0.11268434685588836
0.0666666666666666,2846.8160044608544,-0.8235559648445506
0.0666666666666666,2843.2760960370547,2.7589864444661134
0.0666666666666666,2829.8419874796273,2.036673591439283
0.0666666666666666,2833.381776818494,-1.4900669361629835
0.0666666666666666,2842.5681254505266,3.423730017651166
0.0666666666666666,2846.107753299622,-0.10749114658130211
0.0666666666666666,2834.0894841533213,-2.2072938731486262
0.0666666666666666,2834.089742321918,-2.2061416574989723
0.0666666666666666,2831.964902496039,-0.08087638297890859
0.0666666666666666,2832.673835574773,-0.798923564102677
0.0666666666666666,2842.5682185084493,3.4520130990832243
0.0666666666666666,2834.7977183257854,-2.911852887430439
0.0666666666666666,2818.5318808653387,-0.8203770839293762
0.0666666666666666,2829.1330592310164,2.7554032188517437
0.0666666666666666,2831.2580672861277,0.6113193222443438
0.0666666666666666,2832.673881167906,-0.7875928848252879
0.0666666666666666,2847.524062312743,-1.5313336616226416
0.0666666666666666,2848.2320300887595,-2.253426055603599
0.0666666666666666,2848.2320746726123,-2.2638441382879324
0.0833333333333333,2844.692063462507,1.3529282406661836
0.0666666666666666,2847.52408715542,-1.552321324293753
0.0666666666666666,2846.1077392913558,-0.13453273634501428
0.0666666666666666,2848.2320498717404,-2.257305193827388
0.0666666666666666,2848.2320574528912,-2.2649948784095346
0.0666666666666666,2831.9658761725796,-0.08048219698423345
0.0666666666666666,2830.549375135534,1.3132473112063867
0.0666666666666666,2845.3997689137113,0.6425116197672988
0.0666666666666666,2831.2580489189468,0.6113446948109392
0.0666666666666666,2847.524111956292,-1.5588602687542974
0.0666666666666666,2830.550091388569,1.3115755609977684
0.0666666666666666,2830.5499626971987,1.3320517653681934
0.0666666666666666,2843.2761102023956,2.7424984993290753
0.0666666666666666,2832.6738831483067,-0.794005040894689
0.0666666666666666,2828.4254646854993,3.4192707196482295
0.0666666666666666,2831.965746949014,-0.09480838054866872
0.0666666666666666,2829.134149506512,2.7208791914443275
0.0666666666666666,2834.0899578761705,-2.2416330238588387
0.0666666666666666,2829.8421122228324,2.0158953219104654
0.0666666666666666,2848.232063006236,-2.2560746853197275
0.0666666666666666,2833.381564875182,-1.5154287680421819
0.0666666666666666,2829.8419582305723,2.035801043975696
0.0666666666666666,2829.84213341584,2.0173431751767357
0.0666666666666666,2843.2762251517274,2.7400599882463803
0.0666666666666666,2832.6736189153835,-0.8160555604065112
0.0666666666666666,2833.381525403585,-1.5035652667082902
0.0666666666666666,2842.5683442298205,3.4155040324671893
0.0666666666666666,2829.1330339934416,2.7295485155700363
0.0666666666666666,2817.823445503576,-0.11620069413395602
0.0666666666666666,2842.5675836859723,3.4405660795097748
0.0666666666666666,2842.5680503741837,3.4173746159805445
0.0666666666666666,2830.549947420619,1.3241377569744388
0.0666666666666666,2818.531811460495,-0.8357358017903399
0.0666666666666666,2834.7978291342893,-2.9130361083192975
0.0666666666666666,2846.8157079417238,-0.8162880684623052
0.0666666666666666,2846.8157106062336,-0.825002854607752
0.0666666666666666,2846.1080035477235,-0.10748624768717868
0.0666666666666666,2834.7977758244488,-2.9351760621979963
0.0666666666666666,2846.8161253933636,-0.8525624883350271
0.0666666666666666,2833.381921589663,-1.5385856498536556
0.0666666666666666,2820.6557385743595,-2.941684717056038
0.0666666666666666,2843.2761176375957,2.7454307624838306
0.0666666666666666,2832.6738290276953,-0.7996604392086627
0.0666666666666666,2829.841683085862,2.0199857760854796
0.0666666666666666,2819.9477779458443,-2.241631038438447
0.0666666666666666,2828.426196719836,3.415449886343483
0.0666666666666666,2833.381514586547,-1.5221213107630662
0.0666666666666666,2818.531721749364,-0.8134864764613818
0.0666666666666666,2829.1340201498674,2.73114930273616
0.0666666666666666,2843.276137421966,2.7488623732988264
0.0666666666666666,2831.965892816082,-0.08484087504746021
0.0666666666666666,2819.239639218379,-1.5248895667318056
0.0666666666666666,2842.567596262198,3.4425980319220835
0.0666666666666666,2831.258034646824,0.6098987595471933
0.0666666666666666,2831.258034646824,0.6098987595471933
0.0666666666666666,2831.2572793451677,0.6110243068841651
0.0666666666666666,2819.9477832674374,-2.2351979407520197
0.0666666666666666,2829.134029755649,2.7232983238314885
0.0666666666666666,2843.27618252252,2.736963163744413
0.0666666666666666,2819.947653838134,-2.2207238782262415
0.0666666666666666,2844.6921599569478,1.337709467414515
0.0666666666666666,2843.2762926843466,2.724958209072148
0.0666666666666666,2834.0895275915027,-2.220412637576044
0.0666666666666666,2830.550086650142,1.319167193257315
0.0666666666666666,2832.6735680840225,-0.7897353675451885
0.0666666666666666,2830.549960382896,1.3273886935136276
0.0833333333333333,2829.842047828217,2.027177665346286
0.0666666666666666,2833.3817434592834,-1.4904419032625436
0.0666666666666666,2844.6922169905974,1.320726328525686
0.0666666666666666,2818.5314208559867,-0.8156567637910731
0.0666666666666666,2842.5683304514305,3.4433416350449506
0.0666666666666666,2830.5499688497944,1.329751758101908
0.0666666666666666,2842.5683578993508,3.4387239052273983
0.0666666666666666,2833.381931629246,-1.5124299303155653
0.0666666666666666,2834.0897727549122,-2.2229891320352655
0.0666666666666666,2843.2762250844526,2.7487822484843307
0.0666666666666666,2842.5681428225635,3.464374190325343
0.0666666666666666,2831.25806625788,0.6088783428791674
0.0666666666666666,2834.797213453389,-2.9422523936734115
0.0666666666666666,2831.965885815537,-0.08257904555409659
0.0666666666666666,2818.530989280119,-0.8083212661378674
0.0666666666666666,2831.965876163921,-0.09548516320149954
0.0666666666666666,2847.5239481584786,-1.5228782232730598
0.0666666666666666,2831.965964885034,-0.08946824016469694
0.0666666666666666,2833.381948477714,-1.522154976642285
0.0666666666666666,2846.8161558400834,-0.8533377775742067
0.0666666666666666,2848.2320844645324,-2.2528661828060663
0.0666666666666666,2818.531676115412,-0.8225814323445112
0.0666666666666666,2817.8237241695538,-0.11046682713406615
0.0666666666666666,2829.8421096616994,2.022705127527204
0.0666666666666666,2834.797855832313,-2.922828484779799
0.0666666666666666,2843.276149456137,2.7427364529840697
0.0666666666666666,2846.108101497322,-0.1358097801728374
0.0666666666666666,2832.6740152238085,-0.8328160249129442
0.0666666666666666,2820.655722163925,-2.9418711720537125
0.0666666666666666,2843.2759189061626,2.723864529390376
0.0666666666666666,2843.983793228306,2.048806976101015
0.0666666666666666,2847.524094736571,-1.5600110088758996
0.0666666666666666,2834.7978817015774,-2.9348324941456383
0.0666666666666666,2834.0895091398843,-2.2299117776273194
0.0666666666666666,2834.797414603566,-2.9107816090223766
0.0666666666666666,2831.2576373284164,0.6228384502518355
0.0666666666666666,2834.7978817015774,-2.9348324941456383
0.0666666666666666,2843.275873882413,2.744372327685052
0.0666666666666666,2834.0899406564495,-2.242783763980441
0.0666666666666666,2842.5683201814486,3.4318112628463053
0.0666666666666666,2846.8159068763243,-0.8561504534749204
0.0666666666666666,2848.2320944202847,-2.269881202328516
0.0666666666666666,2842.567933044252,3.42508942056602
0.0666666666666666,2843.276245930376,2.731713717231652
0.0666666666666666,2831.9655926015485,-0.08320928989439672
0.0666666666666666,2846.81583194055,-0.8316287139190227
0.0666666666666666,2844.691749204547,1.3412183223585104
0.0666666666666666,2842.5678695179918,3.4519365403570204
0.0833333333333333,2831.9658574752975,-0.08815695515382099
0.0666666666666666,2834.7977434410172,-2.9406657766011337
0.0666666666666666,2842.568314973135,3.435171470795832
0.0666666666666666,2834.0895075773133,-2.2332168897147655
0.0666666666666666,2846.1080322367984,-0.12006738069646061
0.0666666666666666,2833.38156375062,-1.5234503889927398
0.0833333333333333,2832.673816154075,-0.793706106187486
0.0666666666666666,2832.673806442627,-0.8003715294718293
0.0666666666666666,2842.5680339637493,3.41718816098287
0.0666666666666666,2843.9837864882265,2.0462021918923723
0.0666666666666666,2843.9840630291214,2.0452442461063596
0.0666666666666666,2834.79790337277,-2.947767633514303
0.0833333333333333,2832.673814929873,-0.7934546710864229
0.0666666666666666,2829.841967036351,2.027403036220564
0.0666666666666666,2833.3803672313475,-1.502971176919112
0.0666666666666666,2834.7975432167077,-2.9266909033542277
0.0666666666666666,2846.8159831499092,-0.8117980255895546
0.0666666666666666,2847.5241185564037,-1.558321647108069
0.0833333333333333,2848.232064824159,-2.2527631100980554
0.0666666666666666,2834.089813918549,-2.2131868464796014
0.0666666666666666,2834.0899223979386,-2.2404342223559413
0.0666666666666666,2832.6738616564835,-0.8183797441426012
0.0666666666666666,2832.673912419855,-0.7920289447933728
0.0666666666666666,2846.815874375622,-0.8284208099527096
0.0666666666666666,2843.2763116760098,2.7170273773761773
0.0666666666666666,2842.5683975223965,3.4174324578330655
0.0666666666666666,2834.797671904529,-2.941584808074566
0.0666666666666666,2816.407944990539,1.286154746571422
0.0666666666666666,2834.7976823306935,-2.8889885088517615
0.0666666666666666,2830.5493794171803,1.3164166660885617
0.0666666666666666,2832.6738562448954,-0.8176631252678251
0.0666666666666666,2831.9659079375083,-0.0825728522451056
0.0666666666666666,2843.276303276739,2.736206387625308
0.0666666666666666,2834.089978748405,-2.2396484669488643
0.0666666666666666,2834.797919793533,-2.9316971971140617
0.0666666666666666,2830.5492292441186,1.3281745820827286
0.0666666666666666,2843.2761382653375,2.750983158451983
0.0833333333333333,2846.815361462514,-0.8158278099021833
0.0666666666666666,2843.2760342970123,2.7084122100749495
0.0666666666666666,2834.797721598102,-2.9277012154510773
0.0666666666666666,2848.2320944202847,-2.269881202328516
0.0666666666666666,2834.089913545876,-2.2287561827128117
0.0666666666666666,2832.673860165548,-0.8007218145537972
0.0666666666666666,2818.5317348969243,-0.8200621621481938
0.0666666666666666,2846.8159881939614,-0.8181878733410614
0.0666666666666666,2834.797774710215,-2.9273137017459874
0.0666666666666666,2842.5679201863745,3.446868807748298
0.0833333333333333,2843.9841318215363,2.0248082666933995
0.0666666666666666,2817.823869301134,-0.13582471117336087
0.0666666666666666,2833.38156375062,-1.5234503889927398
0.0666666666666666,2828.4258102300964,3.4323048322419005
0.0666666666666666,2832.674020580147,-0.8366819321638995
0.0666666666666666,2846.816168987644,-0.8599134632610187
0.0666666666666666,2834.7979087291087,-2.9516335407652585
0.0666666666666666,2843.2762776894556,2.7301876012621973
0.0833333333333333,2848.231942526122,-2.249659363812354
0.0666666666666666,2846.816161406493,-0.8522237786788721
0.0666666666666666,2834.7978339107112,-2.9219269560205614
0.0666666666666666,2845.400188008889,0.6193294862230341
0.0833333333333333,2829.8421428048664,2.008569111789526
0.0666666666666666,2843.9841250707477,2.013811532866977
0.0666666666666666,2843.2762828977693,2.7268273933126705
0.0666666666666666,2848.231804704142,-2.2454766303550606
0.0666666666666666,2842.5683794461825,3.4129692092914556
0.0833333333333333,2847.523983895027,-1.5447552626647771
0.0666666666666666,2831.2579515744055,0.6124859509130846
0.0666666666666666,2843.276308259199,2.7151020845752623
0.0833333333333333,2846.108189822758,-0.14438718718350785
0.0666666666666666,2843.27566376738,2.720159053659866
0.0666666666666666,2847.5241241228136,-1.5572076482127344
0.0666666666666666,2832.673593306799,-0.7987668588654177
0.0833333333333333,2847.523983895027,-1.5447552626647771
0.0666666666666666,2834.089913545876,-2.2287561827128117
0.0666666666666666,2832.6738312716025,-0.8017713326136234
0.0666666666666666,2843.2762828977693,2.7268273933126705
0.0666666666666666,2843.2758937483322,2.721186146314177
0.0833333333333333,2834.796899599437,-2.9181619282275153
0.0666666666666666,2844.6917861719403,1.336331998439529
0.0666666666666666,2834.089946012788,-2.2466496712313964
0.0666666666666666,2829.8419886798056,2.029703190138252
0.0666666666666666,2848.2318178241376,-2.250894849425659
0.0666666666666666,2847.523700962072,-1.5439189522838805
0.0666666666666666,2834.7970325211436,-2.9153028152157785
0.0666666666666666,2817.1155064073964,0.5958216802833457
0.0666666666666666,2845.4000191317687,0.626964560859416
0.0666666666666666,2831.9660376934444,-0.0964076211599815
0.0666666666666666,2846.8157718641883,-0.833950409181962
0.0833333333333333,2834.089257608093,-2.2096185623447586
0.0666666666666666,2834.089914670438,-2.220734561762254
0.0666666666666666,2844.6921418562206,1.3367821049106392
0.0666666666666666,2832.6731293080124,-0.7983860466753733
0.0666666666666666,2832.673996353786,-0.8059229285552628
0.0666666666666666,2834.0897823074943,-2.2121664298115755
0.0666666666666666,2831.2571480064444,0.630591896392762
0.0666666666666666,2819.947775092398,-2.2416545057130195
0.0666666666666666,2817.8238704231794,-0.12381299249630236
0.0666666666666666,2831.965169785466,-0.0790713341448376
0.0666666666666666,2842.5683442401487,3.431388013869756
0.0666666666666666,2834.0899223979386,-2.2404342223559413
0.0666666666666666,2846.816119186477,-0.8518924772808338
0.0666666666666666,2834.7978928312455,-2.9507292996027426
0.0666666666666666,2842.5682582847253,3.4442399822380865
0.0666666666666666,2833.3817590622652,-1.5147454186019411
0.0666666666666666,2848.232070941271,-2.2612872765838534
0.0666666666666666,2834.08911704847,-2.228261015665803
0.0666666666666666,2831.2576489845305,0.6064182490141431
0.0666666666666666,2846.1081726460593,-0.1352215711555037
0.0666666666666666,2842.5683201814486,3.4318112628463053
0.0666666666666666,2829.1341554581477,2.7024209285847176
0.0666666666666666,2831.965960045578,-0.11824441677228514
0.0833333333333333,2848.232092173247,-2.2623136725604507
0.0666666666666666,2834.7978097349237,-2.939641276057017
0.0666666666666666,2831.9656423792467,-0.08615767017010803
0.0666666666666666,2817.8238692986174,-0.13183461344686026
0.0666666666666666,2842.568181652868,3.4458664883663017
0.0666666666666666,2833.3819585570564,-1.543471973772637
0.0666666666666666,2842.5683201814486,3.4318112628463053
0.0666666666666666,2834.797876262196,-2.933740052246674
0.0666666666666666,2842.56823295376,3.435371347591463
0.0666666666666666,2847.5241317039645,-1.564897332794881
0.0666666666666666,2848.2317974792372,-2.255927487839773
0.0833333333333333,2842.568364061301,3.431923807359572
0.0666666666666666,2834.7978181249177,-2.9187290532402215
0.0666666666666666,2843.9840659823612,2.0503602571571253
0.0666666666666666,2831.2572596607265,0.6199058955319193
0.0666666666666666,2818.5318709823573,-0.831805887371335
0.0666666666666666,2842.5683794461825,3.4129692092914556
0.0666666666666666,2820.655741471451,-2.9456506228483814
0.0833333333333333,2831.258048489835,0.6046384367626129
0.0666666666666666,2833.381876794414,-1.5078570730099807
0.0666666666666666,2842.5683272177234,3.424270634081714
0.0666666666666666,2828.425931186282,3.4271253336853436
0.0666666666666666,2830.54990728654,1.3207620234364752
0.0666666666666666,2846.816118052129,-0.8337821085570108
0.0833333333333333,2834.797664424896,-2.900429524547316
0.0666666666666666,2832.6738673044642,-0.7860086824813363
0.0666666666666666,2832.6732041029995,-0.7908872176977695
0.0666666666666666,2817.1157479520953,0.5902247667150485
0.0666666666666666,2829.8420036198872,2.0313201416769306
0.0666666666666666,2844.692192432547,1.3177638954074624
0.0666666666666666,2834.0895318669072,-2.2278039969403816
0.0666666666666666,2842.5683635483197,3.4138734504539716
0.0833333333333333,2831.257907924383,0.6113289252023574
0.0666666666666666,2831.965572679655,-0.08346129989794084
0.0833333333333333,2848.232076275384,-2.2614094313979347
0.0666666666666666,2842.5679798032966,3.4283482921501403
0.0833333333333333,2847.523821795251,-1.5475010187922644
0.0666666666666666,2833.381833469135,-1.519915219015614
0.0666666666666666,2848.2320995343093,-2.2525701841871295
0.0833333333333333,2843.27622313413,2.739774852133405
0.0666666666666666,2848.232078522422,-2.268976961166
0.0666666666666666,2842.5682498947317,3.4233277594212908
0.0666666666666666,2842.5679822519537,3.4282565111735224
0.0666666666666666,2834.797126652346,-2.9256615762518376
0.0666666666666666,2848.2320668560455,-2.261207508197795
0.0666666666666666,2843.276221001046,2.7392561127044517
0.0666666666666666,2844.6917853705345,1.3395000015042584
0.0666666666666666,2829.842126804843,2.013017486341135
0.0666666666666666,2847.5241158061012,-1.563993091632365
0.0666666666666666,2829.841409834081,2.021155494018776
0.0666666666666666,2848.232023017263,-2.250238116901671
0.0666666666666666,2834.08996172598,-2.2467658467369063
0.0666666666666666,2830.5500706053945,1.3077113095610626
0.0666666666666666,2848.232058069908,-2.264915311407431
0.0666666666666666,2842.568380499971,3.4103150780450235
0.0666666666666666,2843.275944968274,2.72327264163966
0.0666666666666666,2830.5501012387726,1.3110293968012472
0.0666666666666666,2848.2318888805958,-2.223878836772627
0.0666666666666666,2831.2576854846407,0.602930023050578
0.0666666666666666,2848.2316301944143,-2.2524828624985878
0.0666666666666666,2848.2320788662623,-2.2619152538468597
0.0666666666666666,2844.6920322341,1.3387166679839553
0.0666666666666666,2846.815724088184,-0.8307846645108113
0.0666666666666666,2844.6921654852326,1.3333726658439344
0.0666666666666666,2833.381807987856,-1.4880590264339848
0.0666666666666666,2844.692069556061,1.3455841241847353
0.0666666666666666,2829.1340347219048,2.738094242163515
0.0833333333333333,2848.2321020562285,-2.250884869118492
0.0666666666666666,2832.6731898409694,-0.8105764899349708
0.0666666666666666,2820.6556560722543,-2.929025155229972
0.0666666666666666,2829.8420263213993,2.036743270558988
0.0666666666666666,2817.823464649952,-0.10292987188693321
0.0666666666666666,2833.381573074328,-1.5223854219850355
0.0666666666666666,2820.6553732807893,-2.925137509608409
0.0666666666666666,2846.8160319771896,-0.8377497161530939
0.0666666666666666,2843.984232983827,2.013756488517539
0.0666666666666666,2843.2762702675063,2.7187403580514014
0.0666666666666666,2846.1080394831956,-0.11471144979793314
0.0666666666666666,2856.7104522090044,3.3900468241605934
0.0666666666666666,2846.1081689124994,-0.12918551232371134
0.0666666666666666,2831.966030002448,-0.09366454728951838
0.0666666666666666,2818.5315727816946,-0.8217129239500783
0.0666666666666666,2828.425801111013,3.432040599500044
0.0666666666666666,2848.232070941271,-2.2612872765838534
0.0666666666666666,2848.232078522422,-2.268976961166
0.0666666666666666,2843.2758545117863,2.74374717485298
0.0666666666666666,2834.08996172598,-2.2467658467369063
0.0833333333333333,2843.2753625027926,2.7556412435363313
0.0666666666666666,2834.089817309804,-2.234771500926371
0.0666666666666666,2843.984214421454,2.023375515825502
0.0666666666666666,2833.3819491167214,-1.5254456165071197
0.0666666666666666,2834.0899084437324,-2.2328102907002156
0.0666666666666666,2834.797828911082,-2.9367075034802013
0.0666666666666666,2834.0891392566837,-2.2304367423854328
0.0666666666666666,2848.2320672523283,-2.269134112247461
0.0666666666666666,2842.568380499971,3.4103150780450235
0.0666666666666666,2831.9651017821247,-0.1022598653649822
0.0666666666666666,2834.7978711600526,-2.937794160234078
0.0666666666666666,2829.1337638273335,2.727056729966182
0.0666666666666666,2848.232050488757,-2.2572256268252846
0.0666666666666666,2834.7974678828778,-2.9269028421242202
0.0833333333333333,2833.3816735723926,-1.5101641349484574
0.0833333333333333,2832.6738174273564,-0.7931380401873444
0.0666666666666666,2819.9466814654465,-2.2074695281903165
0.0833333333333333,2829.841757881412,2.040019500011382
0.0666666666666666,2842.5679473964124,3.459775130290974
0.0666666666666666,2834.0899305448465,-2.212483485131359
0.0666666666666666,2820.654913288294,-2.924395330198467
0.0666666666666666,2834.7974551023826,-2.9002255664862675
0.0666666666666666,2831.965911070033,-0.07713850110928724
0.0666666666666666,2818.5317364491625,-0.8083827381188409
0.0666666666666666,2829.1340515648535,2.741533862685289
0.0666666666666666,2829.8417585933094,2.0396243995243157
0.0666666666666666,2843.276180665167,2.7298621160097367
0.0666666666666666,2834.7978969408973,-2.927269597954635
0.0666666666666666,2832.6740422082644,-0.8030873640190921
0.0666666666666666,2834.0897183324114,-2.184007389600688
0.0666666666666666,2829.8420285469665,2.035785938847882
0.0666666666666666,2843.2758826155646,2.7601304091436654
0.0666666666666666,2828.426225071971,3.426736101785284
0.0666666666666666,2830.549997142798,1.3331893926939544
0.0666666666666666,2842.568384609623,3.433774779693131
0.0666666666666666,2820.655354482653,-2.917852754412767
0.0833333333333333,2843.275855679791,2.7622932955075155
0.0666666666666666,2845.4000322723814,0.640600254650873
0.0666666666666666,2819.2398435816594,-1.5253609534630113
0.0666666666666666,2847.524134005795,-1.5457788447707757
0.0666666666666666,2829.842023611138,2.0378407156218845
0.0666666666666666,2816.4079537489583,1.2895619290628229
0.0666666666666666,2842.568186615413,3.4571755248365674
0.0666666666666666,2830.550025477005,1.335628186365854
0.0666666666666666,2829.8421583029026,2.021951169933006
0.0666666666666666,2831.2579130488734,0.6189682504201545
0.0666666666666666,2845.4001393069525,0.6104063329187732
0.0666666666666666,2817.8238461007136,-0.1286955013196594
0.0666666666666666,2817.8238850681328,-0.12368290571027203
0.0833333333333333,2830.5499430478844,1.3200663566224615
0.0666666666666666,2831.257603315564,0.6226969816876701
0.0833333333333333,2843.276098112289,2.7373696375911547
0.0666666666666666,2834.797794927014,-2.9155899411130206
0.0666666666666666,2829.1340241021667,2.7264752223129314
0.0666666666666666,2845.4000073316984,0.630461843933655
0.0833333333333333,2832.6738461882014,-0.7979165507534737
0.0666666666666666,2830.55007676637,1.2993022770834726
0.0666666666666666,2834.7974358800016,-2.9228142232217467
0.0666666666666666,2834.7978107128074,-2.9187878438933605
0.0833333333333333,2843.2762425181163,2.723127031695594
0.0666666666666666,2833.381970038426,-1.526611966869922
0.0666666666666666,2832.673997382243,-0.8335428200366987
0.0666666666666666,2843.2760959792054,2.7368508981622015
0.0666666666666666,2833.381938427371,-1.5255915502018962
0.0666666666666666,2846.816138208589,-0.8490846665516713
0.0666666666666666,2834.797885531205,-2.9484944286380577
0.0666666666666666,2832.673852617145,-0.8215888449672529
0.0666666666666666,2833.381574379023,-1.4872799694566068
0.0666666666666666,2829.8412895787196,2.0338367996529665
0.0666666666666666,2834.0897009949763,-2.2296353836405824
0.0666666666666666,2834.797769827419,-2.9117062708736494
0.0666666666666666,2848.231664125931,-2.2234126911942758
0.0666666666666666,2817.1154860664346,0.5969992480328326
0.0666666666666666,2829.133357242522,2.7483602575975152
0.0666666666666666,2832.673851784059,-0.7845345090331197
0.0666666666666666,2830.549894840475,1.3290094524916105
0.0666666666666666,2847.5241208028774,-1.5588057694889088
0.0833333333333333,2834.089848545305,-2.2130622089257885
0.0666666666666666,2832.6738319224296,-0.8225456340911822
0.0666666666666666,2833.3817962738885,-1.502935391881054
0.0666666666666666,2830.550093938732,1.313264267765932
0.0666666666666666,2830.5499836167264,1.332191991118522
0.0833333333333333,2833.3819662694505,-1.5049214324373712
0.0666666666666666,2842.568384609623,3.433774779693131
0.0666666666666666,2834.0897914473544,-2.202535278644871
0.0666666666666666,2834.7978023809765,-2.9283761322546695
0.0666666666666666,2831.258089735938,0.6165700895468279
0.0666666666666666,2829.84134687548,2.0434515215013014
0.0666666666666666,2832.673871765688,-0.782759617482837
0.0666666666666666,2831.257681179515,0.6314131510345095
0.0666666666666666,2842.5683415888757,3.4135703656777343
0.0666666666666666,2843.276304305196,2.708586496143872
0.0666666666666666,2832.6738568335636,-0.820768883797471
0.0666666666666666,2833.3818472934427,-1.5275527604280514
0.0666666666666666,2842.568347170663,3.413564743023236
0.0666666666666666,2829.8419965306466,2.034137682988673
0.0666666666666666,2829.8419880637484,2.0317746184003926
0.0666666666666666,2830.549335372034,1.3115540243445498
0.0666666666666666,2834.797885531205,-2.9484944286380577
0.0666666666666666,2831.965873172864,-0.08300278779654327
0.0666666666666666,2832.6735511940155,-0.7940238283459148
0.0666666666666666,2818.531673510736,-0.8255827294339516
0.0666666666666666,2843.276194143369,2.720591450816137
0.0666666666666666,2829.1340062897957,2.7372651048777223
0.0666666666666666,2829.8419977992503,2.033824858527212
0.0666666666666666,2834.089864440064,-2.220383338016643
0.0666666666666666,2832.6738832423057,-0.818023924286962
0.0666666666666666,2845.399722492763,0.6334598543886855
0.0666666666666666,2831.2578642113494,0.6190254844474222
0.0666666666666666,2832.673721501434,-0.8280325984588198
0.0666666666666666,2832.6730888944408,-0.7801934855854956
0.0666666666666666,2832.6728641683053,-0.7989917108451984
0.0666666666666666,2834.0896270681556,-2.214814156155442
0.0666666666666666,2831.2580874651953,0.6071436242979206
0.0666666666666666,2831.257635561629,0.6229059659668809
0.0666666666666666,2846.8159650324283,-0.8186512011567321
0.0666666666666666,2830.549935699998,1.326771673863847
0.0666666666666666,2843.2751953841303,2.739624997243648
0.0666666666666666,2844.6920324705475,1.3372577146205018
0.0666666666666666,2843.984069754227,2.0422415841543637
0.0666666666666666,2843.9841121945287,2.0423178317873782
0.0666666666666666,2847.5241132217266,-1.5511160849067622
0.0666666666666666,2829.8419701352914,2.035246376486655
0.0666666666666666,2846.1079095089012,-0.12157704635967127
0.0666666666666666,2844.692176041134,1.3231297150049628
0.0666666666666666,2843.9842133248135,2.0281135845388247
0.0666666666666666,2843.9840729155526,2.043267774997868
0.0666666666666666,2845.399856757419,0.6127673656975744
0.0666666666666666,2843.984069754227,2.0422415841543637
0.0666666666666666,2845.399982556605,0.6241868098253703
0.0666666666666666,2846.8161057376137,-0.8426501660747964
0.0666666666666666,2844.6917654491085,1.3300409033762677
0.0666666666666666,2832.6738603838376,-0.7929301249612745
0.0666666666666666,2831.9659017913705,-0.0821155865097564
0.0666666666666666,2831.2580685043536,0.6083942204983276
0.0833333333333333,2847.52411855584,-1.5512382397208435
0.0666666666666666,2829.1341583530975,2.720933690709716
0.0666666666666666,2830.5500746244934,1.3172371356127293
0.0666666666666666,2831.965896238492,-0.08386361627878905
0.0833333333333333,2842.568145953955,3.461874529146098
0.0666666666666666,2848.2318134834113,-2.260551448999759
0.0666666666666666,2834.7977253918966,-2.903047719871848
0.0666666666666666,2847.5240841397954,-1.5504298185166385
0.0666666666666666,2843.275866349867,2.7465118867061404
0.0666666666666666,2843.276152476661,2.717432233638557
0.0666666666666666,2829.8419957459523,2.02963930113731
0.0666666666666666,2848.2320720516027,-2.2558882609278283
0.0666666666666666,2830.5499617663045,1.3279769132508379
0.0666666666666666,2834.7979077678838,-2.9336272547586475
0.0666666666666666,2818.5317239958376,-0.8139705988422217
0.0666666666666666,2843.9841775089617,2.044560040340274
0.0666666666666666,2846.8157289461446,-0.829694647727247
0.0666666666666666,2847.5240756772955,-1.5340574503854074
0.0666666666666666,2846.1077383739,-0.11458750125881678
0.0666666666666666,2828.4257799505854,3.433829221009521
0.0666666666666666,2843.276119001475,2.7326332566241502
0.0666666666666666,2832.67381699292,-0.787472150443775
0.0666666666666666,2833.381950724188,-1.5226390990231249
0.0666666666666666,2820.655710919222,-2.9499402513987905
0.0666666666666666,2842.567955637675,3.4344642499850044
0.0666666666666666,2834.0895427977584,-2.225388594413105
0.0666666666666666,2832.6738384209993,-0.7954027477909095
0.0666666666666666,2832.6738054763787,-0.7859648076894327
0.0666666666666666,2828.4262042879027,3.4213988616492976
0.0666666666666666,2829.841739270816,2.034555362925518
0.0666666666666666,2847.5236974807194,-1.535332112660963
0.0666666666666666,2848.2320665675456,-2.260231266613823
0.0666666666666666,2833.3819723953807,-1.5355742383917896
0.0666666666666666,2829.1340363989834,2.7294276734917027
0.0833333333333333,2829.84213190378,2.0146606750954983
0.0666666666666666,2846.815968444731,-0.8087237755616736
0.0666666666666666,2834.797859205177,-2.929048465681901
0.0666666666666666,2828.4262042879027,3.4213988616492976
0.0666666666666666,2819.947763066749,-2.2435845633576053
0.0666666666666666,2847.5236876503272,-1.5340660690131844
0.0666666666666666,2848.2320937753625,-2.2562418049228024
0.0833333333333333,2842.568337126485,3.4352932944831136
0.0666666666666666,2831.258071872894,0.6044422162134441
0.0666666666666666,2830.550109156574,1.3094260857473061
0.0666666666666666,2843.2753857426414,2.7563421303876954
0.0666666666666666,2833.3818712895436,-1.5288029341215579
0.0833333333333333,2845.4001685819253,0.6216929010730029
0.0666666666666666,2830.5499942163983,1.323542111933081
0.0666666666666666,2833.3815296009457,-1.5063938005661273
0.0666666666666666,2848.23208080207,-2.2690218197070395
0.0666666666666666,2843.2762753652232,2.728966952333759
0.0666666666666666,2847.523266014663,-1.5418562892668917
0.0666666666666666,2832.673560771593,-0.7904617231262823
0.0666666666666666,2829.8419861448206,2.017414593126534
0.0666666666666666,2845.400150883922,0.6059283084709036
0.0666666666666666,2833.381800542528,-1.5099812914821884
0.0666666666666666,2843.276150825315,2.720023376858445
0.0666666666666666,2847.5241165902676,-1.5550680891916457
0.0666666666666666,2846.108024329006,-0.12786133973155855
0.0666666666666666,2844.691790630657,1.3393569551141369
0.0666666666666666,2846.108165113513,-0.13308201213441506
0.0666666666666666,2819.94760059894,-2.2354066115544144
0.0666666666666666,2833.3817780016825,-1.5085987058707724
0.0666666666666666,2848.232083519198,-2.263789639022544
0.0666666666666666,2834.7974459026714,-2.897499196117914
0.0666666666666666,2846.815946091008,-0.8276588471612624
0.0666666666666666,2832.6739719346997,-0.8039856569593671
0.0666666666666666,2843.276282698709,2.718655692140312
0.0833333333333333,2829.841996594965,2.0267474142413415
0.0666666666666666,2834.7979187978226,-2.9493709883588224
0.0666666666666666,2834.797230956778,-2.947689069927588
0.0666666666666666,2847.523692304964,-1.5498010142133498
0.0666666666666666,2846.1081311725893,-0.11829222548246285
0.0666666666666666,2846.1077719991636,-0.13429552383046972
0.0666666666666666,2846.8159804574807,-0.8202545560012514
0.0666666666666666,2833.3819517276397,-1.5166336448042097
0.0666666666666666,2833.3815365267205,-1.5164518964280962
0.0666666666666666,2829.133742666906,2.728845351475659
0.0666666666666666,2834.0899667227563,-2.24157852459345
0.0666666666666666,2831.2580262520437,0.6066060429348433
0.0666666666666666,2842.568332514822,3.4107646404965193
0.0666666666666666,2834.089778432016,-2.2342295451395673
0.0666666666666666,2845.400180476343,0.6214690452441227
0.0666666666666666,2814.99201090079,2.69024042370945
0.0666666666666666,2847.524104480757,-1.5516073862661253
0.0666666666666666,2831.9658904288485,-0.08345283616801971
0.0666666666666666,2817.1157601672217,0.5863272616955536
0.0666666666666666,2816.407936333431,1.2802726846419528
0.0666666666666666,2829.8420022727346,2.031404675623323
0.0666666666666666,2831.965876419054,-0.08230942611464634
0.0666666666666666,2834.0899344103095,-2.2314519794562955
0.0833333333333333,2820.6555421256726,-2.9203935880251524
0.0666666666666666,2842.5682920323443,3.446579029645163
0.0666666666666666,2830.55010960409,1.3122647146598199
0.0666666666666666,2831.257931011201,0.6147809255902547
0.0666666666666666,2845.399744978813,0.6291943327390995
0.0833333333333333,2829.842003734678,2.0223488345234695
0.0833333333333333,2848.232084640701,-2.260174113539362
0.0666666666666666,2847.5239579018494,-1.5396777982017429
0.0666666666666666,2830.549966849608,1.3239161773354924
0.0666666666666666,2830.549384847701,1.3105204133880666
0.0666666666666666,2847.524104480757,-1.5516073862661253
0.0666666666666666,2846.108024329006,-0.12786133973155855
0.0666666666666666,2834.7978764571512,-2.9513001538192727
0.0666666666666666,2834.089018593365,-2.2400165119855555
0.0666666666666666,2846.1081987387774,-0.152790034706068
0.0666666666666666,2833.381800542528,-1.5099812914821884
0.0833333333333333,2831.2572255163427,0.6178050958507441
0.0666666666666666,2843.27557730156,2.7328504971794243
0.0666666666666666,2842.5683126489025,3.433950821867394
0.0666666666666666,2844.69204131415,1.3315565273086591
0.0666666666666666,2847.5241241714184,-1.5627577737737923
0.0666666666666666,2832.6738529993754,-0.8242618060720704
0.0666666666666666,2834.797790053136,-2.9388629357365232
0.0666666666666666,2834.797735908471,-2.938526217580045
0.0666666666666666,2845.3997477947473,0.6135796591441987
0.0666666666666666,2830.549242421343,1.3274936135116964
0.0666666666666666,2830.5499610229344,1.3253320651016354
0.0666666666666666,2829.842013642409,2.0328360220918302
0.0666666666666666,2846.816113541999,-0.8495137493688878
0.0833333333333333,2848.232070630906,-2.2590307034859887
0.0666666666666666,2834.797700227484,-2.924447668158007
0.0666666666666666,2832.673807923988,-0.8087394055413714
0.0666666666666666,2833.3819311585908,-1.5181462333806737
0.0666666666666666,2832.6737950993106,-0.7847098553069508
0.0833333333333333,2831.2580573364207,0.6046929360280014
0.0666666666666666,2830.549953908284,1.3205024785677073
0.0666666666666666,2846.8159944672757,-0.8213979660546248
0.0666666666666666,2846.108179452227,-0.13664394730883447
0.0666666666666666,2831.9659597270897,-0.0966540160839112
0.0666666666666666,2846.8161476952537,-0.8437761979953444
0.0666666666666666,2829.1340276182827,2.7241144505062245
0.0666666666666666,2834.0897695518893,-2.234386721126964
0.0666666666666666,2832.673162166865,-0.7937416008155062
0.0666666666666666,2846.8161304943437,-0.8467806678137241
0.0666666666666666,2834.0890511850857,-2.2223584505803404
0.0666666666666666,2834.089489499547,-2.2235479346076206
0.0666666666666666,2843.984064162984,2.043432057886686
0.0666666666666666,2834.089477302867,-2.2271051802969284
0.0666666666666666,2848.2320574528912,-2.2649948784095346
0.0666666666666666,2818.531851234685,-0.8257688233307514
0.0666666666666666,2834.7978889814362,-2.945596476724675
0.0666666666666666,2844.6920784078416,1.338728154173615
0.0666666666666666,2820.655739383646,-2.9407204319321103
0.05,2847.52410437003,-1.5586689240896372
0.05,2831.9660178666013,-0.09294650082578006
0.05,2843.9843041996137,2.0297383677723886
0.05,2830.5501216170987,1.3195743487308056
0.05,2830.5499984133135,1.3312774901780478
0.05,2832.6738619238913,-0.7825282381338973
0.05,2843.2763033759747,2.734261738757205
0.05,2815.699821833825,2.0000041462338443
0.05,2819.9476515833503,-2.2234780960936193
0.05,2833.381968154074,-1.5320660438288884
0.05,2843.9841576905496,2.0464420807646277
0.05,2819.9477972177906,-2.2286105609845377
0.05,2820.6556552424386,-2.9290413801170487
0.05,2828.4261113001094,3.4330234141989706
0.05,2843.276175092592,2.736408317211108
0.05,2829.8419629590026,2.022969527902935
0.05,2848.232054679891,-2.255699824691518
0.05,2832.673113236501,-0.7816056756909565
0.05,2817.1154881685097,0.5981367388511197
0.05,2843.2758801428686,2.7445508365677327
0.05,2846.108135392702,-0.13035812073473252
0.05,2846.8159727521306,-0.8335408235060263
0.05,2833.38182844507,-1.4975742826092189
0.05,2844.691814686829,1.3428168223116714
0.05,2833.3815143005827,-1.5221441842612764
0.05,2833.3819771103135,-1.5378161193338828
0.05,2846.8158386622126,-0.8402937666277158
0.05,2846.816067496685,-0.8262134225589127
0.05,2845.400080244998,0.6278085738142233
0.05,2834.7978268704205,-2.925390081048488
0.0666666666666666,2834.0896014288383,-2.211574837892568
0.05,2831.2580547316743,0.6074450873720373
0.05,2834.089928567659,-2.225520652309541
0.05,2843.983948330589,2.0222460682479335
0.05,2819.947611477509,-2.2281667089307455
0.05,2832.6738488857272,-0.7819941280117655
0.0666666666666666,2833.3817814853196,-1.4896341562225723
0.05,2847.524102575361,-1.5614230190557588
0.05,2844.6920408845303,1.3386341482299955
0.05,2843.276350751793,2.7065503014826575
0.05,2847.524087150309,-1.5598196642112394
0.05,2842.5678937786543,3.4310334662688105
0.05,2834.796701228321,-2.8918291855255824
0.05,2848.9399912573917,-2.9715961000039135
0.05,2833.3810377217083,-1.4997364716585764
0.05,2847.5240509621026,-1.5353575302499105
0.05,2844.691748918583,1.3411954488605276
0.05,2834.7978912839794,-2.930504521843403
0.05,2834.797432063984,-2.905368496268591
0.05,2833.3815562909604,-1.5168589613038301
0.05,2843.983796774158,2.043404719958427
0.05,2848.23166641704,-2.2417934756360385
0.05,2833.381525254918,-1.5006912391520006
0.05,2831.257888869144,0.6173404434026014
0.05,2832.6738580310353,-0.8040075647424774
0.05,2832.6737522826734,-0.8290692400139223
0.05,2831.9658560389985,-0.0798470527074976
0.05,2846.108135392702,-0.13035812073473252
0.05,2846.8158314037596,-0.8413482209260711
0.05,2831.9656053929284,-0.07691428507999877
0.05,2831.965860923966,-0.08359386762052669
0.05,2848.2317693226128,-2.2540882776028037
0.05,2845.400087416118,0.6222810369165921
0.0666666666666666,2831.9658399934096,-0.08668054571189758
0.05,2848.2320322997475,-2.260446132346366
0.05,2833.381767929058,-1.4913463895112928
0.05,2847.5240814985227,-1.5569894031971045
0.05,2819.2396487611886,-1.5231828393968838
0.05,2833.3817989941485,-1.5079090002795128
0.05,2842.568352354485,3.425612720438558
0.05,2834.089792631286,-2.2095656996654895
0.05,2833.3811276533083,-1.5030969718083913
0.05,2848.232065349823,-2.26774839964732
0.05,2828.425086094315,3.4331925601433477
0.05,2843.276263684562,2.731146185800609
0.05,2833.3815252582576,-1.4982334875584344
0.05,2845.4000176106456,0.6325068686427598
0.05,2846.1081648275494,-0.13310488563262524
0.05,2818.531824196428,-0.8347017974576166
0.05,2843.9838169220875,2.0439482126656925
0.05,2834.7978603769275,-2.92923340559526
0.05,2831.965872465754,-0.08501274360381718
0.05,2834.797658880642,-2.9002978358718234
0.05,2834.7977935724066,-2.916187381560702
0.05,2842.567625907126,3.435645310934225
0.05,2846.816132543278,-0.8593912563002196
0.05,2831.2579578708464,0.6229093127348854
0.05,2834.7977312956446,-2.9144788091510967
0.05,2834.7977892233203,-2.9388791606235998
0.05,2842.567925225742,3.427206106089126
0.05,2834.089969261481,-2.24554675376541
0.05,2847.523850278472,-1.5345812200315165
0.05,2843.9842377955797,2.0239602093019142
0.05,2846.8161302083795,-0.8468035413117069
0.05,2831.966015624417,-0.09853922470441535
0.0666666666666666,2834.0896910702236,-2.188555910818431
0.0666666666666666,2843.984258130545,2.032889773596614
0.05,2842.568275008654,3.455958021393643
0.05,2843.984232587266,2.027320417251441
0.05,2847.5241434850623,-1.5558930372339521
0.05,2832.673609716039,-0.8142778528612146
0.05,2845.399711431828,0.6430032420448294
0.05,2830.5498420902513,1.3140481140960338
0.05,2848.2316421055275,-2.2426709041552533
0.05,2833.3817778215257,-1.494528756201149
0.05,2847.523920917505,-1.5162468489013174
0.05,2829.1341290532537,2.7121866210944083
0.05,2846.1077380879356,-0.11461037475702696
0.05,2834.797837087159,-2.9236332279434807
0.05,2842.567904523,3.4271241306436435
0.05,2832.6739005981367,-0.8009724886097352
0.05,2833.3819290012502,-1.5205122176026977
0.05,2833.3819714585275,-1.5349858583197482
0.05,2830.549886262526,1.3291275046040119
0.05,2831.966015624417,-0.09853922470441535
0.05,2820.655285460357,-2.9352957810105424
0.05,2846.1077339485773,-0.12052693966562955
0.05,2846.1077350860774,-0.11193550323681696
0.05,2847.5236412166955,-1.540042627605877
0.05,2834.7974285994096,-2.9117544823012738
0.05,2828.426190779451,3.4145190950639184
0.05,2831.257979990804,0.608731966108154
0.05,2833.3815371449127,-1.5259134009676545
0.05,2819.9473384434677,-2.2311770774953645
0.05,2844.692027758316,1.3346829592539067
0.0666666666666666,2834.7978247045708,-2.91547441205399
0.05,2834.797854433891,-2.9304799566701947
0.05,2831.965811695167,-0.08084023446348514
0.05,2832.673876178204,-0.7964464832316198
0.05,2831.2576487484653,0.6244454041531874
0.05,2842.568362995739,3.428421314670068
0.05,2842.568362995739,3.428421314670068
0.05,2832.6739889819914,-0.80071450000654
0.0666666666666666,2844.6921869435614,1.3350226488804209
0.05,2831.2579858067497,0.6118038446894992
0.05,2847.524100810156,-1.5506614558922671
0.05,2847.523738526169,-1.538895503335377
0.05,2843.9839692326736,2.028376275365555
0.05,2843.9842251653167,2.015873174040645
0.05,2831.965995351952,-0.10207002572168473
0.05,2834.0892207816805,-2.223831197630511
0.05,2847.5240902601904,-1.543072624700122
0.05,2846.1081674920592,-0.1418196717780721
0.05,2847.5241401165213,-1.5519410329490686
0.05,2846.108024043042,-0.12788421322976873
0.05,2843.2760057094865,2.731652634323292
0.05,2846.1081674920592,-0.1418196717780721
0.05,2846.8161302083795,-0.8468035413117069
0.05,2846.8149941239512,-0.803784099366798
0.05,2848.2312001070204,-2.2375854078017525
0.05,2848.232071927573,-2.2691608943633916
0.05,2831.2572630845857,0.6239494920074103
0.05,2834.797876171187,-2.9513230273172555
0.05,2828.426180346728,3.416027080574897
0.05,2846.8159866377932,-0.8326755416961679
0.05,2817.8238614801076,-0.12971792792375442
0.05,2846.814669954539,-0.8317473515946415
0.05,2833.381950738546,-1.5413552882497585
0.05,2846.107769955115,-0.1133748946687011
0.05,2846.8161302083795,-0.8468035413117069
0.05,2846.107730601837,-0.11914510435996462
0.05,2844.6920321845837,1.337234841122519
0.05,2846.8160729717533,-0.8365636446484457
0.05,2843.9842130388497,2.028090711040842
0.05,2845.399871076884,0.6261413040514292
0.05,2843.2761063732532,2.7395269239184916
0.05,2846.8161054516495,-0.8426730395727792
0.05,2843.984207830536,2.0314509189903687
0.05,2846.1081289109825,-0.13542332971007098
0.05,2846.8157289410333,-0.8371929876447335
0.05,2848.231895915557,-2.2536487981696096
0.05,2843.27623639187,2.747119460604198
0.05,2844.692033728312,1.3554804753180627
0.05,2817.8238581115666,-0.1257659236388709
0.05,2844.6921705468562,1.3264670494565067
0.05,2846.8161128735987,-0.8312257963619832
0.05,2842.5682026089576,3.438401429046879
0.05,2834.08948766928,-2.2144834159681865
0.05,2845.4001794560613,0.6055745726767818
0.05,2842.5681342536323,3.46431336711853
0.05,2834.0895011264192,-2.2102349905316148
0.05,2842.568319895485,3.4317883893483225
0.05,2846.1081750246053,-0.14395923079916073
0.05,2834.0889438440317,-2.2182773978218164
0.05,2832.673864208727,-0.7919204740376579
0.05,2833.381992406514,-1.5297673038841995
0.05,2834.7978694369767,-2.922112860586713
0.05,2832.6738383976035,-0.7986645283173291
0.05,2829.8419935088277,2.0334711663683387
0.05,2847.5238511052958,-1.5548514150381503
0.05,2832.6735499115102,-0.7867581840036547
0.05,2834.0899448161017,-2.2371611336221
0.05,2834.7977199571496,-2.9375495379719156
0.05,2834.797856327555,-2.926914097935642
0.05,2832.673996679334,-0.8304893567864272
0.05,2834.089515108859,-2.2239927567633346
0.0666666666666666,2829.1341703787466,2.722863748354302
0.0666666666666666,2834.0897137371267,-2.183817258942335
0.05,2843.2762950283027,2.7402583297893295
0.05,2832.6738867695835,-0.79212900989767
0.05,2832.6728294258473,-0.7904769403795455
0.05,2842.568372370115,3.412533724122632
0.05,2832.6739524909485,-0.8121856842389096
0.05,2834.797916312444,-2.94953107019316
0.05,2834.0899319249306,-2.231612061290633
0.05,2848.2319244940572,-2.2338573810981477
0.05,2834.089220748257,-2.2172844952892934
0.05,2846.8161382034777,-0.8565830064691577
0.05,2844.6920301375953,1.3416212399155498
0.05,2833.38196552888,-1.5168259484675846
0.05,2833.3818391977247,-1.5221170338907422
0.05,2842.5683302164375,3.4214009558397125
0.05,2833.381770262485,-1.5162465821056375
0.05,2843.984082854823,2.0383017646473958
0.05,2845.3997141553705,0.6307783799371932
0.05,2846.8161382034777,-0.8565830064691577
0.05,2845.4001258412277,0.6100359367118485
0.05,2846.1079991647425,-0.12356117042360537
0.05,2843.984069468263,2.042218710656381
0.05,2845.399863893404,0.6241917354103875
0.05,2843.9838061751525,2.046935304351247
0.05,2843.9838009053574,2.0466347767200217
0.05,2834.797863951973,-2.9225616592995087
0.05,2831.96529668709,-0.09003829153373222
0.05,2846.108031464991,-0.1164369700189728
0.0666666666666666,2846.1081152668116,-0.1375569919646179
0.05,2843.276335086435,2.7075498545887697
0.05,2828.426049802864,3.428286237706618
0.0666666666666666,2843.276213701005,2.7414909836691366
0.05,2842.5683330637494,3.413813301179433
0.05,2828.4257507406965,3.435787344952407
0.05,2833.381181958741,-1.5122239955917554
0.05,2842.5681689139215,3.4478634069177145
0.05,2848.231915231759,-2.241617089920388
0.05,2846.8159867593627,-0.8328680827634035
0.05,2843.9840797463257,2.0362394228617644
0.05,2847.5240081762477,-1.5438062980881089
0.05,2843.276131630242,2.7428795373838524
0.05,2834.7977177766875,-2.9140816204263844
0.05,2833.381943011045,-1.521655627656071
0.05,2842.5679019190416,3.4504766835551903
0.05,2832.673835727916,-0.7985174830134366
0.05,2843.984232587266,2.027320417251441
0.05,2846.8161275438697,-0.83808875516626
0.05,2848.2320668950174,-2.259597329711013
0.05,2845.400010188697,0.6210596254319639
0.05,2829.841693262317,2.031642294151072
0.05,2848.940020692239,-2.974342864901806
0.05,2848.231698860825,-2.2386146577418433
0.05,2842.567998444563,3.435357666074488
0.05,2834.089922111975,-2.240457095853924
0.05,2847.5241434850623,-1.5558930372339521
0.05,2845.4001793454645,0.6191613749086664
0.05,2848.2320793014765,-2.2675502986427674
0.05,2832.673847301823,-0.8235680606952772
0.05,2848.2316636544188,-2.245046091588264
0.05,2831.2580755749996,0.6111832967055427
0.05,2818.5318493737927,-0.8317096401435057
0.05,2832.6738643388076,-0.7989881639022942
0.05,2829.1340456968933,2.737592016762813
0.05,2820.655319198201,-2.9287603935042505
0.05,2832.6735454878326,-0.7957213451483202
0.05,2834.797877006079,-2.948251493136359
0.05,2834.0899142897583,-2.2432676236024967
0.05,2831.9660339630136,-0.125505487252565
0.05,2831.966038738836,-0.09096194391580571
0.05,2842.568396692581,3.417416232945989
0.0666666666666666,2843.983966719621,2.0342523426341708
0.05,2834.79794063491,-2.944648561369803
0.05,2832.673996679334,-0.8304893567864272
0.05,2843.984233822425,2.0217552359701143
0.05,2843.983888716512,2.049203859262043
0.05,2833.3817881181453,-1.5065176442032113
0.05,2842.568332228858,3.4107417669985365
0.05,2848.940020692239,-2.974342864901806
0.05,2834.7977892233203,-2.9388791606235998
0.05,2833.381552392538,-1.5190088872296998
0.05,2834.089833502413,-2.2276703460254055
0.05,2834.0895171530815,-2.223459561955349
0.05,2817.823734830917,-0.11573922457494253
0.05,2834.7978342580473,-2.930882737909267
0.05,2846.1081024319246,-0.11673250387599357
0.05,2834.0899535961235,-2.244547200659298
0.05,2833.3819516681533,-1.5157735657266018
0.05,2834.7977224366996,-2.919702467998502
0.05,2834.7974426092046,-2.912897892354647
0.05,2847.523949475683,-1.5378519522972656
0.05,2834.0898935889472,-2.2231529764125186
0.05,2834.0897704257177,-2.2083523189416043
0.05,2834.797694334713,-2.895944667387303
0.05,2842.568396692581,3.417416232945989
0.05,2833.3815561550555,-1.5209219881975402
0.05,2847.5240989172985,-1.5371905627706528
0.05,2846.1081734846575,-0.12722282370315596
0.05,2834.797749052112,-2.91742116356807
0.05,2830.54997861443,1.334895340840797
0.05,2831.257876249871,0.6167167549389089
0.05,2834.797773153781,-2.936004589092562
0.05,2834.797805823455,-2.905715089411286
0.05,2846.107708404521,-0.10351912845754842
0.05,2820.655600964662,-2.9253635511854434
0.05,2832.6739768134144,-0.8073031754155525
0.05,2831.9659073045996,-0.10990702507718225
0.05,2842.56819692721,3.429028945246638
0.05,2832.673579005081,-0.7829939028113465
0.05,2832.6738800457006,-0.7956668928029276
0.0666666666666666,2842.5681185424382,3.4626028672821847
0.05,2833.381756099805,-1.4882499998870935
0.05,2820.6553471150164,-2.9267956718918646
0.05,2828.426201420705,3.4173276892954285
0.0666666666666666,2820.6557359334147,-2.943618383845493
0.05,2834.0898504648885,-2.2214652525169787
0.0666666666666666,2829.842121069418,2.015949821175854
0.05,2834.0894717236033,-2.193248109516743
0.05,2830.549689368106,1.3333761562177762
0.05,2834.089906720656,-2.2171289910528507
0.05,2844.6921885085385,1.3182690301342057
0.05,2830.549686032145,1.3294292736870494
0.05,2833.381981505427,-1.5236757405782273
0.05,2830.549956811302,1.3288359318134673
0.05,2834.0894900212134,-2.205980388032356
0.05,2834.797906938068,-2.933643479645724
0.05,2830.549686032145,1.3294292736870494
0.05,2834.089713677831,-2.186257157351873
0.05,2843.2758704783128,2.74534858549364
0.05,2843.2762486260613,2.744882588553809
0.05,2832.673995554772,-0.8385109777369851
0.05,2848.2321137339286,-2.263016465788903
0.05,2843.2758704783128,2.74534858549364
0.05,2843.27585671756,2.7511183914168376
0.05,2834.089638205336,-2.2167408737828778
0.05,2842.568319895485,3.4317883893483225
0.05,2842.568319895485,3.4317883893483225
0.05,2843.276282611805,2.7268045198144604
0.05,2845.400208690866,0.5996602495634491
0.05,2834.0899132599116,-2.2287790562107945
0.0666666666666666,2843.276256584917,2.750478818001451
0.05,2829.841763558696,2.0419197988512345
0.05,2845.39990451765,0.6171611024091128
0.05,2831.9659081335963,-0.0779492625395385
0.05,2833.3818003741503,-1.4953084807488704
0.05,2833.381963870255,-1.5353313028900906
0.05,2846.1081750246053,-0.14395923079916073
0.05,2845.4001817760122,0.6134760935750901
0.05,2843.276127721192,2.748257249669815
0.05,2831.965898654199,-0.11341874810672177
0.05,2832.673855958931,-0.8176859987658079
0.05,2817.8240016958225,-0.1230999079282431
0.05,2832.673838284834,-0.7932479498955561
0.05,2834.797918963717,-2.9317134220011383
0.05,2842.568396692581,3.417416232945989
0.05,2843.984241244374,2.0332024791809102
0.05,2831.965891053683,-0.08628754834939907
0.05,2829.1339798506638,2.721815062222606
0.05,2833.3816629829935,-1.5203674195025818
0.05,2830.5499392359466,1.3198054064539992
0.05,2832.673826721632,-0.8009646019874143
0.05,2832.673833224561,-0.7907073779256614
0.05,2832.673833224561,-0.7907073779256614
0.05,2846.1077530136577,-0.10751402007951229
0.05,2818.5318074573106,-0.8330041470730313
0.05,2848.2320835424243,-2.2566183456259377
0.05,2818.5318111745314,-0.8357586752885501
0.05,2833.381925410043,-1.5122168108270653
0.05,2831.9658773344004,-0.08340741262285224
0.05,2848.2320662770635,-2.2646170787472
0.05,2843.276275101546,2.730166826846288
0.05,2832.6738847778606,-0.7936617496609133
0.05,2843.9841309636404,2.045288647060552
0.05,2819.9476410093384,-2.225979919250063
0.05,2848.2317893429636,-2.263180146059664
0.05,2833.3819299866323,-1.518722407760504
0.05,2846.8157106429276,-0.8365328478124557
0.05,2843.98424718947,2.0268408324935634
0.05,2842.567890530136,3.443074465353358
0.0666666666666666,2845.400143945178,0.6101417047660832
0.05,2833.381837564585,-1.5018796003018624
0.05,2819.9477531249127,-2.2446262212449044
0.05,2834.0898805645343,-2.2202197565169515
0.05,2830.550091177158,1.3132183242055027
0.05,2843.9840843619054,2.0420476196565245
0.05,2831.2579036373854,0.6200170151571122
0.05,2846.8157045499993,-0.8169538164034894
0.05,2843.9841306869503,2.0414796403982294
0.05,2842.5681917562665,3.4440360656900872
0.05,2834.0899098078844,-2.214251838327025
0.05,2832.6739878272706,-0.8188113171432977
0.05,2848.231941272123,-2.2571153173018175
0.05,2834.089938612224,-2.2383851147791396
0.05,2846.1077696081284,-0.12860013624491884
0.05,2834.797872524205,-2.9192357078608873
0.05,2834.089922111975,-2.240457095853924
0.05,2833.3818720436057,-1.5211543412017081
0.05,2842.567937467005,3.449572382499954
0.05,2845.399751631663,0.637499816946412
0.05,2846.108032764255,-0.11441946568253669
0.05,2832.6739403700044,-0.8011014188823447
0.05,2817.8236080284123,-0.12406295393468743
0.05,2831.965889259799,-0.1119748969980608
0.05,2842.568328581876,3.442829086455132
0.05,2848.2319912440908,-2.2519474298188626
0.05,2846.8157320590194,-0.8310520909311582
0.0666666666666666,2831.257922094331,0.6119772579482283
0.05,2834.797795551592,-2.9402650660017287
0.05,2848.231968172029,-2.2504419254268644
0.05,2834.797856327555,-2.926914097935642
0.05,2846.1079113733376,-0.12345981391705763
0.05,2832.6738488984024,-0.7934078830229557
0.05,2843.2753024182207,2.7671774800744635
0.0666666666666666,2847.5240953535877,-1.5599314418737962
0.05,2829.1341583478056,2.707012271688302
0.05,2847.524108219839,-1.5638017469677048
0.05,2848.2320813745127,-2.258574885519417
0.05,2848.2320544746067,-2.2652482773943703
0.05,2845.400123106578,0.6169222423667647
0.05,2846.1079724898896,-0.12398313984123609
0.05,2832.6740354635235,-0.8368143325564861
0.05,2848.2320709361597,-2.26878561650134
0.05,2847.5240618707976,-1.5307123159591067
0.05,2833.3818871884614,-1.5051810472536908
0.05,2843.276086989267,2.7561747443563025
0.05,2843.2762612289384,2.7272599622641804
0.05,2848.2320709361597,-2.26878561650134
0.05,2832.6735209127255,-0.792548075180335
0.05,2848.231376183739,-2.261555053700357
0.05,2829.134020945755,2.7277540326102967
0.05,2834.797465271933,-2.9128370998022435
0.05,2833.3819423732293,-1.5425906061083312
0.05,2833.381756583222,-1.4921683658774236
0.05,2834.7979236124847,-2.951765941157845
0.05,2834.0895102831137,-2.2275528908620688
0.05,2833.3810978876772,-1.5037986593148218
0.05,2848.230878738774,-2.223227699274002
0.05,2848.2320632873902,-2.2572410298104013
0.05,2848.2319912440908,-2.2519474298188626
0.05,2848.2320544746067,-2.2652482773943703
0.05,2833.381794959652,-1.5267706056785189
0.05,2834.7979236124847,-2.951765941157845
0.05,2829.8416700474436,2.027387402954886
0.05,2848.2318939818783,-2.222683504116702
0.05,2843.276282611805,2.7268045198144604
0.05,2843.2758704783128,2.74534858549364
0.05,2842.567944954968,3.428623792757345
0.05,2843.276138874911,2.7442199532839835
0.05,2846.816155941872,-0.8486071464516929
0.05,2844.6907019899563,1.3325093693096373
0.05,2846.1080096778774,-0.112916216859836
0.05,2843.9838040927725,2.046187419142508
0.05,2819.9477736818717,-2.24969900016156
0.05,2834.7977431550535,-2.9406886500991165
0.05,2848.2321137339286,-2.263016465788903
0.05,2843.984230033353,2.0224484011650032
0.05,2834.089757384599,-2.207877101964084
0.05,2818.531700775475,-0.8106052199914188
0.05,2831.2576575506296,0.5947173358730308
0.05,2834.7977581698815,-2.9298425032124036
0.05,2828.4260431760595,3.4274181118083127
0.05,2846.8161377409256,-0.8489431003327955
0.05,2834.0895098297624,-2.231257723698616
0.05,2834.0899011214933,-2.2252925354336073
0.05,2834.089920987413,-2.248478716804482
0.05,2819.2398063889623,-1.538209533694487
0.05,2832.6739998830785,-0.8068060633125121
0.05,2842.568319895485,3.4317883893483225
0.05,2843.2762922939464,2.724573010920866
0.05,2834.79746384274,-2.915218860065477
0.05,2848.2320868340225,-2.269689857663856
0.05,2833.3817487713654,-1.4974956019946908
0.05,2831.2578606224038,0.6174560066066682
0.05,2834.0898747306805,-2.2302315425764734
0.05,2834.0899132599116,-2.2287790562107945
0.05,2834.0899551228345,-2.234751173417834
0.05,2834.0895518808084,-2.2292371372516016
0.05,2842.5683796701555,3.410298853157947
0.05,2833.381756583222,-1.4921683658774236
0.05,2842.568319895485,3.4317883893483225
0.05,2833.3818143123362,-1.531089730952215
0.05,2834.79785835281,-2.9307252036802653
0.05,2834.7974501417507,-2.9150374513757358
0.05,2843.9841049188644,2.0369748407398687
0.05,2847.523954343719,-1.5312767251729074
0.05,2846.8159941703393,-0.8348151007172565
0.05,2845.3997486022968,0.6313252554076839
0.05,2842.5682713599444,3.4369101759964047
0.05,2842.5681405671785,3.455607125056895
0.0666666666666666,2846.1081774550703,-0.12377789071017906
0.05,2829.1341505955943,2.7089036520199463
0.05,2834.089937487662,-2.2464067357296975
0.05,2817.8238696350472,-0.1338431503976854
0.05,2846.107738241404,-0.10523784188237037
0.05,2846.8157224013144,-0.8177470226490787
0.05,2831.257788017225,0.6012247488522934
0.05,2843.275875608689,2.74326885890505
0.05,2832.6739878272706,-0.8188113171432977
0.05,2847.5241241177023,-1.5647059881302208
0.05,2846.1081750246053,-0.14395923079916073
0.05,2833.3817978880447,-1.5048617188046025
0.05,2843.276139041219,2.7409325194299994
0.05,2846.8161377409256,-0.8489431003327955
0.05,2842.568319895485,3.4317883893483225
0.05,2820.655779297373,-2.9412713433633995
0.05,2832.6739455489796,-0.8046307935784828
0.05,2846.108159126742,-0.14305498963664476
0.05,2833.3818157148157,-1.5269921439329486
0.05,2817.8238866574725,-0.12672577060964346
0.05,2843.9838594549096,2.0255006831709137
0.05,2846.816143464445,-0.8349012950414895
0.05,2842.568357386215,3.41869581000279
0.05,2831.2580589426025,0.6056836398081958
0.05,2843.27625687202,2.727012788044663
0.05,2832.6735930208347,-0.7987897323634005
0.05,2831.966037166758,-0.10182219377887737
0.05,2834.089920987413,-2.248478716804482
0.05,2820.6556082782477,-2.931997862620068
0.05,2842.5683837798074,3.4337585548060545
0.05,2846.8161249353216,-0.8152038841458018
0.05,2834.089816765404,-2.2219652509114716
0.05,2830.5501216170987,1.3195743487308056
0.05,2832.673862401438,-0.7952957745554957
0.05,2834.797739934019,-2.9143065429017385
0.05,2842.5683403637904,3.4115784302147483
0.05,2834.797793007245,-2.9387532597815778
0.05,2834.797863837814,-2.9302764049674694
0.05,2842.5679077619925,3.4503324550275023
0.05,2831.257251970371,0.619014046171129
0.05,2832.673855845768,-0.8040192165173156
0.05,2834.797863837814,-2.9302764049674694
0.05,2845.400155465994,0.612480662097279
0.05,2834.797863837814,-2.9302764049674694
0.05,2834.7977878282695,-2.935223885085667
0.05,2817.8238696350472,-0.1338431503976854
0.05,2846.1081364381566,-0.12074457689160986
0.05,2819.2396544056664,-1.5255615673088299
0.05,2847.5240818948732,-1.5443079425586947
0.05,2842.568268678773,3.446916007994604
0.05,2846.108159126742,-0.14305498963664476
0.05,2832.6739432173167,-0.8086890735426239
0.05,2843.275876929899,2.7446955292160977
0.05,2842.5681813669044,3.445843614868319
0.0666666666666666,2834.7978181249177,-2.9187290532402215
0.05,2831.966037614274,-0.09898356486636363
0.05,2847.5241004572463,-1.5539269698666576
0.05,2846.8161377409256,-0.8489431003327955
0.05,2843.276282611805,2.7268045198144604
0.05,2834.089941975274,-2.228175487731022
0.05,2831.9660240191974,-0.09524650809206538
0.05,2843.2763451367787,2.710986428148381
0.0666666666666666,2844.6921846970877,1.3355067712612607
0.0666666666666666,2847.5241185564037,-1.558321647108069
0.05,2816.4080281807496,1.2854559537261063
0.05,2829.8413138484552,2.0388728337735085
0.0666666666666666,2832.6738252720497,-0.7915071887679919
0.05,2842.568244978391,3.4261883988468256
0.05,2831.2580585525743,0.6040659169175008
0.05,2844.6921483510705,1.3368956402458019
0.05,2843.2763157024488,2.7241976750265806
0.05,2834.089789608296,-2.2307103939411994
0.05,2831.966013772179,-0.09967809008701105
0.05,2842.5682139108717,3.45223416144092
0.05,2834.7979046915943,-2.933159357264884
0.05,2848.232109648703,-2.2629366974028446
0.05,2818.5318317314905,-0.8408314542052059
0.05,2833.381992406514,-1.5297673038841995
0.05,2843.2758704783128,2.74534858549364
0.05,2847.5240977927365,-1.5452121837212107
0.05,2846.8160981708656,-0.8464212710208512
0.05,2843.2761109134176,2.744153473837597
0.05,2834.7978678058703,-2.952558345175828
0.05,2817.1155093650013,0.5980581315953467
0.05,2833.3819846543233,-1.529994062754104
0.05,2848.2320843105454,-2.250308085290143
0.05,2833.3815598375763,-1.4869241312623038
0.05,2834.0898328352714,-2.2352811964678665
0.0666666666666666,2847.524120433871,-1.5650544838761145
0.05,2831.9660251109503,-0.11382744760943549
0.05,2834.0895261809765,-2.2284571320245847
0.05,2831.2578999672655,0.6177682947989541
0.05,2830.5500985865565,1.3147212309756588
0.05,2848.2320549095,-2.2630489886319887
0.0666666666666666,2847.5241072863105,-1.5584787981893025
0.05,2833.3818310185416,-1.5218344991329835
0.05,2845.4001112359506,0.6239703986844227
0.05,2847.5240985636824,-1.5501773335114273
0.05,2819.2396612598986,-1.5168417473816929
0.05,2843.9840393567915,2.05280767688892
0.05,2819.2397932414015,-1.531633848007675
0.05,2848.232073686462,-2.263114171977044
0.05,2832.673869478157,-0.8153892484496102
0.05,2834.089924340102,-2.2398310500428855
0.05,2833.3807873067512,-1.5038599549566403
0.05,2830.550123436782,1.311516125029489
0.05,2829.842136317752,2.0225437294218076
0.05,2817.823886038287,-0.11851207013832556
0.05,2829.842136317752,2.0225437294218076
0.05,2847.5241378700475,-1.5514569105682288
0.05,2842.56830126292,3.4379152763223386
0.05,2846.8157219693703,-0.8379575957359212
0.05,2832.6739867355177,-0.8002303776257002
0.0666666666666666,2845.4001579096766,0.6294635443187941
0.05,2831.965879254099,-0.08329253302261964
0.05,2831.2573792568905,0.6107891167694798
0.05,2834.089944739536,-2.228178272231361
0.05,2833.381941757862,-1.511660999138376
0.05,2834.089941975274,-2.228175487731022
0.0666666666666666,2847.5241185564037,-1.558321647108069
0.0666666666666666,2834.7970047364947,-2.8984265397229976
0.0666666666666666,2847.5241185564037,-1.558321647108069
0.0666666666666666,2829.134156106624,2.721417813090556
0.05,2843.9841117620904,2.0471849122710877
0.05,2829.8421593482944,2.0273968471769543
0.05,2828.4258029558196,3.4453379097756645
0.05,2834.797810289439,-2.9192070662855563
0.05,2832.6735741312073,-0.803572363551564
0.05,2843.2758903442323,2.7221624041227654
0.05,2833.3815525903533,-1.4905492784686867
0.05,2848.231902488106,-2.20918152322394
0.05,2843.2762402795165,2.7531573531941427
0.05,2846.1081511605944,-0.11890159031142353
0.05,2829.8417520385347,2.0325745492137797
0.05,2848.2320967170044,-2.2582610542218973
0.05,2842.5683444734423,3.435038131862856
0.05,2829.842023918596,2.037284251021186
0.05,2842.56834162613,3.442625786523135
0.05,2830.5499731088453,1.3313029799121188
0.05,2845.4000245644684,0.6291301379420943
0.05,2845.4001284434257,0.6177165087059626
0.0666666666666666,2834.7978181249177,-2.9187290532402215
0.05,2829.8420287430545,2.0404095285532216
0.0666666666666666,2830.549709763371,1.3363247765581032
0.05,2832.673918085705,-0.8127632891764451
0.05,2843.2758405311215,2.7635906157114736
0.05,2848.2320843105454,-2.250308085290143
0.0666666666666666,2832.673863289465,-0.7841743542976023
0.05,2831.258084780935,0.6174291081094573
0.0666666666666666,2831.966030002448,-0.09366454728951838
0.05,2832.6737940701705,-0.8227219876671088
0.0666666666666666,2846.8161788706257,-0.84848465981906
0.05,2843.276248699274,2.757387941592741
0.05,2843.275672820546,2.7315716322147483
0.05,2831.258084333419,0.6145904791969435
0.0666666666666666,2843.2762467818907,2.7497806749838944
0.05,2833.381842224112,-1.4920159021483295
0.05,2832.6739119491453,-0.7886295263803904
0.05,2831.9660304173426,-0.09589304723426546
0.05,2834.797924098352,-2.9096792831624994
0.05,2831.258084780935,0.6174291081094573
0.05,2829.8421468449706,2.0125529644338824
0.05,2843.276245381515,2.75670307550663
0.05,2831.965868111402,-0.08740416275004288
0.05,2842.567910874089,3.4618163543315417
0.05,2834.797855419273,-2.928690146828001
0.0666666666666666,2833.381924995148,-1.5099883108823182
0.05,2833.3816604264357,-1.5156748793523436
0.05,2845.399766559497,0.6465671111967836
0.05,2829.8412857052476,2.040461675456596
0.05,2843.984245149514,2.0393062519432
0.05,2829.842035010442,2.0369894640595825
0.05,2832.6739666145404,-0.7945654137006295
0.05,2842.5675088258927,3.454624019532472
0.05,2834.797926362787,-2.946094496633549
0.05,2820.655592295687,-2.924197360033662
0.05,2834.0897648035366,-2.2101166313781393
0.05,2847.5239424151737,-1.5120366508672016
0.05,2834.7971401251702,-2.941944180624903
0.05,2847.5241340006837,-1.553277184688262
0.05,2829.84211640503,2.0061969399085795
0.05,2831.9660470497397,-0.09039339033691864
0.05,2846.1082062331443,-0.13072173063202502
0.05,2817.8234756575525,-0.10986754310663589
0.05,2829.841738736064,2.0302346548340777
0.05,2829.134178708103,2.7234864942637573
0.05,2842.5681748811967,3.457322745160044
0.05,2834.089918155441,-2.2298648494988527
0.0666666666666666,2831.9659831520726,-0.10020702681249576
0.05,2834.7978467363396,-2.9485762624193628
0.0666666666666666,2831.2580204357523,0.6047768427213664
0.05,2829.8421116521063,2.0236608355874157
0.0666666666666666,2846.1081065843728,-0.11177482197352875
0.05,2847.523640622882,-1.539758531743806
0.05,2834.089939826634,-2.2427999888675174
0.05,2834.0898232329346,-2.2102969986355845
0.05,2846.1078923293985,-0.12439168026354863
0.05,2829.1341318577274,2.71694401474078
0.05,2832.6739585873784,-0.8336246538180038
0.05,2834.0898840200193,-2.2435923928855006
0.05,2846.816151333894,-0.8481624028021972
0.05,2847.524044996632,-1.5509524324941586
0.05,2846.8160799454126,-0.8333808479717837
0.05,2845.399958748296,0.6381906234826595
0.05,2833.381505160956,-1.492266643912023
0.0666666666666666,2847.5240777849185,-1.5564526364669515
0.05,2848.231671807642,-2.2411326079713465
0.05,2829.134149781599,2.725838237187839
0.05,2843.9841922175747,2.042225936352496
0.05,2819.2398345014703,-1.5236266914506758
0.0666666666666666,2846.8161110640176,-0.8342511701837222
0.05,2832.673619410884,-0.8073341254745449
0.05,2818.5311798800412,-0.8189999137763376
0.05,2832.6738375019027,-0.7875592088902411
0.0666666666666666,2848.232093033173,-2.258609549968018
0.05,2834.089935375162,-2.2287141093772505
0.05,2831.258054702765,0.6091987397955684
0.05,2846.1081035742022,-0.11251611936869897
0.05,2844.6921301288526,1.333290068341988
0.05,2846.8157463750013,-0.8311648689036222
0.05,2846.815703236588,-0.8156119993044432
0.05,2834.089939826634,-2.2427999888675174
0.0666666666666666,2846.8153568672433,-0.8485866753646057
0.05,2833.381827320003,-1.5022389587613534
0.05,2843.276265510331,2.708504662362567
0.05,2829.841292487879,2.0381424060474966
0.05,2830.550062710916,1.301026615377043
0.05,2834.089935375162,-2.2287141093772505
0.05,2829.8417239747314,2.0339419912654315
0.05,2846.816124433988,-0.8548357946773772
0.05,2832.673962915685,-0.8019197393935308
0.05,2847.52368321243,-1.5190739227483234
0.05,2834.7977607700727,-2.9347584870610888
0.05,2846.1077536449334,-0.11034470653144911
0.05,2834.796958509904,-2.8958861814681094
0.05,2831.2578855418324,0.6146350819224625
0.05,2846.815707068636,-0.8298852918468206
0.05,2846.1081068919616,-0.11183125328258789
0.05,2834.7970650426973,-2.909395613769544
0.05,2846.815696608907,-0.8159117874443983
0.05,2842.5674244440097,3.462021439765079
0.05,2834.797647542114,-2.9015713453399155
0.05,2846.8158316545864,-0.8316515874170055
0.05,2830.549177189602,1.3333941815320267
0.05,2848.232093986256,-2.2569794017483193
0.0666666666666666,2847.524111956292,-1.5588602687542974
0.05,2817.823849264981,-0.1258204229042595
0.05,2834.7974397332237,-2.9321119233287734
0.05,2832.673610283044,-0.8121954171840289
0.05,2846.1079976479505,-0.12391871642113628
0.05,2818.5318249347747,-0.8251853014400183
0.05,2845.3996969063824,0.6345451668167853
0.05,2847.523798714023,-1.536562850016131
0.05,2834.797433200847,-2.9344758861951847
0.05,2846.108102151934,-0.12586408497060067
0.05,2847.5240747438497,-1.551866695279258
0.05,2832.6736964760585,-0.8298616440319054
0.05,2830.550062710916,1.301026615377043
0.05,2846.108138057212,-0.13907290688017937
0.05,2829.8419830686157,2.035328430179755
0.05,2834.0897879792115,-2.2048217068706606
0.05,2846.8156942563855,-0.8260511607321551
0.05,2846.108161717668,-0.14985192514351514
0.05,2847.524087150309,-1.5598196642112394
0.05,2829.1336842173964,2.7270178061970567
0.05,2830.5500505038485,1.315528603560248
0.05,2829.8417142499015,2.038795800782476
0.05,2831.965857892399,-0.08244577827170975
0.05,2846.108155276933,-0.13792216675857716
0.05,2831.2572200315344,0.6266035842614438
0.05,2848.232093986256,-2.2569794017483193
0.05,2828.42619257412,3.41727319003004
0.05,2830.5499506610786,1.330046609582235
0.05,2829.8421237172456,2.017418449094033
0.05,2830.5499506610786,1.330046609582235
0.05,2848.2316119158018,-2.2418452436032714
0.05,2844.6920600366207,1.337839029388905
0.05,2831.9659835669677,-0.10243552675724284
0.05,2832.6735261686404,-0.7958528739190004
0.05,2829.1341666334893,2.7258212619164746
0.05,2832.6738384422097,-0.7860727144120908
0.05,2829.8419778061543,2.0367439133428555
0.05,2848.231619342476,-2.2351799221711337
0.0333333333333333,2834.797693467926,-2.9127318183220883
0.0333333333333333,2848.2320313859886,-2.264124540301051
0.0333333333333333,2834.79776699293,-2.9154211709650992
0.0333333333333333,2846.107732210911,-0.12139731204376047
0.0333333333333333,2834.797846450376,-2.9485991359173456
0.0333333333333333,2845.399939415522,0.6341560111479172
0.0333333333333333,2846.108135106738,-0.13038099423271532
0.0333333333333333,2834.089883734055,-2.243615266383711
0.0333333333333333,2844.691994830229,1.3424998469807172
0.0333333333333333,2846.1081163228196,-0.11298142637653505
0.0333333333333333,2844.6917539962005,1.3417581848761089
0.0333333333333333,2846.8158383762484,-0.840316640125926
0.0333333333333333,2848.2320197196123,-2.256355087332846
0.0333333333333333,2843.2758349145506,2.748216705421238
0.0333333333333333,2846.1077261846735,-0.12239803461954224
0.0333333333333333,2830.550087178529,1.3172931988905845
0.0333333333333333,2833.381492343426,-1.5092319183905945
0.0333333333333333,2846.8156959587695,-0.8378227715901322
0.0333333333333333,2843.2761048097677,2.7444419064746866
0.0333333333333333,2846.8157208028056,-0.8362689979996828
0.0333333333333333,2817.115454511328,0.5954657711279859
0.0333333333333333,2843.9840586310083,2.038640418307433
0.0333333333333333,2830.5500615087176,1.3127263536345624
0.0333333333333333,2846.8160978230585,-0.8353648637665775
0.0333333333333333,2830.549662939008,1.3370584066405542
0.0333333333333333,2832.6735666258596,-0.8111153788691058
0.0333333333333333,2834.797846450376,-2.9485991359173456
0.0333333333333333,2831.2578610446053,0.6177647931930481
0.0333333333333333,2830.549924553737,1.3307896732664546
0.0333333333333333,2834.089720131242,-2.203013651543313
0.0333333333333333,2846.816050049048,-0.8423720913505589
0.0333333333333333,2832.673870405514,-0.819321993586499
0.0333333333333333,2829.1341452294387,2.7139529130778923
0.0333333333333333,2847.5240750597495,-1.5594899398454214
0.0333333333333333,2847.5240852682487,-1.547270142281866
0.0333333333333333,2834.7976550872286,-2.8994966018387824
0.0333333333333333,2847.5240610885176,-1.5514509861850416
0.0333333333333333,2843.2761246756872,2.721255725103812
0.0333333333333333,2846.107742672616,-0.10873133692222482
0.0333333333333333,2834.0891193309244,-2.2076290018720424
0.0333333333333333,2834.7976860357767,-2.9126390183072433
0.0333333333333333,2817.1158690429756,0.5779898330100176
0.0333333333333333,2834.797698174195,-2.9161255390844305
0.0333333333333333,2831.9656007786575,-0.1086420730024545
0.0333333333333333,2832.674013564177,-0.8328484746870972
0.0333333333333333,2833.3815160588415,-1.5216338629512736
0.0333333333333333,2819.2396169094222,-1.5166566609724643
0.0333333333333333,2818.531838306486,-0.8281764031026784
0.0333333333333333,2848.2320282551073,-2.266635103968034
0.0333333333333333,2820.655006923235,-2.9416716635728206
0.0333333333333333,2842.5680684568383,3.4321286021482322
0.0333333333333333,2834.0897773580173,-2.2066046610434285
0.0333333333333333,2833.381714169178,-1.534069334434861
0.0333333333333333,2834.797846450376,-2.9485991359173456
0.0333333333333333,2842.567634870994,3.4359670546058925
0.0333333333333333,2834.0897574356327,-2.2266306401909493
0.0333333333333333,2832.6738106026755,-0.7862270369581068
0.0333333333333333,2848.232012965068,-2.264390891177423
0.0333333333333333,2829.1340114712316,2.7402934327598727
0.0333333333333333,2847.5240479138492,-1.5468193066550477
0.0333333333333333,2834.797432914883,-2.9344987596931675
0.0333333333333333,2833.381514014619,-1.5221670577592592
0.0333333333333333,2844.692145617997,1.330145161684313
0.0333333333333333,2846.1079855604116,-0.10236205510633986
0.0333333333333333,2830.550084361003,1.3172960370447442
0.0333333333333333,2846.815688900994,-0.8273819041534044
0.0333333333333333,2843.275415569757,2.7463254706364153
0.0333333333333333,2830.549191521147,1.3360676206482853
0.0333333333333333,2845.399708743654,0.6271733920520105
0.0333333333333333,2847.5237938341156,-1.546354963957916
0.0333333333333333,2846.8161505040785,-0.8481786276892738
0.0333333333333333,2830.5499354052336,1.3261860393135436
0.0333333333333333,2834.0897027461915,-2.2018555401931352
0.0333333333333333,2846.8160978230585,-0.8353648637665775
0.0333333333333333,2834.7974432097767,-2.9340478977945965
0.0333333333333333,2846.8156949272316,-0.8263811815776226
0.05,2830.5489257762774,1.331143597826509
0.0333333333333333,2833.3819406008465,-1.5122403286857746
0.0333333333333333,2828.4261825131184,3.4189367826117545
0.0333333333333333,2846.8157014357485,-0.8395623528750694
0.0333333333333333,2833.381762623235,-1.5013899899589775
0.0333333333333333,2844.692015087055,1.337482172511183
0.0333333333333333,2842.5678474878177,3.467348009425267
0.0333333333333333,2846.1081163228196,-0.11298142637653505
0.05,2843.98416124746,2.0451767264497906
0.0333333333333333,2832.673571008108,-0.7915394742965958
0.0333333333333333,2818.5316942847576,-0.8135775798840301
0.0333333333333333,2846.816112343429,-0.8545060703115593
0.0333333333333333,2856.7103041908686,3.4206531130415176
0.0333333333333333,2834.089719462309,-2.2061864791172754
0.0333333333333333,2846.1077403511135,-0.1232460314462206
0.05,2846.8161084442,-0.826367220619642
0.0333333333333333,2834.7976464075628,-2.899286351992478
0.0333333333333333,2846.815688900994,-0.8273819041534044
0.0333333333333333,2848.2318929462926,-2.254548364822191
0.0333333333333333,2831.257910679003,0.6157366512558753
0.0333333333333333,2834.089919130899,-2.2196300323837193
0.0333333333333333,2834.089476730939,-2.2271509272931214
0.0333333333333333,2831.257887023435,0.6211419765454054
0.0333333333333333,2834.089488927619,-2.2235936816038135
0.0333333333333333,2847.5240605393788,-1.5403487333002122
0.0333333333333333,2848.2317435952955,-2.26168233568968
0.0333333333333333,2842.56786373775,3.4552510013105815
0.0333333333333333,2847.524137040232,-1.5514731354553053
0.0333333333333333,2834.7977140577746,-2.8936954238017645
0.0333333333333333,2830.5500708120912,1.3161146985751675
0.0333333333333333,2819.239772710758,-1.5297593998306158
0.0333333333333333,2832.6739790303905,-0.7987878634301608
0.0333333333333333,2832.6737665783685,-0.7870364753727682
0.0333333333333333,2834.089487396529,-2.199166937177904
0.0333333333333333,2831.96601631407,-0.09380399389629869
0.0333333333333333,2819.2394300362034,-1.5114493260888127
0.0333333333333333,2819.2398248426393,-1.53147091086871
0.0333333333333333,2847.524092489501,-1.5574513089993576
0.0333333333333333,2832.6723703269918,-0.7757479385130261
0.0333333333333333,2818.531818297966,-0.8342786420163767
0.0333333333333333,2830.5489302831143,1.3297970593141197
0.0333333333333333,2833.3818010246337,-1.5054986492651894
0.0333333333333333,2831.965986856157,-0.09887171681235282
0.0333333333333333,2842.5682532605147,3.44798371604029
0.0333333333333333,2820.655698143399,-2.9397271388981125
0.0333333333333333,2842.56784191154,3.4653305190170984
0.0333333333333333,2844.6919861822266,1.3536074575256856
0.0333333333333333,2846.815962514244,-0.8232781246207342
0.0333333333333333,2842.5679077016102,3.4334872431783436
0.0333333333333333,2844.6920651971795,1.3357015750430676
0.0333333333333333,2834.797901713139,-2.947800083288456
0.0333333333333333,2846.1077336066223,-0.11095079140874631
0.0333333333333333,2846.107875659928,-0.13533277059206383
0.0333333333333333,2845.3999560897773,0.6285729543574683
0.0333333333333333,2818.5309698937117,-0.8107295461659176
0.0333333333333333,2832.673849090376,-0.7954121050763379
0.0333333333333333,2831.965992941753,-0.09265472675161558
0.0333333333333333,2829.841808365954,2.0192822298680424
0.0333333333333333,2843.9838757232646,2.048109837414877
0.0333333333333333,2831.965992941753,-0.09265472675161558
0.0333333333333333,2833.381492343426,-1.5092319183905945
0.0333333333333333,2831.96489002537,-0.07188512698434946
0.0333333333333333,2843.983939937211,2.0294463879119133
0.05,2843.2760541668636,2.7541483607414197
0.0333333333333333,2847.524072724851,-1.5469022248569086
0.0333333333333333,2846.8161004875683,-0.8440796499120243
0.0333333333333333,2846.8158311177954,-0.8413710944242813
0.0333333333333333,2831.2579077486707,0.6162418701700887
0.0333333333333333,2833.381721323844,-1.4892782421836637
0.0333333333333333,2848.232025920209,-2.2540473889795214
0.05,2846.107957623673,-0.10990813705949852
0.0333333333333333,2848.232056194835,-2.258335733747424
0.0333333333333333,2834.0896768854986,-2.2390532039684956
0.0333333333333333,2829.1341452294387,2.7139529130778923
0.0333333333333333,2831.9659403073792,-0.09130484892670214
0.0333333333333333,2847.5240750597495,-1.5594899398454214
0.0333333333333333,2832.6737839119914,-0.7843198623838725
0.0333333333333333,2846.1081065130506,-0.11190487677956149
0.0333333333333333,2848.2320284128155,-2.2568795993684
0.0333333333333333,2848.9395906205123,-2.955066183252817
0.0333333333333333,2847.5240310893055,-1.537157141220938
0.0333333333333333,2845.400112942295,0.6247165485009551
0.0333333333333333,2848.232080544697,-2.2585911104064937
0.0333333333333333,2845.3999575900843,0.640456477936306
0.0333333333333333,2848.2320423840474,-2.26491855302878
0.0333333333333333,2830.5499717825155,1.322409882557568
0.05,2831.9660240191974,-0.09524650809206538
0.0333333333333333,2842.5683599194494,3.4288892121638312
0.0333333333333333,2848.2320423840474,-2.26491855302878
0.0333333333333333,2848.232032863085,-2.26707984761753
0.0333333333333333,2844.6920211093993,1.3291199639625568
0.0333333333333333,2844.6919753982784,1.3464014615588815
0.0333333333333333,2846.1081423792252,-0.13954052402765782
0.05,2845.4000443011464,0.638071564100168
0.0333333333333333,2834.7978449192856,-2.924172391491436
0.0333333333333333,2843.9842718625914,2.029800265982722
0.0333333333333333,2819.9477972103323,-2.244300252359996
0.0333333333333333,2834.797898848944,-2.9272280301181297
0.0333333333333333,2829.8417338061886,2.044007828397471
0.0333333333333333,2834.089178600592,-2.201770148817675
0.05,2830.549986463907,1.328834419007274
0.0333333333333333,2831.2580540452655,0.6140185045500772
0.0333333333333333,2831.965842152943,-0.08534112655784862
0.0333333333333333,2842.5683009769564,3.437892402824356
0.0333333333333333,2845.400025543816,0.6349415508818964
0.0333333333333333,2830.5500386945714,1.3203522519088529
0.05,2830.549181686877,1.3288906793851092
0.0333333333333333,2819.2398248426393,-1.53147091086871
0.0333333333333333,2834.7976843872543,-2.8965382839178258
0.0333333333333333,2843.276064970896,2.7567038307559875
0.0333333333333333,2834.0897945777383,-2.2054539209218262
0.0333333333333333,2833.3810501895555,-1.4914801725440112
0.0333333333333333,2831.9656243427944,-0.07277160324661903
0.0333333333333333,2845.40011966568,0.6178337160246807
0.0333333333333333,2820.6550044202754,-2.940501056371873
0.05,2843.9842304602453,2.0238459588149476
0.0333333333333333,2831.2573255570674,0.6151573094210139
0.0333333333333333,2829.8419842735825,2.032326325277327
0.0333333333333333,2848.231628849559,-2.240717376979652
0.0333333333333333,2845.4001354323577,0.6184948526398798
0.0333333333333333,2846.8161272282514,-0.8407676152014444
0.0333333333333333,2843.2760877733813,2.7552863917035655
0.0333333333333333,2846.1079993028766,-0.11758257526614066
0.0333333333333333,2829.841240375175,2.0398363275613094
0.0333333333333333,2831.257912753389,0.6293694285927274
0.0333333333333333,2831.9658791087186,-0.0813299341662599
0.0333333333333333,2843.9840366669664,2.0601142720611723
0.0333333333333333,2831.9658683885923,-0.07847861528972257
0.0333333333333333,2832.674030783898,-0.831697734565495
0.0333333333333333,2831.258047445154,0.6134798829038488
0.0333333333333333,2848.232089071215,-2.2569158582493376
0.0333333333333333,2830.550084728833,1.318463752437711
0.0333333333333333,2831.966010161474,-0.09150398663001337
0.05,2829.1333466767132,2.7431092466561733
0.0333333333333333,2844.692165582775,1.325060439117489
0.0333333333333333,2848.2320331669152,-2.245131148366571
0.0333333333333333,2848.232089071215,-2.2569158582493376
0.0333333333333333,2829.133401094837,2.7313135830739186
0.0333333333333333,2834.797682735497,-2.905688723259216
0.0333333333333333,2831.9660041610796,-0.09609064531155977
0.0333333333333333,2846.1079943034683,-0.09628007413218106
0.0333333333333333,2832.673537912565,-0.7891119529625554
0.0333333333333333,2834.797845129785,-2.9320026927600953
0.0333333333333333,2834.797723642315,-2.931411351028162
0.0333333333333333,2830.5496647859613,1.3377238973487329
0.0333333333333333,2847.52413044012,-1.5520117571015337
0.0333333333333333,2831.2572035013895,0.6296500517819854
0.0333333333333333,2831.9658655535923,-0.0772537983901287
0.0333333333333333,2830.550084281317,1.3156251235251972
0.0333333333333333,2834.7978469350587,-2.9217516507578853
0.0333333333333333,2831.96560861623,-0.07587375932808695
0.0333333333333333,2846.81612956315,-0.8533553301899571
0.0333333333333333,2818.531803394326,-0.8253141519429819
0.0333333333333333,2817.823693259733,-0.11270011358313779
0.0333333333333333,2832.672852649115,-0.7850566899533031
0.0333333333333333,2848.2320486057097,-2.2629738001794486
0.0333333333333333,2833.381919697144,-1.5220349536925981
0.0333333333333333,2843.98393075285,2.0226893577691056
0.0333333333333333,2843.984200122623,2.0199808022813626
0.0333333333333333,2845.39999461494,0.6322280980906739
0.0333333333333333,2856.710451707216,3.391829557654931
0.0333333333333333,2843.9842075445717,2.0314280454921585
0.0333333333333333,2846.816107500584,-0.8552836280595021
0.0333333333333333,2848.9399956495454,-2.9702352366608613
0.0333333333333333,2843.983800619393,2.0466119032218115
0.0333333333333333,2843.984200122623,2.0199808022813626
0.0333333333333333,2846.107879624432,-0.13248255938321207
0.0333333333333333,2843.984197458113,2.0286955884268094
0.0333333333333333,2848.2317738912816,-2.2586740064746085
0.0333333333333333,2843.9840723436246,2.043222028001675
0.0333333333333333,2845.4001329772127,0.6214603064246617
0.0333333333333333,2843.984069182299,2.0421958371581708
0.0333333333333333,2844.6920318986195,1.3372119676245362
0.0333333333333333,2846.8161051656857,-0.8426959130709893
0.0333333333333333,2843.9843062006016,2.0294407697798036
0.0333333333333333,2844.692175469206,1.3230839680089972
0.0333333333333333,2843.984069182299,2.0421958371581708
0.0333333333333333,2834.7974371133473,-2.9126089282155023
0.0333333333333333,2843.983329700408,2.046862926023363
0.0333333333333333,2844.692175469206,1.3230839680089972
0.0333333333333333,2844.6921702608925,1.326444175958524
0.0333333333333333,2843.9842127528855,2.0280678375426318
0.0333333333333333,2844.6919060994333,1.3257925234967403
0.0333333333333333,2843.9840693038686,2.042003296090935
0.0333333333333333,2845.3997134217716,0.6285571288930455
0.0333333333333333,2834.7978938114356,-2.936612155711572
0.05,2843.276231767674,2.7363160704155396
0.0333333333333333,2843.27625040017,2.7252106945259573
0.0333333333333333,2834.089868909858,-2.2268863607223377
0.0333333333333333,2833.3819074616604,-1.5089121547274769
0.0333333333333333,2831.965653931081,-0.11549585529243722
0.0333333333333333,2843.27627835232,2.71931833958446
0.0333333333333333,2843.2763342566195,2.707533629701693
0.0333333333333333,2848.232089706209,-2.2598935785487786
0.0333333333333333,2832.6738627026493,-0.7994555300385573
0.0333333333333333,2833.3819061935374,-1.5219024911884753
0.0333333333333333,2831.257900836259,0.6241084120910643
0.0333333333333333,2831.9660067112427,-0.09440193854339608
0.0333333333333333,2834.0899329003887,-2.2213772441754998
0.0333333333333333,2856.710317960358,3.418905901249737
0.0333333333333333,2843.2761898507924,2.721776235597254
0.0333333333333333,2834.0899527663078,-2.2445634255463744
0.0333333333333333,2834.7978938114356,-2.936612155711572
0.0333333333333333,2833.3819900499875,-1.5395795560127399
0.0333333333333333,2846.8161261129185,-0.8562532821033398
0.0333333333333333,2843.276199536411,2.73991254202505
0.0333333333333333,2842.568371540299,3.4125174992355554
0.0333333333333333,2831.966044751427,-0.10642563557414086
0.0333333333333333,2829.8421407887336,2.0109318071913007
0.0333333333333333,2830.550080831086,1.3127271716118145
0.0333333333333333,2834.0898649547753,-2.217259898973323
0.0333333333333333,2843.9840445309314,2.030288586984253
0.0333333333333333,2833.3817750968115,-1.501205202653425
0.0333333333333333,2831.2571989854196,0.6269337405756719
0.0333333333333333,2834.0897897417253,-2.2078507630749016
0.0333333333333333,2833.3811181077695,-1.5005341603542603
0.0333333333333333,2831.9651602525214,-0.07732642181890381
0.0333333333333333,2848.9399930745412,-2.965596732325472
0.05,2834.0898826802486,-2.2114012402502237
0.0333333333333333,2843.9842065494854,2.025564639793994
0.0333333333333333,2843.9840723436246,2.043222028001675
0.0333333333333333,2844.6920318986195,1.3372119676245362
0.0333333333333333,2845.400125555264,0.6100130632138657
0.0333333333333333,2844.691768605509,1.341928561319402
0.0333333333333333,2844.6921516530792,1.3110621115550578
0.0333333333333333,2843.276282124738,2.709245140739787
0.0333333333333333,2833.3819379181055,-1.5378680449746456
0.0333333333333333,2842.5681595385995,3.449103710444798
0.0333333333333333,2846.108009747283,-0.12676367667437816
0.0333333333333333,2842.5682384756533,3.4450402685061734
0.0333333333333333,2832.673956991429,-0.8095541371226477
0.0333333333333333,2845.400114853771,0.6331403255299386
0.0333333333333333,2832.673753720341,-0.7892989809690317
0.0333333333333333,2833.38153390885,-1.5005135063207833
0.0333333333333333,2847.523667042367,-1.5339691285315584
0.0333333333333333,2829.1340806874186,2.722846430460824
0.0333333333333333,2832.6737636637813,-0.7890602358319921
0.0333333333333333,2842.56829806718,3.4350484849248017
0.0333333333333333,2845.4000073392667,0.63272538386652
0.0333333333333333,2832.6739659989657,-0.8155512215668185
0.0333333333333333,2848.2320167237444,-2.2582247930537376
0.0333333333333333,2830.549864347178,1.3259040627333907
0.0333333333333333,2832.6738942690213,-0.8020729172082594
0.0333333333333333,2833.381911621519,-1.5318318330858873
0.0333333333333333,2847.524090484802,-1.5610932946899407
0.0333333333333333,2833.3818569853415,-1.5070567867421214
0.0333333333333333,2834.79788802959,-2.9187899081238355
0.0333333333333333,2819.94777916418,-2.239747497014922
0.0333333333333333,2834.0894777355434,-2.210280007042809
0.0333333333333333,2844.6920331766173,1.3271640315212168
0.0333333333333333,2847.5236693772654,-1.5465568435200712
0.0333333333333333,2834.7978698437278,-2.931813697908609
0.0333333333333333,2845.400003314887,0.6336274051981504
0.0333333333333333,2819.9477353358266,-2.2475390976962233
0.0333333333333333,2832.6737831399378,-0.7858053341592404
0.0333333333333333,2831.2580452029692,0.6078871590252135
0.0333333333333333,2847.523656567644,-1.5381340354882613
0.0333333333333333,2833.381881165073,-1.5028759428387184
0.0333333333333333,2833.3819287152864,-1.5205350911006805
0.0333333333333333,2817.823847184349,-0.12859739136836384
0.0333333333333333,2819.94777916418,-2.239747497014922
0.0333333333333333,2832.673830690151,-0.8034644824209752
0.0333333333333333,2830.54994321125,1.326213030798445
0.0333333333333333,2843.2761027342463,2.7423438289507898
0.0333333333333333,2842.5681557132266,3.4375713791618194
0.0333333333333333,2830.550053028736,1.3078033056430214
0.0333333333333333,2830.550058421785,1.3170312074082722
0.0333333333333333,2834.7976648248323,-2.899818310566152
0.0333333333333333,2831.9659810369,-0.09293369350506513
0.0333333333333333,2831.965955732432,-0.09290820377122148
0.0333333333333333,2834.089486606289,-2.2306330227001014
0.0333333333333333,2833.3819579851283,-1.54351772076883
0.0333333333333333,2829.842136676025,2.001101287493941
0.0333333333333333,2848.2317622208357,-2.2506556122240147
0.0333333333333333,2848.2320024164833,-2.2484576126107356
0.0333333333333333,2844.6921735461515,1.3214016050721071
0.0333333333333333,2847.524028033786,-1.5357042901088955
0.0333333333333333,2845.400123632209,0.6083307002769757
0.0333333333333333,2848.231990750107,-2.2406881596425308
0.0333333333333333,2843.9838023809184,2.0442969206780175
0.0333333333333333,2834.0894854630446,-2.2299796676364965
0.0333333333333333,2819.9477233768384,-2.2250697808842954
0.0333333333333333,2843.275492528082,2.747093791056533
0.0333333333333333,2846.8161150984915,-0.8548046964074144
0.0333333333333333,2847.5241118902363,-1.5533813549329327
0.0333333333333333,2842.568262655385,3.449221112409349
0.0333333333333333,2846.1077579523358,-0.11480454715277816
0.0333333333333333,2847.523638360917,-1.5312990358175884
0.0333333333333333,2848.231603647052,-2.245049370637722
0.0333333333333333,2847.5236409307313,-1.5400655011038598
0.0333333333333333,2843.275986205414,2.7361333788282094
0.0333333333333333,2843.984188088026,2.039253373341852
0.05,2834.797795182201,-2.9085236836427963
0.0333333333333333,2819.947636409698,-2.2280960343392495
0.0333333333333333,2829.1336984602212,2.7249093096757973
0.05,2832.6739391804904,-0.801269777155893
0.0333333333333333,2844.6920274723516,1.3346600857559239
0.0333333333333333,2843.2761020397106,2.7446278248234206
0.0333333333333333,2834.797675992474,-2.8998310005301757
0.05,2842.5682496300774,3.44587741275509
0.0333333333333333,2847.5236880377897,-1.5354057776854606
0.0333333333333333,2848.2320607722313,-2.2613211796378856
0.0333333333333333,2832.6735927348705,-0.7988126058613833
0.0333333333333333,2847.524098055911,-1.556337310104023
0.0333333333333333,2847.524075964431,-1.5419520881447315
0.0333333333333333,2843.276225371705,2.7442372428757142
0.0333333333333333,2848.2320913617723,-2.2597497216015174
0.0333333333333333,2833.3817957223846,-1.5274313936737487
0.05,2848.232065291682,-2.266406888589394
0.0333333333333333,2830.5500781444653,1.3170113403286996
0.0333333333333333,2833.3819374623245,-1.5029326522690007
0.0333333333333333,2831.9660310337085,-0.08951942972003903
0.0333333333333333,2831.9652728323535,-0.08663733815132812
0.0333333333333333,2834.7977405835754,-2.9330587225671367
0.0333333333333333,2848.2320578115678,-2.2532197903012694
0.0333333333333333,2834.089697962738,-2.193059398504327
0.0333333333333333,2846.815743480892,-0.8105799094245104
0.0333333333333333,2843.9841915880315,2.033863629280714
0.0333333333333333,2834.0897778672547,-2.228074853033502
0.0333333333333333,2842.5681185169046,3.4660387279564846
0.0333333333333333,2834.0897117633253,-2.1942893230236207
0.0333333333333333,2844.6921557578025,1.3391728136571595
0.0333333333333333,2846.1081731986933,-0.12724569720113876
0.0333333333333333,2842.5678521272,3.4673238547546505
0.0333333333333333,2846.1077807645715,-0.10559603989064827
0.0333333333333333,2834.0897355925235,-2.215956479367276
0.0333333333333333,2834.7978876732122,-2.9429532752187857
0.0333333333333333,2844.6922036747305,1.3281957361490655
0.0333333333333333,2833.3818160733745,-1.5037097000787414
0.0333333333333333,2832.673844786825,-0.807182727965608
0.0333333333333333,2846.8158704200873,-0.8588451333317754
0.0333333333333333,2847.524112027143,-1.5643762637644028
0.0333333333333333,2847.523966121658,-1.537660549160351
0.0333333333333333,2842.5683196095206,3.4317655158503397
0.0333333333333333,2847.524098055911,-1.556337310104023
0.0333333333333333,2847.524105637062,-1.5640269946861696
0.0333333333333333,2843.2762823258413,2.7267816463164776
0.0333333333333333,2846.108174738641,-0.14398210429714353
0.0333333333333333,2846.108174738641,-0.14398210429714353
0.0333333333333333,2834.0894415014886,-2.198800083179047
0.0333333333333333,2846.815730937815,-0.8309603581493467
0.0333333333333333,2846.815875343642,-0.8452029640449074
0.0333333333333333,2846.815875343642,-0.8452029640449074
0.0333333333333333,2843.9842121346624,2.0129068689614913
0.0333333333333333,2834.0898953505257,-2.2257642076446134
0.0333333333333333,2834.089769015192,-2.2163968133903724
0.0333333333333333,2847.5236946109453,-1.5362513750302387
0.0333333333333333,2832.673987541307,-0.8188341906412805
0.0333333333333333,2843.275870192349,2.7453257119956573
0.0333333333333333,2818.531831445526,-0.8408543277031887
0.0333333333333333,2847.524100171282,-1.5539498433646404
0.0333333333333333,2842.5683196095206,3.4317655158503397
0.0333333333333333,2834.0897767426927,-2.23609647398406
0.0333333333333333,2842.56833947544,3.408579334479465
0.0333333333333333,2846.8157317730556,-0.8310749644293683
0.0333333333333333,2843.275870192349,2.7453257119956573
0.0333333333333333,2817.823851535986,-0.13279240314371774
0.0333333333333333,2834.7978834177693,-2.953485459836327
0.0333333333333333,2843.9842450421615,2.0217977767826154
0.0333333333333333,2842.56833947544,3.408579334479465
0.0333333333333333,2848.2320566870058,-2.2612414112518273
0.0333333333333333,2846.108174738641,-0.14398210429714353
0.0333333333333333,2842.5679074760283,3.4503095815295195
0.0333333333333333,2831.2580667453103,0.6046041899507515
0.0333333333333333,2834.7978331528893,-2.922074203014736
0.0333333333333333,2846.815875343642,-0.8452029640449074
0.0333333333333333,2834.7978834177693,-2.953485459836327
0.0333333333333333,2843.275870192349,2.7453257119956573
0.0333333333333333,2846.815875343642,-0.8452029640449074
0.0333333333333333,2829.134182196832,2.709066589158911
0.0333333333333333,2834.7979386805323,-2.9526864072074375
0.0333333333333333,2834.7979170093395,-2.9397512678387727
0.0333333333333333,2843.2762823258413,2.7267816463164776
0.0333333333333333,2834.797731731512,-2.921380682924007
0.0333333333333333,2843.2762823258413,2.7267816463164776
0.0333333333333333,2842.5683196095206,3.4317655158503397
0.0333333333333333,2846.1081519571085,-0.12172244155109943
0.0333333333333333,2846.1077626051488,-0.12543803861796377
0.0333333333333333,2848.2317945756863,-2.257478401465729
0.0333333333333333,2829.842090250548,2.014554102118429
0.0333333333333333,2847.5236880377897,-1.5354057776854606
0.0333333333333333,2834.089912973948,-2.2288019297090047
0.0333333333333333,2846.8157317730556,-0.8310749644293683
0.0333333333333333,2843.2762823258413,2.7267816463164776
0.0333333333333333,2834.7978039603236,-2.9203074948840806
0.0333333333333333,2843.2762823258413,2.7267816463164776
0.0333333333333333,2834.0898328055487,-2.234176056572977
0.0333333333333333,2834.7978834177693,-2.953485459836327
0.0333333333333333,2834.089841244003,-2.215323625350446
0.0333333333333333,2832.673987541307,-0.8188341906412805
0.05,2843.2762338887387,2.737610574146766
0.0333333333333333,2842.5679180518755,3.443517948664886
0.0333333333333333,2843.276249418342,2.7178907384953535
0.0333333333333333,2819.947756878167,-2.2508220667706853
0.0333333333333333,2843.2762823258413,2.7267816463164776
0.0333333333333333,2834.0899207014486,-2.248501590302692
0.0333333333333333,2842.5681756507647,3.444170632168972
0.0333333333333333,2820.6556041307254,-2.939913642567423
0.0333333333333333,2846.815875343642,-0.8452029640449074
0.0333333333333333,2834.0895008404555,-2.210257864029825
0.0333333333333333,2842.5683667860526,3.4152707420498514
0.0333333333333333,2848.2320747434633,-2.2693601332982656
0.0333333333333333,2845.400126586343,0.6309339060524501
0.0333333333333333,2834.0899008355295,-2.2253154089318175
0.0333333333333333,2848.2320529145877,-2.2511682124071544
0.0333333333333333,2834.7978834177693,-2.953485459836327
0.0333333333333333,2834.797488611333,-2.9334638750564297
0.0333333333333333,2834.0899542930188,-2.2347673983049106
0.0333333333333333,2846.8157317730556,-0.8310749644293683
0.0333333333333333,2842.5679196144465,3.4468230607523322
0.0333333333333333,2843.275870192349,2.7453257119956573
0.0333333333333333,2834.797875690268,-2.9337857992426395
0.0333333333333333,2847.5236912953446,-1.5340246547724437
0.0333333333333333,2844.692172346687,1.3309865347335283
0.0333333333333333,2847.524112027143,-1.5643762637644028
0.0333333333333333,2834.0895008404555,-2.210257864029825
0.0333333333333333,2834.0899207014486,-2.248501590302692
0.0333333333333333,2846.1077796400095,-0.11361766084120617
0.0333333333333333,2833.3818785561266,-1.5268291224510622
0.0333333333333333,2834.797731570347,-2.91550717783947
0.0333333333333333,2845.3997457110477,0.6222870681330291
0.0333333333333333,2832.673987541307,-0.8188341906412805
0.0333333333333333,2846.1081821605903,-0.1325348610863476
0.0333333333333333,2846.108174738641,-0.14398210429714353
0.0333333333333333,2834.79748017717,-2.938934221713578
0.0333333333333333,2834.0899759642116,-2.2477025376735753
0.0333333333333333,2817.8238852469462,-0.13477026505818418
0.0333333333333333,2830.5499874275592,1.3161508277698346
0.0333333333333333,2834.7979170093395,-2.9397512678387727
0.0333333333333333,2846.108174738641,-0.14398210429714353
0.05,2848.2320868340225,-2.269689857663856
0.0333333333333333,2843.2758701144116,2.7466061933565937
0.0333333333333333,2832.6738513100518,-0.8261287349163356
0.05,2834.797815114747,-2.919470350635164
0.0333333333333333,2843.9838329701506,2.044002578042547
0.0333333333333333,2834.0897767426927,-2.23609647398406
0.0333333333333333,2833.3818714750096,-1.52969329679965
0.0333333333333333,2843.2762823258413,2.7267816463164776
0.0333333333333333,2834.0897809924445,-2.2140098290830226
0.0333333333333333,2846.1080312896243,-0.13004664574884017
0.0333333333333333,2820.655626250147,-2.9363684956018448
0.0333333333333333,2843.9838381784643,2.0406423700930203
0.0333333333333333,2817.823465488607,-0.12131922004657743
0.0333333333333333,2833.381806687041,-1.5096900605596035
0.0333333333333333,2842.5683141245167,3.431316717137544
0.0333333333333333,2834.7978834177693,-2.953485459836327
0.0333333333333333,2846.8160704336797,-0.8260546221276375
0.0333333333333333,2843.276330770496,2.723277208976988
0.0333333333333333,2843.2762771175276,2.7301418542660043
0.0333333333333333,2834.0899207014486,-2.248501590302692
0.0333333333333333,2834.7978281400547,-2.916126650980905
0.0333333333333333,2842.5681756507647,3.444170632168972
0.0333333333333333,2842.5683196095206,3.4317655158503397
0.0333333333333333,2847.5241501877927,-1.5580488211421173
0.0333333333333333,2834.089912973948,-2.2288019297090047
0.0333333333333333,2831.9660299091465,-0.09754105067059694
0.0333333333333333,2846.815868085189,-0.8462574183432626
0.0333333333333333,2834.089922856929,-2.217373126267046
0.0333333333333333,2833.381814215414,-1.5043616773322244
0.05,2846.1081430026284,-0.11742088305651753
0.05,2831.9659120675574,-0.07766735758017308
0.0333333333333333,2831.965182080778,-0.07024735663271398
0.0333333333333333,2834.0899305844305,-2.2370727868607334
0.0333333333333333,2818.531899191226,-0.8216480606969059
0.0333333333333333,2834.0891303758945,-2.1974273934107313
0.0333333333333333,2846.8161245564106,-0.8152775076430028
0.0333333333333333,2846.1081631731945,-0.10643894685355768
0.0333333333333333,2832.6728446507645,-0.7705408492560732
0.0333333333333333,2834.0899305844305,-2.2370727868607334
0.0333333333333333,2834.7974718771866,-2.907118042208947
0.05,2829.8420213663967,2.03760228912139
0.0333333333333333,2831.964537530311,-0.08036230851629056
0.0333333333333333,2832.673905634326,-0.7890945499802628
0.0333333333333333,2834.08993254412,-2.2076439966322683
0.0333333333333333,2842.5683829499917,3.433742329918978
0.0333333333333333,2848.231305967869,-2.2617155739238872
0.0333333333333333,2847.524073277646,-1.5595854144166839
0.0333333333333333,2834.7974597387683,-2.90363152143176
0.0333333333333333,2829.134080548059,2.737218049416188
0.0333333333333333,2842.567894338193,3.4738904889482445
0.0333333333333333,2847.524144510135,-1.5281913958040492
0.0333333333333333,2846.1081631731945,-0.10643894685355768
0.0333333333333333,2830.549277841401,1.3337314335465666
0.0333333333333333,2846.1081634498846,-0.10262994019123503
0.0333333333333333,2842.5682173769187,3.434800238547406
0.0333333333333333,2833.3818094736102,-1.4948475104360002
0.0333333333333333,2828.4262144996464,3.4241074436271814
0.0333333333333333,2843.2762584068223,2.7600467751611166
0.0333333333333333,2831.2580770758077,0.618871622305224
0.0333333333333333,2831.9660393446125,-0.08895087614115195
0.0333333333333333,2846.1080411726057,-0.11861784230688144
0.0333333333333333,2832.6740020609327,-0.7939347456750141
0.0333333333333333,2833.381867500635,-1.4940512423074497
0.0333333333333333,2843.983834604712,2.059811164162139
0.0333333333333333,2832.6735803914,-0.7777659395527624
0.0333333333333333,2832.6738344774335,-0.7849841663120404
0.0333333333333333,2846.8160968994234,-0.8358296118275815
0.0333333333333333,2846.108048594555,-0.10717059909608552
0.0333333333333333,2843.275998960992,2.7389556581793126
0.0333333333333333,2829.842019214148,2.040792833086189
0.0333333333333333,2843.276150779949,2.742121434098882
0.05,2829.8420159454035,2.0380348792147864
0.0333333333333333,2843.2761043616074,2.7697194344144
0.0333333333333333,2829.842041888116,2.0340135991320407
0.05,2831.965224304347,-0.0748562198665913
0.0333333333333333,2834.7974619942047,-2.918546845650906
0.0333333333333333,2844.692172346687,1.3309865347335283
0.0333333333333333,2834.0899207014486,-2.248501590302692
0.0333333333333333,2842.5682779008516,3.4605005317133424
0.0333333333333333,2846.8157075302543,-0.7986279978567548
0.0333333333333333,2842.5683677793427,3.420274488797796
0.0333333333333333,2834.7978393561407,-2.900843156283363
0.0333333333333333,2833.3820231308728,-1.531289864697982
0.0333333333333333,2846.1081631731945,-0.10643894685355768
0.0333333333333333,2834.0897735286944,-2.19573429691435
0.0333333333333333,2846.8161261662053,-0.8076138097250971
0.0333333333333333,2817.8238698512514,-0.12385873949226796
0.0333333333333333,2842.5680714837767,3.420277711018481
0.0333333333333333,2842.5683391550037,3.44005348767727
0.0333333333333333,2832.6739933025133,-0.7973419281664149
0.0333333333333333,2833.381582724175,-1.5152081641620028
0.0333333333333333,2832.6735765127005,-0.7839442561841113
0.0333333333333333,2843.276333228162,2.735153521183129
0.0333333333333333,2848.231152810466,-2.2494116081380384
0.0333333333333333,2843.2758943009662,2.729162020268542
0.0333333333333333,2834.7976998353133,-2.893630967504569
0.0333333333333333,2843.2758943009662,2.729162020268542
0.0333333333333333,2831.9658878750456,-0.07599294861944085
0.0333333333333333,2833.381556575753,-1.4957748544446874
0.0333333333333333,2846.8157383938415,-0.8346148676238191
0.0333333333333333,2842.5681306138513,3.471148574741938
0.0333333333333333,2834.7976745561805,-2.890916219573854
0.0333333333333333,2847.523694754805,-1.5385907488103985
0.0333333333333333,2834.089763431511,-2.203238562461263
0.0333333333333333,2847.5236980704058,-1.5408174690681935
0.0333333333333333,2843.276139044576,2.749045873162596
0.0333333333333333,2817.8238698512514,-0.12385873949226796
0.0333333333333333,2843.275871316911,2.7533473329462153
0.0333333333333333,2829.1337802778303,2.734128362758031
0.0333333333333333,2843.984100549149,2.048333796141743
0.0333333333333333,2847.5236980704058,-1.5408174690681935
0.0333333333333333,2834.0899770887736,-2.2396809167230174
0.0333333333333333,2834.7977405835754,-2.9330587225671367
0.0333333333333333,2843.2761338362625,2.752406081112123
0.0333333333333333,2834.797383087731,-2.896473267976897
0.0333333333333333,2831.965911377568,-0.11245865185378369
0.0333333333333333,2843.2763026747857,2.724200848407817
0.0333333333333333,2842.567997614747,3.4353414411874112
0.0333333333333333,2842.568171119942,3.457389950645985
0.0333333333333333,2843.9838340947126,2.052024198993105
0.0333333333333333,2819.9478018310824,-2.235008845138826
0.0333333333333333,2834.0897234755735,-2.185023863345341
0.0333333333333333,2842.5681471061807,3.443699587000393
0.0333333333333333,2843.2763369078925,2.725351277893715
0.0333333333333333,2842.568340600002,3.416600955430023
0.0333333333333333,2834.0899770887736,-2.2396809167230174
0.0333333333333333,2833.381951382189,-1.5157964392245846
0.0333333333333333,2847.523687760351,-1.5318278461899044
0.0333333333333333,2832.6739765274506,-0.8073260489135353
0.0333333333333333,2842.5681672672517,3.448252635783591
0.0333333333333333,2834.089893232324,-2.2220038518989806
0.0333333333333333,2818.531832567572,-0.8288426090261302
0.0333333333333333,2842.568374191572,3.430335147427577
0.0333333333333333,2842.5681597298826,3.461024893627881
0.0333333333333333,2832.6739963933696,-0.83051223028441
0.0333333333333333,2833.3819591096903,-1.535496099818272
0.0333333333333333,2834.0897774201835,-2.2262373634565735
0.0333333333333333,2832.6740317902136,-0.806526996284646
0.0333333333333333,2834.797914454171,-2.9219274035988008
0.0333333333333333,2843.983979936319,2.0415943789298776
0.0333333333333333,2829.8417624185186,2.0488553234981195
0.0333333333333333,2842.56827123408,3.457040794129253
0.0333333333333333,2830.549708953078,1.3380143968251474
0.0333333333333333,2832.6736216093473,-0.7773220782394759
0.0333333333333333,2829.8420329259066,2.0434126948575253
0.0333333333333333,2843.984196943411,2.0508820617238515
0.0333333333333333,2845.399747428655,0.6404045981420509
0.0333333333333333,2817.1155003206177,0.5946280756059631
0.0333333333333333,2842.5682853222875,3.453959764285445
0.0333333333333333,2843.9843212954056,2.0074322689914155
0.0333333333333333,2818.531832570088,-0.8328327067526308
0.0333333333333333,2833.3820143724533,-1.5346970471893828
0.0333333333333333,2833.3820143724533,-1.5346970471893828
0.0333333333333333,2834.08991409851,-2.220780308758447
0.0333333333333333,2843.98424095841,2.0331796056827
0.0333333333333333,2829.8419992720064,2.023178133964495
0.0333333333333333,2833.381951382189,-1.5157964392245846
0.0333333333333333,2848.232103188905,-2.262967105183941
0.0333333333333333,2834.7979398050943,-2.9446647862568796
0.0333333333333333,2848.2320546806864,-2.2557303539682527
0.0333333333333333,2842.5681814010754,3.4480897542592164
0.0333333333333333,2843.2760985384853,2.7628044972587764
0.0333333333333333,2832.6738877830617,-0.7936649533032496
0.0333333333333333,2848.2321020030263,-2.2569411273700073
0.0333333333333333,2843.2761804764164,2.73766382614469
0.05,2846.10812221856,-0.1227581231925041
0.05,2834.797805823455,-2.905715089411286
0.0333333333333333,2843.276236012959,2.7470458371072244
0.0333333333333333,2832.673988665869,-0.8108125696907226
0.0333333333333333,2832.673195966441,-0.7868331237270436
0.0333333333333333,2830.549943553296,1.3285304162402014
0.0333333333333333,2830.5489779477657,1.3337572935588955
0.0333333333333333,2843.2762434494275,2.739888038233302
0.0333333333333333,2847.524101126056,-1.5582847004584306
0.0333333333333333,2834.0899397122016,-2.2188735917095244
0.0333333333333333,2848.2321020030263,-2.2569411273700073
0.0333333333333333,2830.5500658172905,1.3089882152201993
0.0333333333333333,2831.965877235178,-0.07842411602433398
0.0333333333333333,2831.258084964748,0.6095568881502829
0.0333333333333333,2842.56827497239,3.443874206873116
0.0333333333333333,2848.2320603712988,-2.2591131511935565
0.0333333333333333,2847.524098104516,-1.561887435665081
0.0333333333333333,2832.673113399697,-0.7938177600058178
0.0333333333333333,2832.673933583284,-0.8032418169957037
0.0333333333333333,2847.524089974226,-1.5430954981981049
0.0333333333333333,2832.6740231331055,-0.8124090582141152
0.0333333333333333,2832.6739240713478,-0.8050989068392906
0.0333333333333333,2846.1081358300326,-0.15245239835010116
0.0333333333333333,2842.568252485448,3.4438968584528
0.0333333333333333,2848.2320576899547,-2.269381868865927
0.0333333333333333,2834.7974423232404,-2.91292076585263
0.0333333333333333,2834.7975866495312,-2.9254511639566205
0.0333333333333333,2843.275864349398,2.7454699405233454
0.0333333333333333,2848.2320576899547,-2.269381868865927
0.05,2831.966026265671,-0.09573063047290521
0.0333333333333333,2847.5239988774447,-1.536803067377102
0.0333333333333333,2830.550093127903,1.3156796227905858
0.0333333333333333,2846.108141056022,-0.11563087824512727
0.0333333333333333,2833.381065317975,-1.500247251470678
0.0333333333333333,2832.6739518189515,-0.8043397087270547
0.0333333333333333,2847.524101126056,-1.5582847004584306
0.0333333333333333,2819.239827089113,-1.5319550332495497
0.0333333333333333,2833.3818477891205,-1.4975513777742153
0.05,2832.6735741811062,-0.7855223349143096
0.0333333333333333,2833.3819220098085,-1.5108797681424564
0.0333333333333333,2848.2318319672395,-2.2537029373472226
0.05,2830.5499512584233,1.3270879020444346
0.0333333333333333,2829.1334888321444,2.7312886140214716
0.0333333333333333,2834.089888129169,-2.2294748876280552
0.0333333333333333,2848.2320979178007,-2.256861358983949
0.0333333333333333,2834.797927779445,-2.9465948439014653
0.05,2830.5499508639755,1.3244834246363217
0.0333333333333333,2848.2320979178007,-2.256861358983949
0.0333333333333333,2843.2761804764164,2.73766382614469
0.0333333333333333,2832.6736127614486,-0.7919927148386423
0.0333333333333333,2828.426059407588,3.431274497657671
0.0333333333333333,2834.7976824866396,-2.8944366711962086
0.0333333333333333,2848.2320979178007,-2.256861358983949
0.0333333333333333,2848.2316918360743,-2.2467927554307128
0.0333333333333333,2833.3817880609868,-1.5156396643584573
0.0333333333333333,2846.815867811096,-0.8430634050238187
0.0333333333333333,2848.232105371567,-2.260893131654891
0.0333333333333333,2831.965607397437,-0.08076418244405371
0.0333333333333333,2834.089474155574,-2.213257269490339
0.05,2846.8161538688355,-0.85758255957527
0.0333333333333333,2845.400147647484,0.6145973476203849
0.0333333333333333,2843.9842020978203,2.0381099632884787
0.0333333333333333,2832.6738170619055,-0.7942734107329105
0.0333333333333333,2831.9659952354336,-0.10331062797841492
0.0333333333333333,2834.0897731411205,-2.230324986514022
0.0333333333333333,2842.5683120769745,3.4339050748714284
0.0333333333333333,2830.5494176333264,1.3173688706690914
0.0333333333333333,2833.381845300746,-1.5046189915087498
0.0333333333333333,2848.2320576899547,-2.269381868865927
0.0333333333333333,2848.2319394164033,-2.247144255596902
0.0333333333333333,2843.275864349398,2.7454699405233454
0.0333333333333333,2842.568331942894,3.4107188935005537
0.0333333333333333,2818.5318199371072,-0.8359821933003578
0.0333333333333333,2829.8421337801233,2.016711488039337
0.0333333333333333,2842.5683120769745,3.4339050748714284
0.0333333333333333,2832.673573063906,-0.7931865260631074
0.0333333333333333,2843.2761320388136,2.7405726680132387
0.0333333333333333,2848.9398768356887,-2.96023773878425
0.0333333333333333,2848.2319179308706,-2.2470948814709537
0.0333333333333333,2832.6739877362616,-0.8363942922138793
0.0333333333333333,2844.692187595673,1.3108664310088003
0.0333333333333333,2843.275864349398,2.7454699405233454
0.0333333333333333,2833.3815434494663,-1.524913822657152
0.0333333333333333,2834.0898933029835,-2.223175849910729
0.0333333333333333,2820.655775899778,-2.937137610380377
0.0333333333333333,2834.797875885223,-2.9513459008152383
0.0333333333333333,2833.3815434494663,-1.524913822657152
0.0333333333333333,2832.6739678703425,-0.8132081108430046
0.0333333333333333,2831.965117717721,-0.07606694254759216
0.0333333333333333,2842.568209351388,3.4409127864942732
0.0333333333333333,2818.5316755797526,-0.8236948096406896
0.0333333333333333,2834.7977044663103,-2.9111712740288
0.0333333333333333,2832.673815027827,-0.7954253060778572
0.0333333333333333,2833.3819858494257,-1.5173929277479774
0.0333333333333333,2843.2760255429894,2.7094117795551496
0.0333333333333333,2833.3818951748676,-1.5040193528920918
0.0333333333333333,2831.2572379429685,0.6161346838958284
0.0333333333333333,2829.13374939427,2.7378641636952237
0.0333333333333333,2845.3999783333943,0.6458768230941581
0.0333333333333333,2848.9396068707824,-2.960265362175611
0.0333333333333333,2817.115898477823,0.5752430681121249
0.05,2842.5681283310573,3.45682074184756
0.0333333333333333,2834.7978560193037,-2.9281597194443636
0.0333333333333333,2817.115898477823,0.5752430681121249
0.05,2843.2762964048165,2.7307527755607257
0.0333333333333333,2848.232105371567,-2.260893131654891
0.05,2848.231948696237,-2.2545376172665
0.05,2846.815819740515,-0.827277930947609
0.0333333333333333,2834.0897336023836,-2.2083054931309904
0.0333333333333333,2832.673156866717,-0.7965369905028694
0.0333333333333333,2819.947749345621,-2.2486825077495967
0.0333333333333333,2842.5683120769745,3.4339050748714284
0.0333333333333333,2848.232073334191,-2.2549210083273357
0.0333333333333333,2844.692187595673,1.3108664310088003
0.0333333333333333,2833.3816612168903,-1.5154834248891236
0.0333333333333333,2817.823844455026,-0.12804315103715186
0.0333333333333333,2817.115737857967,0.5917268186679602
0.0333333333333333,2834.797448188455,-2.905204914768899
0.0333333333333333,2830.5497041530475,1.3266677563636788
0.0333333333333333,2818.5317200251557,-0.8121004024161254
0.0333333333333333,2834.089256373939,-2.239807268426699
0.0333333333333333,2833.380512826082,-1.50875234145314
0.0333333333333333,2834.08975959581,-2.2306548751468087
0.0333333333333333,2819.9473313623153,-2.2287517539554544
0.0333333333333333,2834.796897312302,-2.917049303688861
0.0333333333333333,2844.6920427178106,1.3385888963545327
0.0333333333333333,2834.797855133309,-2.9287130203259837
0.0333333333333333,2830.5500834720306,1.3146608384012695
0.0333333333333333,2846.1077590964464,-0.1356472914370589
0.0333333333333333,2842.568158258743,3.448476235200043
0.0333333333333333,2847.52394153996,-1.5463105889774542
0.0333333333333333,2842.5682935675577,3.4363894960541996
0.0333333333333333,2842.5682990525615,3.4368382947669955
0.0333333333333333,2848.2317665447295,-2.254988793150793
0.0333333333333333,2846.107764183497,-0.11161233323775022
0.0333333333333333,2833.381929700668,-1.5187452812584867
0.0333333333333333,2832.6739669843478,-0.8137614117246247
0.0333333333333333,2846.816119232901,-0.8564809099028626
0.0333333333333333,2829.842093892614,2.015791929277259
0.0333333333333333,2842.5682990525615,3.4368382947669955
0.0333333333333333,2817.115761199778,0.5952887765258249
0.0333333333333333,2834.0898924169887,-2.223729150792349
0.0333333333333333,2831.9660089046715,-0.09530690066645488
0.0333333333333333,2817.823895129928,-0.12334146161622546
0.0333333333333333,2832.6738751605885,-0.7798349750017308
0.0333333333333333,2843.9842003464514,2.0372708117721148
0.0333333333333333,2831.258071075413,0.6142849636236776
0.0333333333333333,2833.3819678681098,-1.5320889173268712
0.0333333333333333,2817.823464078024,-0.10297561888289881
0.0333333333333333,2832.6731878981577,-0.7741852620296836
0.0333333333333333,2833.3818075549166,-1.5036178429509321
0.0333333333333333,2832.67397260302,-0.7990024685910682
0.0333333333333333,2842.56833081811,3.435453840957072
0.0333333333333333,2848.231679988346,-2.2396406276495746
0.0333333333333333,2834.0895019101217,-2.2076733084014792
0.0333333333333333,2818.5318330249797,-0.8199224125416067
0.0333333333333333,2832.67397260302,-0.7990024685910682
0.0333333333333333,2832.6738467572895,-0.7898636409021381
0.0333333333333333,2843.984078867628,2.045384954107841
0.0333333333333333,2834.797927779445,-2.9465948439014653
0.0333333333333333,2833.3820023468043,-1.5366271048339686
0.0333333333333333,2834.797817238968,-2.910035087674933
0.0333333333333333,2829.8419839239946,2.0330293703454485
0.0333333333333333,2846.108129997615,-0.1243124539443837
0.0333333333333333,2830.550093575419,1.3185182517030996
0.0333333333333333,2819.239684334632,-1.5203035705738772
0.0333333333333333,2830.549950172528,1.3291562837409316
0.0333333333333333,2829.134027274017,2.7297569756835314
0.0333333333333333,2831.2579116838574,0.6277845704091221
0.0333333333333333,2842.568362165923,3.4284050897829914
0.0333333333333333,2834.797798350142,-2.932120781375687
0.0333333333333333,2844.6921842271327,1.3148184352936838
0.0333333333333333,2845.399993556681,0.6451069098821329
0.05,2845.400154900085,0.6275469950522039
0.0333333333333333,2830.5499514895914,1.3256753182446943
0.0333333333333333,2834.0898303429162,-2.2092320620444736
0.0333333333333333,2832.673874999466,-0.796503078859786
0.0333333333333333,2828.425464465699,3.4230099227964303
0.0333333333333333,2829.841728605004,2.0393113879319484
0.05,2848.232075932936,-2.263598294357884
0.0333333333333333,2819.947789805434,-2.236938902783412
0.0333333333333333,2844.691902346554,1.3255619654579747
0.0333333333333333,2846.1078382381484,-0.12191579250058243
0.0333333333333333,2831.9660089046715,-0.09530690066645488
0.0333333333333333,2819.2396223459846,-1.5177856456504262
0.0333333333333333,2834.0897480111616,-2.209486544896788
0.0333333333333333,2828.4261564475437,3.4218535330368396
0.0333333333333333,2834.08989126005,-2.226964323961072
0.0333333333333333,2834.089912931243,-2.2398994633297367
0.0333333333333333,2830.5499701004933,1.334396498428933
0.0333333333333333,2842.5682758009348,3.4289661713351878
0.0333333333333333,2831.258056291739,0.6135343821692374
0.0333333333333333,2829.8421257749383,2.007192850799913
0.0333333333333333,2829.8419769065526,2.0272048013620774
0.0333333333333333,2847.524130002722,-1.555481263909083
0.0333333333333333,2843.9839554693085,2.0308332240278117
0.0333333333333333,2843.2761098389597,2.7320039685363566
0.0333333333333333,2834.089689260707,-2.2026756589647887
0.0333333333333333,2829.8417259717257,2.022027113436354
0.0333333333333333,2834.7978489795946,-2.937135515638163
0.0333333333333333,2848.2320524555194,-2.268106623057516
0.0333333333333333,2834.0895022696486,-2.2078761037665915
0.0333333333333333,2832.6735768370077,-0.7979083646988673
0.0333333333333333,2834.7976597607767,-2.9038629771109195
0.0333333333333333,2842.56837884034,3.4102826282708705
0.0333333333333333,2832.6735768370077,-0.7979083646988673
0.0333333333333333,2834.7978489795946,-2.937135515638163
0.0333333333333333,2834.797793075295,-2.9253508057553956
0.0333333333333333,2829.1341580618414,2.7069893981900917
0.0333333333333333,2832.6738914750445,-0.8233040763429644
0.0333333333333333,2848.2320588456005,-2.2684558921357496
0.0333333333333333,2842.56837884034,3.4102826282708705
0.0333333333333333,2832.6738024069136,-0.7977037195526988
0.0333333333333333,2834.089904803586,-2.247597349140176
0.0333333333333333,2834.7978706507874,-2.9500706550068276
0.0333333333333333,2834.797712093398,-2.9311656186892905
0.0333333333333333,2833.3819452181465,-1.5401029159393305
0.0333333333333333,2834.0894911075225,-2.2323583955484425
0.0333333333333333,2842.5681961032183,3.4250068206852315
0.0333333333333333,2834.7978489795946,-2.937135515638163
0.0333333333333333,2844.6921765658467,1.3183458992956745
0.0333333333333333,2833.381942087265,-1.542613479606314
0.0333333333333333,2846.816098775566,-0.8258020699224455
0.0333333333333333,2831.258050847447,0.6055084311132675
0.0333333333333333,2843.2762068364514,2.737677671060365
0.0333333333333333,2833.381484175241,-1.5000911123955647
0.0333333333333333,2834.089886263274,-2.232151646104528
0.0333333333333333,2842.5681961032183,3.4250068206852315
0.0333333333333333,2832.6739989540565,-0.8112385419086052
0.0333333333333333,2843.984213849526,2.023329768829309
0.0333333333333333,2842.568138870559,3.461316447023181
0.05,2832.6735046611943,-0.788377743671516
0.0333333333333333,2834.797867519906,-2.952581218673811
0.0333333333333333,2843.2761169842183,2.73964220508483
0.0333333333333333,2842.567928771141,3.4295051604218783
0.0333333333333333,2844.6917697021495,1.3371904926060794
0.0333333333333333,2848.23209700625,-2.2621284495134635
0.0333333333333333,2848.23209700625,-2.2621284495134635
0.0333333333333333,2834.797922782669,-2.9517821660449215
0.0333333333333333,2846.816098775566,-0.8258020699224455
0.0333333333333333,2804.3892823874453,-0.8166575241351153
0.0333333333333333,2842.56835088819,3.4161749832123673
0.0333333333333333,2834.0895022696486,-2.2078761037665915
0.0333333333333333,2848.23209700625,-2.2621284495134635
0.0333333333333333,2848.2320588456005,-2.2684558921357496
0.0333333333333333,2843.9838150600476,2.045987414486855
0.0333333333333333,2830.549905339029,1.327693488760824
0.0333333333333333,2843.276086610356,2.756101120859329
0.0333333333333333,2842.567303884745,3.4390861970341704
0.0333333333333333,2834.0898169076854,-2.233271815410461
0.0333333333333333,2842.567928771141,3.4295051604218783
0.0333333333333333,2846.81598044298,-0.8467139891086991
0.0333333333333333,2832.6732008513327,-0.802135399568084
0.0333333333333333,2845.3998725769043,0.6073557991041084
0.0333333333333333,2834.089960066349,-2.2467982965110593
0.0333333333333333,2834.0895099971494,-2.227575764360279
0.0333333333333333,2832.67392409323,-0.8002708012170296
0.0333333333333333,2833.381539553328,-1.5028922342327293
0.0333333333333333,2831.965852124352,-0.08975106071066671
0.0333333333333333,2834.79687036728,-2.923001302515354
0.0333333333333333,2846.815949578499,-0.8080674710492697
0.0333333333333333,2847.5237992998955,-1.5564321152794451
0.0333333333333333,2832.6737997934947,-0.7949254109378375
0.0333333333333333,2848.232023255699,-2.2453326028340745
0.0333333333333333,2832.6739809625415,-0.7976640860193214
0.0333333333333333,2846.815694805662,-0.826188640510387
0.0333333333333333,2834.797880041946,-2.9348649439197914
0.0333333333333333,2833.3818331218345,-1.5243058631203612
0.0333333333333333,2848.2318024817214,-2.2553580428831967
0.0333333333333333,2831.96584978309,-0.0791282456510174
0.0166666666666666,2844.6921625529794,1.3149740592495178
0.0166666666666666,2847.52406993094,-1.560290371091347
0.0166666666666666,2843.276249750601,2.733028833578511
0.0166666666666666,2843.984068896335,2.042172963660188
0.0166666666666666,2843.276244265597,2.732580034865715
0.0166666666666666,2846.1079985928145,-0.12360691741957097
0.0166666666666666,2843.9842124669217,2.028044964044649
0.0166666666666666,2843.9842124669217,2.028044964044649
0.0166666666666666,2846.1079985928145,-0.12360691741957097
0.0166666666666666,2845.4001252692997,0.6099901897158829
0.0166666666666666,2846.1078727936283,-0.1350263615473669
0.0166666666666666,2844.692175183242,1.323061094510787
0.0166666666666666,2832.6738097392695,-0.8011968039812817
0.0166666666666666,2847.5241123905835,-1.5531787221102125
0.0166666666666666,2843.2761750973946,2.7471962180346616
0.0166666666666666,2846.107742386652,-0.10875421042020762
0.0166666666666666,2846.107875373964,-0.13535564409004663
0.0166666666666666,2846.1078777088624,-0.14794335907855938
0.0166666666666666,2848.2320751069037,-2.2581625916440746
0.0166666666666666,2846.815690673397,-0.8165431439541554
0.0166666666666666,2830.5484089738643,1.3281245531990717
0.0166666666666666,2848.2320751069037,-2.2581625916440746
0.0166666666666666,2832.673510191057,-0.7809502123332474
0.0166666666666666,2846.1078827959127,-0.1239084008792507
0.0166666666666666,2833.38191300427,-1.518954609754144
0.0166666666666666,2829.841655884194,2.0369051141505756
0.0166666666666666,2819.23964242064,-1.5156601961392824
0.0166666666666666,2834.7976463775744,-2.899319604748362
0.0166666666666666,2846.1081146108045,-0.11690974112931904
0.0166666666666666,2846.815838090284,-0.8403395136239088
0.0166666666666666,2834.7977577246597,-2.9342898270749345
0.0166666666666666,2842.5682823561633,3.436628966271111
0.0166666666666666,2842.5678952189664,3.4299071239908256
0.0166666666666666,2831.965941833657,-0.09882655649179617
0.0166666666666666,2832.6735470473504,-0.7994195020977602
0.0166666666666666,2829.8413241061144,2.021817391048736
0.0166666666666666,2846.1081035523976,-0.12559131682857547
0.0166666666666666,2846.1078827959127,-0.1239084008792507
0.0166666666666666,2847.52370743169,-1.5361811882116374
0.0166666666666666,2847.523657236018,-1.5311953835422318
0.0166666666666666,2833.3818307116185,-1.5246730062073939
0.0166666666666666,2833.3815259253347,-1.5186326855679342
0.0166666666666666,2834.088977074606,-2.189010822935304
0.0166666666666666,2846.815838090284,-0.8403395136239088
0.0166666666666666,2842.5682950349005,3.461148014535455
0.0166666666666666,2829.842040783604,2.0331362234888104
0.0166666666666666,2833.3815461585814,-1.497173176639433
0.0166666666666666,2834.089793814222,-2.1947550940777587
0.0166666666666666,2834.0899633461845,-2.2233548197502557
0.0166666666666666,2833.3820006298643,-1.5183709502163938
0.0166666666666666,2817.823743017409,-0.11237778907950731
0.0166666666666666,2831.965954113935,-0.1096868878416617
0.0166666666666666,2848.2320748195184,-2.2601154979430396
0.0166666666666666,2842.568382120176,3.4337261050319015
0.0166666666666666,2832.6738648485493,-0.7777841564104528
0.0166666666666666,2832.6738104656433,-0.7831540387124202
0.0166666666666666,2848.232051755515,-2.2567344177025643
0.0166666666666666,2842.568382120176,3.4337261050319015
0.0166666666666666,2829.1342043383015,2.7132149942649733
0.0166666666666666,2843.2762577512212,2.756164145001593
0.0166666666666666,2847.52370743169,-1.5361811882116374
0.0166666666666666,2846.107875373964,-0.13535564409004663
0.0166666666666666,2843.983790717226,2.042910174249438
0.0166666666666666,2834.0899302984662,-2.237095660358716
0.0166666666666666,2848.232044379578,-2.2664715224683425
0.0166666666666666,2832.67386182951,-0.7953415215516887
0.0166666666666666,2819.947088523173,-2.225869404575888
0.0166666666666666,2829.8419685535678,2.0374596322585226
0.0166666666666666,2845.399246419824,0.6449588646237749
0.0166666666666666,2834.7976823397366,-2.9130307117260488
0.0166666666666666,2831.258056900251,0.603581934041159
0.0166666666666666,2846.815694519698,-0.8262115140083698
0.0166666666666666,2846.8157581336395,-0.8299577802644738
0.0166666666666666,2832.6740127343614,-0.8328646995741738
0.0166666666666666,2846.107875373964,-0.13535564409004663
0.0166666666666666,2832.6731158812413,-0.7898755765590901
0.0166666666666666,2831.9655962940433,-0.08893363108755194
0.0166666666666666,2834.0898846517025,-2.2244340412672843
0.0166666666666666,2848.2317709178615,-2.2591802044029157
0.0166666666666666,2830.5499049601185,1.327619865263623
0.0166666666666666,2834.7978385473084,-2.9341787247178583
0.0166666666666666,2845.4001490826618,0.6160716133291785
0.0166666666666666,2842.5682679209517,3.4467687610004294
0.0166666666666666,2846.1081558903043,-0.1343859504871635
0.0166666666666666,2842.568323291613,3.409460702143771
0.0166666666666666,2834.0899045176216,-2.247620222638159
0.0166666666666666,2832.6735765510434,-0.7979312381970775
0.0166666666666666,2833.3817503452074,-1.4935845690247243
0.0166666666666666,2832.674033803892,-0.8368467823306391
0.0166666666666666,2842.568378010524,3.410266403383794
0.0166666666666666,2843.9838147740834,2.045964540988872
0.0166666666666666,2846.8161212711343,-0.8480846061664725
0.0166666666666666,2830.5499925260524,1.3268369142793117
0.0166666666666666,2829.842027307678,2.036914852410651
0.0166666666666666,2833.381911735108,-1.505353783981709
0.0166666666666666,2848.2317775848296,-2.245647156237161
0.0166666666666666,2842.568323291613,3.409460702143771
0.0166666666666666,2843.276230637272,2.7417848914665672
0.0166666666666666,2843.984223650021,2.0260393523966753
0.0166666666666666,2829.13400672089,2.71804864987904
0.0166666666666666,2848.232121957279,-2.2516201121210973
0.0166666666666666,2834.089471668175,-2.1844760936692094
0.0166666666666666,2830.5500997790496,1.326756745117696
0.0166666666666666,2829.841046040505,2.0545818516075163
0.0166666666666666,2834.0899850173773,-2.2362899591189205
0.0166666666666666,2829.842029809732,2.031820783813174
0.0166666666666666,2846.1081614611794,-0.11036726160634167
0.0166666666666666,2846.1081504027725,-0.1190488373055981
0.0166666666666666,2829.84211455181,2.0107812203140343
0.0166666666666666,2833.381809819798,-1.5278442524783147
0.0166666666666666,2847.5240863223535,-1.5656561906888473
0.0166666666666666,2817.823848640042,-0.13224045152940295
0.0166666666666666,2844.692156069913,1.3318171523990707
0.0166666666666666,2834.0899592365326,-2.2468145213983632
0.0166666666666666,2832.67397135748,-0.8179528229769747
0.0166666666666666,2843.2762356501066,2.735837339432736
0.0166666666666666,2848.232014308294,-2.2594895270138022
0.0166666666666666,2829.1340740525757,2.718340468848576
0.0166666666666666,2846.8159778221175,-0.8341491476181692
0.0166666666666666,2846.8161707437935,-0.8521769353328157
0.0166666666666666,2842.568179102672,3.4213902653022172
0.0166666666666666,2834.7978168761156,-2.9212435853491936
0.0166666666666666,2847.52406325835,-1.5622751104481447
0.0166666666666666,2831.9658303927595,-0.08234787380387391
0.0166666666666666,2834.0899592365326,-2.2468145213983632
0.0166666666666666,2830.550035565358,1.3146071838873559
0.0166666666666666,2831.258045924839,0.5920149160907496
0.0166666666666666,2848.2320259746703,-2.267258979982007
0.0166666666666666,2846.8159852440663,-0.8227019044073732
0.0166666666666666,2834.7975746097422,-2.946175483523158
0.0166666666666666,2842.5682585248373,3.4216516154914296
0.0166666666666666,2833.3819201301085,-1.529701213735632
0.0166666666666666,2842.568378010524,3.410266403383794
0.0166666666666666,2831.965960997999,-0.09536055518014112
0.0166666666666666,2846.8161707437935,-0.8521769353328157
0.0166666666666666,2842.5683563393313,3.4232015427524587
0.0166666666666666,2843.9838147740834,2.045964540988872
0.0166666666666666,2832.6735765510434,-0.7979312381970775
0.0166666666666666,2832.6735765510434,-0.7979312381970775
0.0333333333333333,2831.2579115720487,0.6188504333526368
0.0166666666666666,2828.426189002211,3.4178559531338992
0.0166666666666666,2833.3814680224364,-1.4833564956745042
0.0166666666666666,2832.6738160138834,-0.7801497284903481
0.0166666666666666,2817.115915607387,0.5845094390347848
0.0166666666666666,2848.2321178720535,-2.251540343735039
0.0166666666666666,2843.9842204675415,2.051180275467731
0.0166666666666666,2843.2762614309513,2.746361901712179
0.0166666666666666,2842.568284305682,3.4321761777708724
0.0166666666666666,2847.523889724019,-1.5250072779139423
0.0166666666666666,2845.4001490826618,0.6160716133291785
0.0166666666666666,2848.2319842718985,-2.2584491468748236
0.0166666666666666,2846.107999594902,-0.10914809866264327
0.0166666666666666,2834.0897601117945,-2.2333776167425983
0.0166666666666666,2832.6735522159456,-0.798001963109198
0.0166666666666666,2832.673166060658,-0.8037336832565546
0.0166666666666666,2847.524013974427,-1.545775592759042
0.0166666666666666,2846.1079917938177,-0.12210889370814434
0.0166666666666666,2834.089875830988,-2.2291948551842236
0.0166666666666666,2834.0897130615276,-2.1985684385585866
0.0166666666666666,2834.0899045176216,-2.247620222638159
0.0166666666666666,2848.232014308294,-2.2594895270138022
0.0166666666666666,2843.276221241158,2.716667745957795
0.0166666666666666,2842.5682785564168,3.425776921753138
0.0166666666666666,2834.089501277023,-2.23306898451541
0.0166666666666666,2832.673751548745,-0.7948351535973662
0.0166666666666666,2833.381539267364,-1.5029151077307121
0.0166666666666666,2833.381539267364,-1.5029151077307121
0.0166666666666666,2832.6735590103635,-0.7939175006214141
0.0166666666666666,2833.3819965202124,-1.5418306518645013
0.0166666666666666,2834.7977029527615,-2.9175945994833343
0.0166666666666666,2848.232064731753,-2.2624677566344933
0.0166666666666666,2843.276086231445,2.756027497362128
0.0166666666666666,2834.797687313302,-2.915774708754659
0.0166666666666666,2846.8153544040433,-0.8327790725971159
0.0166666666666666,2848.23201930507,-2.254302204870346
0.0166666666666666,2846.8160673132898,-0.8269228253824671
0.0166666666666666,2834.7977060080516,-2.930509208687264
0.0166666666666666,2833.3817789689756,-1.5221139756509197
0.0166666666666666,2832.673930616284,-0.8026051866386675
0.0166666666666666,2831.9652350563406,-0.09476476892398643
0.0166666666666666,2829.8419685535678,2.0374596322585226
0.0166666666666666,2832.6739971383245,-0.8074282606975319
0.0166666666666666,2833.382022301057,-1.5313060895850585
0.0166666666666666,2844.69206127622,1.3340682604797636
0.0166666666666666,2833.3815288118494,-1.490326447912719
0.0166666666666666,2834.0897628286357,-2.2194719742226803
0.0166666666666666,2846.1081195688835,-0.12038526100550868
0.0166666666666666,2848.232044174364,-2.2490447331204177
0.0166666666666666,2829.841700175756,2.040941086643405
0.0166666666666666,2832.673871625883,-0.7837575008305562
0.0166666666666666,2842.568382120176,3.4337261050319015
0.0166666666666666,2818.5318373253235,-0.826693869543694
0.0166666666666666,2842.568403791369,3.4207909656632367
0.0166666666666666,2832.673609457788,-0.7797795122454358
0.0166666666666666,2831.966096868416,-0.12133835051733421
0.0166666666666666,2834.089471668175,-2.1844760936692094
0.0166666666666666,2834.0899302984662,-2.237095660358716
0.0166666666666666,2829.8417061761506,2.0455277453249514
0.0166666666666666,2829.8412797966107,2.041332817789063
0.0166666666666666,2829.841959673378,2.033006241009351
0.0166666666666666,2832.673821971049,-0.7827938839769027
0.0166666666666666,2842.5682576216545,3.451058869173368
0.0166666666666666,2829.8410240479916,2.0483332067299864
0.0166666666666666,2833.382022301057,-1.5313060895850585
0.0166666666666666,2833.3818411023894,-1.5006832121109428
0.0166666666666666,2844.69203324718,1.3591422349862108
0.0166666666666666,2842.5683830073003,3.41545372552725
0.0166666666666666,2830.54939123177,1.3242306426950639
0.0166666666666666,2834.7969815142224,-2.895340760234719
0.0166666666666666,2832.673928711096,-0.7951571025705471
0.0166666666666666,2847.5232422611084,-1.5111173778733296
0.0166666666666666,2833.3817693239507,-1.4871354141896427
0.0166666666666666,2831.9659678999637,-0.09762131710480537
0.0166666666666666,2848.232097087985,-2.2568775838710255
0.0166666666666666,2847.52413845689,-1.5519734827232217
0.0166666666666666,2832.6735139102107,-0.7799649374783166
0.0166666666666666,2834.7974557530893,-2.914460045880003
0.0166666666666666,2830.549979074944,1.3226133756029694
0.0166666666666666,2830.550101221433,1.3118016421150474
0.0166666666666666,2833.381952086715,-1.508133836020174
0.0166666666666666,2844.692126596342,1.3384337183539283
0.0166666666666666,2844.6921525900248,1.3419357153950835
0.0166666666666666,2833.381902062881,-1.5211328113517006
0.0166666666666666,2847.524068255126,-1.5570877883046885
0.0166666666666666,2832.673796386736,-0.7939439247461829
0.0166666666666666,2842.568239848637,3.4289802066278483
0.0166666666666666,2834.7976648383096,-2.9428480590024435
0.0166666666666666,2847.5237351073943,-1.523653243522583
0.0166666666666666,2833.381939070576,-1.5177493703671532
0.0166666666666666,2834.0898591565715,-2.2110723936721026
0.0166666666666666,2829.841675950106,2.03352369485602
0.0166666666666666,2844.6921660795238,1.331056922508696
0.0166666666666666,2846.8159629841703,-0.8055341808169199
0.0166666666666666,2830.549900694441,1.3253717933029825
0.0166666666666666,2842.5678887467566,3.4509858286764916
0.0166666666666666,2830.550042467323,1.3123464219626917
0.0166666666666666,2831.2580774136795,0.6030391436591171
0.0166666666666666,2832.67384641502,-0.7896733055361933
0.0166666666666666,2847.523796073965,-1.5224340507870404
0.0166666666666666,2820.6549017885723,-2.924553242340863
0.0333333333333333,2829.84175545031,2.038654605824095
0.0333333333333333,2831.96601900806,-0.09144948736462478
0.0166666666666666,2843.2761379438284,2.746457434364797
0.0166666666666666,2830.549210764557,1.3280026768173423
0.0166666666666666,2848.2321087543614,-2.2646470368392304
0.0166666666666666,2843.2763240524278,2.7234049953620527
0.0333333333333333,2829.8421304115823,2.0206634923242204
0.0166666666666666,2847.52413845689,-1.5519734827232217
0.0166666666666666,2833.381476626531,-1.4849488070121788
0.0333333333333333,2831.2580558442232,0.6106957532567237
0.0166666666666666,2830.5494100289934,1.3108511798317466
0.0166666666666666,2847.523716060843,-1.5273432768050927
0.0166666666666666,2834.79778579275,-2.9222907173122414
0.0166666666666666,2832.673930616284,-0.8026051866386675
0.0166666666666666,2846.1080935385626,-0.1306205315478614
0.0166666666666666,2834.797877519356,-2.9181015750878982
0.0166666666666666,2831.2579996307645,0.6056145226597968
0.0166666666666666,2833.381902062881,-1.5211328113517006
0.0166666666666666,2829.8420797510025,2.017330291496554
0.0166666666666666,2833.381926932158,-1.514262849589966
0.0166666666666666,2834.7978218728917,-2.9160562632057374
0.0166666666666666,2846.8161033934316,-0.820688371275963
0.0166666666666666,2830.5497152913445,1.326768576860587
0.0166666666666666,2830.549976228509,1.3243698661806602
0.0166666666666666,2829.841736698534,2.03543340725641
0.0166666666666666,2848.2320233902956,-2.2543819732564043
0.0166666666666666,2831.257921183272,0.6184692352568577
0.0166666666666666,2831.257552397428,0.6237683474829036
0.0166666666666666,2848.232099098489,-2.2656658212285468
0.0166666666666666,2832.6739987433266,-0.8061993500286635
0.0166666666666666,2832.6738391658428,-0.7913948146366279
0.0166666666666666,2846.1080100718714,-0.10269182036606103
0.0166666666666666,2834.089964233309,-2.241627199254907
0.0166666666666666,2834.0899148030353,-2.213117705554036
0.0166666666666666,2834.0897977970176,-2.2167380848167966
0.0166666666666666,2830.5500882052943,1.302186107768068
0.0166666666666666,2832.6739987433266,-0.8061993500286635
0.0166666666666666,2834.089878187333,-2.2305165455153544
0.0166666666666666,2834.089471184217,-2.214052206424765
0.0166666666666666,2833.3819294147042,-1.5187681547564695
0.0333333333333333,2830.5500834720306,1.3146608384012695
0.0166666666666666,2834.0898799926063,-2.2202655035131444
0.0166666666666666,2819.9466604592703,-2.212201006166907
0.0166666666666666,2833.3819294147042,-1.5187681547564695
0.0166666666666666,2832.6739666983835,-0.8137842852228349
0.0166666666666666,2831.9658262625885,-0.0838480008681396
0.0166666666666666,2846.816118946937,-0.8565037834008454
0.0166666666666666,2828.4257793842216,3.439022024786614
0.0166666666666666,2831.9659007181917,-0.0891287413489581
0.0166666666666666,2817.115885167446,0.5781534145094819
0.0166666666666666,2843.9837837356035,2.05796709358542
0.0166666666666666,2844.692042431847,1.3385660228563225
0.0166666666666666,2842.568120008856,3.437489114818
0.0166666666666666,2819.2398332927437,-1.5237165398349533
0.0166666666666666,2834.0895354920303,-2.217074075578819
0.0166666666666666,2831.2578508245565,0.6198743582940173
0.0166666666666666,2844.692046506298,1.3370180031264696
0.0166666666666666,2833.3819294147042,-1.5187681547564695
0.0166666666666666,2846.8161240339873,-0.8324688252015368
0.0166666666666666,2834.0898921310245,-2.2237520242903317
0.0166666666666666,2843.2758614681684,2.7552133444645746
0.0166666666666666,2848.2320550690924,-2.256817027375397
0.0166666666666666,2848.23209921734,-2.2616891606718275
0.0166666666666666,2848.2321011732106,-2.256957352257084
0.0166666666666666,2834.089942562116,-2.2286920598862423
0.0166666666666666,2830.5499772948624,1.3232477039123578
0.0166666666666666,2832.6738488217147,-0.7903760302473115
0.0166666666666666,2846.1079990134645,-0.11137339606531746
0.0166666666666666,2843.2763448364963,2.7287422354980393
0.0166666666666666,2832.6740101544633,-0.7978127263505526
0.0166666666666666,2834.0896395110485,-2.2204837654015934
0.0166666666666666,2833.3818805281753,-1.5182807182447677
0.0166666666666666,2846.1081579839233,-0.12673852188774468
0.0166666666666666,2848.2317779251416,-2.2627811196169807
0.0166666666666666,2829.8416952441085,2.029532689938283
0.0166666666666666,2846.816118946937,-0.8565037834008454
0.0166666666666666,2829.842043626221,2.0359816983207395
0.0166666666666666,2847.5240758354134,-1.529016576373095
0.0166666666666666,2831.257960996145,0.6217758762398089
0.0166666666666666,2829.841731741395,2.029983155555658
0.0166666666666666,2817.8238783262236,-0.12446452822535055
0.0166666666666666,2831.965874213654,-0.08262108635257188
0.0166666666666666,2831.965886974771,-0.08687113124063923
0.0333333333333333,2829.841756389215,2.046022317240104
0.0166666666666666,2830.5498939590693,1.3240750531440049
0.0166666666666666,2843.2761050288086,2.7599848949862906
0.0166666666666666,2830.549976228509,1.3243698661806602
0.0166666666666666,2834.797901598706,-2.923873686130463
0.0166666666666666,2843.9840535852704,2.053942319145607
0.0166666666666666,2819.238736635468,-1.5008696265704484
0.0333333333333333,2833.3817922504263,-1.5011717608227524
0.0166666666666666,2843.275857054546,2.7741973591067097
0.0166666666666666,2834.089893017019,-2.2231987234087116
0.0166666666666666,2843.276274507331,2.7288983318395834
0.0166666666666666,2848.940020120311,-2.974388611897772
0.0166666666666666,2832.6738554687945,-0.8216250650861073
0.0166666666666666,2843.276274507331,2.7288983318395834
0.0166666666666666,2831.9656129897267,-0.07247865359100115
0.0166666666666666,2832.6739320796364,-0.7991091068554306
0.0166666666666666,2834.0898575122774,-2.209076845923155
0.0166666666666666,2834.797787563689,-2.938911610397753
0.0166666666666666,2831.965969363316,-0.09412523732156845
0.0166666666666666,2847.5238325763507,-1.5606578630441763
0.0166666666666666,2848.2320730970696,-2.2612324387759206
0.0166666666666666,2843.276274507331,2.7288983318395834
0.0166666666666666,2843.9842372236517,2.0239144623057213
0.0166666666666666,2844.692194731658,1.322290800721386
0.0166666666666666,2848.232112122902,-2.268599041124114
0.0166666666666666,2834.0896437667134,-2.2427081491911283
0.0166666666666666,2843.2762727020577,2.7186472898373735
0.0166666666666666,2831.9658275904344,-0.08109986598127765
0.0166666666666666,2842.5679791450807,3.4309738112918424
0.0166666666666666,2848.23121136421,-2.254649850721083
0.0166666666666666,2842.568306582697,3.437242409322745
0.0166666666666666,2834.089893017019,-2.2231987234087116
0.0166666666666666,2832.6738428424155,-0.8221669774722048
0.0166666666666666,2834.797816860057,-2.9101087111719064
0.0166666666666666,2819.2383553272703,-1.5233492517258294
0.0166666666666666,2847.5241460380407,-1.5596631673053682
0.0166666666666666,2829.1341661411943,2.7082018425506815
0.0333333333333333,2830.5492692437933,1.3290260096530833
0.0333333333333333,2830.5492692437933,1.3290260096530833
0.0166666666666666,2829.8421066310625,2.0128358358834815
0.0166666666666666,2847.523689112173,-1.5372819197190128
0.0166666666666666,2848.2320550690924,-2.256817027375397
0.0166666666666666,2829.841940812578,2.0278683787998566
0.0166666666666666,2834.089893017019,-2.2231987234087116
0.0166666666666666,2848.2320457376145,-2.261635289395705
0.0166666666666666,2828.426197367528,3.419091270992472
0.0166666666666666,2833.381942439117,-1.5217013746520367
0.0166666666666666,2834.79771518466,-2.915408656703346
0.0166666666666666,2847.5236811521777,-1.5503204966060966
0.0166666666666666,2848.940020120311,-2.974388611897772
0.0166666666666666,2832.673815611223,-0.7861092252492108
0.0333333333333333,2848.2318134956477,-2.258371158657462
0.0166666666666666,2843.9842372236517,2.0239144623057213
0.0166666666666666,2846.108164255621,-0.13315063262859084
0.0166666666666666,2843.9842017189094,2.0380363397912777
0.0166666666666666,2833.381539198518,-1.5071501365292876
0.0166666666666666,2842.568183380749,3.4431696168352586
0.0166666666666666,2834.089860276539,-2.2090796304232665
0.0166666666666666,2856.7103542059376,3.419107017786176
0.0166666666666666,2832.6735616933192,-0.797104371683088
0.0166666666666666,2842.5674298450217,3.46385761683806
0.0166666666666666,2834.79785573334,-2.9281825929425738
0.0333333333333333,2832.6738423384395,-0.7887338985076979
0.0166666666666666,2829.84210978403,1.9995079975777683
0.0166666666666666,2846.107904972307,-0.1277096200754987
0.0166666666666666,2843.9842372236517,2.0239144623057213
0.0166666666666666,2833.381930300699,-1.5182148538748494
0.0166666666666666,2844.6919253618858,1.3249993562091291
0.0166666666666666,2848.9395949184423,-2.952518782705389
0.0166666666666666,2848.2319739365116,-2.2478966751657
0.0166666666666666,2846.816186690261,-0.8586313020563896
0.0166666666666666,2846.81617910911,-0.850941617474243
0.0166666666666666,2843.984221928879,2.024542213189899
0.0166666666666666,2848.940020120311,-2.974388611897772
0.0166666666666666,2848.2320343399874,-2.2660236621234344
0.0166666666666666,2832.673548563882,-0.7995794068298326
0.0166666666666666,2847.524069478293,-1.5296242450947086
0.0166666666666666,2848.2310868867094,-2.2516942524265753
0.0166666666666666,2833.3819031952703,-1.5041014371979509
0.0166666666666666,2829.841940812578,2.0278683787998566
0.0166666666666666,2847.5240923527717,-1.551833157841762
0.0166666666666666,2846.10789059144,-0.11001143431164415
0.0166666666666666,2843.276283164439,2.7347803937690527
0.0166666666666666,2834.797864390448,-2.9223005310131045
0.0166666666666666,2834.0897405769806,-2.1961296546512497
0.0166666666666666,2817.8238695678037,-0.12787171071675135
0.0166666666666666,2846.8157287653526,-0.8134078469225788
0.0333333333333333,2843.983866605614,2.0531670186162314
0.0166666666666666,2842.56833165693,3.4106960200023435
0.0166666666666666,2834.0897544884388,-2.2091434978887152
0.0166666666666666,2847.524141825431,-1.5559254870081052
0.0166666666666666,2834.797820228598,-2.91406071545679
0.0166666666666666,2834.7977314103177,-2.939439211155002
0.0166666666666666,2820.655749966965,-2.937091461393851
0.0166666666666666,2847.52409834537,-1.5372363097668458
0.0166666666666666,2833.3819868586097,-1.5158305806739636
0.0166666666666666,2842.568196355282,3.428983198250445
0.0166666666666666,2842.568317989041,3.4391942457518185
0.0166666666666666,2847.52409468767,-1.5644208728302746
0.0166666666666666,2834.089501914839,-2.21213400606315
0.0166666666666666,2834.0898575122774,-2.209076845923155
0.0166666666666666,2846.816106761972,-0.8246403755608465
0.0166666666666666,2833.381758710524,-1.4923492511661516
0.0166666666666666,2829.8421421341436,2.022428718650777
0.0166666666666666,2848.2320797148814,-2.2586073352935703
0.0166666666666666,2848.231629336522,-2.2525514829927635
0.0166666666666666,2846.8160784578463,-0.8387096145938524
0.0166666666666666,2843.9840584163126,2.038590712865381
0.0166666666666666,2843.2762489928014,2.752756962510192
0.0166666666666666,2834.089777581291,-2.2280977265314847
0.0166666666666666,2843.2758578660955,2.7629763040006754
0.0166666666666666,2843.2762492694915,2.756565969172515
0.0166666666666666,2845.399965405895,0.6520895454100804
0.0166666666666666,2846.816102145072,-0.8358324809140559
0.0166666666666666,2846.107989599954,-0.12170825475938722
0.0166666666666666,2845.4000994706466,0.6202575756112744
0.0166666666666666,2845.400071257374,0.6181886158318431
0.0166666666666666,2846.8154050379526,-0.8451111606074658
0.0166666666666666,2846.815702185587,-0.8401374481494405
0.0166666666666666,2848.2320797148814,-2.2586073352935703
0.0166666666666666,2834.79785573334,-2.9281825929425738
0.0166666666666666,2832.6738361522102,-0.802589505502863
0.0166666666666666,2819.2396773486353,-1.518950558735827
0.0166666666666666,2831.9658947138005,-0.09003136209171726
0.0166666666666666,2843.2762692990173,2.73225853978911
0.0166666666666666,2842.5679169845744,3.4539037861531154
0.0166666666666666,2834.797586363567,-2.9254740374548307
0.0166666666666666,2832.6735727779424,-0.7932093995613175
0.0166666666666666,2833.3812775337187,-1.514578147842127
0.0166666666666666,2832.673987450298,-0.8364171657120895
0.0166666666666666,2848.2320550690924,-2.256817027375397
0.0166666666666666,2834.089718983697,-2.1950216204031587
0.0166666666666666,2834.79785573334,-2.9281825929425738
0.0166666666666666,2832.673842747083,-0.8228865754575853
0.0166666666666666,2845.4001271515504,0.6280686007237812
0.0166666666666666,2842.567904787895,3.4503465404638076
0.0166666666666666,2833.382013542637,-1.5347132720764594
0.0166666666666666,2844.6919766731166,1.325242533732144
0.0166666666666666,2834.7978555697337,-2.9270613449298164
0.0166666666666666,2842.568176489363,3.4521693796213198
0.0166666666666666,2833.3818157874107,-1.5037325735767242
0.0166666666666666,2832.6738863525156,-0.7922930329318378
0.0166666666666666,2843.276252672532,2.742954719220778
0.0166666666666666,2845.399965646021,0.6243576296416106
0.0166666666666666,2842.568315239805,3.443124471252214
0.0166666666666666,2833.3818157874107,-1.5037325735767242
0.0166666666666666,2834.089508004554,-2.226402466625939
0.0166666666666666,2833.381964112364,-1.5062037783755882
0.0166666666666666,2833.3819371525333,-1.5225838339475901
0.0166666666666666,2834.089723096663,-2.185097486842542
0.0166666666666666,2831.965868917284,-0.08811486463799863
0.0166666666666666,2833.381938957807,-1.5123327919453802
0.0166666666666666,2833.3819918714444,-1.5217781327077946
0.0166666666666666,2833.381814408465,-1.5236956619984428
0.0166666666666666,2831.9658732946077,-0.07309169534083094
0.0166666666666666,2843.983833808749,2.052001325495122
0.0166666666666666,2843.983833808749,2.052001325495122
0.0166666666666666,2830.550126723008,1.309953070837565
0.0166666666666666,2832.6739762414863,-0.8073489224117455
0.0166666666666666,2843.2763030303586,2.711594212398178
0.0166666666666666,2845.4001586831378,0.6117417499064245
0.0166666666666666,2842.5681467975483,3.4614650698552385
0.0166666666666666,2832.673837712906,-0.7932936968917491
0.0166666666666666,2832.6735730008877,-0.7927976842889964
0.0166666666666666,2848.2321091136337,-2.25494752622644
0.0166666666666666,2834.089921540047,-2.240502842850117
0.0166666666666666,2831.9656544679283,-0.08371540033815017
0.0166666666666666,2818.5318322841244,-0.8328555802506136
0.0166666666666666,2846.816195347369,-0.8527492401269203
0.0166666666666666,2846.8161356290498,-0.8322524402329837
0.0166666666666666,2834.797864390448,-2.9223005310131045
0.0166666666666666,2846.815866068853,-0.8292049118248234
0.0166666666666666,2832.673943089449,-0.797836500081568
0.0166666666666666,2844.69220859708,1.3248126547013286
0.0166666666666666,2834.0899016741273,-2.2173166614792423
0.0166666666666666,2834.089690696251,-2.201134184238233
0.0166666666666666,2832.673943089449,-0.797836500081568
0.0166666666666666,2843.984230585987,2.030424275119368
0.0166666666666666,2832.673853352924,-0.8188836411069477
0.0166666666666666,2834.797938975278,-2.944681011143956
0.0166666666666666,2832.6735815757584,-0.8130591656646519
0.0166666666666666,2846.10815270276,-0.11377444409774248
0.0166666666666666,2831.9659799256124,-0.09569125946021961
0.0166666666666666,2847.523695449543,-1.528252627577891
0.0166666666666666,2843.276283164439,2.7347803937690527
0.0166666666666666,2834.0895150229,-2.222497227168458
0.0166666666666666,2843.984230585987,2.030424275119368
0.0166666666666666,2842.567933310922,3.433042421022402
0.0166666666666666,2833.3815301494174,-1.5061194948570007
0.0166666666666666,2846.815733764761,-0.8347103480565384
0.0166666666666666,2844.691766052431,1.3370452723675024
0.0166666666666666,2843.9839023981076,2.0469291179247833
0.0166666666666666,2834.089921540047,-2.240502842850117
0.0166666666666666,2847.523695449543,-1.528252627577891
0.0166666666666666,2831.9659449513333,-0.11121905190813686
0.0166666666666666,2844.691902504354,1.3476287828257676
0.0166666666666666,2834.0895143092866,-2.221030752800641
0.0166666666666666,2843.2762489928014,2.752756962510192
0.0166666666666666,2843.275886584625,2.764583962019228
0.0166666666666666,2833.381958823726,-1.5355189733162549
0.0166666666666666,2832.6740013960434,-0.8012199088419534
0.0166666666666666,2845.4001358086584,0.6339506626532505
0.0166666666666666,2842.567933310922,3.433042421022402
0.0166666666666666,2834.089921540047,-2.240502842850117
0.0166666666666666,2834.0898442774546,-2.224905040984339
0.0166666666666666,2830.5499202487226,1.3330046542086698
0.0166666666666666,2832.6739883799046,-0.8108354431889327
0.0166666666666666,2843.983978561126,2.0369197419708156
0.0166666666666666,2831.258017209292,0.6092926100734152
0.0166666666666666,2834.0895182994477,-2.225951604727368
0.0166666666666666,2843.276158291295,2.72476977529882
0.0166666666666666,2842.568332586537,3.4362777425255002
0.0166666666666666,2842.568199593635,3.429381439952432
0.0166666666666666,2833.3818071374694,-1.5034141964039351
0.0166666666666666,2846.108022955544,-0.11923179555798569
0.0166666666666666,2833.381761040671,-1.4908663945459844
0.0166666666666666,2842.568320448119,3.4397642633026875
0.0166666666666666,2843.2762678696668,2.7354081446532303
0.0166666666666666,2848.2320543947226,-2.2557532274662355
0.0166666666666666,2834.0899016741273,-2.2173166614792423
0.0166666666666666,2832.673996107406,-0.8305351037826202
0.0166666666666666,2833.381958823726,-1.5355189733162549
0.0166666666666666,2831.965881055702,-0.09160138541518588
0.0166666666666666,2834.0897895585435,-2.225710742224135
0.0166666666666666,2843.276132005596,2.74074858402778
0.0166666666666666,2832.6739730434024,-0.8271540235419176
0.0166666666666666,2833.3819510962253,-1.5158193127225674
0.0166666666666666,2834.797884256367,-2.945486712383979
0.0166666666666666,2831.2580759634025,0.608747830225771
0.0166666666666666,2846.1080321923264,-0.11446521267850229
0.0166666666666666,2842.568340314038,3.416578081931813
0.0166666666666666,2834.7978611923636,-2.9421056321432766
0.0166666666666666,2846.8157306518506,-0.8309832316473295
0.0166666666666666,2833.381562892728,-1.5235190094869155
0.0166666666666666,2842.568331461975,3.4282561215749423
0.0166666666666666,2842.5679071900645,3.4502867080313093
0.0166666666666666,2847.5240618672065,-1.5403656114289954
0.0166666666666666,2843.9842092514555,2.035896780770189
0.0166666666666666,2842.5681699541624,3.4397557646746453
0.0166666666666666,2846.1077126423124,-0.12135417024807438
0.0333333333333333,2831.2580667453103,0.6046041899507515
0.0166666666666666,2843.276246535135,2.7408806503040513
0.0166666666666666,2842.567935948877,3.423107699104004
0.0166666666666666,2846.8157314870914,-0.8310978379273511
0.0166666666666666,2832.6739872553426,-0.8188570641394907
0.0166666666666666,2832.6739872553426,-0.8188570641394907
0.0166666666666666,2834.797857780882,-2.9307709506764583
0.0166666666666666,2848.2318004903186,-2.255193576610387
0.0166666666666666,2843.276276554873,2.726309974105699
0.0166666666666666,2842.568319323557,3.4317426423521296
0.0166666666666666,2843.2758699063847,2.7453028384976745
0.0166666666666666,2843.276282039877,2.7267587728184948
0.0166666666666666,2847.523887246657,-1.5543020362430955
0.0166666666666666,2832.6739872553426,-0.8188570641394907
0.0166666666666666,2834.797937850716,-2.952702632094514
0.0166666666666666,2843.2758699063847,2.7453028384976745
0.0166666666666666,2843.98398376944,2.033559534021289
0.0166666666666666,2834.0894919588964,-2.2191161469279828
0.0166666666666666,2832.673558371047,-0.7839462573911457
0.0166666666666666,2842.568175364801,3.444147758670762
0.0166666666666666,2834.0899126879835,-2.2288248032069875
0.0166666666666666,2833.3819499716633,-1.5238409336731253
0.0166666666666666,2834.7974582200136,-2.9260219558431233
0.0166666666666666,2846.8158750576777,-0.8452258375428902
0.0166666666666666,2842.568331461975,3.4282561215749423
0.0333333333333333,2843.27623073419,2.744087858737749
0.0166666666666666,2846.8158750576777,-0.8452258375428902
0.0166666666666666,2843.2761288133356,2.736240564797116
0.0166666666666666,2834.0899126879835,-2.2288248032069875
0.0166666666666666,2831.9660565839654,-0.10628825941145714
0.0166666666666666,2834.7974495698227,-2.9150831983719288
0.0166666666666666,2834.0895178815476,-2.2088032184270903
0.0166666666666666,2833.3819499716633,-1.5238409336731253
0.0166666666666666,2847.524149357977,-1.5580650460291938
0.0166666666666666,2834.0899126879835,-2.2288248032069875
0.0166666666666666,2846.8157314870914,-0.8310978379273511
0.0166666666666666,2832.6735735592792,-0.803618110547757
0.0166666666666666,2842.568319323557,3.4317426423521296
0.0166666666666666,2846.8161696651796,-0.864087993438594
0.0166666666666666,2846.815731608661,-0.8312903789945868
0.0166666666666666,2846.8158750576777,-0.8452258375428902
0.0166666666666666,2842.568319323557,3.4317426423521296
0.0166666666666666,2834.7978812408696,-2.916254145754001
0.0166666666666666,2846.108140519791,-0.13047764074755683
0.0166666666666666,2843.984235935483,2.0170140893676933
0.0166666666666666,2846.8158750576777,-0.8452258375428902
0.0166666666666666,2834.7978580575723,-2.9269619440141357
0.0166666666666666,2831.9657867117694,-0.10270446189017002
0.0166666666666666,2847.5240680078855,-1.561972734028237
0.0166666666666666,2848.231885634826,-2.2427174258976867
0.0166666666666666,2848.231372741703,-2.255987353031327
0.0166666666666666,2848.231885634826,-2.2427174258976867
0.0166666666666666,2834.797883131805,-2.953508333334537
0.0166666666666666,2843.2761324257363,2.744361586663582
0.0166666666666666,2842.568393908387,3.409362162221278
0.0166666666666666,2843.276282039877,2.7267587728184948
0.0166666666666666,2848.2320981131074,-2.2674556310707406
0.0166666666666666,2834.7976472458445,-2.9000007007496063
0.0166666666666666,2829.84206720456,2.021969781333164
0.0166666666666666,2848.2320905319566,-2.259765946488594
0.0166666666666666,2834.089953592055,-2.244435793486417
0.0166666666666666,2848.2320981131074,-2.2674556310707406
0.0166666666666666,2847.5240806778756,-1.5632774627769013
0.0166666666666666,2834.08970741705,-2.1961897106466406
0.0166666666666666,2846.8157114620312,-0.8175608892851106
0.0166666666666666,2834.797661802627,-2.900922959592881
0.0166666666666666,2832.673918069842,-0.7979656968020572
0.0166666666666666,2834.797889624348,-2.930536971617556
0.0166666666666666,2832.673080081172,-0.7821206732857056
0.0166666666666666,2843.9840433032878,2.053422355740212
0.0166666666666666,2832.67353963391,-0.7933268630164437
0.0166666666666666,2834.7976709099885,-2.9008305662575733
0.0166666666666666,2846.8161650993156,-0.8497982074208696
0.0166666666666666,2844.6921859301774,1.3200740028252327
0.0166666666666666,2828.426183357733,3.4202346810458453
0.0166666666666666,2816.4079928218703,1.2821562770736743
0.0166666666666666,2831.257387461792,0.6030331726784823
0.0166666666666666,2834.797806218803,-2.9129173054034165
0.0166666666666666,2848.2320905319566,-2.259765946488594
0.0166666666666666,2834.7978329028306,-2.9317999968059123
0.0166666666666666,2834.797883131805,-2.953508333334537
0.0166666666666666,2843.98421086125,2.0435604786880948
0.0166666666666666,2847.524122726797,-1.5611670327882141
0.0166666666666666,2847.5240680078855,-1.561972734028237
0.0166666666666666,2845.3997201056463,0.6228590649017419
0.0166666666666666,2845.399723904497,0.6385996633001937
0.0166666666666666,2848.2320981131074,-2.2674556310707406
0.0166666666666666,2843.984187709115,2.039179749844651
0.0166666666666666,2843.984055233285,2.0348544989120922
0.0166666666666666,2848.2320383947877,-2.2469588311765767
0.0166666666666666,2833.3817964478194,-1.5057658639726812
0.0166666666666666,2842.568226196332,3.4429130348058714
0.0166666666666666,2829.8420728271903,2.0069254941197037
0.0166666666666666,2844.69177906648,1.3389185961356376
0.0166666666666666,2843.2761889126527,2.7379291652722366
0.0166666666666666,2830.5500346725034,1.3077813371534908
0.0166666666666666,2820.6556857142477,-2.930127273915131
0.0166666666666666,2834.089093753705,-2.20505985876355
0.0166666666666666,2834.089843502483,-2.2079334358697817
0.0166666666666666,2847.5240552789737,-1.547308667547686
0.0166666666666666,2834.089733054659,-2.230208951810065
0.0166666666666666,2846.8160927521776,-0.8234969655074731
0.0166666666666666,2833.38152246076,-1.525018671600617
0.0166666666666666,2834.7978118414335,-2.9279615926168767
0.0166666666666666,2834.7979163083755,-2.949419663020052
0.0166666666666666,2846.1078907990163,-0.13695899893456598
0.0166666666666666,2834.7976756135636,-2.8999046240271493
0.0166666666666666,2843.984187709115,2.039179749844651
0.0166666666666666,2832.6735503339846,-0.7975363361650923
0.0166666666666666,2832.6738876107343,-0.8216941181794655
0.0166666666666666,2834.797667210183,-2.8998947185634645
0.0166666666666666,2831.965955353521,-0.09298182726819508
0.0166666666666666,2832.6738236871815,-0.7950318046860998
0.0166666666666666,2842.5683723660463,3.41264513129574
0.0166666666666666,2832.673854626701,-0.7950629707282628
0.0166666666666666,2847.5241353967867,-1.5624717615368784
0.0166666666666666,2834.79762594972,-2.907222196351474
0.0333333333333333,2834.797795626172,-2.913070304919473
0.0166666666666666,2834.797853861963,-2.9305257036663876
0.0333333333333333,2834.7978675148483,-2.930575943823041
0.0166666666666666,2842.5681749177297,3.4459852482476903
0.0166666666666666,2833.381757563405,-1.4942785603409356
0.0166666666666666,2833.3819499716633,-1.5238409336731253
0.0166666666666666,2834.797827761144,-2.9162002744778786
0.0166666666666666,2847.5241272447734,-1.553569866242839
0.0166666666666666,2846.8161142945182,-0.8267799345819351
0.0166666666666666,2846.8158750576777,-0.8452258375428902
0.0166666666666666,2842.5679071900645,3.4502867080313093
0.0166666666666666,2834.0894963392066,-2.2055202493526282
0.0166666666666666,2843.275466791439,2.747045710947224
0.0166666666666666,2848.2320905319566,-2.259765946488594
0.0166666666666666,2847.5240500327213,-1.552206697954052
0.0166666666666666,2843.2761889126527,2.7379291652722366
0.0166666666666666,2834.7979146528123,-2.949563519967313
0.0166666666666666,2843.275882044803,2.7418163177204873
0.0166666666666666,2833.3819499716633,-1.5238409336731253
0.0166666666666666,2843.9842232138567,2.0250578723590946
0.0166666666666666,2843.276117048519,2.74397720044126
0.0166666666666666,2830.549885504704,1.3289802576098373
0.0166666666666666,2843.276111330467,2.745807066161116
0.0166666666666666,2847.524127815636,-1.5547820769547318
0.0166666666666666,2834.797806218803,-2.9129173054034165
0.0166666666666666,2829.8421056374063,2.023594780283834
0.0166666666666666,2833.381736380335,-1.4887069604403587
0.0166666666666666,2842.568292296212,3.4345768127137957
0.0166666666666666,2834.08970741705,-2.1961897106466406
0.0166666666666666,2830.5498994580776,1.3136853498089827
0.0166666666666666,2842.568226196332,3.4429130348058714
0.0166666666666666,2842.568226196332,3.4429130348058714
0.0166666666666666,2847.524055468498,-1.5284808350413353
0.0166666666666666,2834.0890323176104,-2.1892441050841875
0.0166666666666666,2847.524127815636,-1.5547820769547318
0.0166666666666666,2833.3818253954964,-1.5040044832103094
0.0166666666666666,2834.7979146528123,-2.949563519967313
0.0166666666666666,2832.674026503851,-0.8346119113659543
0.0166666666666666,2845.3999871505653,0.6228941834948741
0.0166666666666666,2834.7977684830985,-2.9192956164571817
0.0166666666666666,2846.107308052342,-0.12130032851360127
0.0166666666666666,2847.524048377158,-1.5523505549013132
0.0166666666666666,2831.9659560506625,-0.09773513937106293
0.0166666666666666,2842.568319323557,3.4317426423521296
0.0166666666666666,2831.257805038025,0.6042889392698685
0.0166666666666666,2842.568314115243,3.4351028503016563
0.0166666666666666,2847.524077010839,-1.5317638041157973
0.0166666666666666,2831.258088314766,0.596947580353145
0.0166666666666666,2846.8157250355052,-0.8304447816498087
0.0166666666666666,2843.276105615432,2.739379676924317
0.0166666666666666,2833.381859790868,-1.5251217183740382
0.0166666666666666,2832.673848726762,-0.8048018386194943
0.0166666666666666,2834.797697155904,-2.9031875931016113
0.0166666666666666,2846.8158750576777,-0.8452258375428902
0.0166666666666666,2845.4001575585758,0.6037201289558666
0.0166666666666666,2834.797863265886,-2.9303221519636624
0.0166666666666666,2834.0899126879835,-2.2288248032069875
0.0166666666666666,2843.2758699063847,2.7453028384976745
0.0166666666666666,2831.9658351229805,-0.0832394250023663
0.0166666666666666,2846.108174452677,-0.14400497779512633
0.0166666666666666,2843.2758699063847,2.7453028384976745
0.0166666666666666,2842.5681702679663,3.4454218432548727
0.0166666666666666,2842.5682838188145,3.4458645198379134
0.0166666666666666,2834.0899126879835,-2.2288248032069875
0.0166666666666666,2842.568393908387,3.409362162221278
0.0166666666666666,2846.1077623191845,-0.12546091211594657
0.0166666666666666,2832.6739872553426,-0.8188570641394907
0.0166666666666666,2843.276250021259,2.7251370710287564
0.0166666666666666,2843.984212737579,2.020153201494894
0.0166666666666666,2833.381869734485,-1.5282105687919532
0.0166666666666666,2828.4262085410955,3.40990917248385
0.0166666666666666,2832.6737026687147,-0.8317408570175192
0.0166666666666666,2818.531807959142,-0.83374799134747
0.0166666666666666,2832.6739770735776,-0.8061024176653104
0.0166666666666666,2834.7978929816195,-2.9366283805986484
0.0166666666666666,2834.7978929816195,-2.9366283805986484
0.0166666666666666,2847.524133741224,-1.5626156184841395
0.0166666666666666,2843.9841910663863,2.033088340863559
0.0166666666666666,2829.1341444184905,2.715106954564722
0.0166666666666666,2844.692140293208,1.3389832642163122
0.0166666666666666,2847.5240386693026,-1.5372264993017946
0.0166666666666666,2843.2762233372314,2.744019762431252
0.0166666666666666,2846.8161567887128,-0.8410958306958012
0.0166666666666666,2842.5682387289803,3.427293374974461
0.0166666666666666,2833.381747612582,-1.5014291042096297
0.0166666666666666,2834.0899320705726,-2.2213934690628037
0.0166666666666666,2846.8157870929986,-0.8298958120680303
0.0166666666666666,2829.134105185381,2.7222003387641585
0.0166666666666666,2842.5683490392903,3.4254364137171436
0.0166666666666666,2843.9842744719313,2.0154686746496466
0.0166666666666666,2833.3817450009656,-1.5121312874610262
0.0166666666666666,2834.7975260509006,-2.9345015522712194
0.0166666666666666,2847.5239333025015,-1.5293154605695836
0.0166666666666666,2842.568370710483,3.412501274348479
0.0166666666666666,2842.5682245407693,3.4427691778586103
0.0166666666666666,2833.381911437257,-1.5370204018991367
0.0166666666666666,2843.9840957388064,2.0300037670098035
0.0166666666666666,2848.2320300722567,-2.2606357362895926
0.0166666666666666,2834.79787295004,-2.940753686860357
0.0166666666666666,2842.568393908387,3.409362162221278
0.0166666666666666,2834.089920415485,-2.248524463800675
0.0166666666666666,2829.8421363900607,2.0010784139957307
0.0166666666666666,2846.8158750576777,-0.8452258375428902
0.0166666666666666,2834.089747323024,-2.215856490451179
0.0166666666666666,2846.1080436339225,-0.12198248398555378
0.0166666666666666,2842.568319323557,3.4317426423521296
0.0166666666666666,2846.8157314870914,-0.8310978379273511
0.0166666666666666,2843.276105615432,2.739379676924317
0.0166666666666666,2843.2763067427763,2.7264000962171124
0.0166666666666666,2820.655725644499,-2.941973970217208
0.0166666666666666,2834.08972412512,-2.212717378323978
0.0166666666666666,2846.8157250355052,-0.8304447816498087
0.0166666666666666,2847.5236877518255,-1.5354286511836708
0.0166666666666666,2843.276138081121,2.739163889137127
0.0166666666666666,2846.8157314870914,-0.8310978379273511
0.0166666666666666,2834.0899302652992,-2.2316445110650136
0.0166666666666666,2848.2320888763934,-2.259909803435855
0.0166666666666666,2842.5682606209107,3.4490036319651143
0.0166666666666666,2832.674026503851,-0.8346119113659543
0.0166666666666666,2847.5241220748476,-1.5548461655159347
0.0166666666666666,2829.8413191693853,2.0274530398634343
0.0166666666666666,2833.3819892201714,-1.5395957808998164
0.0166666666666666,2817.823841340001,-0.13000558056471806
0.0166666666666666,2842.568370710483,3.412501274348479
0.0166666666666666,2833.381511394742,-1.5026640626459882
0.0166666666666666,2832.6739164142787,-0.7981095537493184
0.0166666666666666,2847.524133741224,-1.5626156184841395
0.0166666666666666,2843.276333426804,2.7075174048146167
0.0166666666666666,2832.674006637932,-0.8114257299950796
0.0166666666666666,2843.2762700528383,2.729262377290465
0.0166666666666666,2843.2762233372314,2.744019762431252
0.0166666666666666,2846.8161048797215,-0.8427187865689721
0.0166666666666666,2843.9842124669217,2.028044964044649
0.0166666666666666,2843.9838003334294,2.0465890297238287
0.0166666666666666,2843.984068896335,2.042172963660188
0.0166666666666666,2843.9842124669217,2.028044964044649
0.0166666666666666,2844.6920316126557,1.337189094126326
0.0166666666666666,2844.692169698238,1.322612295797991
0.0166666666666666,2843.2762445422873,2.736389041528038
0.0166666666666666,2843.2758897723043,2.7221166571268
0.0166666666666666,2834.0897206286472,-2.1992220591337084
0.0166666666666666,2819.9477565922034,-2.2508449402688955
0.0166666666666666,2846.108236316847,-0.13556104000685745
0.0166666666666666,2844.692175183242,1.323061094510787
0.0166666666666666,2845.400132691249,0.6214374329266789
0.0166666666666666,2848.9399836972048,-2.9624886571906393
0.0166666666666666,2848.232060006716,-2.2648713900051978
0.0166666666666666,2829.841999727475,2.019996654279926
0.0166666666666666,2843.276282039877,2.7267587728184948
0.0166666666666666,2842.568372237194,3.4222973015899427
0.0166666666666666,2842.5679071900645,3.4502867080313093
0.0166666666666666,2832.6738432965867,-0.8064519478208584
0.0166666666666666,2846.1077623191845,-0.12546091211594657
0.0166666666666666,2832.6739872553426,-0.8188570641394907
0.0166666666666666,2845.3997580553464,0.6303512298963155
0.0166666666666666,2842.56833580731,3.4269563387013466
0.0166666666666666,2842.568319323557,3.4317426423521296
0.0166666666666666,2848.2318004903186,-2.255193576610387
0.0166666666666666,2834.089975134396,-2.247718762560879
0.0166666666666666,2847.524099885318,-1.5539727168628505
0.0166666666666666,2842.568339189476,3.408556460981255
0.0166666666666666,2834.089513412369,-2.2320601247100855
0.0166666666666666,2846.8158750576777,-0.8452258375428902
0.0166666666666666,2848.94000244348,-2.941731543183522
0.0166666666666666,2831.2573146814066,0.6069349465199786
0.0166666666666666,2847.5236942034117,-1.5360817074612132
0.0166666666666666,2842.5682527515078,3.4336825136975784
0.0166666666666666,2842.5681749177297,3.4459852482476903
0.0166666666666666,2848.2320418725335,-2.268163221144523
0.0166666666666666,2846.108140519791,-0.13047764074755683
0.0166666666666666,2832.6739872553426,-0.8188570641394907
0.0166666666666666,2846.108174452677,-0.14400497779512633
0.0166666666666666,2833.3819499716633,-1.5238409336731253
0.0166666666666666,2829.8421363900607,2.0010784139957307
0.0166666666666666,2846.8158750576777,-0.8452258375428902
0.0166666666666666,2818.5318606934416,-0.8301614737430498
0.0166666666666666,2834.797827761144,-2.9162002744778786
0.0166666666666666,2833.381957699164,-1.5435405942668128
0.0166666666666666,2834.7978333429314,-2.916205897132377
0.0166666666666666,2843.9842124669217,2.028044964044649
0.0166666666666666,2846.8161048797215,-0.8427187865689721
0.0166666666666666,2846.1081421634008,-0.13773491703510998
0.0166666666666666,2831.9655612528763,-0.07689575432918139
0.0166666666666666,2832.6738074060695,-0.8171846053824462
0.0166666666666666,2848.232022124861,-2.2621261571039395
0.0166666666666666,2833.381914887488,-1.534122449985754
0.0166666666666666,2834.0899553867234,-2.2416816985202956
0.0166666666666666,2844.692175183242,1.323061094510787
0.0166666666666666,2844.692031734225,1.3369965530590904
0.0166666666666666,2843.984068896335,2.042172963660188
0.0166666666666666,2848.23161817887,-2.2341424599572894
0.0166666666666666,2846.8161048797215,-0.8427187865689721
0.0166666666666666,2846.1081421634008,-0.13773491703510998
0.0166666666666666,2844.6921625529794,1.3149740592495178
0.0166666666666666,2843.2762445422873,2.736389041528038
0.0166666666666666,2848.939726869036,-2.960013098422329
0.0166666666666666,2848.2320994582383,-2.256943382099232
0.0166666666666666,2831.9656891811824,-0.09409201884890683
0.0166666666666666,2843.9838028500553,2.0472843115197987
0.0166666666666666,2843.9840720576603,2.043199154503692
0.0166666666666666,2847.5240675960417,-1.5477026561028342
0.0166666666666666,2843.984207258608,2.0314051719941757
0.0166666666666666,2848.2320209808845,-2.257504787656777
0.0166666666666666,2830.549891112878,1.3286072125601627
0.0166666666666666,2848.2320923266248,-2.2570118515224724
0.0166666666666666,2830.5500280678584,1.3105438929282704
0.0166666666666666,2847.524132192047,-1.5384151654367972
0.0166666666666666,2843.276336877035,2.7104153567279994
0.0166666666666666,2829.1341447157542,2.731332744783818
0.0166666666666666,2832.6732758554435,-0.8003762991131604
0.0166666666666666,2831.258055091168,0.6067632733157966
0.0166666666666666,2834.0899126879835,-2.2288248032069875
0.0166666666666666,2842.568319323557,3.4317426423521296
0.0166666666666666,2846.8158750576777,-0.8452258375428902
0.0166666666666666,2847.5236910093804,-1.5340475282706538
0.0166666666666666,2842.568339189476,3.408556460981255
0.0166666666666666,2834.0899126879835,-2.2288248032069875
0.0166666666666666,2846.8161142945182,-0.8267799345819351
0.0166666666666666,2847.524099885318,-1.5539727168628505
0.0166666666666666,2843.2762478682394,2.7447353415596343
0.0166666666666666,2833.381937833245,-1.520354412895938
0.0166666666666666,2830.5500533684094,1.3062548586567195
0.0166666666666666,2843.98421058456,2.039751472025772
0.0166666666666666,2842.5679071900645,3.4502867080313093
0.0166666666666666,2842.56817575297,3.4458706419676686
0.0166666666666666,2842.568319323557,3.4317426423521296
0.0166666666666666,2842.568319323557,3.4317426423521296
0.0166666666666666,2834.0898289646816,-2.2174508590505204
0.0166666666666666,2842.5679193284827,3.446800187254122
0.0166666666666666,2842.568319323557,3.4317426423521296
0.0166666666666666,2833.381776736098,-1.4991674060679452
0.0166666666666666,2833.381937833245,-1.520354412895938
0.0166666666666666,2842.568331461975,3.4282561215749423
0.0166666666666666,2846.8161371689976,-0.8489888473289885
0.0166666666666666,2842.568175364801,3.444147758670762
0.0166666666666666,2834.0896745252444,-2.1955242493210583
0.0166666666666666,2833.3816450866725,-1.5305597199910985
0.0166666666666666,2831.965145950896,-0.0865770124216204
0.0166666666666666,2832.6737744439383,-0.791382344332798
0.0166666666666666,2845.3999345155476,0.6360033318638781
0.0166666666666666,2843.276237422928,2.7259258750973436
0.0166666666666666,2832.673838750927,-0.7901790944116369
0.0166666666666666,2831.2579967845736,0.6101466820759546
0.0166666666666666,2844.6920316126557,1.337189094126326
0.0166666666666666,2843.9842124669217,2.028044964044649
0.0166666666666666,2844.692175183242,1.323061094510787
0.0166666666666666,2848.2320999077756,-2.264701536104619
0.0333333333333333,2831.965866758583,-0.08086595459218128
0.0166666666666666,2829.841972056462,2.027076262464239
0.0166666666666666,2834.0899337155306,-2.228746559151631
0.0333333333333333,2829.8419886389443,2.036464532502978
0.0166666666666666,2844.692175183242,1.323061094510787
0.0166666666666666,2843.9838003334294,2.0465890297238287
0.0166666666666666,2847.52406993094,-1.560290371091347
0.0166666666666666,2846.1081369171484,-0.14263294744147614
0.0166666666666666,2843.984207258608,2.0314051719941757
0.0166666666666666,2844.6920316126557,1.337189094126326
0.0166666666666666,2843.984197172149,2.0286727149288266
0.0166666666666666,2843.984206981918,2.027596165331853
0.0166666666666666,2834.7970826790793,-2.910506190874781
0.0166666666666666,2834.0897158678476,-2.190705278377882
0.0166666666666666,2834.7977753485625,-2.935014105378258
0.0166666666666666,2848.2320999077756,-2.264701536104619
0.0166666666666666,2848.9397385354123,-2.967782551390534
0.0166666666666666,2829.8421431344527,2.012952383461453
0.0166666666666666,2832.6738683152817,-0.795502406741406
0.0166666666666666,2833.3811403412838,-1.5005214228820989
0.0166666666666666,2833.3819499716633,-1.5238409336731253
0.0166666666666666,2843.276282039877,2.7267587728184948
0.0166666666666666,2832.673852228362,-0.8269052620575056
0.0166666666666666,2846.8158750576777,-0.8452258375428902
0.0166666666666666,2847.524099885318,-1.5539727168628505
0.0166666666666666,2830.5499208579813,1.326715624101107
0.0166666666666666,2832.6739751169243,-0.8153705433623034
0.0166666666666666,2847.524099885318,-1.5539727168628505
0.0166666666666666,2842.568319323557,3.4317426423521296
0.0166666666666666,2834.797863265886,-2.9303221519636624
0.0166666666666666,2829.8421363900607,2.0010784139957307
0.0166666666666666,2832.6740002714814,-0.8092415297925113
0.0166666666666666,2833.3819499716633,-1.5238409336731253
0.0166666666666666,2842.568339189476,3.408556460981255
0.0166666666666666,2842.568331461975,3.4282561215749423
0.0166666666666666,2833.3818060129074,-1.511435817354493
0.0166666666666666,2842.568313838553,3.4312938436393337
0.0166666666666666,2848.2321079890717,-2.2629691471769977
0.0166666666666666,2834.089920415485,-2.248524463800675
0.0166666666666666,2842.568319323557,3.4317426423521296
0.0166666666666666,2833.3819499716633,-1.5238409336731253
0.0166666666666666,2845.4001575585758,0.6037201289558666
0.0166666666666666,2819.239823409762,-1.535145343276912
0.0166666666666666,2843.276282039877,2.7267587728184948
0.0166666666666666,2847.523692261915,-1.5282603968188286
0.0166666666666666,2834.7978754043042,-2.9338086727408497
0.0166666666666666,2846.8160965810716,-0.8266152766088619
0.0166666666666666,2845.4001575585758,0.6037201289558666
0.0166666666666666,2834.7978600678016,-2.9501272530938345
0.0166666666666666,2842.568313838553,3.4312938436393337
0.0166666666666666,2847.5236877518255,-1.5354286511836708
0.0166666666666666,2847.524099885318,-1.5539727168628505
0.0166666666666666,2833.3819499716633,-1.5238409336731253
0.0166666666666666,2832.673847979944,-0.8055150619001213
0.0166666666666666,2834.7978754043042,-2.9338086727408497
0.0166666666666666,2843.2763019057966,2.70357259144762
0.0166666666666666,2834.089488416073,-2.2067942167506205
0.0166666666666666,2845.3997454250834,0.6222641946350463
0.0166666666666666,2834.0899126879835,-2.2288248032069875
0.0166666666666666,2833.3819499716633,-1.5238409336731253
0.0166666666666666,2834.0899126879835,-2.2288248032069875
0.0166666666666666,2846.108174452677,-0.14400497779512633
0.0166666666666666,2842.5679071900645,3.4502867080313093
0.0166666666666666,2834.0899005495653,-2.2253382824298003
0.0166666666666666,2834.0898289646816,-2.2174508590505204
0.0166666666666666,2834.7977247373055,-2.916266926443666
0.0166666666666666,2831.257989316239,0.6024733201216558
0.0166666666666666,2847.5236877518255,-1.5354286511836708
0.0166666666666666,2844.691795400507,1.3389958350107023
0.0166666666666666,2846.815731608661,-0.8312903789945868
0.0166666666666666,2842.568319323557,3.4317426423521296
0.0166666666666666,2834.089776456729,-2.2361193474820427
0.0166666666666666,2842.568319323557,3.4317426423521296
0.0166666666666666,2846.8158750576777,-0.8452258375428902
0.0166666666666666,2847.524099885318,-1.5539727168628505
0.0166666666666666,2845.4001575585758,0.6037201289558666
0.0166666666666666,2842.568319323557,3.4317426423521296
0.0166666666666666,2834.0897172054983,-2.188751173568553
0.0166666666666666,2843.276343477147,2.710953978374228
0.0166666666666666,2842.568270671254,3.4524402055247254
0.0166666666666666,2829.134154468834,2.718543528124333
0.0166666666666666,2831.2572540836904,0.6193512606311231
0.0166666666666666,2832.673783509247,-0.7811963192393614
0.0333333333333333,2831.2580652621045,0.6140072055872594
0.0166666666666666,2831.9660434364046,-0.09971257372464515
0.0166666666666666,2831.258001031981,0.6152947588777897
0.0166666666666666,2845.3997486826383,0.6236453175480633
0.0166666666666666,2834.7978754043042,-2.9338086727408497
0.0166666666666666,2842.568331461975,3.4282561215749423
0.0166666666666666,2842.568175364801,3.444147758670762
0.0166666666666666,2833.381537838171,-1.5052968679939456
0.0166666666666666,2847.524099885318,-1.5539727168628505
0.0166666666666666,2834.089741190904,-2.2147710328496375
0.0166666666666666,2846.816097669702,-0.8365755091765261
0.0166666666666666,2847.5238377739984,-1.5502097070767522
0.0166666666666666,2846.8158750576777,-0.8452258375428902
0.0166666666666666,2834.797614665129,-2.9487373352013835
0.0166666666666666,2834.7978446333213,-2.9241952649896463
0.0166666666666666,2831.9659637483014,-0.0896891106558451
0.0166666666666666,2831.965875306029,-0.09555378369567531
0.0166666666666666,2830.5500153830794,1.307468488618563
0.0166666666666666,2847.524143791567,-1.5591790449245284
0.0166666666666666,2834.089452154749,-2.188117177086033
0.0166666666666666,2834.0890194411836,-2.188802709396557
0.0333333333333333,2831.2580540452655,0.6140185045500772
0.0166666666666666,2843.276234720679,2.7513110272464463
0.0333333333333333,2831.96601631407,-0.09380399389629869
0.0333333333333333,2831.965871897894,-0.08180964808576331
0.0166666666666666,2831.965826378091,-0.08379519248459621
0.0166666666666666,2848.231897150295,-2.2156979254370697
0.0166666666666666,2847.524136210416,-1.5514893603423818
0.0166666666666666,2845.4000577993306,0.6295237816742159
0.0166666666666666,2830.5498984479673,1.3258559156838223
0.0166666666666666,2832.674016688275,-0.8079891564354684
0.0166666666666666,2843.2755952195994,2.7326818653406764
0.0166666666666666,2830.550040220849,1.3128305443435315
0.0166666666666666,2847.5240400434454,-1.526877480196816
0.0166666666666666,2847.5239194689075,-1.5351509343955658
0.0166666666666666,2842.5681336988323,3.453924632768941
0.0166666666666666,2831.965941856371,-0.11139936764649883
0.0166666666666666,2831.2570893053453,0.6278289361476447
0.0333333333333333,2829.8417450230277,2.0439965294346534
0.0166666666666666,2834.0899403156423,-2.2282079375054025
0.0166666666666666,2831.257858681471,0.6242158939766872
0.0166666666666666,2843.276308316455,2.73476791062928
0.0166666666666666,2843.984231608637,2.0283505889714446
0.0333333333333333,2833.381734172135,-1.4878155034290903
0.0166666666666666,2828.426191752513,3.4235273976581952
0.0166666666666666,2843.276234720679,2.7513110272464463
0.0166666666666666,2844.691467431187,1.3404502018387685
0.0166666666666666,2843.2758537807526,2.7256799084724674
0.0166666666666666,2842.567372462567,3.460680882220208
0.0166666666666666,2846.816173494096,-0.8465054908085197
0.0166666666666666,2832.673861736549,-0.7927020974479719
0.0166666666666666,2834.797903031963,-2.9331918070390373
0.0166666666666666,2845.399985451103,0.6442484526126457
0.0166666666666666,2833.381796275423,-1.5044913117470857
0.0166666666666666,2818.5318180120016,-0.8343015155143595
0.0166666666666666,2831.258075167206,0.603523266039957
0.0166666666666666,2831.9658624409917,-0.0752433760182976
0.0333333333333333,2831.9651659031438,-0.07650158679866448
0.0166666666666666,2842.5683022220824,3.4134427849002362
0.0166666666666666,2843.2762450724836,2.731645096737476
0.0166666666666666,2846.8156956728053,-0.837845645088115
0.0166666666666666,2848.231756264472,-2.251361706989761
0.0166666666666666,2834.797903031963,-2.9331918070390373
0.0166666666666666,2843.276263407313,2.732885659792511
0.0166666666666666,2834.0897642316086,-2.2101623783743323
0.0166666666666666,2848.2320948415113,-2.2563934614901857
0.0166666666666666,2834.0891896978515,-2.2382467945343305
0.0166666666666666,2829.134171997797,2.730186819894934
0.0166666666666666,2834.0894764449754,-2.227173800791104
0.0166666666666666,2846.815838090284,-0.8403395136239088
0.0166666666666666,2846.815694519698,-0.8262115140083698
0.0166666666666666,2847.524024899813,-1.535479287510014
0.0166666666666666,2842.5682768711595,3.436180167558315
0.0166666666666666,2843.984226123633,2.0279017902586487
0.0166666666666666,2834.7978622567434,-2.9272329870540377
0.0166666666666666,2832.673783953634,-0.7901267184472923
0.0166666666666666,2817.823851343318,-0.12657617791972103
0.0166666666666666,2843.2763167931193,2.7298366697767236
0.0166666666666666,2831.9659637483014,-0.0896891106558451
0.0166666666666666,2842.568300690992,3.4378695293261456
0.0166666666666666,2834.089961986835,-2.241143076874067
0.0166666666666666,2834.0890936959076,-2.201758627688721
0.0166666666666666,2842.568317386861,3.437682820383711
0.0166666666666666,2831.25806169128,0.607301894962025
0.0166666666666666,2844.692124073178,1.3351088340724455
0.0166666666666666,2832.673783953634,-0.7901267184472923
0.0166666666666666,2843.9840878717428,2.0457660224409677
0.0166666666666666,2834.089907267924,-2.241948778113863
0.0166666666666666,2829.1340098609517,2.7327937163642178
0.0166666666666666,2830.549272369463,1.3122553772958065
0.0166666666666666,2846.1078880042264,-0.12726860882877744
0.0166666666666666,2831.9655093505808,-0.08244287826112409
0.0166666666666666,2831.257837373364,0.6174290319585983
0.0166666666666666,2832.6739580154504,-0.8336704008141967
0.0166666666666666,2832.673012104374,-0.7822001598555551
0.0166666666666666,2847.5240421888193,-1.5582930276916793
0.0166666666666666,2847.5240509095065,-1.5524614242051868
0.0166666666666666,2846.107731803377,-0.12122764447450762
0.0166666666666666,2846.107742386652,-0.10875421042020762
0.0166666666666666,2832.6736305707063,-0.7994352843765474
0.0166666666666666,2834.0898834480913,-2.2436381398816936
0.0166666666666666,2846.107875373964,-0.13535564409004663
0.0166666666666666,2832.673142394804,-0.7895610749662789
0.0166666666666666,2846.1077349647026,-0.12020145363100354
0.0166666666666666,2848.2320508037146,-2.255641083919518
0.0166666666666666,2832.6739283698103,-0.8021210642578277
0.0166666666666666,2831.96596565349,-0.09713719472396554
0.0166666666666666,2842.568235924217,3.4500604426738044
0.0166666666666666,2831.257924008928,0.6282549063253191
0.0166666666666666,2834.7978202362137,-2.9246688760045267
0.0166666666666666,2820.6557118750093,-2.9402267584254274
0.0166666666666666,2844.6919825649625,1.353135592326725
0.0166666666666666,2834.08987572059,-2.223938479288006
0.0166666666666666,2833.3817752419245,-1.5018224096032897
0.0166666666666666,2847.52402430588,-1.5477938328168925
0.0166666666666666,2831.2565120276286,0.6118315548277987
0.0166666666666666,2833.3818982948715,-1.5187177343519922
0.0166666666666666,2833.381765374269,-1.5002270744112516
0.0166666666666666,2833.3819009454746,-1.5059394987976495
0.0166666666666666,2831.965791459591,-0.08168183733112269
0.0166666666666666,2847.5240660086524,-1.5566036659238487
0.0166666666666666,2843.2758742808905,2.7449501202712057
0.0166666666666666,2846.107742386652,-0.10875421042020762
0.0166666666666666,2832.6737652745787,-0.790468423786289
0.0166666666666666,2843.2762450724836,2.731645096737476
0.0166666666666666,2846.107742386652,-0.10875421042020762
0.0166666666666666,2845.3997129677796,0.6343187729188698
0.0166666666666666,2848.2320751069037,-2.2581625916440746
0.0166666666666666,2832.673783533081,-0.7843934858810735
0.0166666666666666,2843.984130391766,2.0307651052900035
0.0166666666666666,2847.5240456660754,-1.5419217674102763
0.0166666666666666,2829.133725690108,2.7338517002550775
0.0166666666666666,2834.0897175879572,-2.2187734373545824
0.0166666666666666,2832.6739049974935,-0.8009717971131446
0.0166666666666666,2842.5680331058575,3.4171195404886943
0.0166666666666666,2847.5240346076685,-1.5506033431095327
0.0166666666666666,2829.8418182378628,2.0060177722617594
0.0166666666666666,2820.6557118750093,-2.9402267584254274
0.0166666666666666,2846.107875373964,-0.13535564409004663
0.0166666666666666,2832.673806329193,-0.801565623901877
0.0166666666666666,2833.38191300427,-1.518954609754144
0.0166666666666666,2832.6737277302586,-0.790608072908005
0.0166666666666666,2831.2578382556435,0.6164960224186492
0.0166666666666666,2834.089392254774,-2.1960409929601403
0.0166666666666666,2833.38191300427,-1.518954609754144
0.0166666666666666,2842.5681921111377,3.4407101066095223
0.0166666666666666,2833.381571339733,-1.517211736492044
0.0166666666666666,2842.5682157841143,3.4385688376165597
0.0166666666666666,2843.2762979861213,2.722199755975062
0.0166666666666666,2846.107872709454,-0.12664085794459978
0.0166666666666666,2846.815701149784,-0.8395852263730522
0.0166666666666666,2845.4001280131315,0.6200536960856439
0.0166666666666666,2846.8157062368346,-0.8155502681737435
0.0166666666666666,2848.23161817887,-2.2341424599572894
0.0166666666666666,2842.568281549277,3.43756390439935
0.0166666666666666,2844.692175183242,1.323061094510787
0.0166666666666666,2843.9842124669217,2.028044964044649
0.0166666666666666,2844.692175183242,1.323061094510787
0.0166666666666666,2844.692175183242,1.323061094510787
0.0166666666666666,2844.692175183242,1.323061094510787
0.0166666666666666,2846.107849539201,-0.13130630838647442
0.0166666666666666,2842.567887549727,3.456650551051008
0.0166666666666666,2832.6738292587074,-0.8110294951269266
0.0166666666666666,2848.2320826880546,-2.265852276226221
0.0166666666666666,2846.8160773271247,-0.8218936106629537
0.0166666666666666,2847.5241123905835,-1.5531787221102125
0.0166666666666666,2832.673963304088,-0.8043552058735299
0.0166666666666666,2848.2320751069037,-2.2581625916440746
0.0166666666666666,2846.815694519698,-0.8262115140083698
0.0166666666666666,2828.426023229466,3.435368626144869
0.0166666666666666,2846.815838090284,-0.8403395136239088
0.0166666666666666,2843.275818620061,2.74949384072752
0.0166666666666666,2848.232025634245,-2.254070262477504
0.0166666666666666,2842.5682944945816,3.4331424454939237
0.0166666666666666,2834.797673071951,-2.9159540360658323
0.0166666666666666,2844.691733243751,1.3348896264966712
0.0166666666666666,2843.276140476102,2.74167396470245
0.0166666666666666,2848.2318903254304,-2.241983523331661
0.0166666666666666,2848.2320826880546,-2.265852276226221
0.0166666666666666,2848.232071021678,-2.2580828232580163
0.0166666666666666,2846.815838090284,-0.8403395136239088
0.0333333333333333,2831.9651668491456,-0.07819964096229026
0.0166666666666666,2846.1077349647026,-0.12020145363100354
0.0166666666666666,2834.796938769849,-2.89673070608035
0.0166666666666666,2846.8157000159217,-0.8377730381533784
0.0166666666666666,2843.9837919179427,2.033125430065094
0.0166666666666666,2846.815688661157,-0.8154625486723636
0.0166666666666666,2834.7977577246597,-2.9342898270749345
0.0166666666666666,2846.107731803377,-0.12122764447450762
0.0166666666666666,2829.842099422667,2.005964737914712
0.0166666666666666,2843.2760951816526,2.745438903920241
0.0166666666666666,2843.276236251769,2.726884282820537
0.0166666666666666,2848.2320826880546,-2.265852276226221
0.0166666666666666,2832.673799304754,-0.781711971666577
0.0166666666666666,2834.7976588122474,-2.896521849932915
0.0166666666666666,2845.3999682806293,0.6277088465998545
0.0166666666666666,2846.107731803377,-0.12122764447450762
0.0166666666666666,2831.2579215914366,0.6156686731870022
0.0166666666666666,2843.2761011137277,2.7440502130561084
0.0166666666666666,2846.8161572554136,-0.8558845371584969
0.0166666666666666,2847.523793548152,-1.5463778374561261
0.0166666666666666,2848.2320826880546,-2.265852276226221
0.0166666666666666,2833.3815259253347,-1.5186326855679342
0.0166666666666666,2846.815696036979,-0.8159575344405913
0.0166666666666666,2833.381826155459,-1.500188325211383
0.0166666666666666,2848.2317498483308,-2.2551981216464503
0.0166666666666666,2846.107875373964,-0.13535564409004663
0.0166666666666666,2846.107875347036,-0.12462388225718868
0.0166666666666666,2848.2320279691435,-2.266657977466017
0.0166666666666666,2843.9838003334294,2.0465890297238287
0.0166666666666666,2846.10814958535,-0.12628767382431405
0.0166666666666666,2844.6917630497496,1.3416051601899668
0.0166666666666666,2843.984068896335,2.042172963660188
0.0166666666666666,2846.815693684457,-0.8260969077283481
0.0166666666666666,2832.673860886939,-0.7948864175773169
0.0333333333333333,2831.258030225433,0.6123291427822466
0.0166666666666666,2846.815895144094,-0.8521215273723985
0.0,2843.275977525197,2.736247564218867
0.0,2843.9842066959536,2.0275732918338703
0.0,2848.2320323612967,-2.265297114123192
0.0,2843.9842121809575,2.028022090546666
0.0,2848.232030026398,-2.2527093991346794
0.0,2845.4001376135984,0.6180543514789419
0.0,2846.1079983068503,-0.12362979091778115
0.0,2848.231608561428,-2.2389835954758075
0.0,2848.232030026398,-2.2527093991346794
0.0,2848.232030026398,-2.2527093991346794
0.0,2847.524067310078,-1.547725529600817
0.0,2848.232030026398,-2.2527093991346794
0.0,2848.231886455812,-2.2385813995191404
0.0,2848.232030026398,-2.2527093991346794
0.0,2844.6921748972777,1.3230382210128042
0.0,2848.232030026398,-2.2527093991346794
0.0,2848.2320323612967,-2.265297114123192
0.0,2848.232030026398,-2.2527093991346794
0.0,2848.232030026398,-2.2527093991346794
0.0,2848.232030026398,-2.2527093991346794
0.0,2848.9397138510444,-2.9594640022804617
0.0,2848.232030026398,-2.2527093991346794
0.0,2848.231628277631,-2.240763123975845
0.0,2833.3815988139067,-1.4962798451178878
0.0,2832.6739991703134,-0.8024126608792985
0.0,2844.6921534509875,1.344540049697843
0.0,2834.7978357565544,-2.9102651618227267
0.0,2830.5501110213518,1.3125389477220606
0.0,2830.5501110213518,1.3125389477220606
0.0,2846.1079843088646,-0.10119390400583902
0.0,2848.23209907796,-2.2647177609916955
0.0,2834.0891507269766,-2.2037214613907303
0.0,2829.1334245698304,2.7253916165126557
0.0,2845.4000056714895,0.6345235649484052
0.0,2833.3815128407155,-1.4973426884549896
0.0,2848.2320874115835,-2.2569483080234907
0.0166666666666666,2832.673828612323,-0.7884656601846514
0.0,2843.984163428487,2.0456407220447534
0.0,2834.089883162127,-2.2436610133796764
0.0,2844.691810187577,1.3402721699129145
0.0,2846.108096518447,-0.11681870665321945
0.0,2834.7976528167715,-2.895089738277184
0.0,2833.3811053865925,-1.5016713589653647
0.0,2833.3814938157207,-1.5087444705788018
0.0,2846.1078680803735,-0.1267363383775465
0.0,2830.550093354115,1.3085495786879446
0.0,2846.108096518447,-0.11681870665321945
0.0,2846.1078750879997,-0.1353785175882568
0.0,2829.842107697848,2.0234428032504272
0.0,2848.231881389525,-2.241688019657082
0.0,2831.965875628093,-0.08789167927895414
0.0,2833.381758225934,-1.5129680682381492
0.0,2830.550093748367,1.3113882612542793
0.0,2832.673545043092,-0.796996079819917
0.0,2832.673805882064,-0.7957149923153227
0.0,2832.673543788813,-0.8149325630407819
0.0166666666666666,2856.7104323998183,3.399635631042881
0.0,2847.524024520902,-1.535552911007215
0.0,2848.232030026398,-2.2527093991346794
0.0,2845.4001249833354,0.6099673162176728
0.0,2847.524067310078,-1.547725529600817
0.0,2848.232030026398,-2.2527093991346794
0.0,2848.232030026398,-2.2527093991346794
0.0,2848.2320323612967,-2.265297114123192
0.0,2845.4001249833354,0.6099673162176728
0.0,2846.1077315174134,-0.1212505179727178
0.0,2845.4000973377924,0.630741742124473
0.0,2846.8160658898073,-0.8306488098594111
0.0,2846.107964970722,-0.10683145137087954
0.0,2834.7974368630917,-2.9310999485411573
0.0,2844.6917460484506,1.3422074236481436
0.0,2846.1077315174134,-0.1212505179727178
0.0,2829.133396080006,2.7242522290076923
0.0,2847.5241226191742,-1.5445133712980326
0.0,2847.523641713908,-1.53722978270354
0.0,2831.965557109424,-0.09138642359210987
0.0,2846.8159352845673,-0.8176361284831439
0.0,2834.0897812238554,-2.2094919096007004
0.0,2834.0898614909343,-2.2307258740110116
0.0,2846.8159352845673,-0.8176361284831439
0.0,2843.984125430488,2.0376212761137324
0.0,2844.691990392677,1.3521548432759567
0.0,2830.550093354115,1.3085495786879446
0.0,2856.710032581825,3.431627763544087
0.0,2834.7978260125283,-2.925458701542664
0.0,2846.1081142318935,-0.11698336462629264
0.0,2846.108119244728,-0.12293091666012365
0.0,2830.5499627488753,1.3215622600642118
0.0,2845.3999484518667,0.6508271734360727
0.0,2832.67386794579,-0.820475808142618
0.0,2830.548613714677,1.312523106089208
0.0,2845.4001176407082,0.6172983655220846
0.0,2834.089739203371,-2.231255897061044
0.0,2833.381779725404,-1.5258737858254223
0.0,2834.089772706169,-2.207708507088654
0.0,2848.2320701918625,-2.258099048145093
0.0,2848.231749562367,-2.2552209951446605
0.0,2831.965939549558,-0.0914520959208767
0.0,2834.7977954276744,-2.917335126089929
0.0,2846.1078750879997,-0.1353785175882568
0.0,2848.232123671588,-2.2581529194212155
0.0,2842.567503782059,3.4504086673575176
0.0,2846.8161022505383,-0.8567131118965027
0.0,2842.5683561111778,3.414232261253183
0.0,2848.2320276831792,-2.266680850964227
0.0,2846.1078750879997,-0.1353785175882568
0.0,2834.089883162127,-2.2436610133796764
0.0,2843.2760936276763,2.737590413497993
0.0,2834.7974510720114,-2.9286232981336413
0.0,2830.5498605511266,1.3152071602314945
0.0,2833.381764489644,-1.5029270798116956
0.0,2834.089706260118,-2.21431926137451
0.0,2843.984198589179,2.021826789789701
0.0,2846.1078750879997,-0.1353785175882568
0.0,2846.1077306821726,-0.12113591169269611
0.0,2848.2318817776945,-2.2399651363601754
0.0,2834.797697602267,-2.9161712860806235
0.0,2833.3814832380813,-1.4935866888464604
0.0,2848.2321353379643,-2.2659223723894204
0.0,2842.5683561111778,3.414232261253183
0.0,2846.108191374379,-0.1383291775234259
0.0,2833.3817125095466,-1.534101784209014
0.0,2820.654232804776,-2.944671858060503
0.0,2829.1341683689902,2.721355946668183
0.0,2846.816073470958,-0.8383384944415577
0.0,2846.1077315174134,-0.1212505179727178
0.0,2847.5241226191742,-1.5445133712980326
0.0,2834.0898754346263,-2.223961352785989
0.0,2834.089713405377,-2.206681024826037
0.0,2845.4000989475867,0.6384054400423786
0.0,2847.5239245575976,-1.5465427909713216
0.0,2833.3814842429665,-1.5082660663594085
0.0,2831.965893074894,-0.09454030099911415
0.0,2846.1078750879997,-0.1353785175882568
0.0,2846.1078750879997,-0.1353785175882568
0.0,2847.524064966859,-1.5616969814303647
0.0,2832.67350592388,-0.7797676987652176
0.0,2844.692079670144,1.3375686474326542
0.0,2832.67379629313,-0.7992121664309596
0.0,2845.400181902227,0.620843172438363
0.0,2846.1081158416882,-0.10931966670838697
0.0,2846.1081371993196,-0.13914152737435515
0.0,2846.1078750879997,-0.1353785175882568
0.0,2845.4001176407082,0.6172983655220846
0.0,2845.4002069764597,0.5942967831179615
0.0,2846.1081142318935,-0.11698336462629264
0.0,2846.1077315174134,-0.1212505179727178
0.0,2834.797845878448,-2.9486448829135385
0.0,2832.6735465718357,-0.8164722812063135
0.0,2834.7976534960535,-2.889668650618196
0.0,2833.381920445807,-1.5386771438460416
0.0,2834.7975562117126,-2.9218959715480084
0.0,2833.381831462203,-1.5243383128945143
0.0,2846.1077315174134,-0.1212505179727178
0.0,2831.9651699580245,-0.08150117658838661
0.0,2843.9841719051515,2.040709481192197
0.0,2846.1078750879997,-0.1353785175882568
0.0,2846.1078750879997,-0.1353785175882568
0.0,2834.0897929313596,-2.2286060576334137
0.0,2846.1077082340566,-0.11443742466255422
0.0,2843.2761474044073,2.7413066460224584
0.0,2845.4000986708966,0.634596433380056
0.0,2845.40012402182,0.6118590507219772
0.0,2834.797687483948,-2.9114034760226675
0.0,2834.7978381509465,-2.928945222319851
0.0,2846.1077306821726,-0.12113591169269611
0.0,2846.1081142318935,-0.11698336462629264
0.0,2845.399708764771,0.6372235541142813
0.0,2846.1081158416882,-0.10931966670838697
0.0,2834.0898543825465,-2.2252863959247318
0.0,2846.816001689585,-0.850733779157365
0.0,2832.6738272145794,-0.798396418112465
0.0,2846.1078750879997,-0.1353785175882568
0.0,2846.107882509949,-0.12393127437746088
0.0,2846.107644202503,-0.11143721621360109
0.0,2832.6729826092583,-0.7839196269524122
0.0,2834.089883162127,-2.2436610133796764
0.0,2831.9660330037614,-0.10032674325881907
0.0,2843.9842601526166,2.0263312426487303
0.0,2843.2761615071336,2.7406264772255966
0.0,2829.1341852914475,2.7062808965706893
0.0,2848.2315896062214,-2.222515780410248
0.0,2848.2320824752555,-2.2657889341111943
0.0,2848.2320023808547,-2.231934973227652
0.0,2845.4000973377924,0.630741742124473
0.0,2843.2762091888308,2.745693350726059
0.0,2834.7978260125283,-2.925458701542664
0.0,2834.797576077632,-2.945082152918883
0.0,2831.965903574458,-0.08585268073304086
0.0,2832.673882515372,-0.8211016551524326
0.0,2829.842144407284,2.0117862364300265
0.0,2834.797892151804,-2.936644605485725
0.0,2833.381905435716,-1.5220497381826499
0.0,2829.8421388544057,2.010038206660994
0.0,2834.089606144199,-2.228796330214334
0.0,2845.4001026306178,0.6339257711852491
0.0,2829.842144407284,2.0117862364300265
0.0,2833.3818787516884,-1.5031670467801541
0.0,2834.7979138229966,-2.9495797448543897
0.0,2843.2760785524933,2.7581887448298392
0.0,2834.797892151804,-2.936644605485725
0.0,2834.0899511066764,-2.244595875320755
0.0,2832.673995720082,-0.8053106127926812
0.0,2834.7979138229966,-2.9495797448543897
0.0,2834.089630411237,-2.2072041987904543
0.0,2834.7979138229966,-2.9495797448543897
0.0,2829.841990118787,2.019791848230976
0.0,2833.3819883903557,-1.539612005786893
0.0,2832.6735505353286,-0.7937854485186452
0.0,2831.2579514651743,0.6121345551594286
0.0,2834.0896889953565,-2.2408328655346565
0.0,2834.7978596479375,-2.950392094705319
0.0,2842.5683698806674,3.4124850494614023
0.0,2834.089717680877,-2.1908347449693704
0.0,2843.276332596988,2.70750117992754
0.0,2845.3997028881035,0.6504493133566478
0.0,2845.400111107282,0.6289945303326925
0.0,2842.5683698806674,3.4124850494614023
0.0,2842.5683157056083,3.411672699610473
0.0,2833.3818787516884,-1.5031670467801541
0.0,2842.5683698806674,3.4124850494614023
0.0,2834.0899511066764,-2.244595875320755
0.0,2833.381571964857,-1.4994367513261013
0.0,2843.2761561897823,2.7256033021846404
0.0,2843.276070075829,2.763119985682396
0.0,2843.2762229583204,2.7439461389342785
0.0,2833.3815206798035,-1.526323979413644
0.0,2834.797892151804,-2.936644605485725
0.0,2834.089807948013,-2.2310693942201567
0.0,2832.6738131044763,-0.798199079213089
0.0,2842.568260242,3.4489300084679133
0.0,2845.400111107282,0.6289945303326925
0.0,2834.797892151804,-2.936644605485725
0.0,2834.797839782018,-2.9272059133344444
0.0,2834.7979208960146,-2.930731057648444
0.0,2828.4261397374453,3.431720039956426
0.0,2832.673998990008,-0.815745444850535
0.0,2832.6738131044763,-0.798199079213089
0.0,2847.5240737369404,-1.5421416920881856
0.0,2842.5682869260277,3.4300473170654175
0.0,2830.5499709654864,1.3180670185033987
0.0,2833.3818381984966,-1.501489866842775
0.0,2832.6737823821163,-0.7859525811534149
0.0,2834.0897713421987,-2.2204023440825624
0.0,2842.5675684993007,3.4518906794370756
0.0,2829.8416606046135,2.0198796931459695
0.0,2843.9840520213893,2.0511928654935208
0.0,2843.2763075685234,2.726527728277297
0.0,2834.089702574892,-2.1952331231275277
0.0,2833.381673317064,-1.503331735402857
0.0,2842.56830963367,3.4315162171514215
0.0,2833.381880407251,-1.503023189832893
0.0,2831.25799225829,0.6119284187684662
0.0,2834.797841437581,-2.927062056387183
0.0,2847.524134566971,-1.562487986423955
0.0,2832.673864560138,-0.8038578626801327
0.0,2828.4260531522496,3.4435594271592525
0.0,2843.2762246138836,2.7440899958815397
0.0,2842.568261897563,3.4490738654151745
0.0,2842.568028125479,3.437711293416352
0.0,2842.568261897563,3.4490738654151745
0.0,2830.550018620799,1.3110512272619699
0.0,2842.568292010248,3.434553939215813
0.0,2834.0897078147573,-2.195920320220912
0.0,2843.2762246138836,2.7440899958815397
0.0,2833.381077833627,-1.5117279282515041
0.0,2831.25799225829,0.6119284187684662
0.0,2848.2320897021405,-2.2597821713756705
0.0,2833.3819773962564,-1.520599594554341
0.0,2833.381880407251,-1.503023189832893
0.0,2834.089843123572,-2.2080070593667553
0.0,2833.3818580644156,-1.5246760482136497
0.0,2843.2763075685234,2.726527728277297
0.0,2847.524134566971,-1.562487986423955
0.0,2845.400195717485,0.611576119675938
0.0,2843.2762246138836,2.7440899958815397
0.0,2843.984270284844,2.021543858743435
0.0,2846.8161642694995,-0.8498144323079462
0.0,2843.2755509383014,2.7468869428238682
0.0,2834.797893807367,-2.9365007485384638
0.0,2848.2320972832913,-2.267471855957817
0.0,2834.7976697544595,-2.9012472036774763
0.0,2834.0898908596787,-2.2255647076305083
0.0,2829.842066825649,2.021896157835963
0.0,2846.8158481153946,-0.8552689383328617
0.0,2842.568261897563,3.4490738654151745
0.0,2842.5681589666715,3.449057963448605
0.0,2842.568173912154,3.4257520151060374
0.0,2843.276260211572,2.7300188683947466
0.0,2834.797805839892,-2.9129909289006175
0.0,2833.3819281433584,-1.5205808380968735
0.0,2833.380977440798,-1.4881871231949637
0.0,2848.232085616915,-2.2597024029896122
0.0,2842.568297495252,3.4350027379286088
0.0,2834.797841437581,-2.927062056387183
0.0,2818.531825848998,-0.8365169125137774
0.0,2842.568297495252,3.4350027379286088
0.0,2846.8160923732667,-0.8235705890046741
0.0,2833.381752842966,-1.4910458192937222
0.0,2846.108123844792,-0.12237026476370225
0.0,2847.52412698582,-1.5547983018418083
0.0,2848.232085616915,-2.2597024029896122
0.0,2834.7977173447443,-2.9378431214394256
0.0,2833.3817841846026,-1.5081757217782412
0.0,2844.6921500465246,1.3341222568138158
0.0,2828.42622423069,3.411408623051585
0.0,2834.7976697544595,-2.9012472036774763
0.0,2846.8161718506503,-0.8575041168900928
0.0,2842.5674408664454,3.4636258901977377
0.0,2847.524068725535,-1.5555308833066792
0.0,2832.6739478036156,-0.8125592464986201
0.0,2834.089843123572,-2.2080070593667553
0.0,2843.2762246138836,2.7440899958815397
0.0,2831.96595497461,-0.09305545076539605
0.0,2847.523811022139,-1.560591780787141
0.0,2834.089843123572,-2.2080070593667553
0.0,2834.7978325239196,-2.9318736203031133
0.0,2831.25799225829,0.6119284187684662
0.0,2829.842066825649,2.021896157835963
0.0,2834.089843123572,-2.2080070593667553
0.0,2832.6735594584757,-0.8200576755649652
0.0,2843.2761511769477,2.7315508542184714
0.0,2846.10805622001,-0.13112586113388042
0.0,2842.567816896637,3.4355934654783367
0.0,2833.381793494894,-1.5276209976172028
0.0,2834.7978596479375,-2.950392094705319
0.0,2834.0897963706634,-2.2394288924323194
0.0,2846.108128001383,-0.11873057641807314
0.0,2832.6731588559096,-0.7973381684992105
0.0,2834.0897963706634,-2.2394288924323194
0.0,2832.673127149038,-0.7905226576804353
0.0,2848.2318853488623,-2.242740299395897
0.0,2846.1079913945514,-0.11021686137971151
0.0,2848.2320841637643,-2.2584089732037658
0.0,2848.232010148752,-2.238181151357338
0.0,2845.400120395771,0.6169997394262295
0.0,2848.2316147415004,-2.25286457060212
0.0,2848.2320029746684,-2.232219069089723
0.0,2847.523626722855,-1.5131348233319097
0.0,2845.399903707803,0.6269291294051086
0.0,2834.797607126677,-2.9221331696998165
0.0,2834.089632271938,-2.213662779388767
0.0,2834.089755624134,-2.215185460660803
0.0,2834.7974704349103,-2.931409209657784
0.0,2834.797756725422,-2.9206475617401013
0.0,2843.2761754994135,2.7364333630418285
0.0,2848.9400284914555,-2.9685294234662853
0.0,2842.5680889959613,3.458733403920337
0.0,2834.797756725422,-2.9206475617401013
0.0,2845.399896285854,0.6154818861943127
0.0,2833.3817677653396,-1.4861977988109538
0.0,2846.815971254691,-0.8018139571301783
0.0,2834.7969203465846,-2.899460679613186
0.0,2848.2318781157182,-2.2519559032102254
0.0,2842.5683942031333,3.4173675582847594
0.0,2834.797876242902,-2.9258099252882745
0.0,2845.4001557326637,0.6204336625536612
0.0,2842.5683725319404,3.430302697653424
0.0,2819.947773948542,-2.241745999705178
0.0,2848.2317964053623,-2.2608369984449075
0.0,2843.983983483476,2.033536660523306
0.0,2834.797471836911,-2.9269655202027822
0.0,2848.2320657751347,-2.2635455539326506
0.0,2845.3999034311128,0.6231201227427859
0.0,2843.9839779984723,2.03308786181051
0.0,2844.6919407147925,1.3281039922766482
0.0,2842.5679452216377,3.436576793213727
0.0,2844.6918026292096,1.3426807906049831
0.0,2834.797449604124,-2.905227268851502
0.0,2834.089518013484,-2.2259744782253508
0.0,2845.399896285854,0.6154818861943127
0.0,2848.2320541087583,-2.2557761009644457
0.0,2843.9842303000232,2.0304014016213854
0.0,2848.940016825079,-2.9607599704980805
0.0,2834.089870803309,-2.2092159595244905
0.0,2847.5240980594062,-1.5372591832648286
0.0,2833.381848430726,-1.4995489697821258
0.0,2834.7978839704033,-2.945509585881962
0.0,2843.9838053066405,2.067201049086224
0.0,2845.3997653455303,0.6376969210711209
0.0,2844.6919409914826,1.3319129989389709
0.0,2844.6919461997963,1.3285527909894441
0.0,2843.9842303000232,2.0304014016213854
0.0,2843.983810220183,2.0686134881671467
0.0,2833.3815298634536,-1.5061423683552109
0.0,2847.523838612596,-1.542210959624177
0.0,2844.691805790535,1.3437069814484872
0.0,2831.966057326227,-0.09544423443546202
0.0,2844.6919461997963,1.3285527909894441
0.0,2848.231784548562,-2.2527285725562853
0.0,2844.6917825059086,1.3609526722573713
0.0,2843.9838347045757,2.051024868088372
0.0,2844.6919461997963,1.3285527909894441
0.0,2847.5239571533293,-1.5318459697947364
0.0,2834.0897772953267,-2.2281206000294675
0.0,2832.674020042548,-0.8004281039693242
0.0,2843.983983483476,2.033536660523306
0.0,2847.5240980594062,-1.5372591832648286
0.0,2834.7974769672874,-2.9290452467913726
0.0,2842.5683183568813,3.4294903478024947
0.0,2843.9839420736325,2.0438242427169815
0.0,2844.6919461997963,1.3285527909894441
0.0,2834.7978839704033,-2.945509585881962
0.0,2833.381801557755,-1.510519968299957
0.0,2844.6919409914826,1.3319129989389709
0.0,2843.9839782751624,2.036896868472833
0.0,2832.673905590674,-0.815503021534113
0.0,2834.089729705042,-2.1915246822675183
0.0,2847.523702585528,-1.5168282578650778
0.0,2844.6919461997963,1.3285527909894441
0.0,2834.089870803309,-2.2092159595244905
0.0,2844.6918014393937,1.3414459945160175
0.0,2848.2320541087583,-2.2557761009644457
0.0,2844.691912211902,1.3502876163939157
0.0,2845.3999089161166,0.6235689214555818
0.0,2843.9839782751624,2.036896868472833
0.0,2845.3999034311128,0.6231201227427859
0.0,2845.399903707803,0.6269291294051086
0.0,2843.9839782751624,2.036896868472833
0.0,2843.983949495582,2.0552714859277774
0.0,2842.567933024958,3.4330195475244194
0.0,2843.2762472807863,2.7488286477576356
0.0,2843.983983483476,2.033536660523306
0.0,2843.983983483476,2.033536660523306
0.0,2844.6919335695334,1.320465755728175
0.0,2843.9838399128894,2.047664660138845
0.0,2845.399903707803,0.6269291294051086
0.0,2833.3819368665695,-1.5226067074458003
0.0,2834.797866947978,-2.952626965670004
0.0,2847.523977894285,-1.5520100468653186
0.0,2831.2579261213946,0.5971544061407128
0.0,2842.5673914798463,3.4501094811062445
0.0,2848.231904793954,-2.25825781740206
0.0,2846.108063520051,-0.1333607320985653
0.0,2833.3818409543837,-1.536679893863142
0.0,2847.523988952692,-1.5433284711660622
0.0,2843.983970853213,2.025449625262037
0.0,2832.673581289794,-0.8130820391626347
0.0,2843.2760152821515,2.738071731344145
0.0,2847.524100723916,-1.5459739694102754
0.0,2843.2761884625447,2.7442917514936838
0.0,2834.7977412159216,-2.9338581232062895
0.0,2846.8157339563672,-0.8151703017054989
0.0,2847.523702585528,-1.5168282578650778
0.0,2843.9839782751624,2.036896868472833
0.0,2843.983983483476,2.033536660523306
0.0,2842.5683201621546,3.4397413898047047
0.0,2842.568058050835,3.443504399590803
0.0,2834.0899135265818,-2.2208260557544124
0.0,2843.983983483476,2.033536660523306
0.0,2845.3999089161166,0.6235689214555818
0.0,2844.6919461997963,1.3285527909894441
0.0,2845.399903707803,0.6269291294051086
0.0,2834.0899212540826,-2.2405257163481
0.0,2834.0897618692625,-2.209138417516888
0.0,2845.399993766101,0.6382081448330603
0.0,2845.3997345189614,0.6604579373190966
0.0,2834.089975429142,-2.239713366497398
0.0,2845.4001583971735,0.6117188764082143
0.0,2843.9838917642705,2.0490544021202552
0.0,2845.399763298542,0.6420833198641517
0.0,2834.089729705042,-2.1915246822675183
0.0,2843.983983483476,2.033536660523306
0.0,2832.6739403578335,-0.7933006684231623
0.0,2843.276335248261,2.725318828119562
0.0,2845.399896285854,0.6154818861943127
0.0,2844.6919335695334,1.320465755728175
0.0,2845.3999089161166,0.6235689214555818
0.0,2842.5682675420408,3.4466951375032284
0.0,2833.381848914976,-1.506582417043518
0.0,2843.2747308140697,2.7474583685277816
0.0,2834.797866947978,-2.952626965670004
0.0,2834.089904231658,-2.2476430961361418
0.0,2833.3814796450006,-1.490165160545066
0.0,2834.089760272902,-2.2352379798175095
0.0,2834.089904231658,-2.2476430961361418
0.0,2833.381782130517,-1.5112719277710676
0.0,2833.3818637088934,-1.5270547761255957
0.0,2828.42514709229,3.429959443683987
0.0,2833.3817499662964,-1.4936581925216978
0.0,2834.797866947978,-2.952626965670004
0.0,2834.0895094252214,-2.2276215113562445
0.0,2834.089745837158,-2.2104016892452707
0.0,2832.6739301535167,-0.7961145582428253
0.0,2834.089936735524,-2.233895606916775
0.0,2842.5683771807085,3.4102501784967174
0.0,2833.3816639870206,-1.519396836014164
0.0,2832.674032974076,-0.8368630072177157
0.0,2834.089497228542,-2.2311787570455524
0.0,2834.089497228542,-2.2311787570455524
0.0,2834.7975761605603,-2.936015070712881
0.0,2834.089958406717,-2.2468307462854398
0.0,2842.56830313973,3.4326240100166627
0.0,2847.523930920996,-1.543974152670322
0.0,2844.6921860803773,1.3210326093648306
0.0,2842.5682942260682,3.4278124461007327
0.0,2842.5681233530995,3.458624700661675
0.0,2832.6739537247836,-0.8111289677482435
0.0,2846.10812682476,-0.11603420653020144
0.0,2843.9841929746817,2.0367273984357315
0.0,2847.5240607340647,-1.5309331864504823
0.0,2845.4001099306583,0.6316909002205642
0.0,2846.8160945404884,-0.8423205771980231
0.0,2848.23204875271,-2.2706629337206925
0.0,2843.2760810612945,2.7594458668427695
0.0,2834.089759816396,-2.2358197848183297
0.0,2829.133967980925,2.73752667079817
0.0,2834.7976232283613,-2.933121151830041
0.0,2846.8160980177445,-0.8259493169166201
0.0,2834.089875452077,-2.229268478681197
0.0,2842.568241871894,3.4223369176425606
0.0,2833.381941515337,-1.542659226602507
0.0,2845.4001955498084,0.6054138464711016
0.0,2834.0898487680497,-2.2103857872787014
0.0,2834.797447086985,-2.9143832393971367
0.0,2846.8160980177445,-0.8259493169166201
0.0,2834.089958406717,-2.2468307462854398
0.0,2846.107919179316,-0.12308905187145919
0.0,2832.67371767887,-0.7893658194926632
0.0,2843.276318225836,2.71820144833152
0.0,2846.107990895597,-0.10672284148719732
0.0,2829.1339791485666,2.737513980834146
0.0,2846.8160869593376,-0.8346308926158765
0.0,2834.797472141542,-2.9326053808901067
0.0,2848.2320953466183,-2.2621608992876165
0.0,2834.0897126826167,-2.1986420620555602
0.0,2832.673803096005,-0.7835421384549954
0.0,2848.232118376095,-2.262996671026892
0.0,2842.5683190375926,3.4317197688541468
0.0,2833.381782130517,-1.5112719277710676
0.0,2829.842152154841,2.0123899943778554
0.0,2843.2762302583615,2.7417112679695936
0.0,2842.568323005649,3.409437828645788
0.0,2842.568323005649,3.409437828645788
0.0,2834.089875452077,-2.229268478681197
0.0,2842.56830313973,3.4326240100166627
0.0,2846.8161183206607,-0.8393926935190085
0.0,2834.089904231658,-2.2476430961361418
0.0,2832.6735641266614,-0.794467590917873
0.0,2848.2320370863335,-2.2628934807524876
0.0,2820.655690979815,-2.932579625324278
0.0,2842.568206090854,3.443375475794774
0.0166666666666666,2833.38195481744,-1.5330208187573175
0.0,2834.0898487680497,-2.2103857872787014
0.0,2846.108135301424,-0.12096544738275802
0.0,2842.5683771807085,3.4102501784967174
0.0,2847.52405492191,-1.5347167317433725
0.0,2846.1081242430173,-0.12964702308201445
0.0,2834.089904231658,-2.2476430961361418
0.0,2833.3814796450006,-1.490165160545066
0.0,2833.3818351312034,-1.499516671914961
0.0,2842.5683771807085,3.4102501784967174
0.0,2832.6739233354087,-0.8004180482112042
0.0,2843.2762817539133,2.7267358993202846
0.0,2847.5241019342525,-1.566583305349346
0.0,2834.7974629848477,-2.9152874805596527
0.0,2843.2762817539133,2.7267358993202846
0.0,2843.983983483476,2.033536660523306
0.0,2833.3820127128215,-1.5347294969635359
0.0,2843.276356919454,2.712383688750897
0.0,2844.6919335695334,1.320465755728175
0.0,2833.381563731326,-1.5155202620345678
0.0,2833.3818521536286,-1.4923992921269191
0.0,2843.9838430742147,2.048690850982349
0.0,2848.2321199501944,-2.262733204081721
0.0,2833.3818279325224,-1.5225291654381978
0.0,2834.0899212540826,-2.2405257163481
0.0,2833.3820127128215,-1.5347294969635359
0.0,2832.674042269,-0.8100459668359863
0.0,2833.381950810261,-1.5158421862207776
0.0,2844.6919461997963,1.3285527909894441
0.0,2845.399896285854,0.6154818861943127
0.0,2844.6918026292096,1.3426807906049831
0.0,2834.797876242902,-2.9258099252882745
0.0,2843.2761884625447,2.7442917514936838
0.0,2832.673988093941,-0.8108583166869155
0.0,2843.983983483476,2.033536660523306
0.0,2831.9659155533454,-0.08241886309517121
0.0,2834.089492579774,-2.2111262378888457
0.0,2845.4001710274365,0.6198059116694835
0.0,2844.6919461997963,1.3285527909894441
0.0,2844.6919335695334,1.320465755728175
0.0,2832.6735570511455,-0.7887726343684679
0.0,2833.3819585377623,-1.535541846814465
0.0,2833.3815336259704,-1.5080554693230512
0.0,2845.399746263681,0.6302629420873941
0.0,2834.0899135265818,-2.2208260557544124
0.0,2843.983970853213,2.025449625262037
0.0,2832.6735743978775,-0.7956193630951819
0.0,2847.523693058315,-1.5466581167571494
0.0,2832.673986969379,-0.8188799376374735
0.0,2831.965926324846,-0.09183042177275547
0.0,2847.523693917448,-1.536104580959196
0.0,2842.5683190375926,3.4317197688541468
0.0,2834.0899124020198,-2.2288476767049703
0.0,2834.797862979922,-2.930345025461645
0.0,2832.6738484407983,-0.8048247121174771
0.0,2847.524099599354,-1.5539955903608333
0.0,2843.2762762689094,2.7262871006074887
0.0,2843.2762461562243,2.7408070268070777
0.0,2842.5683190375926,3.4317197688541468
0.0,2834.7974629848477,-2.9152874805596527
0.0,2842.5679069041003,3.4502638345333265
0.0,2842.5683190375926,3.4317197688541468
0.0,2834.797862979922,-2.930345025461645
0.0,2842.5679069041003,3.4502638345333265
0.0,2846.108174166713,-0.1440278512933365
0.0,2844.6919461997963,1.3285527909894441
0.0,2842.5683725319404,3.430302697653424
0.0,2834.7977203675896,-2.904907971041564
0.0,2834.797687958115,-2.895478340785294
0.0,2845.399896285854,0.6154818861943127
0.0,2831.9659141675643,-0.08191775333486384
0.0,2843.983983483476,2.033536660523306
0.0,2845.3999089161166,0.6235689214555818
0.0,2834.0899212540826,-2.2405257163481
0.0,2844.692028372692,1.3491325889170178
0.0,2844.6919461997963,1.3285527909894441
0.0,2846.107913179955,-0.13224322055668025
0.0,2847.52383160497,-1.5335687804134668
0.0,2843.983983483476,2.033536660523306
0.0,2847.5241030588145,-1.5585616843987882
0.0,2844.6918026292096,1.3426807906049831
0.0,2843.9838399128894,2.047664660138845
0.0,2834.797517988103,-2.9019382685930566
0.0,2843.275893729038,2.729116273272349
0.0,2842.5683942031333,3.4173675582847594
0.0,2833.381950810261,-1.5158421862207776
0.0,2832.673809752594,-0.7802879870468951
0.0,2844.6919461997963,1.3285527909894441
0.0,2845.3997654670998,0.6375043800038852
0.0,2834.089580622706,-2.2196917817175006
0.0,2843.983983483476,2.033536660523306
0.0,2842.5683112484935,3.4349298258887746
0.0,2829.842137228659,2.009077161448306
0.0,2842.568332300573,3.4362548690275174
0.0,2843.9839394091227,2.0525390288624283
0.0,2831.9659094840586,-0.08259521269880588
0.0,2844.6919409914826,1.3319129989389709
0.0,2833.3819189147166,-1.5142503994201322
0.0,2844.692159774409,1.3412696646817488
0.0,2842.568270292343,3.4523665820275244
0.0,2843.9842160279004,2.0289554663576395
0.0,2820.6557387572657,-2.926953537613171
0.0,2829.8410849247716,2.0396013650806695
0.0,2829.842039561227,2.02318874128549
0.0,2846.1081269933197,-0.12397557855771843
0.0,2833.381758196792,-1.4867177918442758
0.0,2834.7978498323614,-2.923769339774833
0.0,2834.0898871160407,-2.218785470240971
0.0,2831.9660370537104,-0.10147682838075434
0.0,2832.674005322909,-0.8047126681455838
0.0,2834.7979381454625,-2.9446972360310326
0.0,2843.983834826145,2.050832327021136
0.0,2834.7978551908227,-2.9271349684270174
0.0,2834.0899212540826,-2.2405257163481
0.0,2844.6917901205165,1.3344012142764783
0.0,2833.3818145790065,-1.5231367304958328
0.0,2845.3997653455303,0.6376969210711209
0.0166666666666666,2834.7978895450046,-2.9161715174433125
0.0,2830.549970912168,1.3214834492562486
0.0,2830.550113867543,1.3080067883059028
0.0,2829.8421025290418,2.0139263377578684
0.0,2830.549369753817,1.3108746891035878
0.0,2844.6921620208827,1.340785542300909
0.0,2833.3818445738416,-1.5033028006798477
0.0,2831.258082136742,0.6047709485410733
0.0,2833.3818224523293,-1.5237981215913239
0.0,2847.5238548098314,-1.5225672218686834
0.0,2830.5501226321994,1.3125906624871104
0.0,2831.258082584258,0.607609577453587
0.0,2845.3999771826834,0.6433176266776166
0.0,2829.8421571516174,2.0175773165213116
0.0,2845.3999880952842,0.644033720657307
0.0,2829.8420265463774,2.0305899978975788
0.0,2831.2575880986587,0.6299291780922067
0.0,2834.089709358999,-2.1909558592396845
0.0,2834.797904448621,-2.9336921543069536
0.0,2831.258082584258,0.607609577453587
0.0,2830.5501194204217,1.3097548180749354
0.0,2816.407931821034,1.2841331949346777
0.0,2856.7103078281607,3.4346462448029986
0.0,2830.54997764754,1.3227801894152262
0.0,2832.674008016899,-0.8023581616139099
0.0,2833.3819717566716,-1.517292740824786
0.0,2834.089707102176,-2.19271999694387
0.0,2830.549347784663,1.3113786785637729
0.0,2832.673898567574,-0.797017839573954
0.0,2848.2320980969207,-2.2564894547633205
0.0,2834.797697766259,-2.8966983306818204
0.0,2842.568271902138,3.46003027994543
0.0,2829.8419391349967,2.036932599671454
0.0,2833.3819717566716,-1.517292740824786
0.0,2834.7978443473576,-2.924218138487629
0.0,2831.2580887370978,0.6080852390257687
0.0,2828.4260644863894,3.4470914117421305
0.0,2843.9841381309443,2.0376105115950125
0.0,2842.5683040847584,3.428044412538749
0.0,2834.089779736979,-2.2171096274702125
0.0,2830.5492348318644,1.337476014382785
0.0,2830.549567907359,1.3257511533273698
0.0,2833.3810760686324,-1.4839123304392408
0.0,2844.6921885539896,1.322895047226804
0.0,2831.9659633693905,-0.08976273415304607
0.0,2829.8419869272734,2.0381603745127084
0.0166666666666666,2828.426191752513,3.4235273976581952
0.0,2848.232094011695,-2.2564096863772622
0.0,2833.3819365381387,-1.5172881214845235
0.0,2844.6921885539896,1.322895047226804
0.0,2834.7978443473576,-2.924218138487629
0.0,2830.5492806991956,1.3248285295009226
0.0,2845.400121157625,0.6324311038923036
0.0,2831.966073008058,-0.1262076931595575
0.0,2832.6738255931564,-0.7962538485100029
0.0166666666666666,2832.6738427086593,-0.7908425327878872
0.0,2834.089851518352,-2.2047143427544054
0.0,2848.231956324039,-2.2434640834230297
0.0,2830.5501116210694,1.3084909106867426
0.0,2843.2763209761383,2.723872892855816
0.0,2834.7978142346724,-2.9096982122882675
0.0,2834.797669469574,-2.897744237218822
0.0,2834.7978142346724,-2.9096982122882675
0.0,2843.2762631213486,2.7328627862943007
0.0,2831.965833940087,-0.07528867162726786
0.0,2844.691918753174,1.3264577772214594
0.0,2846.8161308807316,-0.834797798591686
0.0,2848.2321056780715,-2.264179139345467
0.0,2843.2762631213486,2.7328627862943007
0.0,2831.2566143384593,0.6092144075521506
0.0,2833.3810534561967,-1.4849625222835832
0.0,2848.2321056780715,-2.264179139345467
0.0,2843.275628200093,2.732631582603229
0.0,2846.816097290791,-0.8366491326737271
0.0,2843.9842138853796,2.0298756052393845
0.0,2831.9659237726464,-0.09151238367255154
0.0,2847.5236874658617,-1.5354515246816536
0.0,2834.797862979922,-2.930345025461645
0.0,2847.524148528161,-1.5580812709162704
0.0,2834.0895131264047,-2.2320829982080683
0.0,2833.381949685699,-1.5238638071713355
0.0,2833.381949685699,-1.5238638071713355
0.0,2832.673986969379,-0.8188799376374735
0.0,2847.524099599354,-1.5539955903608333
0.0,2846.1077587723844,-0.11796196432566475
0.0,2844.6918003228566,1.3356127535631928
0.0,2832.673986969379,-0.8188799376374735
0.0,2843.9842355565725,2.0169404658707197
0.0,2834.0899002636015,-2.225361155927783
0.0,2834.0895151706277,-2.2315498034000827
0.0,2845.4000137020253,0.6178252550731954
0.0,2842.568187217255,3.440638364395592
0.0,2842.5683190375926,3.4317197688541468
0.0,2847.5236874658617,-1.5354515246816536
0.0,2834.7978828458413,-2.95353120683252
0.0,2847.524076631928,-1.5318374276129982
0.0,2834.0895131264047,-2.2320829982080683
0.0,2843.2762817539133,2.7267358993202846
0.0,2843.2760960898777,2.7691016359317917
0.0,2843.984149407489,2.041703947987635
0.0,2848.23196390519,-2.2511537680051763
0.0,2834.0899124020198,-2.2288476767049703
0.0,2829.8421620523095,2.006899094533793
0.0,2842.568338903512,3.408533587483272
0.0,2834.0897761707647,-2.2361422209800255
0.0,2842.5683190375926,3.4317197688541468
0.0,2847.523691975951,-1.5282832703168114
0.0,2834.797862979922,-2.930345025461645
0.0,2834.7974476391555,-2.926495691239677
0.0,2834.0899124020198,-2.2288476767049703
0.0,2834.79787511834,-2.9338315462388325
0.0,2842.5681750788367,3.444124885172779
0.0,2845.3999503067143,0.6203729145830224
0.0,2845.4001572726115,0.6036972554576564
0.0,2842.568331176011,3.4282332480769595
0.0,2842.5683190375926,3.4317197688541468
0.0,2843.275869620421,2.7452799649994644
0.0,2842.5683190375926,3.4317197688541468
0.0,2846.815874771714,-0.845248711040873
0.0,2843.2761284344247,2.7361669413001426
0.0,2834.7978828458413,-2.95353120683252
0.0,2845.4001546081017,0.6124120416031033
0.0,2842.5683135525887,3.431270970141351
0.0,2843.984208872545,2.0358231572732155
0.0,2842.5679069041003,3.4502638345333265
0.0,2833.381949685699,-1.5238638071713355
0.0,2846.815874771714,-0.845248711040873
0.0,2843.2762817539133,2.7267358993202846
0.0,2833.381949685699,-1.5238638071713355
0.0,2832.6739748309606,-0.8153934168602862
0.0,2847.524099599354,-1.5539955903608333
0.0,2829.841952282557,2.030356913984642
0.0,2848.231795090376,-2.268519646475048
0.0,2833.381949685699,-1.5238638071713355
0.0,2832.673986969379,-0.8188799376374735
0.0,2847.524099599354,-1.5539955903608333
0.0,2842.5679069041003,3.4502638345333265
0.0,2846.8161139156077,-0.8268535580791361
0.0,2834.0897761707647,-2.2361422209800255
0.0,2834.797862979922,-2.930345025461645
0.0,2834.79787511834,-2.9338315462388325
0.0,2846.815874771714,-0.845248711040873
0.0,2834.0890840623433,-2.220011892967045
0.0,2847.5241019342525,-1.566583305349346
0.0,2847.524099599354,-1.5539955903608333
0.0,2847.524099599354,-1.5539955903608333
0.0,2842.5683190375926,3.4317197688541468
0.0,2834.08989134994,-2.230172719843713
0.0,2845.4001572726115,0.6036972554576564
0.0,2848.231783424,-2.2607501935068433
0.0,2834.0899124020198,-2.2288476767049703
0.0,2834.0899124020198,-2.2288476767049703
0.0,2847.5241019342525,-1.566583305349346
0.0,2834.0897228930307,-2.1982646571009266
0.0,2833.381805726943,-1.5114586908527032
0.0,2834.797857494918,-2.930793824174441
0.0,2847.5236874658617,-1.5354515246816536
0.0,2833.381949685699,-1.5238638071713355
0.0,2834.7977388870854,-2.9411260905138876
0.0,2847.5241019342525,-1.566583305349346
0.0,2834.797827382233,-2.9162738979750795
0.0,2834.797862979922,-2.930345025461645
0.0,2834.7974629848477,-2.9152874805596527
0.0,2842.5679069041003,3.4502638345333265
0.0,2847.5241019342525,-1.566583305349346
0.0,2847.5240969348442,-1.5452808042153865
0.0,2833.3817713443523,-1.4932934775310878
0.0,2842.5679190425185,3.4467773137561393
0.0,2834.797862979922,-2.930345025461645
0.0,2834.0899002636015,-2.225361155927783
0.0,2831.2576970127566,0.6076067242611598
0.0,2834.7975936101493,-2.927636469973902
0.0,2842.5683190375926,3.4317197688541468
0.0,2845.4001699028745,0.6117842907189256
0.0,2843.2762817539133,2.7267358993202846
0.0,2834.0895002685274,-2.2103036110257905
0.0,2845.4001699028745,0.6117842907189256
0.0,2832.673986969379,-0.8188799376374735
0.0,2834.797827382233,-2.9162738979750795
0.0,2834.0899124020198,-2.2288476767049703
0.0,2834.089486567538,-2.2101222023360494
0.0,2834.0899124020198,-2.2288476767049703
0.0,2834.797827382233,-2.9162738979750795
0.0,2845.4001646945608,0.6151444986684523
0.0,2843.2761381833266,2.7408638989358236
0.0,2834.79787511834,-2.9338315462388325
0.0,2834.0899124020198,-2.2288476767049703
0.0,2834.0897761707647,-2.2361422209800255
0.0,2843.9842444702335,2.02175202978665
0.0,2847.523837488034,-1.550232580574735
0.0,2834.79787511834,-2.9338315462388325
0.0,2817.823802764645,-0.1222599369803068
0.0,2834.0899124020198,-2.2288476767049703
0.0,2834.0899124020198,-2.2288476767049703
0.0,2834.7978611746485,-2.940596067463855
0.0,2847.524099599354,-1.5539955903608333
0.0,2834.0899124020198,-2.2288476767049703
0.0,2843.2762817539133,2.7267358993202846
0.0,2834.7977315477538,-2.9197035466232935
0.0,2847.524099599354,-1.5539955903608333
0.0,2847.524099599354,-1.5539955903608333
0.0,2830.549906668134,1.3256236650384017
0.0,2834.797857494918,-2.930793824174441
0.0,2847.524099599354,-1.5539955903608333
0.0,2847.523837488034,-1.550232580574735
0.0,2843.2762461562243,2.7408070268070777
0.0,2848.2320623156743,-2.2589794598946957
0.0,2834.0895002685274,-2.2103036110257905
0.0,2847.5239560287673,-1.5398675907452943
0.0,2834.0895002685274,-2.2103036110257905
0.0,2834.797827382233,-2.9162738979750795
0.0,2834.7976979529294,-2.9017998354493013
0.0,2834.7978828458413,-2.95353120683252
0.0,2834.797731159584,-2.9214264299202
0.0,2834.7977938622375,-2.9391923758809924
0.0,2834.7978828458413,-2.95353120683252
0.0,2832.6735748358865,-0.8003358719582937
0.0,2834.0899201295206,-2.2485473372986577
0.0,2845.4001699028745,0.6117842907189256
0.0,2845.400026332288,0.6259122903344646
0.0,2834.797862979922,-2.930345025461645
0.0,2847.523837488034,-1.550232580574735
0.0,2834.797862979922,-2.930345025461645
0.0,2842.5683190375926,3.4317197688541468
0.0,2834.0899002636015,-2.225361155927783
0.0,2847.524099599354,-1.5539955903608333
0.0,2846.1081867969756,-0.1359408160320673
0.0,2834.08997430458,-2.2477349874479557
0.0,2834.7974758427254,-2.9370668677419305
0.0,2842.568338903512,3.408533587483272
0.0,2834.0899002636015,-2.225361155927783
0.0,2843.2762817539133,2.7267358993202846
0.0,2834.0899124020198,-2.2288476767049703
0.0,2842.5679069041003,3.4502638345333265
0.0,2834.7978828458413,-2.95353120683252
0.0,2845.4001572726115,0.6036972554576564
0.0,2845.4001572726115,0.6036972554576564
0.0,2834.79787511834,-2.9338315462388325
0.0,2843.276101750397,2.7550496327026384
0.0,2843.2757761268335,2.7463531752197694
0.0,2847.5241019342525,-1.566583305349346
0.0,2847.5241019342525,-1.566583305349346
0.0,2834.0898646659125,-2.2112900284412174
0.0,2832.673884226221,-0.7925601792310035
0.0,2834.7978540662607,-2.9351565893775753
0.0,2842.5679069041003,3.4502638345333265
0.0,2831.965158303359,-0.08178923321168188
0.0,2834.79787511834,-2.9338315462388325
0.0,2847.5236874658617,-1.5354515246816536
0.0,2834.79787511834,-2.9338315462388325
0.0,2847.524099599354,-1.5539955903608333
0.0,2834.797470712349,-2.93498714115334
0.0,2834.79787511834,-2.9338315462388325
0.0,2845.400134305186,0.6258554182054916
0.0,2819.2389767030827,-1.5359478702019176
0.0,2843.275530217756,2.7436465460624837
0.0,2833.381949685699,-1.5238638071713355
0.0,2847.524099599354,-1.5539955903608333
0.0,2845.399750755465,0.6217028711393154
0.0,2846.1077652907757,-0.12410266270113979
0.0,2846.8161139156077,-0.8268535580791361
0.0,2834.79787511834,-2.9338315462388325
0.0,2834.7977388870854,-2.9411260905138876
0.0,2834.79787511834,-2.9338315462388325
0.0,2834.0899201295206,-2.2485473372986577
0.0,2848.2320623156743,-2.2589794598946957
0.0,2847.523837488034,-1.550232580574735
0.0,2834.797862979922,-2.930345025461645
0.0,2834.7978828458413,-2.95353120683252
0.0,2846.8161139156077,-0.8268535580791361
0.0,2833.381949685699,-1.5238638071713355
0.0,2834.7977388870854,-2.9411260905138876
0.0,2834.797862979922,-2.930345025461645
0.0,2847.5240614882955,-1.5404392349261964
0.0,2834.0898396128155,-2.231845441759077
0.0,2843.2762728402517,2.721924335404582
0.0,2834.0899002636015,-2.225361155927783
0.0,2830.5501303215083,1.3036632547689633
0.0,2844.6918945492953,1.3401865946555511
0.0,2834.79787511834,-2.9338315462388325
0.0,2834.0897761707647,-2.2361422209800255
0.0,2846.8161139156077,-0.8268535580791361
0.0,2848.231650182182,-2.240435394215516
0.0,2848.2320393482482,-2.2368212971466335
0.0,2834.7974629848477,-2.9152874805596527
0.0,2847.523830229581,-1.5512870348730903
0.0,2846.8161139156077,-0.8268535580791361
0.0,2847.5236874658617,-1.5354515246816536
0.0,2842.5682383425583,3.414512920222637
0.0,2842.56804966782,3.43442832434189
0.0,2847.524099599354,-1.5539955903608333
0.0,2842.5679190425185,3.4467773137561393
0.0,2847.524099599354,-1.5539955903608333
0.0,2842.5683714073784,3.422281076702866
0.0,2834.0897928845397,-2.2236853131570244
0.0,2848.231650182182,-2.240435394215516
0.0,2834.797862979922,-2.930345025461645
0.0,2829.84217132263,2.0010509211574856
0.0,2834.79787511834,-2.9338315462388325
0.0,2847.524099599354,-1.5539955903608333
0.0,2847.523693917448,-1.536104580959196
0.0,2834.797857494918,-2.930793824174441
0.0,2834.7978828458413,-2.95353120683252
0.0,2845.400134305186,0.6258554182054916
0.0,2829.1340506003703,2.7216366056374097
0.0,2847.524099599354,-1.5539955903608333
0.0,2834.089643032247,-2.2261391212172272
0.0,2842.568211658531,3.4333956116251327
0.0,2834.7974629848477,-2.9152874805596527
0.0,2843.2763291108645,2.723244759202835
0.0,2847.524076631928,-1.5318374276129982
0.0,2834.797862979922,-2.930345025461645
0.0,2834.0899124020198,-2.2288476767049703
0.0,2847.524099599354,-1.5539955903608333
0.0,2832.6739392332715,-0.8013222893737202
0.0,2847.524099599354,-1.5539955903608333
0.0,2834.797862979922,-2.930345025461645
0.0,2845.4000137020253,0.6178252550731954
0.0,2834.797862979922,-2.930345025461645
0.0,2847.523830229581,-1.5512870348730903
0.0,2834.0899124020198,-2.2288476767049703
0.0,2847.523837488034,-1.550232580574735
0.0,2834.0899002636015,-2.225361155927783
0.0,2834.0899124020198,-2.2288476767049703
0.0,2842.568202818079,3.420277312706413
0.0,2834.0899201295206,-2.2485473372986577
0.0,2834.797682617135,-2.904319922905634
0.0,2847.524099599354,-1.5539955903608333
0.0,2845.4001699028745,0.6117842907189256
0.0,2843.9841370911718,2.0234278725574084
0.0,2833.3818568522465,-1.537584135025658
0.0,2842.5683190375926,3.4317197688541468
0.0,2834.0896308938286,-2.22265260044004
0.0,2833.3817136935836,-1.5240576539250599
0.0,2847.524099599354,-1.5539955903608333
0.0,2834.79787511834,-2.9338315462388325
0.0,2834.0899124020198,-2.2288476767049703
0.0,2845.400026332288,0.6259122903344646
0.0,2848.2320623156743,-2.2589794598946957
0.0,2834.0894847622644,-2.2203732443382593
0.0,2834.0897928845397,-2.2236853131570244
0.0,2842.5682383425583,3.414512920222637
0.0,2834.79787511834,-2.9338315462388325
0.0,2848.2321079245453,-2.264663261726307
0.0,2834.797818090941,-2.9025186367512017
0.0,2846.815972409281,-0.8077493133968967
0.0,2848.232096258169,-2.256893808758102
0.0166666666666666,2832.673989370395,-0.8031499664865391
0.0,2842.5683821774846,3.4154375006401736
0.0,2847.524137627074,-1.5519897076102982
0.0,2846.8161030145206,-0.8207619947731639
0.0,2831.965910161298,-0.08432337530368295
0.0,2848.2321079245453,-2.264663261726307
0.0,2847.524145208225,-1.5596793921924448
0.0,2832.6738384259047,-0.7903926431780636
0.0,2831.965856448455,-0.09236400895100612
0.0,2843.2762365882418,2.750753281368633
0.0,2834.0899417323003,-2.228708284773319
0.0,2846.1081507067474,-0.11564179515445935
0.0,2833.38197901598,-1.523724415239457
0.0,2832.67382783963,-0.7967379708908428
0.0,2832.674007569383,-0.8051967905264237
0.0,2832.6731222870235,-0.7908096352003724
0.0,2834.7977829611505,-2.93310081257502
0.0,2846.8161030145206,-0.8207619947731639
0.0,2846.1081416313045,-0.11192343398371882
0.0,2848.232096258169,-2.256893808758102
0.0,2848.231883682063,-2.2187757587712156
0.0,2832.673885478253,-0.8000220494111263
0.0,2834.7979062538943,-2.9234411123047437
0.0,2830.55014235488,1.3125707954077652
0.0,2833.380974837957,-1.4933801319473345
0.0,2834.089887557241,-2.229520634624021
0.0,2847.524145208225,-1.5596793921924448
0.0,2834.0896715106755,-2.2023027181340824
0.0,2834.089853764826,-2.205198465135245
0.0,2848.232096258169,-2.256893808758102
0.0,2843.276323222612,2.723388770474976
0.0,2834.089719073061,-2.1893089194463666
0.0,2834.7978178142507,-2.9063276434135243
0.0,2847.5237345542682,-1.5198604617473368
0.0,2846.8159477671725,-0.817514007313974
0.0,2833.3817557396906,-1.4881278564555396
0.0,2846.1081416313045,-0.11192343398371882
0.0,2831.257522441836,0.6269354653280841
0.0,2842.568272538817,3.4518824596466846
0.0,2843.276178816785,2.737631376370537
0.0,2834.7978178142507,-2.9063276434135243
0.0,2847.523982891061,-1.5468227247218624
0.0,2832.673709877995,-0.7865531466876421
0.0,2834.0898893625144,-2.219269592621811
0.0,2834.089714489427,-2.191856462895876
0.0,2843.276178816785,2.737631376370537
0.0,2842.568360506292,3.4283726400088383
0.0,2834.0897456256203,-2.2018541591522878
0.0,2845.4001886452925,0.6145493718805213
0.0,2846.1081402982004,-0.11577812523930184
0.0,2834.797871944754,-2.9474396435265477
0.0,2848.232096258169,-2.256893808758102
0.0,2834.0897161771068,-2.1866523692713056
0.0,2848.2321003433944,-2.2569735771441604
0.0,2843.276178816785,2.737631376370537
0.0,2834.0899417323003,-2.228708284773319
0.0,2830.5497166273385,1.3271446851101982
0.0,2830.549715619525,1.3259482214344016
0.0,2843.276178816785,2.737631376370537
0.0,2833.3818559220745,-1.524705579538676
0.0,2846.1081416313045,-0.11192343398371882
0.0,2829.841884759732,2.0426747401098835
0.0,2843.276256039206,2.7522358302490364
0.0,2832.6730412771008,-0.7761966172936368
0.0,2834.089807780356,-2.2182040617488967
0.0,2833.3814320684237,-1.4877769851205942
0.0,2842.5682265543473,3.4388768630332605
0.0,2834.7974202390583,-2.8881955847468728
0.0,2832.6740283534514,-0.7998595503904371
0.0,2843.2763305171816,2.7396048034973504
0.0,2833.381768749502,-1.4790283183992778
0.0,2834.0897314761714,-2.181763927848115
0.0,2846.108162415373,-0.10658619384773224
0.0,2834.0897677926296,-2.2114094582488066
0.0,2833.3815018556634,-1.4771567582702028
0.0,2834.7978927288227,-2.942102403390561
0.0,2834.08973924008,-2.1877744858534154
0.0,2842.5675701148966,3.4643768997777094
0.0,2834.0897664096888,-2.196516919016301
0.0,2834.089962516369,-2.2233710446373323
0.0,2834.08977786974,-2.2055955619451995
0.0,2830.5489816438203,1.3362477047904975
0.0,2834.7978927288227,-2.942102403390561
0.0,2834.089962516369,-2.2233710446373323
0.0,2833.381503946581,-1.4758361217720812
0.0,2834.0897301430673,-2.185618619103698
0.0,2834.089740573184,-2.1839197945978324
0.0,2834.089479742458,-2.1798396402193614
0.0,2845.400145521272,0.6411389129030334
0.0,2834.0897369611753,-2.181315129135319
0.0,2831.9659284198638,-0.0883579762116542
0.0,2829.841777128855,2.038349482755649
0.0,2834.7978372652146,-2.904845094533121
0.0,2831.9658579092265,-0.06851938728367717
0.0,2843.983736766105,2.055809675753994
0.0,2834.0895893811257,-2.2162845992260998
0.0,2832.673754518525,-0.7884464301158589
0.0,2842.5679134192374,3.448136483885629
0.0,2829.842036626477,2.030414637121595
0.0,2829.842034532795,2.0335525886951302
0.0,2846.1077543064666,-0.08890450344753695
0.0,2846.108161082269,-0.11044088510331526
0.0,2842.568188403446,3.4585955193914755
0.0,2834.0899300125025,-2.237118533856699
0.0,2833.381775747141,-1.483133630242255
0.0,2846.108161082269,-0.11044088510331526
0.0,2844.6920736205184,1.34213242224305
0.0,2829.1340822869,2.7263143131085883
0.0,2843.2761166462137,2.760530884110766
0.0,2834.7978385983192,-2.9009904032775378
0.0,2830.55014020449,1.315092058210922
0.0,2833.3815170261378,-1.474855770685499
0.0,2830.550140652006,1.3179306871234358
0.0,2831.9660600842526,-0.0966237106256076
0.0,2834.0895693866764,-2.2211140189137666
0.0,2834.089659962054,-2.192769500479348
0.0,2843.2763305171816,2.7396048034973504
0.0,2832.6728394326847,-0.7680269774076598
0.0,2828.426240792165,3.4181826389115315
0.0,2834.797623612598,-2.938425647802103
0.0,2834.0898745488944,-2.1998612249992586
0.0,2848.23171879422,-2.2336151354936167
0.0,2842.5679273629294,3.454901005110652
0.0,2829.134215219365,2.7278984261911603
0.0,2833.381779851071,-1.480085254839414
0.0,2846.8161127401822,-0.8241063303364338
0.0,2834.7974424587787,-2.8848235097532235
0.0,2834.7978388750093,-2.897181396615215
0.0,2833.3817778568637,-1.47893592506397
0.0,2848.232072198656,-2.247550656452737
0.0,2834.0897994072625,-2.224105852480432
0.0,2834.797497922387,-2.922080818610664
0.0,2829.8420455066666,2.0348680283707665
0.0,2845.400145797962,0.644947919565356
0.0,2842.567986483924,3.453731464924722
0.0,2833.381815153419,-1.5006116924115647
0.0,2831.2581033683264,0.6129468175895736
0.0,2843.2763305171816,2.7396048034973504
0.0,2848.2320628671782,-2.252368918473045
0.0,2847.5240865149094,-1.5204086241710395
0.0,2833.3815857743793,-1.4900679075219332
0.0,2834.7976928490384,-2.8928507487225854
0.0,2832.6738973631736,-0.7870275039251455
0.0,2842.56837761063,3.443512123434239
0.0,2846.108150023862,-0.11912246080257169
0.0,2846.108161082269,-0.11044088510331526
0.0,2848.2321170422374,-2.2515565686221155
0.0,2834.7977019564,-2.8927583553872775
0.0,2829.8417826817335,2.0400975125246816
0.0,2832.6735762650296,-0.7860531673460517
0.0,2833.381776523759,-1.482790616319553
0.0,2834.0895013381937,-2.207719055397445
0.0,2818.5318572743204,-0.8283710781462806
0.0,2834.0898199158155,-2.1988773967395616
0.0,2831.2578827489033,0.6341881609262237
0.0,2845.400145797962,0.644947919565356
0.0,2834.089508588938,-2.202179919671278
0.0,2834.0899841875616,-2.236306184005997
0.0,2843.984158914134,2.051595996924398
0.0,2834.0899083413096,-2.2241833944880343
0.0,2833.3815934964155,-1.490454442701065
0.0,2834.089491242206,-2.195333190944564
0.0,2834.7978422780493,-2.910792646566952
0.0,2846.108162692063,-0.1027771871854096
0.0,2833.3820214712414,-1.531322314472135
0.0,2843.2762573723103,2.7560905215046194
0.0,2831.2581033683264,0.6129468175895736
0.0,2846.1077545831567,-0.0850954967852143
0.0,2829.84200454037,2.030035193082341
0.0,2834.7968939788707,-2.9160675632447464
0.0,2848.231630558121,-2.2523940197423746
0.0,2832.6737253027864,-0.795053889742225
0.0,2834.0896479772086,-2.2047606300644604
0.0,2829.8417105882445,2.023125853312979
0.0,2848.2313040819895,-2.2381703864769915
0.0,2831.258040979779,0.5961605803469067
0.0,2846.815954559182,-0.7989628907855315
0.0,2834.0898918450607,-2.2237748977883145
0.0,2848.2316274683444,-2.2417274090997727
0.0,2833.381524169847,-1.5017934943561047
0.0,2828.4262252160715,3.413198432893779
0.0,2844.691738534059,1.355755671751512
0.0,2833.3819151850485,-1.5255555494797024
0.0,2834.0898918450607,-2.2237748977883145
0.0166666666666666,2828.426184343115,3.422024490888039
0.0,2831.9659036632033,-0.083600975843382
0.0,2845.3998441880303,0.6339757255303078
0.0,2832.6739542740015,-0.8103206379436304
0.0,2833.38192912874,-1.5187910282546797
0.0,2848.231639134721,-2.2494968620679776
0.0,2843.984063899117,2.0494224466818185
0.0,2834.7978424229627,-2.9252722465449894
0.0,2843.983954353078,2.029872337111466
0.0,2847.5236471990315,-1.5068394601041457
0.0,2834.797854561381,-2.9287587673221767
0.0,2830.5499672566903,1.3250513235484787
0.0,2846.8161163260743,-0.8439389419103155
0.0,2842.5683106190518,3.4333060269936153
0.0,2833.38192912874,-1.5187910282546797
0.0,2834.089604661442,-2.217689647315763
0.0,2845.3997251752053,0.6374100091119558
0.0,2842.568372521612,3.4144187162508572
0.0,2833.38192912874,-1.5187910282546797
0.0,2843.9837612002434,2.0560347937887844
0.0,2844.6919767769396,1.3486210888825547
0.0,2843.984058458093,2.0345576090408475
0.0,2848.2316325486427,-2.250602052442324
0.0,2845.4001862335144,0.6165894221265447
0.0,2848.2313870366293,-2.2557326540810068
0.0,2848.939578382208,-2.9473424772805776
0.0,2845.3999725164663,0.6447710610007555
0.0,2845.3999479072063,0.6478027796895724
0.0,2844.692058971412,1.3278168241458161
0.0,2848.231749633635,-2.2552478270887297
0.0,2848.23207479984,-2.2585437917945885
0.0,2843.9840367869,2.0474927484095122
0.0,2847.5239486177907,-1.5379205727914413
0.0,2846.815867239168,-0.8431091520197843
0.0,2843.276274221367,2.7288754583413732
0.0,2843.276149681459,2.7199318828660592
0.0,2834.0899125969745,-2.246407778277569
0.0,2846.8161063830617,-0.8247139990580474
0.0,2848.23209962671,-2.2608458130429856
0.0,2847.5241485767656,-1.5636313964773283
0.0,2834.0897698424933,-2.2347563156018966
0.0,2848.2321112930863,-2.2686152660111905
0.0,2847.524092066808,-1.5518560313397447
0.0,2834.797849962372,-2.9286542651533525
0.0,2834.0889787565757,-2.2159100011370865
0.0,2848.9397504645744,-2.9717029299080115
0.0,2831.965188603916,-0.09098385849084133
0.0,2833.3812367597116,-1.5385872276424606
0.0,2842.5683115050465,3.4338593278752354
0.0,2844.691914799039,1.3225829985662145
0.0,2834.0897431169146,-2.205618783061607
0.0,2848.2320571180267,-2.26942761586212
0.0,2847.523689442813,-1.5474462124296824
0.0,2834.7975808692895,-2.9221367030032868
0.0,2834.797819849687,-2.914134338953991
0.0,2834.7974683101793,-2.934927308720842
0.0,2848.2320571180267,-2.26942761586212
0.0,2834.797411895982,-2.9000395853843113
0.0,2833.381777948632,-1.4911667182800465
0.0,2848.9397512714413,-2.969995419332114
0.0,2834.797875313295,-2.9513916478114313
0.0,2843.2762687363634,2.7284266596285773
0.0,2832.6739218006333,-0.8023077777815788
0.0,2832.6739871643335,-0.8364400392100723
0.0,2832.673697497599,-0.8096911278445421
0.0,2831.965944996684,-0.09730971747691819
0.0,2832.6739794368327,-0.8167403786163848
0.0,2846.815867239168,-0.8431091520197843
0.0,2846.108140189485,-0.13610138980558834
0.0,2832.673973910348,-0.7992252490116607
0.0,2847.5240944017064,-1.5644437463282574
0.0,2834.797734764615,-2.9386177115722036
0.0,2834.7974365429986,-2.909606304899296
0.0,2848.2320454516503,-2.261658162893915
0.0,2834.0897678579113,-2.233232215376927
0.0,2845.400011766741,0.6266383397700351
0.0,2848.2320454516503,-2.261658162893915
0.0,2842.568331370966,3.4106731465043607
0.0,2846.8157014241683,-0.8077164651594724
0.0,2848.2320571180267,-2.26942761586212
0.0,2834.7976780768054,-2.9011089676137
0.0,2848.939738798198,-2.9639334769398067
0.0,2848.231787748254,-2.2667190603743768
0.0,2847.5241409956147,-1.5559417118951817
0.0,2834.7977129216997,-2.9256531504221472
0.0,2848.231776081878,-2.258949607406172
0.0,2843.984202949793,2.04562641421221
0.0,2848.9398741145365,-2.9403056262411758
0.0,2832.6739672984145,-0.8132538578391976
0.0,2834.089509356376,-2.23185654015482
0.0,2832.673868630958,-0.7946587032231209
0.0,2833.3819300147347,-1.5182377273730596
0.0,2834.0889823421708,-2.1943427843240237
0.0,2848.231788555121,-2.265011549798479
0.0,2834.0897698424933,-2.2347563156018966
0.0,2847.524069099382,-1.5296978685919096
0.0,2848.232054783128,-2.256839900873607
0.0,2834.797586331151,-2.9245287108520985
0.0,2834.797875313295,-2.9513916478114313
0.0,2833.3819925891075,-1.5174338383307886
0.0,2834.089754202475,-2.209166371386698
0.0,2845.3997270301256,0.644518519397979
0.0,2829.842080835444,2.0207527477825895
0.0,2833.381942153153,-1.5217242481502469
0.0,2844.6921843592354,1.3195354701580542
0.0,2843.2762940872863,2.7056892769704985
0.0,2846.815867239168,-0.8431091520197843
0.0,2834.0899125969745,-2.246407778277569
0.0,2834.0899125969745,-2.246407778277569
0.0,2834.7978554473757,-2.9282054664405566
0.0,2834.0895177905386,-2.226386193497672
0.0,2834.797480506859,-2.931370063031534
0.0,2842.568331370966,3.4106731465043607
0.0,2834.0898927310554,-2.2232215969066944
0.0,2846.8161316853857,-0.8594598767943954
0.0,2848.2317854133557,-2.254131345385864
0.0,2834.797450488483,-2.9112079325419815
0.0,2847.524092066808,-1.5518560313397447
0.0,2832.6740146553657,-0.8167449979566472
0.0,2847.5241676041123,-1.5645174846837253
0.0,2833.3817914861543,-1.5041825018530632
0.0,2833.3819300147347,-1.5182377273730596
0.0,2834.7978554473757,-2.9282054664405566
0.0,2834.0897181247465,-2.1961278825801767
0.0,2844.6921996540077,1.3189077192738765
0.0,2834.7977325588135,-2.9397401851357587
0.0,2834.7978554473757,-2.9282054664405566
0.0,2829.8421483050315,2.017522817255923
0.0,2848.232030026398,-2.2527093991346794
0.0,2848.231886455812,-2.2385813995191404
0.0,2848.232030026398,-2.2527093991346794
0.0,2843.2762616030554,2.7295194393031137
0.0,2845.4001249833354,0.6099673162176728
0.0,2848.232030026398,-2.2527093991346794
0.0,2848.232030026398,-2.2527093991346794
0.0,2846.1080033554153,-0.0975038707233292
0.0,2834.0897573455327,-2.2107238735185435
0.0,2848.2316399440074,-2.24853257694405
0.0,2848.231628277631,-2.240763123975845
0.0,2831.2580732901565,0.6047164492756847
0.0,2834.797774114565,-2.933155311840409
0.0,2845.4001110802574,0.6155212219646722
0.0,2829.8419935690185,2.0226898001443585
0.0,2848.2316399440074,-2.24853257694405
0.0,2846.816018909306,-0.8495830390357628
0.0,2843.276005430112,2.75218340500503
0.0,2847.52408218658,-1.5605462413087625
0.0,2833.3810705217065,-1.4958423276910764
0.0,2848.2320874115835,-2.2569483080234907
0.0,2848.2320874115835,-2.2569483080234907
0.0,2848.2317731982293,-2.250233840366369
0.0,2843.984144027527,2.010582245195496
0.0,2832.673613462164,-0.7859032558251047
0.0,2847.524041740623,-1.5344021708856128
0.0,2845.4001376135984,0.6180543514789419
0.0,2842.5682867483165,3.437989829614163
0.0,2847.5240696449764,-1.5603132445893297
0.0,2844.691752738808,1.3425105652073868
0.0,2848.232030026398,-2.2527093991346794
0.0,2847.524067310078,-1.547725529600817
0.0,2844.6920313266914,1.3371662206283432
0.0,2845.4001376135984,0.6180543514789419
0.0,2843.9842069726437,2.031382298496193
0.0,2844.6921748972777,1.3230382210128042
0.0,2843.9842121809575,2.028022090546666
0.0,2848.231617892906,-2.2341653334554996
0.0,2844.6921748972777,1.3230382210128042
0.0,2834.7978306906457,-2.924074964701629
0.0,2845.4001376135984,0.6180543514789419
0.0,2844.692169688964,1.326398428962331
0.0,2843.9838199133847,2.0233799748549712
0.0,2843.9842066959536,2.0275732918338703
0.0,2843.9838199133847,2.0233799748549712
0.0,2847.524067310078,-1.547725529600817
0.0,2848.2320323612967,-2.265297114123192
0.0,2848.231885611137,-2.2408860878168673
