Sales,SVD_1,SVD_2
1.0,2833.381311460802,-1.5464392751855733
0.9999999999999998,2842.567585399484,3.440718590670867
0.9999999999999998,2829.1335452977437,2.7204351660363093
1.0,2831.965273979988,-0.08688568978350168
1.0,2846.8150708097915,-0.8062450047031211
1.0,2829.8413825599177,2.0220289175666895
0.9999999999999998,2846.1074918914333,-0.1396187152922718
0.9999999999999998,2818.531037359654,-0.8248123687493415
0.9999999999999998,2803.6809251585355,-0.13772415276500566
1.0,2801.557203788453,1.9646881151106552
0.9999999999999998,2848.231216713782,-2.2470280395521423
0.9999999999999998,2843.275576288394,2.7376501823392254
0.9999999999999998,2829.84132472578,2.0248216982729446
1.0,2834.089106621077,-2.2062206965615214
0.9999999999999998,2834.089248371039,-2.240133878974046
1.0,2834.0891493896047,-2.2210255702250628
1.0,2843.9836523914673,2.0255658157432066
0.9999999999999998,2845.39936768434,0.625828712108392
1.0,2842.567551955232,3.4444375146274626
0.9876543209876543,2820.6549075756907,-2.9355173961713334
0.9876543209876543,2848.939178182577,-2.9457572551104283
0.9876543209876543,2829.133330872908,2.714162692408847
0.9876543209876543,2832.6733325416417,-0.8389681043505377
0.9876543209876543,2834.7967688848303,-2.8915274469431935
0.9876543209876543,2834.796867397996,-2.9043768078656154
0.9876543209876543,2846.107050395046,-0.10610351150982844
0.9876543209876543,2828.4254170378717,3.432389022510809
0.9876543209876543,2805.0965923376593,-1.540522278761957
0.9876543209876543,2817.1152079740937,0.5670223700475944
0.9876543209876543,2831.2573039622102,0.6067579930295897
0.9876543209876543,2834.089074522076,-2.196082719589999
0.9876543209876543,2819.946682845112,-2.224990231696503
0.9876543209876543,2842.567525673033,3.4607035523343614
0.9876543209876543,2820.6549928324453,-2.9532609618930588
0.9876543209876543,2833.380858742057,-1.5054352638265893
0.9876543209876543,2817.8230259515076,-0.12273389221223992
0.9876543209876543,2829.1334393429024,2.7010073505187595
0.9876543209876543,2856.7093957794136,3.419408721265388
0.9876543209876543,2846.1070515945275,-0.1384243969261133
0.9999999999999998,2844.6913546565333,1.340018914558382
0.9876543209876543,2817.1151856057063,0.5702660093319863
0.9876543209876543,2820.6549089799323,-2.9368791067023787
0.9999999999999998,2846.1071711018417,-0.10694650119991828
0.9999999999999998,2834.089105894463,-2.2322484980426442
0.9876543209876543,2831.9649746050773,-0.10215957358264076
0.9876543209876543,2828.4253986955614,3.429644831625846
0.9876543209876543,2842.567588116639,3.4205693672373694
0.9876543209876543,2845.399318714188,0.635749934163507
0.9876543209876543,2834.088826093666,-2.198416443437891
0.9876543209876543,2844.6914015193333,1.3363419069578362
0.9876543209876543,2834.0890962069266,-2.2294604084772205
0.9876543209876543,2831.2572585770627,0.6130252017615772
0.9753086419753085,2843.9834172249475,2.0474698858271627
0.9753086419753085,2834.797116895354,-2.909823534198717
0.9753086419753085,2842.567543401345,3.4421463635255107
0.9753086419753085,2833.3812064474,-1.5283908420704038
0.9753086419753085,2834.7970926949015,-2.9343541245941624
0.9753086419753085,2831.2569943091007,0.6157098654993394
0.9876543209876543,2834.7969226993873,-2.923403026628633
0.9753086419753085,2828.42540612959,3.429392878542093
0.9753086419753085,2820.6551052928976,-2.9510137659448428
0.9753086419753085,2834.089067774834,-2.2193166035953213
0.9753086419753085,2828.42547902276,3.404694974728696
0.9753086419753085,2844.691365842748,1.3362353764392938
0.9753086419753085,2834.7967663220134,-2.8977424516220993
0.9753086419753085,2829.8413577865354,2.019733251801208
0.9753086419753085,2834.7968025648884,-2.9057654083140587
0.9753086419753085,2819.2390066461294,-1.5259121763755483
0.9753086419753085,2830.549460800399,1.300131066444275
0.9753086419753085,2832.6728163133844,-0.7955211142614103
0.9753086419753085,2831.257243319265,0.6124322235447655
0.9753086419753085,2845.3990952638087,0.6445279375810364
0.9753086419753085,2834.0888064584515,-2.1927208314740865
0.9753086419753085,2817.1148191821153,0.5958044150713121
0.9753086419753085,2828.4252597677155,3.4166243651930617
0.9753086419753085,2842.5672398604443,3.4639087483596827
0.9753086419753085,2834.0891125935086,-2.2083884881400495
0.962962962962963,2833.3807970367416,-1.4985176909352576
0.962962962962963,2833.3811670622526,-1.5129042255431082
0.962962962962963,2819.9470104529087,-2.2334712843762325
0.962962962962963,2833.380923061283,-1.5025823503900633
0.962962962962963,2830.549004825235,1.3393357078558972
0.962962962962963,2843.983470980566,2.041877285977186
0.962962962962963,2817.8228147123514,-0.11567454512153201
0.962962962962963,2829.1334950680034,2.7100218843922876
0.962962962962963,2845.399045528079,0.6108150876457857
0.962962962962963,2842.567464608869,3.4554184914881554
0.962962962962963,2831.2574267393675,0.5964399096719747
0.962962962962963,2834.0891372861793,-2.211857404413448
0.962962962962963,2844.6915098437385,1.3251724453745641
0.962962962962963,2820.6549304507184,-2.9422432108525975
0.962962962962963,2801.55720311859,1.964427382262619
0.9753086419753085,2846.8150089707788,-0.8298283159423465
0.962962962962963,2843.9834330588005,2.040326452431523
0.962962962962963,2843.983182125113,2.0415442152957417
0.962962962962963,2834.797038448346,-2.9199510784019425
0.962962962962963,2846.1071267820366,-0.1068689209991853
0.962962962962963,2834.7970917525536,-2.909563109931505
0.962962962962963,2815.6989053163106,2.0015681241357535
0.962962962962963,2845.3993162841152,0.6204200178978762
0.9506172839506173,2829.8413648907,2.0221990275175816
0.9506172839506173,2848.2312265339156,-2.2460944331028267
0.9506172839506173,2819.238992242911,-1.528644811060951
0.9506172839506173,2843.2754824706276,2.7537425102519792
0.9506172839506173,2834.797057322164,-2.923802286647543
0.9506172839506173,2847.5229947549783,-1.5351116677752779
0.9506172839506173,2834.0890149767697,-2.206005715490285
0.9506172839506173,2847.5232359378683,-1.5451128207866445
0.9506172839506173,2833.381199010257,-1.5342401429336519
0.9506172839506173,2845.399363375338,0.6241678949568746
0.9506172839506173,2843.2752383045654,2.7521915499322165
0.9506172839506173,2842.5675243571204,3.450259154980047
0.9506172839506173,2834.796830645482,-2.897590181203846
0.9506172839506173,2834.7970652712092,-2.9274945984493415
0.9506172839506173,2832.672980129488,-0.7960820540154865
0.9506172839506173,2842.5675855687255,3.4566160577219223
0.9506172839506173,2834.089033946005,-2.2109228395285023
0.9506172839506173,2834.797117221529,-2.9185129876622935
0.9506172839506173,2846.107510743215,-0.1388140686358261
0.9506172839506173,2819.946982292968,-2.2238111759711163
0.9629629629629628,2834.0891996032465,-2.222115332303401
0.9506172839506173,2816.4072400796663,1.274450954880591
0.9506172839506173,2847.5233032465508,-1.5450413462568398
0.9506172839506173,2829.8414631093224,2.015738608748242
0.9506172839506173,2843.275261840895,2.752621916784576
0.9506172839506173,2828.4251233882105,3.4323924170690088
0.9506172839506173,2802.972998649886,0.5660972581154999
0.9506172839506173,2817.823212096523,-0.1265631227932694
0.9506172839506173,2844.6913967837613,1.3377376962619398
0.9506172839506173,2801.556819401039,1.9830434097213938
0.9506172839506173,2846.8153143164786,-0.835087213159914
0.9506172839506173,2834.0892527172014,-2.2199899110611274
0.9506172839506173,2846.1070663211794,-0.1259653561994785
0.9506172839506173,2842.5676585056353,3.425293906044031
0.9506172839506173,2834.0892418376443,-2.246912656224474
0.9506172839506173,2832.673217188695,-0.803688337656128
0.9382716049382716,2830.549422055988,1.3050255244019928
0.9382716049382716,2846.8153801834833,-0.8214640821666743
0.9382716049382716,2842.5675107970355,3.4277020349743754
0.9506172839506173,2833.3811259194317,-1.512819469583402
0.9506172839506173,2834.797138410837,-2.9244603966230818
0.9506172839506173,2834.797051659295,-2.935379729170497
0.9382716049382716,2829.841312357008,2.0297475177024444
0.9382716049382716,2842.5675328626917,3.45155440055287
0.9382716049382716,2829.841343958742,2.0288223433151082
0.9506172839506171,2843.2752035873764,2.750209042773614
0.9382716049382716,2843.275222288042,2.755846370862251
0.9382716049382716,2831.965237656318,-0.10206432816480719
0.9382716049382716,2800.140900905942,3.3930641779772666
0.9382716049382716,2834.796984542254,-2.9100661603741167
0.9382716049382716,2828.4255448484946,3.4172009974885267
0.9382716049382716,2831.9651543232526,-0.11704307321879433
0.9382716049382716,2828.425477719623,3.4059677574160308
0.9382716049382716,2829.133545554967,2.7063105849648026
0.9382716049382716,2829.841099536355,2.0273367609670125
0.9382716049382718,2831.9652090337704,-0.08753405570612156
0.9382716049382716,2843.983149131599,2.0428093876506765
0.9382716049382716,2843.983418054296,2.045728844101184
0.9382716049382716,2801.5572018351995,1.9644254068195728
0.9382716049382716,2834.796716544271,-2.906469443359644
0.9382716049382716,2802.97271624107,0.571279944605039
0.9382716049382716,2847.5234187624274,-1.5570103857840407
0.9506172839506173,2834.0891890674334,-2.2092747200973997
0.9382716049382716,2846.10751543585,-0.14784483912315602
0.9382716049382716,2831.965230227835,-0.09891631407864254
0.9382716049382716,2818.531044329822,-0.8179514640867238
0.9382716049382716,2828.425402042289,3.4264384383706155
0.9382716049382716,2834.0890094638376,-2.206228664429971
0.9506172839506173,2843.275411656093,2.7438979558523915
0.9506172839506173,2802.2647790267943,1.2782735366091436
0.9506172839506173,2843.983458220358,2.0387653852719625
0.9259259259259258,2842.5672337515675,3.4559545152743096
0.9259259259259258,2848.2312305226505,-2.2449272830131926
0.9259259259259258,2847.5232786644247,-1.536116268911395
0.9259259259259258,2834.0892635830974,-2.2511878580877114
0.9259259259259258,2833.3810988052,-1.500278036418573
0.9382716049382716,2818.531015076987,-0.823083005854231
0.9382716049382716,2831.257227603461,0.6209722043059875
0.9259259259259258,2831.257258345808,0.6135136526217927
0.9259259259259258,2829.8410791606443,2.025374603856332
0.9259259259259258,2829.1333510223085,2.7283713720595157
0.9382716049382716,2834.089061346651,-2.214701310275976
0.9259259259259258,2834.0892209723897,-2.2169741686169715
0.9259259259259258,2830.5493189094755,1.3235856354598101
0.9259259259259258,2845.399471043122,0.6084926436886626
0.9259259259259258,2828.425381858882,3.4268747881812343
0.9259259259259258,2829.1334395815443,2.7238336110619503
0.9259259259259258,2842.5672250376642,3.4612296187306573
0.9259259259259258,2834.797075703078,-2.904598794056065
0.9259259259259258,2829.8410370604847,2.0230547075837624
0.9259259259259258,2830.5494131695677,1.3038029894683834
0.9259259259259258,2817.8227778136693,-0.11484089108629032
0.9259259259259258,2843.983603202343,2.0184180377926384
0.9259259259259258,2844.691069268757,1.337406458653867
0.9382716049382713,2844.691092048715,1.3454765337247514
0.9259259259259258,2832.6728669192107,-0.7945898729400906
0.9259259259259258,2816.407233677349,1.273696955429783
0.9259259259259258,2805.8049169026376,-2.269036423447188
0.9259259259259258,2843.2752001534045,2.753906849854589
0.9259259259259258,2831.257399974564,0.5995958685290758
0.9259259259259258,2834.7969753779316,-2.919798161589681
0.9259259259259258,2831.9653539863666,-0.11400649493492751
0.9259259259259258,2842.5672279482483,3.4543146863818572
0.9259259259259258,2843.2751551434926,2.7516258969856033
0.9259259259259258,2846.8154357547987,-0.8476279497054272
0.9259259259259258,2831.9652204884305,-0.09974983859029464
0.9259259259259258,2843.2755225571846,2.7391975597057248
0.9259259259259258,2843.9833919476314,2.027941039070447
0.9259259259259258,2831.2572473395708,0.6138770460730457
0.9135802469135801,2832.673326301794,-0.8010600547911104
0.9135802469135803,2834.7972386206493,-2.935239373361711
0.9259259259259258,2831.257232342168,0.6125945679253592
0.9135802469135801,2842.567513221687,3.440834274719856
0.9259259259259258,2846.1071200608762,-0.11547501789095202
0.9135802469135801,2843.983438242484,2.0427009671704797
0.9259259259259258,2829.133072236567,2.725761419826656
0.9259259259259258,2847.523268054805,-1.5405800321515535
0.9135802469135801,2834.0890386589367,-2.2119502690129558
0.9135802469135801,2833.3811522610577,-1.5330823762554397
0.9259259259259258,2847.5234130231493,-1.5509961674791168
0.9135802469135801,2845.3992574616764,0.6223210173335829
0.9135802469135801,2819.2390122700835,-1.5306348621533576
0.9259259259259258,2834.79700686444,-2.9094832350809074
0.9135802469135801,2829.1333730682854,2.7230610692412056
0.9259259259259258,2834.797138474853,-2.9203575040669167
0.9135802469135801,2845.3993336025496,0.627523288650149
0.9259259259259258,2846.8154466493183,-0.8446015614738974
0.9259259259259258,2848.231206407126,-2.2342972356166717
0.9135802469135801,2831.257278097528,0.6232876050119939
0.9135802469135801,2831.9650176684877,-0.0885712736087168
0.9135802469135801,2832.6729564243037,-0.7942708834634457
0.9135802469135801,2845.3994818718566,0.6074553728184546
0.9135802469135801,2833.3808242267846,-1.4986584537597183
0.9135802469135801,2819.2389756944535,-1.5270560049048665
0.9135802469135801,2829.133102686072,2.7285251501301753
0.9135802469135801,2834.0892077927724,-2.2203765148133514
0.9135802469135801,2845.3990757539564,0.6141231351737322
0.9135802469135801,2833.3810857630338,-1.4956489788479195
0.9135802469135801,2831.964891249275,-0.08252024818992008
0.9135802469135801,2846.1075033049633,-0.14832069609130555
0.9259259259259258,2845.399327282018,0.6267557188628442
0.9135802469135801,2834.7969837819896,-2.9179143969568484
0.9135802469135801,2834.0890986417944,-2.2064804073281605
0.9135802469135801,2834.796978057269,-2.9097749816299396
0.9259259259259258,2832.673041398907,-0.789048533230264
0.9012345679012346,2831.965161141962,-0.09306567356284252
0.9012345679012346,2833.380903370977,-1.5110322796541888
0.9012345679012346,2843.983424392972,2.0404086128605496
0.9135802469135801,2843.275453487428,2.7461742265369375
0.9012345679012346,2834.089089901795,-2.2286360027881758
0.9012345679012346,2834.797007861966,-2.9055604976168254
0.9012345679012346,2829.8413118097474,2.026123038644494
0.9135802469135801,2843.9834127109993,2.046265894673158
0.9012345679012346,2834.0890890720666,-2.2215473273630812
0.9012345679012346,2834.7970747367326,-2.9039870361154634
0.9012345679012346,2845.3994650284176,0.6023038558448908
0.9012345679012346,2830.549038650687,1.3319566374198104
0.9012345679012346,2829.133384317402,2.733823788986945
0.9012345679012346,2834.7972008090787,-2.943792610966402
0.9012345679012346,2834.796817715843,-2.9081268912391405
0.9012345679012346,2832.67313873163,-0.8266126860912005
0.9012345679012346,2842.567513406372,3.449651070597986
0.9012345679012346,2834.089106015657,-2.2122680076354055
0.9012345679012346,2831.965360682097,-0.1046911556805146
0.9012345679012346,2846.1073499801278,-0.1277057880856634
0.9012345679012346,2829.1333594153725,2.7289318427204328
0.9012345679012346,2829.133376852896,2.730505771123537
0.9012345679012346,2832.6731854184377,-0.8037813944326363
0.9012345679012346,2820.6549214208685,-2.9337650019615604
0.9012345679012346,2834.797034863656,-2.9159803436209875
0.9012345679012346,2829.8413354804843,2.0247502550597534
0.9012345679012346,2847.5232262895133,-1.538885702206578
0.8888888888888888,2817.115046312807,0.5857032712712552
0.8888888888888888,2847.5232580310585,-1.5401774283293026
0.8888888888888888,2842.5674978092957,3.456920649606564
0.9012345679012346,2819.2387247663396,-1.519024074422168
0.8888888888888891,2831.257232152865,0.617104459035197
0.8888888888888888,2834.797072532077,-2.9218357163494373
0.8888888888888888,2815.699122690099,1.992301134935302
0.9012345679012346,2831.2570195896947,0.608639299128339
0.9012345679012346,2843.2755939930003,2.7396272617502064
0.8888888888888888,2830.5492638336455,1.3225634266217303
0.8888888888888891,2819.9469539837846,-2.2346099849332934
0.8888888888888891,2829.1334996970672,2.717140821584568
0.8888888888888888,2842.567512481362,3.4469280891159393
0.8888888888888888,2847.523016921043,-1.5411862225261803
0.9012345679012346,2833.381116247611,-1.4902346159245874
0.8888888888888888,2843.9831881834666,2.039983080719958
0.8888888888888888,2829.1333970009136,2.733594960049605
0.8888888888888888,2834.0891576806807,-2.2395864916836126
0.8888888888888888,2842.567531941178,3.4477016808136627
0.8888888888888888,2832.6732486278675,-0.8001587704063148
0.8888888888888891,2834.7971251994168,-2.945373153889287
0.8888888888888888,2842.5676212796575,3.453610606426261
0.8888888888888888,2842.5673509083554,3.456396562299922
0.8888888888888891,2842.5673051978924,3.4443294222700027
0.8888888888888888,2845.399432039105,0.6101410490604301
0.8888888888888891,2831.2572490206426,0.614602079640978
0.8888888888888888,2843.275486752612,2.7474367271773272
0.8888888888888891,2801.557085673282,1.9792624758329525
0.8888888888888888,2833.3810513491903,-1.4933042282155014
0.8765432098765433,2828.425363645578,3.4258585606415926
0.8765432098765431,2834.7971535424485,-2.9088683909244493
0.8765432098765431,2834.7970932710687,-2.9339863639576595
0.8765432098765431,2831.9649304732407,-0.08394100926421198
0.8765432098765431,2831.965225540543,-0.09978773870077834
0.8765432098765433,2848.230957833809,-2.2426552084481046
0.8765432098765431,2833.380798957054,-1.4971175120143991
0.8765432098765431,2846.107071967862,-0.1280788791158123
0.8888888888888888,2833.381171332288,-1.5038661828231759
0.8765432098765431,2830.548982120598,1.3106400052532503
0.8765432098765431,2833.3809048554745,-1.5321403497706947
0.8765432098765431,2845.3993090201493,0.6326347622528905
0.8888888888888888,2834.0892470801814,-2.2533925550273195
0.8888888888888888,2834.0890999030244,-2.232053334317215
0.8765432098765431,2843.9835992081325,2.025292889197504
0.8765432098765433,2819.946630436713,-2.2349615847656317
0.8765432098765431,2829.133376656928,2.730640558422998
0.8765432098765431,2847.523385623466,-1.551736081243735
0.8765432098765433,2820.654917057806,-2.934548523112203
0.8888888888888888,2842.567534311082,3.4597541914854935
0.8765432098765431,2843.275470162594,2.7521406549723144
0.8765432098765431,2834.7970735911113,-2.912466378270558
0.8765432098765433,2818.531031153466,-0.8186200098741709
0.8888888888888891,2829.8410562849604,2.0323491248801036
0.8888888888888891,2829.8413451079205,2.022103938536697
0.8765432098765433,2829.1333568034142,2.7232813892470693
0.8765432098765431,2834.797108193849,-2.932505965011944
0.8765432098765431,2831.965267281947,-0.12089698542993169
0.8765432098765433,2802.2647699251143,1.2773549456460838
0.8765432098765431,2842.5675437289456,3.4544682004138307
0.8765432098765433,2846.815304925376,-0.8425094914457695
0.8765432098765431,2834.7967140583273,-2.916351980850205
0.8765432098765431,2834.088856583066,-2.2019243441305636
0.8765432098765431,2833.380921311193,-1.50233051980177
0.8765432098765431,2832.6732423991984,-0.7986171185845968
0.8765432098765431,2829.8413227171145,2.0280473456858674
0.8765432098765431,2834.796840940836,-2.9169770544069693
0.8641975308641974,2833.380911784594,-1.4974866034136063
0.8641975308641974,2834.088869339571,-2.203710395725084
0.8641975308641974,2834.0887626512663,-2.2064889343078473
0.8641975308641974,2819.239012893961,-1.53247228126363
0.8641975308641974,2831.257225494103,0.6134147029040055
0.8641975308641974,2818.5311361226613,-0.8379836147895462
0.8641975308641974,2830.5493309846506,1.3156270694334713
0.8765432098765431,2843.9834596687747,2.0300624489945105
0.8641975308641974,2820.654917706637,-2.9395517398463156
0.8641975308641976,2819.9471044886254,-2.24031577376317
0.8641975308641976,2829.8413304359246,2.0222389051545484
0.8641975308641976,2830.548942367512,1.3219236534712004
0.8641975308641974,2845.3992739044397,0.6119080313286807
0.8641975308641974,2843.9834349530274,2.017074217429432
0.8641975308641974,2848.2313917676715,-2.2603806921034013
0.8641975308641976,2829.841399005597,2.009750073243989
0.8641975308641976,2831.2571991100417,0.6072992662452582
0.8641975308641974,2843.275477329952,2.7431926331947234
0.8641975308641974,2831.965353425433,-0.1030534126323227
0.8641975308641974,2843.2752373956387,2.7528905311052223
0.8765432098765433,2828.425375405626,3.425668495650225
0.8641975308641976,2820.654759317985,-2.932469905772079
0.8641975308641976,2831.9652553847395,-0.08834244469728467
0.8641975308641974,2845.3993641843063,0.6179269740992692
0.8765432098765431,2845.399348102542,0.6210411243186944
0.8641975308641974,2830.5494215088015,1.3042986201985192
0.8765432098765433,2828.4253901524794,3.429270069433989
0.8641975308641974,2820.6547884704205,-2.947898995400855
0.8641975308641974,2842.5673631370873,3.4397229624285455
0.8641975308641974,2817.8231606831337,-0.1357541977873225
0.8641975308641974,2844.6911489927484,1.3325940096053952
0.8641975308641974,2843.9831916031703,2.051929903080553
0.8765432098765433,2829.841104340406,2.0312940778108173
0.8641975308641974,2834.0888701693552,-2.2035019121627637
0.8641975308641974,2831.2572328229494,0.6196370802727144
0.8765432098765431,2829.8412995808158,2.0248855856272034
0.8641975308641974,2833.381178574255,-1.5043441617072322
0.8518518518518519,2829.133334732711,2.733237690879795
0.8518518518518519,2831.257338012172,0.598291425349819
0.8518518518518519,2831.9648857584903,-0.08796621560428756
0.8518518518518519,2830.5490089567957,1.3243265200128942
0.8641975308641974,2847.5234260898837,-1.55234737546639
0.8518518518518519,2817.822875986486,-0.1309605439358293
0.8518518518518519,2829.8413732404965,2.022190584531293
0.8518518518518519,2828.4254011815874,3.4339657812943667
0.8518518518518519,2843.275494387714,2.749450653178213
0.8641975308641974,2844.69139983007,1.3205826282494726
0.8518518518518519,2842.5674836925828,3.454591904510511
0.8518518518518519,2843.2754615286694,2.73851705913545
0.8518518518518519,2834.797185986521,-2.93250309320197
0.8518518518518519,2829.1334815034397,2.7161958862878812
0.8518518518518519,2829.1333604899773,2.7276059410663063
0.8518518518518519,2846.815372359775,-0.8261971317179674
0.8641975308641976,2847.5232943696183,-1.5307336555779651
0.8518518518518519,2833.381261818339,-1.5186818878377266
0.8518518518518519,2829.1330680045394,2.7233921359808315
0.8641975308641974,2843.275517748129,2.737885266749324
0.8518518518518519,2831.965401598384,-0.1055077115068112
0.8518518518518519,2820.6549941833273,-2.957922142409152
0.8518518518518519,2845.399047901617,0.6296555561416277
0.8518518518518519,2829.1334234303417,2.730803693222432
0.8641975308641976,2819.9470819270514,-2.2452436134015823
0.8518518518518519,2830.549376485081,1.3238705060155491
0.8518518518518519,2842.5675210671648,3.44231150150285
0.8518518518518519,2833.3809163634915,-1.5015067729056397
0.8518518518518519,2845.399343665898,0.6379080771562876
0.8518518518518519,2831.965204078077,-0.0976540940203837
0.8518518518518519,2831.965362588294,-0.09975361600557593
0.8518518518518519,2828.4254145898726,3.434013640546696
0.8518518518518519,2847.5230101656957,-1.542888968132756
0.8641975308641976,2842.5672891924255,3.4245766206084847
0.8641975308641976,2819.238748973764,-1.5144294704387828
0.8518518518518519,2846.815314329877,-0.8139620294736373
0.8518518518518519,2843.275305155195,2.752278880693271
0.8518518518518519,2834.797068700298,-2.939147083109477
0.8518518518518519,2831.257231624188,0.6110373864030246
0.8518518518518519,2831.2570637714894,0.6228350910603634
0.8518518518518519,2842.567441603323,3.4591254668134934
0.8518518518518519,2834.7969896825825,-2.905452404505075
0.8518518518518519,2843.2755929433374,2.731106067790498
0.8518518518518519,2834.08914002401,-2.203818034084111
0.8395061728395061,2831.9652364771155,-0.10070123247487149
0.8518518518518519,2842.567461668685,3.4558333991741197
0.8518518518518519,2843.9831679332515,2.0482230916009714
0.8395061728395061,2816.406847034785,1.302010133437021
0.8395061728395061,2847.523185110155,-1.5338590809692059
0.8395061728395061,2829.8413434164117,2.0153663252810268
0.8518518518518519,2834.7970706935594,-2.937641585783428
0.8395061728395061,2847.5230060291374,-1.52965861652173
0.8395061728395061,2843.983460701792,2.023907877152406
0.8518518518518519,2819.9469619470606,-2.231285231354515
0.8395061728395061,2842.567574110255,3.4511000868846033
0.8395061728395061,2802.97265089869,0.5737886292125035
0.8395061728395061,2815.6991257867053,1.994524594557957
0.8395061728395061,2847.5231844524374,-1.5282548227387631
0.8395061728395061,2830.549269894415,1.3172809086453776
0.8395061728395061,2833.3811271187924,-1.5058056128392834
0.8395061728395061,2848.2312725357683,-2.2432546834440883
0.8395061728395061,2831.965395193136,-0.10310374191345603
0.8395061728395061,2842.5671982647405,3.4614622848928422
0.8518518518518519,2833.3810771362687,-1.5074162741673152
0.8518518518518519,2801.557197274591,1.9644292907593486
0.8395061728395061,2819.9469789260575,-2.223997804624125
0.8395061728395061,2830.549313500486,1.3152380770422292
0.8395061728395061,2834.0890910654434,-2.2332410385318124
0.8395061728395061,2843.2754867606814,2.7595944585225616
0.8395061728395061,2834.797031739159,-2.9123357997116726
0.8395061728395061,2832.6732119974395,-0.8015915981691955
0.8395061728395061,2831.257264426044,0.6203911456389993
0.8395061728395061,2834.797188407301,-2.924898422126027
0.8395061728395061,2845.3995148628205,0.608749033478958
0.8271604938271606,2831.257023449409,0.6212076933254236
0.8271604938271606,2843.983574462258,2.011561117263229
0.8271604938271606,2845.3994634119986,0.6011836888998247
0.8271604938271606,2831.964938930801,-0.07260438537997475
0.8271604938271606,2831.964990528092,-0.10222374914205587
0.8271604938271606,2831.2572442672526,0.6157404737697453
0.8395061728395061,2832.6731587511863,-0.7986191055488894
0.8271604938271606,2819.947080864802,-2.2459699400517725
0.8271604938271606,2819.238715349922,-1.5205858573347082
0.8395061728395061,2844.691508028691,1.3260501129172722
0.8271604938271606,2831.965328199825,-0.10531122280861284
0.8271604938271606,2843.98324858408,2.044665629700379
0.8271604938271606,2831.256967995994,0.6226853543757378
0.8271604938271606,2830.5492002144197,1.3128750173021246
0.8271604938271606,2843.275337239482,2.713945424111006
0.8271604938271606,2842.5675016661967,3.438578033276549
0.8395061728395061,2831.257404313491,0.5956184885992303
0.8395061728395061,2846.10728697986,-0.13040144686680383
0.8271604938271606,2830.549283919381,1.3118749325027952
0.8271604938271606,2834.088989399286,-2.203941832619877
0.8271604938271606,2819.2390976883726,-1.5386757989106168
0.8271604938271606,2833.381185791713,-1.5286553362989703
0.8271604938271606,2844.6914318233585,1.3355779783897976
0.8271604938271606,2820.654679359957,-2.9357335145275916
0.8271604938271606,2844.6915370312513,1.3136953024835927
0.8271604938271606,2831.2572523477434,0.6148352372459128
0.8271604938271606,2843.275254341823,2.7198985672133618
0.8271604938271606,2845.3994698322012,0.6098821566333927
0.8271604938271606,2832.673164479925,-0.7982778603647201
0.8395061728395061,2833.3811490429716,-1.5040426772121878
0.8395061728395061,2846.1075106784883,-0.14392680353824266
0.8271604938271606,2843.2754559681584,2.7484471347140347
0.8271604938271606,2834.089112716339,-2.2047237146747087
0.8148148148148149,2801.557196747306,1.9641343702549683
0.8148148148148149,2820.654941712073,-2.931444430044521
0.8148148148148149,2834.0891904881014,-2.2115598850436493
0.8148148148148149,2834.796839273548,-2.906241760044455
0.8148148148148149,2834.089084751839,-2.204079673165721
0.8148148148148149,2848.2314043385645,-2.257950041228399
0.8148148148148149,2847.5229692412613,-1.5345612329449128
0.8148148148148149,2834.797061401903,-2.927242843054132
0.8148148148148149,2818.5310215775926,-0.8174159521448827
0.8271604938271604,2829.841175471484,2.0057482875399466
0.8148148148148149,2846.815310688769,-0.8440561493599785
0.8148148148148149,2842.567428946595,3.439306112309946
0.8148148148148149,2832.6732950537203,-0.8366420540273135
0.8148148148148149,2843.275389824311,2.723574182622576
0.8148148148148149,2833.381146645481,-1.4961480749137224
0.8148148148148149,2846.107497983084,-0.1416999305998421
0.8148148148148149,2831.2572365254086,0.6167336604527758
0.8148148148148149,2843.2755057630575,2.7127391783560033
0.8148148148148149,2828.4253607781816,3.4212840024404882
0.8271604938271606,2843.275488148515,2.7523229672549876
0.8148148148148149,2842.5675516091774,3.4221800578830175
0.8148148148148149,2832.673147037517,-0.7977016523269015
0.8148148148148149,2830.5492999097883,1.3221723587856704
0.8148148148148149,2844.6914379904306,1.338012460367859
0.8148148148148149,2844.691097510393,1.3354529357675509
0.8148148148148149,2831.965349677513,-0.10560058495931936
0.8148148148148149,2831.965345354303,-0.10181357886621167
0.8148148148148149,2843.983392510085,2.04275051418903
0.8148148148148149,2819.947064556624,-2.2438618945933646
0.8148148148148149,2834.089207698596,-2.21542264331571
0.8148148148148149,2834.0890680518983,-2.2055618652273496
0.8148148148148149,2842.5674898380857,3.453303513816995
0.8271604938271606,2833.381087058534,-1.4944643022142667
0.8148148148148149,2830.549280200723,1.319253410351488
0.8024691358024691,2831.2571415596776,0.6106764448555858
0.8024691358024691,2847.5232931619416,-1.5331448044659384
0.8024691358024691,2829.841341620796,2.028581948425138
0.8024691358024691,2845.399307721365,0.6259956681962592
0.8024691358024691,2845.399322843405,0.6159201262751779
0.8024691358024691,2828.4255404163314,3.4169170819566577
0.8148148148148149,2843.983398852728,2.053168918989123
0.8024691358024691,2845.399333215838,0.6126382539878149
0.8024691358024691,2833.3812225098072,-1.5062441372761224
0.8024691358024691,2830.54902807046,1.3173023036212772
0.8024691358024691,2834.089049421031,-2.2138111521458765
0.8024691358024691,2832.673294877514,-0.8366610099523565
0.8024691358024691,2842.5672358467345,3.4466540700762067
0.8024691358024691,2845.3993356816454,0.6228135411962358
0.8024691358024691,2820.6549010965045,-2.936808528992191
0.8148148148148149,2834.088841364562,-2.2375689794218556
0.8024691358024691,2842.5674546290097,3.450835914954191
0.8024691358024691,2831.9651789387426,-0.09847359221928421
0.8024691358024691,2829.1334817354355,2.7060956329760617
0.8024691358024691,2856.7096496260656,3.4234173326409456
0.8024691358024691,2820.6549504028744,-2.9375340472230183
0.8024691358024691,2843.9831163921504,2.028788822264877
0.8148148148148149,2834.089052853529,-2.201968002280965
0.8024691358024691,2832.6733238733186,-0.8206698061831641
0.8148148148148149,2832.6731638206516,-0.7958729715000972
0.8024691358024691,2842.5676583449217,3.4157186018990253
0.8024691358024691,2831.2572568568025,0.6131434997438459
0.8024691358024691,2842.5675477348063,3.4224012902597543
0.8148148148148149,2843.98338718136,2.0567647152091504
0.8024691358024691,2845.399059119234,0.639066959821311
0.8024691358024691,2831.2569687773866,0.6164051909633447
0.8024691358024691,2842.5671959850574,3.4543603295315743
0.8024691358024691,2820.6549383728966,-2.928449527779414
0.8024691358024691,2834.088799092472,-2.1934333619313855
0.8024691358024691,2819.9471108543094,-2.237817755121172
0.8024691358024691,2845.399336439028,0.6368551812233906
0.8024691358024691,2842.567391659184,3.448631147844943
0.8024691358024691,2842.5675272187013,3.449612859273522
0.8024691358024691,2830.549000061002,1.3251965943038715
0.8024691358024691,2833.381073859562,-1.4976442488086628
0.8024691358024691,2831.2572698552394,0.618585563717972
0.8148148148148149,2831.9652054774933,-0.09129349034798874
0.8024691358024691,2829.841437158023,2.014238117261613
0.8024691358024691,2831.9652193998086,-0.08979799413916362
0.8024691358024691,2845.399101437397,0.6507903592552701
0.8024691358024691,2843.9832224482734,2.0526765350780956
0.8024691358024691,2833.3811920314097,-1.5039296210143813
0.8024691358024691,2830.549304423153,1.3228836352624813
0.8024691358024691,2845.3990232494893,0.6383202039267146
0.8148148148148149,2802.2647604351623,1.2775787822175282
0.8024691358024691,2828.4254041690324,3.4309405798713417
0.8148148148148147,2834.7968721152906,-2.905031608531592
0.8024691358024691,2846.107118737466,-0.12704028931690445
0.8024691358024691,2833.381076258537,-1.5008050486585844
0.8024691358024691,2830.5493126483,1.3168613013637733
0.7901234567901234,2829.8410646302923,2.027492054166495
0.7901234567901236,2834.08907180619,-2.2150769698733566
0.7901234567901234,2848.230957521204,-2.2337509363262535
0.8024691358024689,2848.231244978979,-2.242013036216164
0.7901234567901234,2831.965177034106,-0.08943900636703929
0.7901234567901234,2834.0890782470906,-2.204516182189495
0.7901234567901234,2847.5232696837506,-1.5357060429229468
0.7901234567901234,2805.0966027649806,-1.5425585945374827
0.7901234567901234,2846.1070541331414,-0.11764391279256253
0.8024691358024691,2833.3809982909634,-1.4999779982280077
0.7901234567901234,2820.65501647654,-2.9470893837305034
0.8024691358024689,2843.983427189157,2.040164901682211
0.7901234567901236,2842.5675355116223,3.423529209072975
0.7901234567901234,2833.3810847953637,-1.491809852937504
0.7901234567901234,2833.3810394705692,-1.5039157658989377
0.7901234567901236,2834.0892346817095,-2.2166187330320173
0.7901234567901234,2845.399230063677,0.6280852023152583
0.7901234567901234,2830.5493266540952,1.320411612605306
0.7901234567901236,2834.089037023177,-2.2126551767800673
0.7901234567901234,2845.3991102764794,0.6373055582790077
0.8024691358024691,2834.0888644275537,-2.192562620631593
0.7901234567901234,2834.08904508411,-2.2131710065477654
0.8024691358024691,2844.691469223392,1.3214149476407475
0.7901234567901234,2831.9650405935486,-0.10216699769511393
0.7901234567901234,2831.9652201506333,-0.0839071960472272
0.7901234567901234,2831.9652402276433,-0.10743783752449054
0.7901234567901234,2847.5230168326043,-1.5519184872137612
0.7901234567901234,2834.797097114388,-2.9402717867347237
0.7901234567901234,2829.841422032368,1.9986076094101668
0.7901234567901234,2845.3993279916963,0.6150605404579551
0.7901234567901234,2842.5675635976236,3.4449808270332674
0.7901234567901234,2828.4254931132496,3.4038788440928984
0.8024691358024689,2846.1073582010927,-0.11429747133851434
0.7901234567901234,2846.8152941964045,-0.8382763659279904
0.7901234567901234,2831.9653611683725,-0.10938941077187479
0.7901234567901234,2846.8152888139625,-0.8318332515536249
0.7901234567901234,2834.0890712286405,-2.2139317743158933
0.7901234567901234,2834.0888290398566,-2.196388095930509
0.7901234567901236,2834.796830781272,-2.902401648730176
0.8024691358024694,2833.3811306460366,-1.5304810938390256
0.7901234567901234,2845.3991062577593,0.6389975756286387
0.7777777777777777,2828.425169383832,3.429319525246746
0.7777777777777777,2842.567180391316,3.4529492802060133
0.7901234567901236,2834.7971918268127,-2.9411424089448497
0.7777777777777777,2831.9649803808484,-0.08266558762645047
0.7777777777777777,2842.5674947599264,3.445716651977767
0.7777777777777777,2830.5492283972803,1.317222015927457
0.7777777777777777,2845.39932466115,0.6390407205228376
0.7777777777777777,2831.2572438929124,0.6132192294647053
0.7777777777777777,2831.965215340701,-0.08994018465065666
0.7777777777777779,2834.7970425041294,-2.927084779601133
0.7901234567901236,2844.691372476969,1.331539916511712
0.7777777777777777,2830.549465964994,1.307796087294466
0.7901234567901234,2831.25727908115,0.6042006183292542
0.7777777777777777,2820.6550568384646,-2.951855815307441
0.7777777777777777,2834.0887814601733,-2.1985091617666086
0.7777777777777777,2844.691371232138,1.342994717958559
0.7901234567901234,2831.2573717510263,0.5991509346508869
0.7901234567901234,2831.2571028636157,0.6028169683565997
0.7901234567901234,2843.275157177016,2.7563699376673174
0.7777777777777779,2834.796799381566,-2.931075107931373
0.7901234567901234,2843.983438670604,2.032111037220084
0.7777777777777777,2833.381177545596,-1.533526783879872
0.7777777777777777,2831.2572582980974,0.621187471787643
0.7777777777777777,2829.8413727714064,2.0322873595110096
0.7777777777777777,2820.6549251690312,-2.9391561418257384
0.7777777777777777,2831.257097355935,0.6094307565358935
0.7777777777777777,2829.8412942755804,2.0306736008293735
0.7777777777777777,2834.7969617837452,-2.9196052645052806
0.7901234567901234,2846.8152611029154,-0.8371057457648797
0.7777777777777777,2844.691420925831,1.3340089856109223
0.7777777777777777,2820.6546970621907,-2.9320235204037814
0.7901234567901234,2832.672861794671,-0.7981653106209956
0.7901234567901234,2833.381183718168,-1.514753099930909
0.7777777777777777,2831.2572582980974,0.621187471787643
0.7777777777777779,2842.5677519694805,3.4252812660813103
0.7777777777777777,2833.3811039807906,-1.4965747656763635
0.7777777777777777,2819.9469780064533,-2.238079854119631
0.7777777777777777,2831.2572472762054,0.6155226569508153
0.7777777777777777,2844.69147671251,1.3254668971149801
0.7654320987654322,2834.79698635421,-2.914912862512912
0.7654320987654322,2848.2309201823214,-2.2417028375551706
0.7777777777777777,2834.0890142994576,-2.2129629991772557
0.7654320987654322,2820.654948541631,-2.9390215956284407
0.7654320987654322,2846.8153059551887,-0.8387100086767788
0.7654320987654322,2834.7970305373447,-2.9039584487902985
0.7654320987654322,2842.567475588948,3.449401697056782
0.7654320987654322,2832.6728794730598,-0.8045012315084729
0.7654320987654322,2819.2390929690646,-1.5488526590542229
0.7654320987654322,2829.8412810087057,2.026399590111981
0.7654320987654322,2828.425124542143,3.4324793723350404
0.7654320987654322,2802.265012755517,1.2737280461318508
0.7654320987654322,2834.7969935404935,-2.9112393180628158
0.7654320987654322,2843.983139185303,2.045908968069785
0.7654320987654322,2829.1333902304395,2.7377270426505738
0.7654320987654322,2833.381188544817,-1.5121563949853405
0.7654320987654322,2834.0891248528724,-2.2142999405082073
0.7777777777777779,2829.84104023921,2.0438151870108388
0.7777777777777777,2843.9836423498127,2.032481263430445
0.7654320987654322,2829.1331150105566,2.7378181628466653
0.7654320987654322,2844.6911374930064,1.3385383561523687
0.7654320987654322,2820.6546302887014,-2.9352083596635485
0.7654320987654322,2814.9909522540593,2.7094354587961385
0.7654320987654322,2830.5492919907474,1.312014527065539
0.7654320987654322,2830.5489738623246,1.3134259381173001
0.7777777777777777,2834.7969887194295,-2.912399753470239
0.7777777777777777,2843.2754917848542,2.751618662211763
0.7654320987654322,2842.5675449573137,3.439968118652534
0.7654320987654322,2843.275468795893,2.7360992353146774
0.7654320987654322,2831.965129599423,-0.09171394221111219
0.7654320987654322,2843.275478687314,2.737995878632826
0.7777777777777777,2831.9649678249293,-0.09474205654185228
0.7654320987654322,2828.425411826508,3.4339846894580597
0.7777777777777777,2833.3810705614997,-1.4916742868046915
0.7654320987654322,2843.275433791001,2.7543311684437404
0.7654320987654322,2843.275421277179,2.7482072734556233
0.7654320987654322,2833.381100903913,-1.4955597851902787
0.7654320987654322,2819.238978263746,-1.5246216535388102
0.7654320987654322,2832.6730596699617,-0.813111103087692
0.7777777777777779,2846.1075144841943,-0.13602214320723727
0.7654320987654322,2834.0891272884023,-2.2146085072010457
0.7777777777777777,2832.673199496104,-0.7860004104762685
0.7777777777777779,2833.380910244023,-1.496282856914766
0.7777777777777777,2831.9652898392765,-0.10227348283085833
0.7654320987654322,2843.2754166471686,2.7414688800546125
0.7777777777777777,2843.2754824040157,2.7408090956771822
0.7530864197530864,2843.983103819076,2.0420038903619755
0.7530864197530864,2843.2754424766067,2.749688865291034
0.7530864197530864,2845.3990974384283,0.6211018731351108
0.7530864197530864,2819.946996809605,-2.232130175895039
0.7530864197530864,2843.2752356585875,2.7540044760535722
0.7654320987654322,2819.2390163927066,-1.5190745084721529
0.7654320987654322,2832.6729611880983,-0.7872489791210282
0.7530864197530864,2830.549311758075,1.325998000078167
0.7530864197530864,2828.425532265572,3.416416610803009
0.7530864197530864,2830.549313335015,1.3163966642575575
0.7530864197530864,2802.2650136361294,1.2734103448738456
0.7530864197530864,2834.089013653244,-2.2030558838460528
0.7530864197530864,2834.0888371376614,-2.230990941142122
0.7530864197530864,2819.947006262666,-2.240313477921704
0.7530864197530864,2833.380908783256,-1.5309672265254157
0.7530864197530864,2833.3810323389516,-1.5099638675223013
0.7530864197530864,2820.654974347327,-2.939225358365447
0.7530864197530864,2847.5231292260337,-1.5470070609581235
0.7530864197530864,2831.2569690724804,0.6180622188723807
0.7530864197530864,2828.425375152005,3.4265874164881254
0.7530864197530864,2831.2572346665943,0.613766027968697
0.7654320987654322,2845.399019925749,0.6186588775568269
0.7654320987654322,2818.5310187807963,-0.8189173105984026
0.7530864197530864,2842.5674472947376,3.4645447392229265
0.7530864197530864,2830.5490247701587,1.3260481972152944
0.7530864197530864,2843.275235407157,2.7427827831096305
0.7530864197530864,2817.8230035071974,-0.12301607202908967
0.7530864197530864,2833.3811674919143,-1.5219641849238004
0.7530864197530864,2834.0888894766713,-2.2007102402963854
0.7530864197530864,2845.3994962810807,0.6114065429190251
0.7654320987654322,2831.965232360445,-0.08209889331280047
0.7530864197530864,2834.797010780595,-2.908641829847558
0.7654320987654322,2834.797039723432,-2.9151848624843173
0.7530864197530864,2831.2572351473978,0.6119310434116575
0.7530864197530864,2834.797141247629,-2.9179831756326986
0.765432098765432,2834.797058371605,-2.9354722519956176
0.7530864197530864,2834.797101025901,-2.9263157571096494
0.7530864197530864,2834.797046940199,-2.9032231297005837
0.7530864197530864,2842.5676059202337,3.440532209176437
0.7530864197530864,2843.9834030838247,2.039073705524478
0.7530864197530864,2842.5672785346187,3.4440475718002435
0.7530864197530864,2819.2389361640226,-1.5350669598408913
0.7530864197530864,2843.275393344362,2.747931547625451
0.7530864197530864,2829.841328130577,2.0158245865809787
0.765432098765432,2846.815028277415,-0.842976371573582
0.7654320987654322,2847.523301307724,-1.5438368744092306
0.7530864197530864,2818.5311200157344,-0.8409610317083335
0.7530864197530864,2843.2754647784895,2.7117505866719593
0.7530864197530864,2817.8230220089226,-0.12369264392060726
0.7530864197530864,2802.2647713021292,1.2777174745881799
0.7530864197530864,2816.40685292488,1.2905977170964311
0.7530864197530864,2834.7970516742253,-2.9356420681099533
0.7530864197530864,2829.133436648789,2.699352401402645
0.7530864197530864,2842.567232717023,3.4547975813488287
0.7530864197530864,2834.7970151078416,-2.9323966692608994
0.7530864197530864,2831.257398919404,0.604050329895215
0.7654320987654322,2829.8413406754576,2.0281526307293367
0.7407407407407407,2829.133078622187,2.737650266376439
0.7530864197530864,2832.672800084811,-0.8042894131298554
0.7407407407407409,2828.425359160777,3.425574498139141
0.7407407407407407,2834.7970014160005,-2.9035176015189355
0.7407407407407409,2834.0891408640127,-2.2345384738112255
0.7407407407407407,2843.9834464484397,2.025456675732655
0.7407407407407409,2845.399355613492,0.6262723371980117
0.7407407407407407,2831.9652499968906,-0.0885992318880097
0.7407407407407407,2834.7970961347746,-2.925850698887197
0.7530864197530864,2842.567535664967,3.4546835295269083
0.7407407407407407,2829.841454163488,2.0096350878099254
0.7407407407407407,2830.5490056102194,1.3239096005742397
0.7407407407407409,2819.239126837727,-1.5372778276420966
0.7407407407407407,2829.841348098772,2.034573525148848
0.7407407407407407,2834.0889990377623,-2.2091385507898083
0.7407407407407407,2831.257257009939,0.6210488746477169
0.7407407407407407,2833.381118421252,-1.528961273847633
0.7407407407407407,2829.8413152590824,2.030376230448572
0.7407407407407409,2846.8150769958197,-0.8236403087036854
0.7407407407407407,2829.1334272091394,2.7339516252908824
0.7407407407407407,2820.654693040666,-2.933447195527151
0.7407407407407407,2834.7970496383364,-2.925987129314247
0.7407407407407409,2834.7970507278746,-2.932897205949663
0.7407407407407407,2833.3810715275554,-1.485339491414468
0.7407407407407407,2842.567594789583,3.42497597724128
0.7407407407407407,2842.567587026776,3.4401796049318465
0.7407407407407407,2831.2573766121886,0.6051135887808997
0.7407407407407409,2844.6911249805794,1.335868044177954
0.7407407407407407,2844.6913628020325,1.3451040546781226
0.7407407407407409,2834.0888733911374,-2.2355542488664164
0.7407407407407407,2831.965226660427,-0.08242485233075583
0.7530864197530864,2844.6911113848823,1.3426926174155727
0.7407407407407409,2842.567663734329,3.430309369404471
0.7530864197530864,2834.797015095181,-2.9095912618702626
0.7407407407407407,2845.399351273667,0.6287737541780092
0.7407407407407409,2829.8414862340146,2.0166121185734895
0.7407407407407407,2845.3990849739916,0.6279035774038776
0.7530864197530864,2834.79715733169,-2.9235800751808405
0.7407407407407407,2831.9649595090677,-0.09068605840824948
0.7407407407407409,2819.946968073628,-2.237418793642487
0.7407407407407407,2831.965193267539,-0.0943713322936999
0.7407407407407407,2847.5233484762525,-1.5514105439113006
0.7407407407407409,2834.089125922926,-2.209038879999222
0.7407407407407407,2842.5672061984187,3.4702910250641468
0.7407407407407409,2834.796818245398,-2.9099221830814863
0.7407407407407409,2834.797013800855,-2.9093948131123004
0.7407407407407407,2834.7966391843393,-2.907695996536395
0.7407407407407407,2831.2571869319927,0.6172267095765748
0.7283950617283952,2834.089095310356,-2.2346103502291528
0.7283950617283952,2819.9466535045576,-2.235121477120275
0.7283950617283952,2833.381146299414,-1.5363346363088664
0.7283950617283952,2834.089100137671,-2.2356083600727055
0.728395061728395,2819.239064439449,-1.5491701952583425
0.7407407407407407,2830.5492356730333,1.3154461346327082
0.728395061728395,2831.9651961029463,-0.08854412075792574
0.7283950617283952,2842.567398558265,3.450521272848922
0.7283950617283952,2829.8409883111062,2.0141799375894838
0.728395061728395,2843.983384308698,2.032891311153004
0.728395061728395,2847.5234032838307,-1.5610989038094134
0.728395061728395,2833.381142630619,-1.5294628758497886
0.7407407407407409,2833.3811191006107,-1.5159750177347386
0.7283950617283952,2820.6549277616614,-2.942355272475084
0.728395061728395,2829.841049656831,2.027356963695531
0.728395061728395,2834.797017700382,-2.9228028776848816
0.7283950617283952,2834.089091983104,-2.2153071204559778
0.728395061728395,2834.7969870715224,-2.9130406296858706
0.7407407407407409,2842.5675418318215,3.451646329343408
0.728395061728395,2828.4253863383938,3.4207302333910232
0.728395061728395,2829.1334936890735,2.7141462586422516
0.7283950617283952,2831.9654042663615,-0.11065923478241471
0.728395061728395,2846.107329271681,-0.11990076932775764
0.728395061728395,2842.5672200716417,3.4444704178767633
0.7283950617283952,2818.5307959924903,-0.8191375276196972
0.728395061728395,2833.3811363835243,-1.4983526373219929
0.728395061728395,2832.6731664073704,-0.8054311535640578
0.7283950617283952,2819.94661909496,-2.2230482184296783
0.7283950617283952,2833.3808068398325,-1.5035702886234499
0.728395061728395,2830.5493820697925,1.293476599188873
0.7407407407407407,2829.1333912523346,2.7267775294483982
0.7283950617283952,2819.2389745183123,-1.5188736118880397
0.728395061728395,2846.815101595935,-0.8294713021969419
0.728395061728395,2831.2572444905204,0.6188509410416059
0.728395061728395,2830.5490500897145,1.333523589837446
0.728395061728395,2833.380901578749,-1.5011857787139602
0.7283950617283952,2832.672971361951,-0.7948254082516497
0.7407407407407407,2834.0889949196385,-2.2107752319332588
0.7283950617283952,2834.797053283448,-2.910328760131214
0.728395061728395,2829.1335284888814,2.714771041033948
0.7160493827160495,2834.089072040724,-2.1969967183798
0.7160493827160492,2817.823040087671,-0.11473188404085162
0.7160493827160495,2820.654939706382,-2.931720978933158
0.7160493827160492,2819.946987170127,-2.2308393210795514
0.7283950617283952,2829.8413522250603,2.021726852318091
0.7283950617283952,2834.0890707177214,-2.199969831202418
0.7160493827160492,2820.654962303885,-2.9353233192928676
0.7160493827160495,2845.399482513436,0.6263441106942634
0.7160493827160492,2830.549298666863,1.3219127485477005
0.7160493827160492,2834.0890504847034,-2.217837534403364
0.7283950617283952,2842.567325484529,3.462835951651357
0.7160493827160495,2828.425407185336,3.432587264085707
0.7160493827160495,2819.9469423441146,-2.230845983085938
0.7160493827160492,2819.238998403131,-1.5289839535581016
0.7160493827160492,2846.8150411055512,-0.8258201270603
0.7160493827160492,2843.983598713871,2.0303565673975577
0.7160493827160495,2801.557191450991,1.9641432941908226
0.7160493827160492,2843.275199614845,2.7496114118120705
0.7160493827160495,2820.6550234693873,-2.9491746740787628
0.7160493827160492,2834.0887885642264,-2.201537139873489
0.7283950617283952,2834.089093430655,-2.2063044942005257
0.7160493827160495,2829.1333631726125,2.7253894895134563
0.728395061728395,2831.2572456880876,0.6142508479846429
0.7160493827160495,2831.2572027005876,0.5914631955849521
0.7160493827160492,2842.567542369742,3.4541100706688774
0.7160493827160495,2842.5675134848675,3.4488787573781523
0.728395061728395,2834.089254192049,-2.2188486556084333
0.7160493827160492,2833.3813210272583,-1.5416514042568825
0.7160493827160495,2834.7970471030885,-2.9180060502506446
0.7283950617283952,2829.841151656104,2.0132485441904127
0.7160493827160492,2831.257233021209,0.6124007257156961
0.7160493827160492,2843.9833882228822,2.038964080085183
0.7160493827160492,2842.5675704875457,3.4246801286511697
0.7160493827160495,2846.1074748687224,-0.1371646014454917
0.7160493827160492,2842.567427433106,3.455185759911439
0.7283950617283952,2842.567530806851,3.442410629340655
0.7160493827160495,2842.567562158388,3.4296025783187116
0.7160493827160495,2842.567570160433,3.4385272691156428
0.7160493827160495,2830.5494206551502,1.304466634673713
0.7160493827160492,2843.2754563772164,2.743577613484323
0.7160493827160492,2842.567521100155,3.4455193354048816
0.7160493827160492,2847.5233879914576,-1.5576171149502331
0.7160493827160495,2843.9834350082256,2.037158887782472
0.7160493827160495,2845.3994865858263,0.6177719340151213
0.7160493827160495,2846.1070955776877,-0.11518525790950465
0.728395061728395,2842.567455101607,3.4569068163128565
0.7283950617283952,2845.399342577589,0.629626269197144
0.7283950617283952,2843.2755835834405,2.748429390647872
0.7160493827160492,2834.796836119485,-2.9257638441211653
0.728395061728395,2830.5494212213716,1.3099866766528367
0.7160493827160492,2831.964999199154,-0.08857276193703169
0.7160493827160495,2843.983426184901,2.03628446730684
0.7160493827160495,2831.2572698811746,0.6211132211901507
0.7160493827160495,2801.5572050030223,1.9624735098823896
0.7160493827160492,2832.673162556182,-0.8288259000000445
0.7283950617283952,2829.841089371246,2.0306972092111018
0.7160493827160495,2843.275274728084,2.7588712969966216
0.7160493827160495,2842.567582330159,3.4408376448198537
0.7037037037037037,2828.4255451833033,3.4193522937018015
0.7037037037037037,2819.9466612469214,-2.2147365077470527
0.7160493827160495,2829.841414465692,2.0287524287635477
0.7037037037037037,2846.815292147412,-0.8237089067799885
0.7037037037037037,2848.2313299067196,-2.2409834831021764
0.7160493827160495,2802.2651659214775,1.2574372792856285
0.7160493827160495,2834.0888648628475,-2.199559725170321
0.7037037037037037,2834.0891199297025,-2.2188899329648306
0.7160493827160492,2847.52328936053,-1.5408461123223722
0.7037037037037037,2831.964941999299,-0.08935140666220025
0.7037037037037037,2831.2569991342125,0.6174113980503458
0.7037037037037037,2830.549249764327,1.316065512409129
0.7037037037037037,2843.9832962510964,2.038837129090271
0.7037037037037037,2829.841452946904,2.0090158054270586
0.7160493827160492,2844.691353861425,1.3476341148748898
0.7037037037037037,2820.654928868708,-2.932799226311972
0.7037037037037037,2820.654686718153,-2.9346170178049844
0.7037037037037037,2829.133401626447,2.732557413275767
0.7037037037037037,2834.7968216746835,-2.9031293765755737
0.7037037037037037,2842.567666266744,3.4387393099532346
0.7037037037037037,2834.7970705611624,-2.9176569463902777
0.7037037037037037,2834.089134680539,-2.2275953246423774
0.7037037037037037,2844.691530672922,1.3230261391458686
0.7160493827160492,2843.275494385188,2.7437794770386317
0.7037037037037037,2828.425529287396,3.4197174688088734
0.7037037037037037,2829.841328197666,2.024325595015686
0.7160493827160495,2843.983418220217,2.0440723049006264
0.7037037037037037,2847.5229353282825,-1.5288644651122394
0.7037037037037037,2819.946939895791,-2.2296604877244315
0.7037037037037037,2819.238701509085,-1.5100149012969968
0.7037037037037037,2815.6991346334767,1.9926388767170793
0.7037037037037037,2843.275361051413,2.733172858374464
0.7160493827160495,2819.946989916748,-2.236110019139474
0.7160493827160492,2831.2572813650313,0.6000310210574806
0.7037037037037037,2842.5675294442467,3.4202338214356325
0.7037037037037037,2846.10736557889,-0.12209170817535744
0.7160493827160495,2830.5490017365305,1.3199915918476286
0.7160493827160495,2834.088765187513,-2.1995378058596495
0.7037037037037037,2845.399304055775,0.635215155701032
0.7037037037037037,2843.27545001081,2.7345486146252735
0.7037037037037037,2844.691513018728,1.3193574564142967
0.7160493827160495,2843.983569931336,2.0256765541255413
0.7037037037037037,2844.6913881884684,1.3381302129726267
0.7037037037037037,2834.0889534280896,-2.2327901041618476
0.7037037037037037,2828.4254120676965,3.4276088208338633
0.7037037037037037,2834.0890647627743,-2.2071262243795355
0.7037037037037037,2833.380859482071,-1.5050529885788817
0.7037037037037037,2834.7970119658175,-2.9135009112281844
0.7160493827160495,2846.8150278441217,-0.8440749191695643
0.7160493827160495,2829.133067056046,2.721691856632462
0.7160493827160495,2843.2752147356314,2.754646807059792
0.7037037037037037,2834.797049196964,-2.921882196067405
0.7037037037037037,2843.2754487894963,2.746875946602332
0.7037037037037037,2831.964988112795,-0.08931822504682398
0.7160493827160495,2834.0890615783383,-2.2060298016773485
0.7037037037037037,2833.3808634485345,-1.5134549028564377
0.7037037037037037,2819.9469846709217,-2.2222702144561417
0.7160493827160495,2817.822770484904,-0.12002690342648792
0.691358024691358,2834.0890145132166,-2.2155227931936397
0.691358024691358,2834.089044619316,-2.2074426722954463
0.691358024691358,2847.5229546046207,-1.5395278715845602
0.691358024691358,2846.815398218888,-0.8414700502620953
0.7037037037037037,2833.381080994547,-1.4998452883988167
0.691358024691358,2847.5230340534354,-1.5365547748628485
0.691358024691358,2829.841087883074,2.0384185765307365
0.691358024691358,2842.567520389093,3.4607754009757863
0.691358024691358,2842.5675623626416,3.4440504197508046
0.691358024691358,2845.3990848950807,0.6374923338432144
0.691358024691358,2844.691138368101,1.3501527878857271
0.691358024691358,2833.381078190846,-1.5024515769490068
0.691358024691358,2847.52297868946,-1.5365138974250103
0.691358024691358,2829.841010386905,2.0163546633905955
0.7037037037037037,2846.1075253009517,-0.13217548488343248
0.7037037037037037,2828.4250644428544,3.422230559637336
0.691358024691358,2817.8230530842507,-0.12099654889922203
0.691358024691358,2846.107486847799,-0.1549962834202669
0.691358024691358,2829.8413366116915,2.0254566145326347
0.691358024691358,2843.2754378890686,2.7428850765312065
0.691358024691358,2846.1070449362664,-0.13027052433539035
0.691358024691358,2830.549276660637,1.3210453473571575
0.691358024691358,2833.381116369464,-1.506212230004185
0.691358024691358,2845.399271849195,0.626738019305574
0.691358024691358,2831.2570873076825,0.6081751540538307
0.7037037037037037,2818.5309443797973,-0.8273578214789259
0.691358024691358,2834.088837466074,-2.2346922795091193
0.691358024691358,2831.964888736418,-0.09713228711140158
0.691358024691358,2834.089100604843,-2.207408008234095
0.7037037037037037,2842.5677366172413,3.440141502309167
0.691358024691358,2829.841331912618,2.0251189496134447
0.691358024691358,2834.7970389929646,-2.9170610258931986
0.691358024691358,2834.0892085080627,-2.2303790274629343
0.7037037037037037,2831.964929882845,-0.082111660605186
0.691358024691358,2829.13350006182,2.7172510399645686
0.691358024691358,2830.549287330606,1.3174561255852966
0.691358024691358,2831.9650036428643,-0.08259900857340136
0.691358024691358,2843.983371523178,2.052834380379446
0.691358024691358,2834.79685668228,-2.8998001174422465
0.691358024691358,2829.133324978968,2.7234118592799845
0.691358024691358,2804.3888257510594,-0.8440291769190486
0.691358024691358,2831.9652018600377,-0.09810020716400258
0.691358024691358,2833.3808787145626,-1.521935516977839
0.691358024691358,2834.0891119098505,-2.234810050546886
0.691358024691358,2831.965129613522,-0.09593415625312365
0.691358024691358,2846.1070459142597,-0.1176185242072437
0.691358024691358,2848.23124019796,-2.246205068215938
0.7037037037037037,2834.796941333115,-2.9214109988606447
0.691358024691358,2847.522985225735,-1.5337498955848197
0.7037037037037037,2834.79710607753,-2.9216301444927355
0.691358024691358,2834.089061415397,-2.191749216088954
0.691358024691358,2834.796768161433,-2.916929709358136
0.691358024691358,2833.3811569946697,-1.5230370790171572
0.7037037037037037,2843.275604608852,2.700566770370812
0.7037037037037037,2834.7972562618143,-2.9579105960940892
0.691358024691358,2834.796978479726,-2.920636064056794
0.691358024691358,2816.407220458305,1.2748472977308993
0.691358024691358,2819.23902358457,-1.5261743387642974
0.691358024691358,2846.8154655373405,-0.8396636466334638
0.691358024691358,2832.6729706045207,-0.7943500066530838
0.691358024691358,2843.275469509626,2.7505455834170873
0.6790123456790125,2831.965217637748,-0.09028244558684254
0.6790123456790125,2830.5493012356915,1.318137117993458
0.6790123456790125,2846.107396332947,-0.1206414835737527
0.6790123456790125,2829.8412584885564,2.0077971904471017
0.6790123456790125,2830.5492842080953,1.3207911583493013
0.6790123456790125,2817.8231452393716,-0.13318601978727568
0.6790123456790125,2833.3811399638726,-1.502610317550057
0.6790123456790125,2831.2572647380625,0.6220708928514818
0.6790123456790125,2844.6913743466807,1.328525080302946
0.6790123456790125,2834.7972042081756,-2.925683233536511
0.6790123456790125,2830.549033612402,1.3249085217425005
0.6790123456790125,2831.9652388528457,-0.08928220092989451
0.6790123456790125,2832.673237931458,-0.7891176712867598
0.6790123456790125,2834.088791663341,-2.214225844016529
0.6790123456790125,2831.2569797435435,0.6225852783790764
0.6790123456790125,2843.275475219651,2.7371846569470533
0.691358024691358,2831.9651893858427,-0.1012292083789995
0.6790123456790125,2834.089076289544,-2.1948470371547955
0.6790123456790125,2829.1333718093274,2.7333167528517066
0.6790123456790125,2846.1075104049173,-0.11913189040512343
0.6790123456790125,2830.549422391243,1.2978801097302863
0.6790123456790125,2829.8414811684033,2.020094543903681
0.691358024691358,2847.523442049194,-1.553409858513748
0.6790123456790125,2842.5675076533294,3.4376526702187724
0.6790123456790125,2834.089081984792,-2.2055710539244493
0.6790123456790125,2834.7970918038454,-2.9225435292745487
0.691358024691358,2832.672915420295,-0.7879843325208624
0.6790123456790125,2834.7970441312477,-2.90916269798294
0.6790123456790125,2847.523399504078,-1.5563664615724815
0.6790123456790125,2829.1333494997334,2.728206942049738
0.6790123456790125,2817.1147974943356,0.5911250903894366
0.6790123456790125,2829.841439876576,2.012677478137187
0.6790123456790125,2834.0891394803857,-2.241072766454334
0.6790123456790125,2830.5490130810895,1.3178042716589693
0.691358024691358,2830.5492966673955,1.3175191619586948
0.6790123456790125,2846.1070492631684,-0.10727865873289591
0.691358024691358,2834.7970105911304,-2.9081107025390347
0.6790123456790125,2831.965177058966,-0.09578006966249562
0.6790123456790125,2842.5674921073446,3.454808726446162
0.6790123456790125,2834.0890881547652,-2.2185148005770685
0.6790123456790125,2833.381179103712,-1.5019119197631567
0.6790123456790125,2845.3990479582158,0.6337974932700318
0.6790123456790125,2847.52324959,-1.5428911037042607
0.6790123456790125,2830.549381362549,1.310145104883943
0.6790123456790125,2829.133341161958,2.72307182804297
0.6790123456790125,2834.088966376636,-2.2316668982241166
0.6790123456790125,2820.654943453145,-2.941564794745236
0.6790123456790125,2833.381230144644,-1.5173513890641601
0.6790123456790125,2831.964979847974,-0.0898718661000759
0.6790123456790125,2828.4253917536953,3.42582157539959
0.6790123456790125,2829.1333853919273,2.7291371856012034
0.6790123456790125,2833.381127742569,-1.5083945070925668
0.6790123456790125,2848.23119461247,-2.2509959901641343
0.6790123456790125,2831.965301437282,-0.10561051940977721
0.6790123456790125,2831.2573690715826,0.6023974614640359
0.6790123456790125,2831.2572209780774,0.6138317510931833
0.6790123456790125,2829.841355693908,2.0174760582171554
0.6790123456790125,2834.0890784586763,-2.234092284068927
0.6790123456790125,2832.6732126026786,-0.83056693817617
0.691358024691358,2845.3993160641994,0.6131912606175939
0.691358024691358,2847.5233145440247,-1.5284906936923224
0.6790123456790125,2848.2313570865167,-2.264417306216988
0.691358024691358,2829.133375925342,2.7323167241856954
0.6790123456790125,2828.4254968256614,3.413261749361249
0.691358024691358,2828.425138290084,3.4241445767712477
0.6790123456790125,2833.3811442820706,-1.5093002764842816
0.691358024691358,2833.380878184797,-1.492477863158227
0.6790123456790125,2832.67318179963,-0.7948641916041562
0.6790123456790125,2831.257002444057,0.6218099624857356
0.6790123456790125,2829.1333483259004,2.7276446529988556
0.6666666666666667,2843.275567504844,2.7256277759566157
0.6790123456790125,2829.1333417585315,2.7222722996634676
0.6666666666666667,2829.133361813369,2.7201314785089683
0.6666666666666667,2845.399329023213,0.611351773130716
0.6666666666666667,2820.6545881402053,-2.9402797788218136
0.6666666666666667,2819.947026097508,-2.254236875653591
0.6790123456790125,2818.531115898097,-0.8430563928474712
0.6666666666666667,2834.797119841924,-2.9209656823902046
0.6666666666666667,2834.089117035914,-2.230326899692659
0.6666666666666667,2829.8413018944048,2.026598223445097
0.6666666666666667,2845.399053748092,0.6195877373795875
0.6666666666666667,2846.107096615313,-0.11395777816447547
0.6666666666666667,2817.823022598078,-0.12445453758329135
0.6666666666666667,2843.2754824621306,2.745476036439008
0.6666666666666667,2842.5675575442733,3.4217016050904903
0.6666666666666667,2834.0888037931104,-2.2344836201116727
0.6666666666666667,2831.965174465259,-0.12193661806775487
0.6790123456790125,2832.6732246024717,-0.8048184407778021
0.6666666666666667,2831.9652315109074,-0.09911120254678922
0.6666666666666667,2830.5490112299663,1.3291424882440968
0.6666666666666667,2834.0890317239214,-2.1903630790243502
0.6790123456790125,2847.5232709803827,-1.5269013817995
0.6666666666666667,2834.089084903429,-2.2055698209953665
0.6666666666666667,2829.841292866622,2.026382075559931
0.6666666666666667,2831.257236232337,0.6161774860175393
0.6666666666666667,2833.3811478250723,-1.5301634357808653
0.6666666666666667,2842.5675578887935,3.4359541478361595
0.6790123456790125,2833.38089155274,-1.4954310916826807
0.6666666666666667,2846.107096419567,-0.1259270843098666
0.6666666666666667,2834.089163503078,-2.2298647613887455
0.6666666666666667,2819.239050006387,-1.5475951905746697
0.6666666666666667,2847.523284904508,-1.538257994534876
0.6666666666666667,2829.841343318422,2.0330413698082572
0.6666666666666667,2843.9831748711454,2.052935983597637
0.6666666666666667,2834.089061792751,-2.2166939110484116
0.6666666666666667,2829.133107478376,2.724709408394013
0.6666666666666667,2833.3812494700396,-1.5364061679453778
0.6666666666666667,2847.5233777726417,-1.5391326011551851
0.6666666666666667,2834.0891181491206,-2.238874760654545
0.6666666666666667,2832.673213434627,-0.8302904871978645
0.6666666666666667,2847.523397874951,-1.5562277626150731
0.6790123456790125,2818.5311629437074,-0.8324089653875877
0.6666666666666667,2843.9835446996785,2.034094835460656
0.6666666666666667,2829.8413152690655,2.0275394621627862
0.6666666666666667,2831.257377499732,0.6023353591127955
0.6666666666666667,2832.673148851511,-0.7983690725510829
0.6790123456790125,2820.65488070442,-2.9370624467611766
0.6666666666666667,2829.133325932964,2.7249043281502447
0.6666666666666667,2820.655060152241,-2.9526332980311674
0.6666666666666667,2829.841320835202,2.0179855655481536
0.6666666666666667,2818.53099326015,-0.8354651596033037
0.6790123456790125,2828.4255134980554,3.413650064653206
0.6666666666666667,2830.5492850202654,1.3181197821105648
0.6666666666666667,2817.823057472209,-0.11511282420946474
0.6666666666666667,2829.133340997865,2.734461504655437
0.6666666666666667,2846.1070424251357,-0.11546523422767621
0.6666666666666667,2834.7970268250024,-2.9069070847284557
0.6790123456790125,2820.654929580024,-2.9299154655901862
0.6790123456790125,2802.264802047353,1.2832515511858291
0.6666666666666667,2832.6732244290947,-0.8072304539035275
0.6666666666666667,2831.2573744203137,0.595905880387429
0.6666666666666667,2834.088977911138,-2.2219919599048814
0.6666666666666667,2829.841434570706,1.9975593030613459
0.6666666666666667,2842.5676534872014,3.431945670823362
0.6666666666666667,2818.5311750214937,-0.8306669643539886
0.654320987654321,2831.9652231409373,-0.08265018658472638
0.654320987654321,2842.5675391722293,3.439842757988264
0.654320987654321,2830.5492674711395,1.3168612232085162
0.6666666666666667,2843.2754450836715,2.741369773906721
0.6666666666666667,2831.2572454207448,0.6117329108949261
0.654320987654321,2843.275160806851,2.746433066080007
0.654320987654321,2843.275241332053,2.7390591325614704
0.654320987654321,2820.65499818609,-2.956937805415068
0.654320987654321,2842.5675072558856,3.4549418585430827
0.654320987654321,2842.56744886798,3.456040715057459
0.654320987654321,2845.399365923032,0.6145369433488509
0.654320987654321,2834.7971706762655,-2.929528737058109
0.654320987654321,2846.815283196185,-0.8254271656681306
0.654320987654321,2830.54903404543,1.325060439910368
0.6666666666666667,2847.5232663319766,-1.5085584646884052
0.654320987654321,2819.946655351438,-2.2142222596073022
0.654320987654321,2846.107323284318,-0.11483647172358144
0.654320987654321,2834.089000860705,-2.208354288000854
0.654320987654321,2834.0888611962264,-2.2138674256768223
0.654320987654321,2842.567530226068,3.4331399732979513
0.654320987654321,2829.1333792860737,2.72825600075714
0.6666666666666667,2833.380904665751,-1.5009584902082698
0.654320987654321,2842.5672877108163,3.4536539616325475
0.6666666666666667,2834.7968404095413,-2.903005605168864
0.654320987654321,2834.0892670687,-2.230797417877379
0.654320987654321,2831.2572457283795,0.6105681863851463
0.654320987654321,2833.3812219689275,-1.5069784917280358
0.654320987654321,2802.265148942826,1.259129614455919
0.654320987654321,2820.654861338323,-2.941397612379716
0.654320987654321,2830.549421149427,1.2977510518490727
0.654320987654321,2828.4255305702873,3.4160318468496573
0.654320987654321,2842.5672069824136,3.4595460357412438
0.654320987654321,2843.2754656140028,2.7222749653524807
0.6666666666666667,2833.3811726785293,-1.5357589640738276
0.654320987654321,2843.275242608522,2.7332106663066265
0.654320987654321,2843.2754964532346,2.749325725345269
0.6666666666666667,2830.5492896440487,1.316145022594895
0.654320987654321,2833.381179073721,-1.5239467583268096
0.654320987654321,2842.5674777615714,3.441349039444775
0.654320987654321,2831.9653070659183,-0.10740798575162429
0.654320987654321,2843.27513831434,2.7474727475675578
0.6666666666666667,2834.089062943131,-2.217248124725829
0.654320987654321,2842.5675084297427,3.4493429223889285
0.654320987654321,2834.089044944331,-2.20745802469462
0.654320987654321,2842.5674897453223,3.4545826954506684
0.6666666666666667,2831.9653363840207,-0.10618443289023761
0.654320987654321,2834.797098909622,-2.9461243398438324
0.654320987654321,2830.549219444562,1.313728505801978
0.654320987654321,2829.1332897591005,2.723718706791479
0.654320987654321,2844.6911654504283,1.3424546486565494
0.6666666666666667,2832.672905852945,-0.7764395720502235
0.654320987654321,2832.6731789207815,-0.8038345550857792
0.654320987654321,2802.26516679093,1.2601674912597398
0.654320987654321,2831.257234115428,0.6168748907307758
0.654320987654321,2830.5492814178915,1.3251377662565915
0.654320987654321,2819.9470878775846,-2.246058263374185
0.654320987654321,2820.6550206564,-2.9532638301876584
0.654320987654321,2845.3990823837134,0.6417414869889562
0.654320987654321,2834.797242379694,-2.9518390085092374
0.654320987654321,2843.27552742789,2.728642273379753
0.654320987654321,2844.6913945830183,1.3408800744816
0.654320987654321,2831.2572653900747,0.614341410257607
0.654320987654321,2829.8410116917107,2.024291246472396
0.6666666666666665,2842.5675195408608,3.4449005235487573
0.654320987654321,2843.275613213759,2.7245697108549316
0.654320987654321,2831.257233175873,0.6133130129548421
0.654320987654321,2831.9652327509957,-0.09738149166578242
0.6419753086419753,2817.1152146056666,0.5773598646805439
0.6419753086419753,2834.796781720908,-2.9373135502492547
0.6419753086419753,2831.2573003295856,0.610171298360687
0.6419753086419753,2834.7970747003023,-2.916083722085943
0.6419753086419753,2832.6731952160385,-0.8251589794133891
0.6419753086419753,2843.275189755686,2.7591372322638184
0.6419753086419753,2829.133080239153,2.733771552322223
0.6419753086419753,2843.9834114805617,2.033628682587182
0.6419753086419753,2831.257372466242,0.599352117170865
0.6419753086419753,2831.2572514160147,0.6147927647830599
0.6419753086419753,2831.257252475355,0.6208962973304307
0.6419753086419753,2831.964955735764,-0.08650944085666279
0.6419753086419753,2834.0888136147314,-2.2032043864585105
0.654320987654321,2832.673171148137,-0.8124144856476836
0.6419753086419753,2820.65489933554,-2.9361074755239644
0.6419753086419753,2831.2572403004615,0.6101980076414563
0.654320987654321,2831.9649871921606,-0.08933921710851038
0.6419753086419753,2831.2570253193794,0.6157059024427022
0.6419753086419753,2843.983393671429,2.0395855193734564
0.6419753086419753,2848.231243326051,-2.244500248975455
0.6419753086419753,2831.9652044509435,-0.09110003448151502
0.6419753086419753,2834.796990507306,-2.9087044742044426
0.6419753086419753,2820.654932661983,-2.9417231969025504
0.6419753086419753,2828.4253642712706,3.4257420810645276
0.6419753086419753,2829.1334653566723,2.712770638942429
0.654320987654321,2848.2309018990013,-2.2458510208740017
0.6419753086419753,2831.9651711665524,-0.09022829327896895
0.6419753086419753,2829.841417184422,2.013407174471735
0.6419753086419753,2842.567520881762,3.427873056365714
0.6419753086419753,2828.4254953445748,3.4092226797115677
0.6419753086419753,2819.2390035949506,-1.522087453938535
0.6419753086419753,2843.275211216907,2.755935234373828
0.6419753086419753,2833.381185541213,-1.5264751918748012
0.6419753086419753,2819.9466472500503,-2.2426925468581107
0.6419753086419753,2819.239078720355,-1.5496500434917033
0.6419753086419753,2830.5492824735534,1.3099301345914953
0.654320987654321,2833.3808906441195,-1.5306389463657142
0.6419753086419753,2831.965196028221,-0.08856802862956156
0.6419753086419753,2830.5492954287383,1.3219905393553106
0.6419753086419753,2834.7969890262502,-2.9133675028318478
0.6419753086419753,2834.089091594725,-2.222275540622996
0.6419753086419753,2829.841300579476,2.0199957957538612
0.6419753086419753,2831.965341253954,-0.11404548599756115
0.654320987654321,2846.107067606891,-0.1135007358376813
0.6419753086419753,2834.797017859931,-2.9335730756383303
0.6419753086419753,2831.965179952474,-0.08968424740356856
0.6419753086419753,2832.672965178447,-0.7895842425977778
0.6419753086419753,2817.114805133943,0.5966706080416188
0.6419753086419753,2818.531096437909,-0.8228570247349501
0.6419753086419753,2834.089243992927,-2.2492079614275884
0.6419753086419753,2834.7971661245383,-2.9467762052060293
0.6419753086419753,2817.823002414121,-0.12342915778418868
0.6419753086419753,2833.3813202179367,-1.5472349764316937
0.6419753086419753,2816.4068441117684,1.298038764428553
0.6419753086419753,2845.399373177909,0.6228980347956405
0.6419753086419753,2831.9652479958304,-0.0854323915614722
0.6419753086419753,2831.9652220859925,-0.08761101403226376
0.6419753086419753,2828.425382972988,3.4216248499450033
0.6419753086419753,2833.3811138681212,-1.5046421700261257
0.6419753086419753,2834.797063551242,-2.93469353756955
0.6419753086419753,2843.2754513673694,2.7173767418733106
0.6419753086419753,2830.5492864743264,1.31860447211332
0.6296296296296295,2831.965213712999,-0.08838011839189386
0.6296296296296295,2834.79719604001,-2.9255738148279122
0.6296296296296295,2829.1333471412204,2.723757721193727
0.6296296296296295,2845.3993445013116,0.6137544805191548
0.6296296296296295,2831.965350035982,-0.10595046480753709
0.6296296296296295,2831.2572549942142,0.6105849709132063
0.6296296296296295,2829.841077091796,2.032647726996026
0.6296296296296295,2829.1331004744866,2.7326847360860547
0.6296296296296295,2829.1335458824346,2.705787773486157
0.6296296296296295,2843.2754504821924,2.7364816601358934
0.6419753086419753,2830.549291216626,1.3150556875676864
0.6419753086419753,2844.6913833641497,1.336208268027463
0.6296296296296295,2832.673180684645,-0.8024354965714642
0.6296296296296295,2828.425356740013,3.427023238571258
0.6296296296296295,2819.9466527785426,-2.230227137129784
0.6296296296296295,2828.4254037035143,3.4230631876270428
0.6296296296296295,2833.3810729041593,-1.5159442610725171
0.6296296296296295,2834.0892180423184,-2.2374086385979233
0.6296296296296295,2843.2755116694425,2.748307735943449
0.6296296296296295,2830.549281225039,1.3128924671767186
0.6296296296296295,2831.965088821958,-0.09700730429313278
0.6296296296296295,2829.841084566264,2.0384198141194623
0.6296296296296295,2843.275624948849,2.727896718151606
0.6296296296296295,2828.4253611804,3.416201391000479
0.6296296296296295,2842.567571207719,3.4149585182516273
0.6296296296296295,2834.089101852662,-2.2283338230032648
0.6296296296296295,2832.6729136082704,-0.8079020010199977
0.6296296296296295,2845.3990615257358,0.6500483579667881
0.6296296296296295,2829.841076634765,2.03461785866111
0.6296296296296295,2834.0888663096507,-2.2020889601876665
0.6296296296296295,2843.983219930845,2.0340943635036686
0.6296296296296295,2834.7970514416897,-2.939482620414764
0.6296296296296295,2846.8150779338825,-0.8329917388142669
0.6296296296296295,2833.3809041679124,-1.5010681385455305
0.6296296296296295,2842.5672886666857,3.4608848816636004
0.6419753086419753,2831.9649440907847,-0.08973706322965
0.6296296296296295,2834.796747935585,-2.924831186375432
0.6296296296296295,2843.983423546268,2.0395598348840003
0.6296296296296295,2834.0890550998242,-2.2002934786889234
0.6296296296296295,2815.6988627737765,2.0004291502333995
0.6296296296296295,2845.399337987621,0.6121731387923592
0.6296296296296295,2844.6915300717856,1.3033985555996632
0.6296296296296295,2817.1148178745466,0.5911099412991343
0.6296296296296295,2833.3810999961634,-1.5020294872053925
0.6296296296296295,2834.0889715027456,-2.246096776346422
0.6296296296296295,2820.654882893801,-2.936027321851701
0.6296296296296295,2832.6731296608486,-0.8005748866842809
0.6419753086419753,2833.3810900747235,-1.4925471943851318
0.6419753086419753,2832.673099424085,-0.813157155769467
0.6419753086419753,2843.2751902006025,2.7551627029165218
0.6296296296296295,2832.6731559169416,-0.824095646575122
0.6296296296296295,2829.8413280725254,2.024987562325574
0.6296296296296295,2842.5674794903016,3.4631890012781485
0.6296296296296295,2834.7971157049687,-2.9258337556367353
0.6419753086419753,2831.965207051752,-0.08416183654346618
0.6296296296296295,2834.0890965567537,-2.240681183681395
0.6296296296296295,2828.4254140658263,3.432589836199547
0.6296296296296295,2830.5492787924395,1.316009542324533
0.6296296296296295,2831.9652011217663,-0.09034849594445785
0.6296296296296295,2820.654893642707,-2.936962330488897
0.6419753086419753,2834.089270437836,-2.251528292502137
0.6296296296296295,2834.0891134307185,-2.2350157961757002
0.617283950617284,2842.567487771338,3.436515341605097
0.617283950617284,2805.8045800121185,-2.2461616100679516
0.6296296296296295,2828.4254016483515,3.4306782854389404
0.617283950617284,2828.4254723989598,3.4050374627927997
0.617283950617284,2818.5307678839363,-0.8135885481493021
0.6296296296296295,2847.5232685585806,-1.5285082553452296
0.617283950617284,2847.5233875531712,-1.5490842179903472
0.617283950617284,2830.549047742769,1.327591534301647
0.6296296296296295,2831.965221093451,-0.08250137492578588
0.617283950617284,2820.654937764789,-2.9364333690256808
0.617283950617284,2842.567550461645,3.4374056978600462
0.617283950617284,2831.9652058333977,-0.09130161969408239
0.617283950617284,2829.8414622884743,2.010954186256252
0.617283950617284,2831.25738845415,0.6038461873688044
0.617283950617284,2846.815048961284,-0.8337789455557381
0.6296296296296295,2829.841321679552,2.025521954081338
0.617283950617284,2842.5675139768937,3.4232462822678453
0.6296296296296295,2833.381059458906,-1.5034694727543727
0.617283950617284,2831.964874906834,-0.09588098435658417
0.6296296296296295,2834.0890855893153,-2.233552928010722
0.617283950617284,2845.3992976598847,0.6331270941190167
0.617283950617284,2833.381132507033,-1.4987698964372855
0.617283950617284,2846.1071317839405,-0.12302929079927047
0.6296296296296295,2829.841249120551,2.0285027940481917
0.617283950617284,2848.2311964159258,-2.2511948440400222
0.617283950617284,2833.381080727909,-1.4975068103611306
0.617283950617284,2843.2751925431803,2.756380403127077
0.617283950617284,2834.796800085661,-2.9340065081552225
0.617283950617284,2833.381013267153,-1.4899280931027932
0.617283950617284,2842.5672973881324,3.4524225799876733
0.617283950617284,2834.79680065628,-2.905960383436354
0.617283950617284,2828.4253572824055,3.434730059987815
0.6296296296296295,2843.9831892302605,2.0474672837385675
0.617283950617284,2803.6808816234725,-0.138068805067815
0.617283950617284,2834.7970679864434,-2.9348863983876985
0.6296296296296295,2830.549272375421,1.3175322594427108
0.617283950617284,2833.380892060396,-1.5281859561055375
0.617283950617284,2833.3809008618887,-1.5120376032624847
0.617283950617284,2834.7970101470823,-2.9137537386644325
0.617283950617284,2834.79715388965,-2.9278791247524962
0.617283950617284,2847.5229734728746,-1.538281006690805
0.617283950617284,2829.841416109762,2.003936381558514
0.617283950617284,2831.257258955066,0.6198161638189554
0.617283950617284,2842.567293215288,3.4431876938968995
0.617283950617284,2830.5492842813064,1.3155475492072333
0.617283950617284,2819.239143373722,-1.5333194201056277
0.617283950617284,2832.6729425381995,-0.7933391705962753
0.617283950617284,2819.2390089434593,-1.5195109876309663
0.617283950617284,2830.549095027193,1.3273599715953999
0.617283950617284,2834.7970002209095,-2.91657587289663
0.617283950617284,2831.2572290871176,0.6173198884587954
0.617283950617284,2834.7970158735766,-2.9117850528161346
0.6296296296296295,2834.797191899714,-2.940636378674926
0.617283950617284,2843.27558397903,2.733285378649943
0.617283950617284,2847.523402424473,-1.5555882226150692
0.617283950617284,2818.531116036107,-0.8431789087761229
0.6296296296296295,2843.275574093611,2.7325607904697935
0.617283950617284,2832.6732141574676,-0.7986363472861848
0.617283950617284,2831.257253795836,0.6073271782364129
0.617283950617284,2834.7970459542294,-2.9331115970839754
0.6296296296296295,2800.1409165055234,3.398384868570978
0.6049382716049383,2829.8414473504395,2.0094489484149785
0.6049382716049383,2829.8414473504395,2.0094489484149785
0.6049382716049383,2843.2754812419544,2.7482164797811106
0.617283950617284,2801.5568145013876,1.9840557735126145
0.6049382716049383,2834.7971523858428,-2.92304045743545
0.617283950617284,2846.815422711688,-0.8491575844994126
0.6049382716049383,2847.522950083398,-1.54055588498342
0.617283950617284,2834.0887655709316,-2.1980075807330652
0.617283950617284,2802.9727003177954,0.5710421466073746
0.6049382716049383,2843.275398331814,2.7424404069345547
0.6049382716049383,2802.2651461151245,1.2591602520212062
0.617283950617284,2834.797196907079,-2.9236837628043415
0.6049382716049383,2829.1333633694394,2.7266531941629633
0.6049382716049383,2802.2647861698474,1.2820420879378842
0.6049382716049383,2832.6732403560095,-0.807015511644489
0.6049382716049383,2834.088918751733,-2.2058216384468916
0.6049382716049383,2842.567548276192,3.4222177462045784
0.6049382716049383,2831.9651806781394,-0.09313378904855744
0.6049382716049383,2831.2569647704086,0.6086110126912282
0.6049382716049383,2828.4251051496085,3.426478831774957
0.6049382716049383,2845.3993617664783,0.6313750829767115
0.6049382716049383,2818.5309935133064,-0.830152481505722
0.6049382716049383,2844.6913996608946,1.3291630195394923
0.6049382716049383,2843.2751798140093,2.7438119441314566
0.6049382716049383,2829.8413281203284,2.019973911460638
0.6049382716049383,2828.4255028585494,3.4060278762607217
0.6049382716049383,2843.9836258944747,2.025306816573549
0.6049382716049383,2832.6732031902284,-0.7884914902571338
0.6049382716049383,2834.7970433863184,-2.9093488385602315
0.6049382716049383,2832.673230501191,-0.8037617490182756
0.6049382716049383,2830.5492793351405,1.3189967967623708
0.6049382716049383,2843.9833957298506,2.049637507120874
0.6049382716049383,2844.6914364148024,1.3332153796820732
0.617283950617284,2833.381151116305,-1.533280302285318
0.6049382716049383,2842.567572037443,3.4195569426020644
0.6049382716049383,2842.567300590062,3.452483542786699
0.6049382716049383,2831.9652114415076,-0.1000962349410115
0.6049382716049383,2833.3811484167895,-1.5120083253732117
0.617283950617284,2834.0891994453664,-2.226655672518333
0.6049382716049383,2818.530726442235,-0.8134587209268048
0.6049382716049383,2848.2309717246053,-2.2370102657560977
0.6049382716049383,2846.8152811567365,-0.833827573009416
0.6049382716049383,2844.6910928243456,1.344072780225441
0.6049382716049383,2831.2573136858,0.6184718406972739
0.6049382716049383,2831.257258123663,0.6140717004420226
0.617283950617284,2842.5676443712855,3.4158508954421833
0.6049382716049383,2832.673134482914,-0.8015525201070991
0.6049382716049383,2831.256981109717,0.6130645339335605
0.6049382716049383,2843.275478916075,2.7368892908582487
0.6049382716049383,2833.3811235840685,-1.5150497258836075
0.6049382716049383,2830.549405428764,1.3036690738724102
0.6049382716049383,2834.0890849475786,-2.2072959547659283
0.6049382716049383,2843.9834083067676,2.0371339692238593
0.6049382716049383,2833.381114680263,-1.5011712166512787
0.6049382716049383,2834.0891338955757,-2.219157384324276
0.6049382716049383,2843.2752174589687,2.763909546095693
0.6049382716049383,2817.823223804245,-0.12321605876230664
0.6049382716049383,2833.380899218212,-1.4978072883441338
0.6049382716049383,2844.6914705470426,1.316930271840063
0.6049382716049383,2831.2573876854935,0.600499332457598
0.6049382716049383,2830.5494279735476,1.304645531403917
0.6049382716049383,2829.1334657437496,2.7127036582621114
0.6049382716049383,2842.5675017517888,3.4550933835442024
0.6049382716049383,2832.673160675561,-0.8003358531239575
0.617283950617284,2832.6732016775554,-0.8011209957573314
0.6049382716049383,2801.5567777656297,1.9811234815969554
0.6049382716049383,2843.9833923942183,2.0331887178509707
0.6049382716049383,2831.257341226187,0.5882508093430464
0.6049382716049383,2834.089047895488,-2.2190422970904162
0.6049382716049383,2842.567511003981,3.4536158576907754
0.617283950617284,2833.381168729433,-1.533290723440956
0.6049382716049383,2843.275128987299,2.7464502336322596
0.6049382716049383,2831.2569660540566,0.5891707136640986
0.6049382716049383,2833.381119494077,-1.5119406500263104
0.6049382716049383,2829.8414438110976,2.003981778037109
0.6049382716049383,2846.107038362677,-0.11911408809731153
0.6049382716049383,2834.089089118182,-2.2058414605958805
0.6049382716049383,2829.8413393229835,2.025205937167297
0.6049382716049383,2844.6915048044366,1.3202880354776556
0.6049382716049383,2846.107323610345,-0.1308626560773745
0.5925925925925926,2831.2572415249006,0.6145501246484291
0.6049382716049383,2833.3811259661543,-1.52012803628599
0.5925925925925926,2845.3995018219402,0.6190109948424447
0.5925925925925926,2830.5489932213754,1.317506667014252
0.5925925925925926,2842.5674680685656,3.452317418084375
0.5925925925925926,2828.425492291482,3.412975701943322
0.5925925925925926,2846.8150066251687,-0.8189750591861318
0.5925925925925926,2818.5311090668524,-0.8425202575095355
0.5925925925925926,2834.796961063315,-2.912414818249917
0.6049382716049383,2833.3811545433327,-1.5161991064187204
0.5925925925925926,2843.2754459919643,2.7420619167413425
0.5925925925925926,2831.9651927535774,-0.10125024654222546
0.617283950617284,2834.796682427984,-2.9101670373004462
0.5925925925925926,2831.9649193116866,-0.11732860737293853
0.6049382716049383,2834.0890597142634,-2.2073295804350432
0.5925925925925926,2830.548950831355,1.3085542188356578
0.5925925925925926,2819.2386971921146,-1.5268638794305516
0.5925925925925926,2831.257256525409,0.6168272695709258
0.6049382716049381,2834.7970487935245,-2.920966384809593
0.5925925925925926,2846.1072513618337,-0.12325364935732938
0.5925925925925926,2829.1332122567806,2.71228657734998
0.6049382716049383,2834.0891518460476,-2.2340168585532987
0.5925925925925926,2845.399096265485,0.6357758122076843
0.5925925925925926,2843.2754689312383,2.751601005779204
0.5925925925925926,2829.8410387927356,2.0309878217991444
0.5925925925925926,2843.2751188313273,2.7513770840684475
0.6049382716049383,2832.673181529534,-0.8104056853497389
0.5925925925925926,2832.673205130731,-0.8238361051409148
0.5925925925925926,2843.983430655403,2.045997963940924
0.5925925925925926,2829.1333526559306,2.728636369520515
0.5925925925925926,2830.5492729716166,1.3171602503198794
0.5925925925925926,2847.523155516888,-1.5504333907229104
0.5925925925925926,2842.5674208243554,3.43456848890212
0.5925925925925926,2830.5490049592227,1.3160565447372436
0.5925925925925926,2843.983127946938,2.0470136984485827
0.6049382716049383,2845.399053598212,0.6330491485473764
0.5925925925925926,2829.841315797355,2.023947713755445
0.6049382716049381,2833.381159958385,-1.516481689769187
0.6049382716049383,2832.6733110559153,-0.8144868480623257
0.5925925925925926,2834.089030923881,-2.2077419647358743
0.5925925925925926,2830.5494335311832,1.3087165947584292
0.5925925925925926,2816.4070825549693,1.2875263966574821
0.5925925925925926,2831.257221146093,0.6190652624566653
0.6049382716049383,2800.8488759992356,2.693365544824405
0.6049382716049383,2847.523423672385,-1.5479169012223977
0.6049382716049383,2843.9831450820234,2.051755917830165
0.6049382716049383,2845.3993727907173,0.6351776255117355
0.5925925925925926,2819.2387054637625,-1.5116157928493326
0.5925925925925926,2846.8153015099765,-0.8180837840015683
0.5925925925925926,2834.08909030543,-2.220270056670214
0.5925925925925926,2831.257005108511,0.6282001448678827
0.6049382716049383,2832.6732504672614,-0.7969295333542198
0.5925925925925926,2842.5674927513596,3.4485875604257186
0.5925925925925926,2834.0891512751227,-2.2116984300364364
0.6049382716049383,2846.1073508441746,-0.11488785076645316
0.5925925925925928,2843.2751547649664,2.752016770878836
0.5925925925925926,2834.7970061893675,-2.9193075872012915
0.6049382716049381,2834.797184494009,-2.9519347032802843
0.5802469135802468,2846.8153306626073,-0.8242136020092712
0.5925925925925926,2802.9727232353694,0.5727509564338946
0.5802469135802468,2846.107462918792,-0.14503767656602815
0.5802469135802468,2820.6550666579124,-2.943508430635027
0.5802469135802468,2846.815448168478,-0.8553643096854839
0.5802469135802468,2834.089055538858,-2.2057605352666436
0.5925925925925926,2834.0892512382607,-2.2330020932316397
0.5925925925925926,2833.3811340413213,-1.5098573386838778
0.5802469135802468,2834.0887976419067,-2.1948144519794335
0.5802469135802468,2844.691503667448,1.305848615086671
0.5802469135802468,2843.275207410212,2.7487280710804094
0.5802469135802468,2832.673165269839,-0.8294029966366143
0.5925925925925926,2843.983406873169,2.0367344871918953
0.5925925925925926,2834.088863171071,-2.204937235742454
0.5802469135802468,2843.983578350735,2.028885197746562
0.5802469135802468,2844.691465166677,1.3247376998515756
0.5802469135802468,2829.1334942462363,2.7201056595294357
0.5802469135802468,2834.0892576287033,-2.2424990245125844
0.5802469135802468,2846.81533959425,-0.8279162917089246
0.5802469135802468,2820.655040657801,-2.9594834637837546
0.5925925925925926,2831.257378079247,0.6049129491544178
0.5802469135802468,2820.6549202754913,-2.9341861753965968
0.5802469135802468,2828.425371014988,3.4278905456746895
0.5802469135802468,2820.654910771083,-2.934858827935066
0.5802469135802468,2845.399072766335,0.6187438219644894
0.5925925925925926,2834.7970135699384,-2.920330831425658
0.5802469135802468,2834.796995002261,-2.9087128184010176
0.5802469135802468,2834.089236582409,-2.2497291063083633
0.5802469135802468,2833.3810844704126,-1.5148227131965326
0.5802469135802468,2833.3812742578434,-1.544320629858985
0.5802469135802468,2801.556817408875,1.9833924896468438
0.5802469135802468,2829.8414478848294,2.0086866877172285
0.5802469135802468,2833.381120153977,-1.5062148503968504
0.5925925925925926,2834.0891491425323,-2.2336261069434507
0.5802469135802468,2844.6913160322433,1.3347371416354625
0.5925925925925926,2847.523392002962,-1.563370552338024
0.5802469135802468,2845.399305435279,0.6161342292902088
0.5802469135802468,2830.549016724846,1.322743175351911
0.5802469135802468,2830.549407236508,1.29871679085752
0.5925925925925926,2843.9831671145625,2.0417002230036125
0.5802469135802468,2848.2309561585266,-2.2418188334047073
0.5802469135802468,2843.983401335535,2.0458638378621443
0.5925925925925926,2834.0891617271104,-2.217812289518685
0.580246913580247,2843.275218693525,2.734839661381752
0.5802469135802468,2833.3810534768804,-1.5001636934712237
0.5802469135802468,2834.797226863105,-2.936603559102873
0.5802469135802468,2832.6732357683322,-0.7974673226644837
0.5802469135802468,2819.9469872832437,-2.2314118964827476
0.5802469135802468,2845.3994656213267,0.6150798645898552
0.5802469135802468,2829.8412584556186,2.0078936328468133
0.5802469135802468,2828.4254063113667,3.4275888674068953
0.5802469135802468,2847.523363247976,-1.550009721614384
0.5802469135802468,2815.6988893737093,1.9965927728077857
0.5925925925925926,2832.6732033603944,-0.8087373748929618
0.5802469135802468,2845.399460661074,0.5956196660281159
0.5802469135802468,2842.567529352994,3.4230850896658307
0.5802469135802468,2834.7967550942044,-2.9164621469141916
0.5925925925925926,2831.964918541203,-0.08279092266656811
0.5802469135802468,2846.815463186517,-0.8497856787310675
0.5802469135802468,2831.965223277997,-0.08397307241087805
0.5802469135802468,2844.6913708156317,1.319691745450361
0.5802469135802468,2832.672913208569,-0.7824120006424963
0.5802469135802468,2848.2312187980738,-2.2539171160675564
0.5802469135802468,2833.3812903175676,-1.5191982727959863
0.5925925925925926,2834.0890527279944,-2.1916342748226163
0.5925925925925926,2831.257131705263,0.6102686832840483
0.5802469135802468,2844.6913258292134,1.3285103459430332
0.5802469135802468,2846.815012194758,-0.8312666199256764
0.5802469135802468,2834.089082232147,-2.20599553018416
0.5679012345679013,2834.797048863022,-2.9249006593936806
0.5679012345679011,2833.381251484061,-1.5204138267675038
0.5679012345679013,2831.257224506085,0.611128043638079
0.5679012345679013,2834.089058743785,-2.203029436635521
0.5802469135802468,2834.7971787520905,-2.9188658549153863
0.5679012345679011,2834.0887822588975,-2.2241624169137064
0.5679012345679011,2831.964927812058,-0.0924531503222997
0.5679012345679011,2848.231341358117,-2.265009475460676
0.5679012345679013,2834.797081159225,-2.925257107667612
0.5679012345679013,2819.2390007292447,-1.5300683408114992
0.5679012345679011,2831.965205413392,-0.09460073568600598
0.5679012345679013,2830.549276586005,1.3174984538389405
0.5679012345679013,2834.7970244583776,-2.920459746678978
0.5679012345679013,2844.691364347636,1.339529758396016
0.5679012345679011,2831.965182217572,-0.08851217044411075
0.5679012345679013,2829.8413155199437,2.0222697237682654
0.5679012345679013,2842.567563189331,3.4426181723643774
0.5679012345679013,2819.9469188366015,-2.237376376955513
0.5679012345679013,2834.796787645067,-2.9407193534225367
0.5679012345679013,2843.983528722376,2.0183483345559248
0.5679012345679013,2829.8412608257263,2.022623502662689
0.5679012345679011,2819.946923447352,-2.2367252309866466
0.5679012345679011,2847.5233062539905,-1.539248281471161
0.5679012345679011,2833.380922285239,-1.5248830618839069
0.5679012345679013,2832.6731758299866,-0.7931872766502541
0.5802469135802468,2833.3808122639066,-1.5122378770727758
0.5679012345679011,2843.275591693925,2.7302903007000165
0.5679012345679013,2834.089174224785,-2.220176674995496
0.5802469135802468,2833.3807860882407,-1.5024738721276232
0.5679012345679011,2817.823140533154,-0.13541472271191562
0.5679012345679011,2833.381167853052,-1.512066438776136
0.5679012345679013,2829.8413193414613,2.0239395330937144
0.5679012345679013,2831.965193602571,-0.09304491516075648
0.5679012345679011,2832.673191370986,-0.7972150547745218
0.5802469135802468,2834.797077852063,-2.935287282940329
0.5679012345679011,2834.0890564207425,-2.2123617062452374
0.5679012345679013,2834.0890643463317,-2.204405025057156
0.5679012345679013,2847.523370372484,-1.5556668077887186
0.5679012345679013,2832.6731681595415,-0.8075751935477
0.5679012345679011,2831.965249275092,-0.09681345201118847
0.5802469135802468,2842.5674531926425,3.453058273882966
0.5679012345679011,2828.425354000401,3.426473753612985
0.5679012345679013,2819.946994544935,-2.232244020439942
0.5679012345679011,2832.6729067083343,-0.7931758885951773
0.5679012345679011,2842.5672149147913,3.463999527894885
0.5679012345679013,2845.399024212173,0.6411761338834436
0.5679012345679011,2842.5676595172795,3.4129721640235484
0.5802469135802468,2829.1334644506405,2.7069921291020473
0.5679012345679011,2800.1411404147498,3.388934284606573
0.5802469135802468,2833.380871594957,-1.519717285465702
0.5679012345679013,2834.0892202739856,-2.221379679732528
0.5679012345679011,2805.804824883829,-2.2521519307514324
0.5679012345679013,2842.567417734848,3.4330314953145313
0.5679012345679013,2846.1073391172845,-0.1372984141609252
0.5679012345679011,2847.522954206458,-1.5483978220282333
0.5802469135802468,2832.6729268296776,-0.8227644801244448
0.5679012345679011,2817.822896115954,-0.12640436074417633
0.5679012345679011,2833.381101447366,-1.5309132496899645
0.5679012345679011,2846.8152804373703,-0.833575634303436
0.5679012345679013,2834.797039191516,-2.9167789648569107
0.5679012345679013,2848.2312304433012,-2.236624879587558
0.5679012345679011,2834.7970191273944,-2.904290073233452
0.5679012345679011,2820.655020257971,-2.953414150444667
0.5679012345679011,2820.6549144201717,-2.9340406259760883
0.5679012345679011,2819.239002833531,-1.5239007430064853
0.5679012345679013,2848.2313439008644,-2.2654544205318343
0.5679012345679011,2832.6732295733564,-0.8081117322959248
0.5679012345679013,2848.231242917473,-2.2370387700629357
0.5679012345679013,2844.691366735592,1.3150259274371627
0.5679012345679013,2829.13341239996,2.7215907418947767
0.5679012345679013,2843.9831736354686,2.0454309071826353
0.5679012345679011,2832.6733056071407,-0.8112758788145047
0.5679012345679013,2834.797037649467,-2.9332289947605243
0.5679012345679011,2818.5307775904644,-0.8096463763307683
0.5802469135802468,2828.4253980976696,3.4267885717324655
0.5802469135802468,2806.5125163637385,-2.953263165334983
0.5679012345679011,2846.815099604459,-0.8163682939070339
0.5679012345679013,2844.6915157636436,1.326591653225413
0.5555555555555556,2847.522988824184,-1.5175389647683046
0.5555555555555556,2817.8230571334857,-0.11934056194206888
0.5555555555555556,2830.5494416385714,1.3105215919363011
0.5555555555555556,2829.8414218993257,2.0064809256062217
0.5555555555555556,2819.238936502344,-1.529315439177084
0.5555555555555556,2834.7967587584176,-2.939869282952828
0.5555555555555556,2848.2309511075023,-2.25466491946764
0.5555555555555556,2829.841287864356,2.0216154244789855
0.5555555555555556,2832.673190204835,-0.8014367235552707
0.5555555555555556,2829.8411726466175,2.0071934789783175
0.5555555555555556,2846.107529125922,-0.12621957567708536
0.5555555555555556,2829.133060478899,2.723322825132153
0.5679012345679013,2834.0891503861017,-2.2127907237935984
0.5555555555555556,2843.2752262419813,2.7599940540710106
0.5679012345679013,2834.089170459049,-2.2312515627854674
0.5679012345679011,2833.3811514647264,-1.5238456083574197
0.5679012345679013,2831.9652161838694,-0.09402392443344146
0.5555555555555556,2847.523418223787,-1.5584217725967788
0.5555555555555556,2833.381056542946,-1.510792075445137
0.5555555555555556,2829.841435439755,2.017095162328125
0.5679012345679013,2833.381131817263,-1.5003850512225048
0.5555555555555556,2843.27546103177,2.751303306566741
0.5555555555555556,2842.5674368600685,3.4426168349212496
0.5555555555555556,2828.4253807652867,3.4272507291669694
0.5555555555555556,2830.5491635551193,1.3139689285151164
0.5555555555555556,2802.972700048502,0.5710289451504551
0.5555555555555556,2848.2313475236933,-2.2590861436593954
0.5555555555555556,2831.964944858324,-0.09709262142447384
0.5555555555555556,2842.567512809331,3.440962993657858
0.5555555555555556,2820.654927644822,-2.9353239075156825
0.5679012345679011,2843.983117957359,2.0505469324235035
0.5679012345679013,2829.8413744920854,2.027832847055895
0.5555555555555556,2834.7970284716075,-2.922684192357708
0.5555555555555556,2834.797031224096,-2.918781207872305
0.5555555555555556,2831.9649471014854,-0.09741898251646686
0.5679012345679011,2831.257175813153,0.6135455128089932
0.5555555555555556,2834.7970414639567,-2.912921370445926
0.5679012345679011,2844.6913773798206,1.3381009460614475
0.5555555555555556,2834.0892215383515,-2.2427704583313037
0.5555555555555556,2834.0892228841317,-2.2424174072894725
0.5555555555555556,2831.9652421563133,-0.08692214203552617
0.5555555555555556,2816.4068125802964,1.2952451450486806
0.5555555555555556,2829.84132156681,2.0290230266107225
0.5555555555555556,2831.256968267916,0.6236632901823139
0.5555555555555556,2829.133354965464,2.7350564139944633
0.5555555555555556,2832.6730809369615,-0.794900573337875
0.5679012345679013,2848.2309334159922,-2.2489564903546815
0.5555555555555556,2845.3990437475964,0.6345765094981243
0.5555555555555556,2833.3812914376704,-1.5464577950111638
0.5555555555555556,2834.7970897285786,-2.9289653892017995
0.5555555555555556,2791.6624199754337,-2.2662594784238057
0.5555555555555556,2846.107060597913,-0.1276073518861407
0.5555555555555556,2846.107347436681,-0.11306792654141398
0.5555555555555556,2831.965233366583,-0.09983918590452245
0.5555555555555556,2845.399457014087,0.6246516120312338
0.5555555555555556,2832.6731405029177,-0.7973629717473398
0.5555555555555556,2843.275453171469,2.7520332840322235
0.5555555555555556,2818.5310486584326,-0.8147453786873748
0.5555555555555556,2843.275385942581,2.722093616634921
0.5555555555555556,2830.549286517051,1.319901579038477
0.5555555555555556,2833.381142733962,-1.502250522752948
0.5555555555555556,2848.230956349874,-2.2425784274959386
0.5555555555555556,2843.275634776018,2.702219823022993
0.5555555555555556,2828.4255413248534,3.418807073605519
0.5555555555555556,2815.69888206359,2.006610377760749
0.5679012345679011,2834.089094796433,-2.2285683058442913
0.5555555555555556,2833.381133473249,-1.49997354418337
0.5555555555555556,2828.425516080302,3.414013627943868
0.5555555555555556,2830.5492331568803,1.3140682180875052
0.5555555555555556,2829.13333711736,2.7340185371906425
0.5555555555555556,2843.9834246283103,2.0353232640337944
0.5555555555555556,2830.549264659462,1.3107662715403423
0.5555555555555556,2831.96532749499,-0.10593123183729973
0.5555555555555556,2829.133310368037,2.734151317219577
0.5432098765432098,2829.841182676288,2.012877894217134
0.5432098765432098,2831.965207420097,-0.09255591302143477
0.5432098765432098,2834.0890782197685,-2.207357370769975
0.5432098765432098,2834.7972218020464,-2.9590647608630096
0.5432098765432098,2828.425377938078,3.426193016570221
0.5432098765432098,2830.5492804983514,1.3197866469035726
0.5432098765432098,2819.2389977347034,-1.5306210988751465
0.5432098765432098,2846.815290726897,-0.8469516982505759
0.5432098765432098,2834.089128666075,-2.2196041709163072
0.5432098765432098,2834.0891491861385,-2.233686635952917
0.5432098765432098,2844.691363271108,1.325320092398405
0.5432098765432098,2831.257260513454,0.6225710520618393
0.5432098765432098,2843.2754468413436,2.7559817902922976
0.5432098765432098,2805.804834954442,-2.251519409944191
0.5432098765432098,2834.7968045860575,-2.905291777659474
0.5432098765432098,2843.27561000155,2.7372702577745955
0.5432098765432098,2831.96520506098,-0.09463864753586455
0.5432098765432098,2817.8231741144727,-0.12782801331565136
0.5432098765432098,2832.672942557012,-0.7953006178565537
0.5432098765432098,2819.946659045761,-2.226460490517967
0.5432098765432098,2845.399124293305,0.6362368354977711
0.5555555555555556,2829.8413374627307,2.0164044570258586
0.5432098765432098,2818.5310065172002,-0.8181829819896521
0.5555555555555556,2830.5492316678356,1.3162350433660261
0.5555555555555556,2833.381109435808,-1.5182707578682766
0.5555555555555556,2845.3993224203487,0.6353092394788314
0.5432098765432098,2833.3811729611607,-1.5323938056050468
0.5555555555555556,2831.965197852975,-0.08906385873916213
0.5555555555555556,2845.3994913410534,0.6131535235106919
0.5432098765432098,2831.2573722128523,0.6025635871948801
0.5432098765432098,2829.1334711413588,2.7064191453349142
0.5432098765432098,2842.567476832469,3.44952326223504
0.5555555555555556,2831.9651986392846,-0.0850885083928079
0.5432098765432098,2845.399358562719,0.6154490808687527
0.5432098765432098,2846.8152958276237,-0.8212930896276381
0.5432098765432098,2844.691368309864,1.3335323105224772
0.5432098765432098,2819.946919590838,-2.2302291849566696
0.5432098765432098,2819.946927002049,-2.2366854682033144
0.5555555555555556,2834.796777334655,-2.925445621635025
0.5432098765432098,2829.841329533917,2.007538362780686
0.5432098765432098,2834.796980799368,-2.915512389968096
0.5432098765432098,2842.567552792058,3.4365340232855477
0.5432098765432098,2831.256989507994,0.6221698171714327
0.5432098765432098,2819.947103488238,-2.238491840719234
0.5555555555555556,2847.523428581781,-1.5559037369028375
0.5432098765432098,2847.5230106378467,-1.5542384645022693
0.5432098765432098,2830.549288769726,1.3127907474647675
0.5432098765432098,2831.257249688181,0.6077545168680065
0.5432098765432098,2842.5676040603576,3.4404241283545196
0.5432098765432098,2833.3810789508752,-1.4972639506171153
0.5432098765432098,2834.0892766851152,-2.250575152930784
0.5432098765432098,2844.6914601892267,1.3153265957384601
0.5432098765432098,2803.6806731331835,-0.13292606469325352
0.5432098765432098,2834.7966904420605,-2.915334410148331
0.5555555555555556,2845.3990298263166,0.6310692170660218
0.5432098765432098,2843.9831446225644,2.046397566861577
0.5555555555555556,2834.0891874356753,-2.219849320138264
0.5432098765432098,2834.0890294435726,-2.2186668256715287
0.5432098765432098,2834.7970912129763,-2.933341347839212
0.5432098765432098,2834.089145232796,-2.2399516723672495
0.5432098765432098,2833.3811693760663,-1.5232688866456903
0.5432098765432098,2817.1151823826494,0.5716416956353768
0.5432098765432098,2829.841337334821,2.028584990197014
0.5432098765432098,2842.567457786062,3.447089700920696
0.5432098765432098,2847.5232657312667,-1.5251247517118995
0.5555555555555556,2831.256972847351,0.619649364209583
0.5432098765432098,2833.3812503863514,-1.5316117345199491
0.5432098765432098,2791.662417346539,-2.266572987580169
0.5432098765432098,2817.822728040543,-0.11871867764681265
0.5432098765432098,2833.3808497734394,-1.52671527734933
0.5432098765432098,2831.256918149164,0.6062293002594359
0.5432098765432098,2834.089039632641,-2.2078229852665143
0.5432098765432098,2831.2572638596753,0.6137115117978594
0.5555555555555556,2842.5676409460084,3.4253597012725363
0.5432098765432098,2831.257194106703,0.620065852828229
0.5432098765432098,2801.557184958089,1.9641864091818324
0.5432098765432098,2833.3811532139202,-1.533234306104385
0.5432098765432098,2844.6914723360883,1.327374643839353
0.5432098765432098,2834.7970270867795,-2.911854146016736
0.5555555555555556,2833.381089972156,-1.4945320600517555
0.5432098765432098,2833.3810852254046,-1.4978078673297799
0.5432098765432098,2834.089063539168,-2.2067687054140275
0.5432098765432098,2828.425379710248,3.4185713151066337
0.5432098765432098,2842.5675393495453,3.4200109157118654
0.5555555555555556,2846.107081246525,-0.13490560625853365
0.5432098765432098,2833.381143421084,-1.5134575191410204
0.5432098765432098,2818.5310176104113,-0.8324229025976012
0.5432098765432098,2820.6550114232427,-2.959226502995408
0.5432098765432098,2831.2572587398904,0.6217891158771451
0.5432098765432098,2834.0891491861385,-2.233686635952917
0.5432098765432098,2830.5492412041904,1.3198379172475203
0.5432098765432098,2834.7972533109637,-2.9480446883170712
0.5432098765432098,2834.7969617052936,-2.9130311728259923
0.5432098765432098,2846.107076139694,-0.13232798304501783
0.5432098765432098,2847.5233991977166,-1.5495689573382714
0.5432098765432098,2801.5570694437115,1.9786979736366024
0.5555555555555556,2830.549145247992,1.3112743783089555
0.5432098765432098,2843.9834204017293,2.0408358769540955
0.5432098765432098,2820.655041275135,-2.947792738234966
0.5432098765432098,2832.6733390289673,-0.8420208418037574
0.5432098765432098,2843.2754085318306,2.7452911418263928
0.5555555555555556,2843.275631267541,2.730733707919764
0.5432098765432098,2842.5675009495158,3.45068316179787
0.5555555555555556,2843.275243207158,2.7485499884139633
0.5432098765432098,2831.257034212356,0.6228237112986647
0.5432098765432098,2834.796818212402,-2.9075112130693386
0.5432098765432098,2843.27543457288,2.757146717671691
0.5432098765432098,2834.0890833542885,-2.2105900907267424
0.5432098765432098,2842.5676920628075,3.437054951817384
0.5432098765432098,2829.1330989542143,2.730948500017414
0.5432098765432098,2828.425096482031,3.430627627357023
0.5308641975308641,2843.9834200360415,2.0388400531874407
0.5308641975308641,2818.530736914535,-0.8164004981615137
0.5432098765432098,2818.5311833337714,-0.8368407949649279
0.5308641975308641,2834.089094331937,-2.2080760483750606
0.5308641975308641,2843.2755517393134,2.7305340965018017
0.5308641975308641,2842.567298967115,3.4485199274410725
0.5308641975308641,2829.8413292399828,2.026966701593429
0.5308641975308641,2834.797227081093,-2.9366961100919506
0.5308641975308643,2831.2572484428865,0.6159230364108885
0.5308641975308641,2843.275496087442,2.74622073031977
0.5308641975308641,2833.3813027798446,-1.519583007555504
0.5308641975308641,2843.9833358865426,2.035019395097129
0.5432098765432098,2844.691498474786,1.3293426530310761
0.5432098765432098,2819.239119438225,-1.5377202770414442
0.5308641975308641,2831.9652446412733,-0.10124161656768395
0.5308641975308641,2829.8414541080706,2.0055070859678334
0.5308641975308641,2834.089110036931,-2.2197390968782926
0.5308641975308641,2833.3811407613866,-1.516221749502475
0.5432098765432098,2843.275491933369,2.7353319563959237
0.5308641975308641,2831.9652437109585,-0.09189095044468139
0.5308641975308641,2846.8150188888612,-0.8301011486570015
0.5308641975308641,2834.0890617253986,-2.208658481400041
0.5432098765432098,2831.2569913096804,0.6209005315731777
0.5308641975308641,2831.965240787094,-0.09729813120271304
0.5308641975308641,2831.965244461005,-0.09589328254470077
0.5308641975308641,2834.797001241681,-2.900538558990069
0.5308641975308643,2831.9652166734954,-0.08831983777295449
0.5308641975308641,2820.654953528756,-2.9372691845600825
0.5432098765432098,2834.0891819531307,-2.2144915132555867
0.5308641975308643,2829.133451843172,2.7080915701225683
0.5308641975308643,2842.567142964974,3.4365913867147033
0.5308641975308641,2842.567493255201,3.4535216816595597
0.5308641975308641,2843.9833827470493,2.036657756592074
0.5308641975308641,2830.549160471321,1.322576574104533
0.5308641975308641,2831.96517855113,-0.08594394477078762
0.5432098765432098,2843.983499468368,2.021084780164001
0.5308641975308641,2834.7970041341887,-2.9236658571443273
0.5308641975308641,2833.381264626934,-1.5332040372924756
0.5308641975308641,2842.5675232844305,3.4417478947640268
0.5308641975308641,2831.964876262639,-0.09679497345239503
0.5308641975308641,2830.5492567142196,1.3241285164227343
0.5308641975308641,2834.0891806768755,-2.222194215214561
0.5308641975308641,2834.7969617269846,-2.9129838247622875
0.5432098765432098,2847.523249748313,-1.5292323084200337
0.5308641975308641,2832.6732073511826,-0.8006863985058388
0.5308641975308643,2832.673134235167,-0.7787875329835111
0.5308641975308641,2834.797000871971,-2.920380857481295
0.5432098765432098,2830.549242782423,1.3168337141553441
0.5432098765432098,2845.3990347585495,0.6207072056924794
0.5432098765432098,2832.673140512925,-0.7981286404267941
0.5308641975308641,2845.3992916490497,0.6111455413884352
0.5432098765432098,2831.965310843238,-0.10459126803794795
0.5308641975308641,2830.549221102479,1.3175366153329313
0.5308641975308643,2830.5492804446235,1.3170842247801344
0.5432098765432098,2844.6911347104347,1.322767055683529
0.5308641975308641,2829.841345863233,2.0300755563303197
0.5308641975308641,2846.815422260741,-0.8350192766603289
0.5308641975308641,2833.3812229243154,-1.5269716179968122
0.5308641975308641,2834.7967561602973,-2.9114493599848013
0.5308641975308641,2833.381160395309,-1.5140959740901516
0.5432098765432098,2829.8414586076224,2.002613696928855
0.5308641975308641,2818.5309913218825,-0.8356736747774122
0.5308641975308641,2842.567241369088,3.4233069460408014
0.5308641975308641,2834.79721732957,-2.939328561873388
0.5308641975308643,2846.1074816648334,-0.12673093699062832
0.5308641975308641,2834.797080325051,-2.926476745919579
0.5308641975308641,2842.5675826751767,3.4257105839055737
0.5308641975308641,2843.2751867401344,2.746997006970596
0.5308641975308641,2791.6624321529603,-2.2679041233119595
0.5308641975308641,2848.2309607775323,-2.2435948466269187
0.5308641975308641,2818.531100922991,-0.8405078210833509
0.5308641975308641,2815.6989928380863,1.9845532849193959
0.5308641975308641,2843.275256257867,2.7389552037316105
0.5308641975308641,2829.8413221294086,2.0204510883296027
0.5308641975308643,2828.425403980217,3.4328910701316806
0.5432098765432098,2832.6730366754773,-0.8059655442460191
0.5308641975308641,2834.0890029902926,-2.205846831459344
0.5308641975308641,2834.7967729231304,-2.930710015644492
0.5308641975308641,2844.691376739131,1.3346781472195608
0.5308641975308641,2834.7971252972357,-2.9208361190938628
0.5308641975308641,2843.2754911747106,2.7199231541698894
0.5432098765432098,2831.2569535754405,0.6175781464169252
0.5308641975308641,2843.98339006366,2.041419859180878
0.5432098765432098,2831.2573445241137,0.5974546593281578
0.5308641975308641,2834.79721732957,-2.939328561873388
0.5308641975308641,2830.548992340345,1.3174118873897191
0.5308641975308641,2846.107498505943,-0.12227382833340547
0.5432098765432098,2833.381164837718,-1.4965276086369508
0.5308641975308641,2848.2312663402863,-2.2400723445960145
0.5308641975308641,2845.399089536828,0.6449835951641455
0.5308641975308641,2833.381170032201,-1.5346774953642042
0.5308641975308641,2831.2572861161425,0.5779378994879086
0.5308641975308641,2834.7970388807958,-2.925555368775305
0.5308641975308643,2833.3811499149047,-1.5231042697001338
0.5432098765432098,2820.6549698095455,-2.953554504576044
0.5308641975308641,2819.239128722245,-1.543237887150433
0.5308641975308643,2829.8413106539983,2.0220887381825343
0.5308641975308641,2831.964904404967,-0.09575565953007532
0.5308641975308643,2846.8152871229086,-0.8262810447055104
0.5308641975308641,2834.797051584807,-2.9175816586310206
0.5308641975308641,2831.257311403988,0.5946332856830783
0.5308641975308641,2834.0890958175714,-2.2161919309809957
0.5308641975308641,2843.2755157957513,2.744160304321012
0.5185185185185184,2817.1151861727058,0.5674384681346382
0.5185185185185184,2834.7970221844066,-2.913619585988953
0.5185185185185184,2847.523038084698,-1.534216646789807
0.5185185185185184,2843.9832008660915,2.0340839287183297
0.5308641975308643,2831.2572401450097,0.610921791932524
0.5185185185185184,2831.2572885815184,0.6103794187321966
0.5185185185185186,2842.567722402811,3.413123139235185
0.5308641975308641,2834.7971870779065,-2.952084613502335
0.5185185185185186,2833.3811168733355,-1.53421859786629
0.5185185185185184,2829.1333892757248,2.720169401325797
0.5185185185185184,2843.2752595923284,2.728050639963836
0.5185185185185184,2834.0890928248837,-2.2079782363737186
0.5185185185185184,2846.1070714947336,-0.10800588054320431
0.5185185185185184,2830.549250211264,1.3214330203362423
0.5308641975308641,2830.5492685226186,1.3151748444020002
0.5185185185185184,2829.841337106087,2.03270542359095
0.5185185185185186,2819.947102642985,-2.238648682635706
0.5185185185185184,2834.7969704276916,-2.9118606188128724
0.5185185185185184,2846.814996475131,-0.8118744895655484
0.5185185185185186,2834.797235019332,-2.9515326140833853
0.5185185185185184,2831.9651034774824,-0.11566747116402788
0.5185185185185186,2843.27542157689,2.7611806871434403
0.5185185185185184,2831.257247627319,0.6205043827211184
0.5308641975308641,2818.531026068494,-0.818842160746162
0.5185185185185184,2830.549288938193,1.321444258829457
0.5185185185185186,2834.0891096854916,-2.210905792966537
0.5185185185185184,2848.230994010527,-2.243237888852286
0.5185185185185186,2829.8411254206717,2.0324899947183304
0.5185185185185184,2846.8153661488695,-0.8387444322573048
0.5185185185185186,2833.38118878289,-1.5290923737297613
0.5308641975308641,2845.3990752959585,0.6203172957461293
0.5308641975308641,2830.549247439686,1.3164465483016472
0.5185185185185184,2833.380787969932,-1.494432199779329
0.5185185185185184,2843.9833951364785,2.042517577097735
0.5185185185185184,2830.5491130214295,1.3063212762458398
0.5185185185185184,2842.5672415791632,3.4337809605913785
0.5185185185185184,2801.5567857880615,1.982053954763855
0.5308641975308641,2831.96517855113,-0.08594394477078762
0.5185185185185184,2831.964942075488,-0.0894781930355739
0.5308641975308641,2846.815279659242,-0.8243043724700388
0.5185185185185184,2846.8153041816595,-0.838683276844481
0.5185185185185186,2829.1332483575075,2.7255125600038466
0.5308641975308643,2830.549047887911,1.326234502042011
0.5185185185185184,2843.27561069146,2.729091296274758
0.5185185185185184,2830.549411220202,1.2999174716640036
0.5185185185185184,2842.567498804601,3.4508961117834596
0.5308641975308641,2831.2572313111896,0.6086684869496736
0.5185185185185184,2834.7969713410644,-2.9187622549705305
0.5185185185185186,2829.13347682913,2.709483765809867
0.5185185185185184,2818.5310294442424,-0.8297481334585101
0.5308641975308641,2831.2572263364627,0.6164408800451208
0.5185185185185184,2833.38090063096,-1.5306519104339118
0.5185185185185184,2829.8412916929806,2.012823157513715
0.5185185185185186,2834.0888635689785,-2.235350201706547
0.5308641975308641,2828.425382881673,3.431582351634907
0.5185185185185186,2829.133365530425,2.7275568652034994
0.5185185185185184,2842.5675341210554,3.4406836787160637
0.5308641975308641,2847.5234330538087,-1.5515764876771672
0.5185185185185184,2846.107363683029,-0.11206907864875901
0.5185185185185184,2843.275271425681,2.718195860945887
0.5185185185185186,2819.9469383209075,-2.232826105589485
0.5185185185185184,2845.399477100236,0.6042320063169512
0.5185185185185184,2829.841176186423,2.0188187603083305
0.5185185185185186,2834.0890687718756,-2.2126077770635213
0.5185185185185186,2831.9650217514672,-0.11266279412673517
0.5308641975308641,2819.2389435405616,-1.5315766987736137
0.5185185185185184,2845.3995562113323,0.6196457574369972
0.5185185185185184,2834.0889733801623,-2.20302661044081
0.5061728395061729,2834.089131194157,-2.2097555954769508
0.5061728395061729,2847.5233894457942,-1.5548276302036073
0.5061728395061729,2842.567312542009,3.444519164114325
0.5061728395061729,2834.089111253044,-2.202585970805298
0.5061728395061729,2844.6910423075487,1.3250618129281602
0.5061728395061729,2819.9469417498885,-2.2302135449511185
0.5061728395061729,2833.3807969475506,-1.4955124164194744
0.5061728395061729,2828.4251169598883,3.424169132244276
0.5061728395061729,2817.822764114131,-0.10857413772925069
0.5061728395061729,2833.3812388383826,-1.5192149316776307
0.5061728395061729,2828.425494556662,3.4088706420991612
0.5185185185185186,2831.257265552389,0.6181212863157384
0.5061728395061729,2842.5672897164486,3.4521138510219482
0.5185185185185184,2842.5672531891396,3.4512953232467187
0.5061728395061729,2833.381314543111,-1.541912739888329
0.5185185185185186,2829.8414733977206,2.01427917692507
0.5061728395061729,2831.9652094458993,-0.08886878485165135
0.5061728395061729,2831.2573810873405,0.5924745667055373
0.5185185185185186,2830.5492657764626,1.3164788464511594
0.5061728395061729,2832.6731800155035,-0.8056108532416477
0.5061728395061729,2833.380888675206,-1.5120987220083497
0.5061728395061729,2831.9651988906116,-0.10046698738437435
0.5185185185185186,2820.6550519960965,-2.954553173762982
0.5061728395061729,2831.257246154417,0.6111704534678262
0.5061728395061729,2843.983451122457,2.0401797901057375
0.5061728395061729,2845.3993848612804,0.6318127001614592
0.5061728395061729,2829.8413039392613,2.022912623321439
0.5061728395061729,2831.2572436139067,0.6103407152862222
0.5061728395061729,2832.6731630280246,-0.7966109921204434
0.5061728395061729,2831.965268848415,-0.08699847316345995
0.5061728395061729,2829.1334845522288,2.712024121829379
0.5061728395061729,2832.6731580763835,-0.8079321028489156
0.5061728395061729,2830.5492914238803,1.3228749792301966
0.5061728395061729,2830.5494202783057,1.3038224058742267
0.5061728395061729,2846.107466798073,-0.1270765019284445
0.5061728395061729,2844.6910970288754,1.3475696427242578
0.5061728395061729,2831.9650089399497,-0.08843142662491901
0.5185185185185184,2843.983555183079,2.0290966095325267
0.5061728395061729,2833.380883390047,-1.5181228461964735
0.5061728395061729,2845.399109498059,0.6246325364112748
0.5061728395061729,2834.797184514806,-2.9199847385177073
0.5185185185185186,2843.275526397883,2.7309122229495726
0.5061728395061729,2834.797051023313,-2.908651872776957
0.5061728395061729,2831.964955944053,-0.07796488619333895
0.5061728395061729,2832.673139166237,-0.7945867392144037
0.5061728395061729,2833.3811364690823,-1.5328785141643209
0.5061728395061729,2833.380868448177,-1.4976546410279072
0.5061728395061729,2829.133352576419,2.73498532188518
0.5185185185185186,2829.133055393599,2.7240838481442893
0.5061728395061729,2831.2572410146754,0.6188794733079169
0.5061728395061729,2831.257181584158,0.6124671065205788
0.5061728395061729,2833.3812457703916,-1.5166828246881
0.5061728395061729,2831.257238397544,0.6126346389492079
0.5185185185185186,2831.2572421139625,0.6110634869744558
0.5061728395061729,2846.815288014231,-0.8407354111539405
0.5061728395061729,2829.841285405782,2.0206073569013694
0.5061728395061729,2831.2572463099755,0.6093070974724442
0.5061728395061729,2834.0890680905,-2.2135580821275065
0.5061728395061729,2820.6548760931596,-2.945454550304872
0.5061728395061729,2819.2391222748106,-1.5503112604151865
0.5061728395061729,2843.9835557877955,2.0102876202291453
0.5061728395061729,2829.13306922931,2.731460823771345
0.5061728395061729,2819.2386779459744,-1.5354156094245481
0.5061728395061729,2846.107344990814,-0.12437154134124176
0.5061728395061729,2834.797067887254,-2.9271323914553418
0.5061728395061729,2830.5490091372358,1.317208392844168
0.5061728395061729,2832.673120447004,-0.8306954576603651
0.5061728395061729,2820.654884800053,-2.937744875453005
0.5185185185185186,2819.2391629608783,-1.5433500710502204
0.5061728395061729,2842.5675328261086,3.45042737658331
0.5061728395061729,2829.133340818271,2.723471513001043
0.5061728395061729,2834.0891262453997,-2.234906130195377
0.5061728395061729,2846.1074378633557,-0.14732395637314047
0.5061728395061729,2828.4251001276093,3.4246246184452658
0.5061728395061729,2831.2572016597446,0.6108367392635263
0.5061728395061729,2833.381082876724,-1.5042233670321605
0.5061728395061729,2831.964913496284,-0.08843830990635239
0.5061728395061729,2833.3810971659354,-1.502507420359247
0.5061728395061729,2833.381142372238,-1.5113156502605793
0.5061728395061729,2843.275568066942,2.7223003401231463
0.5061728395061729,2834.797019505757,-2.9355824365264303
0.5061728395061729,2846.1074469497244,-0.1488029615308488
0.5061728395061729,2833.3810228447946,-1.5015490718374966
0.5185185185185184,2832.673103544265,-0.7923131374059205
0.5061728395061729,2814.990872954548,2.705615947720103
0.5061728395061729,2831.9652058474207,-0.09172349383492864
0.5061728395061729,2844.691287137742,1.3278797926854262
0.5061728395061729,2831.2572464858868,0.6205986348290401
0.5061728395061729,2834.7970788478383,-2.940320481653052
0.5061728395061729,2831.257221689337,0.6164395263392101
0.5061728395061729,2831.257275568178,0.6059031496738623
0.5061728395061729,2845.399306145992,0.6388865430647138
0.5061728395061729,2819.9469540127707,-2.2363139547578705
0.5061728395061729,2829.8413238919666,2.0226936565035802
0.5061728395061729,2819.947079814732,-2.243396117404058
0.5061728395061729,2829.1333081792573,2.7133052035012653
0.5061728395061729,2830.549253492115,1.317637502027797
0.5061728395061729,2830.5492796689173,1.3186984698582234
0.5061728395061729,2818.5309717214454,-0.8304098477424887
0.5061728395061729,2819.946659988639,-2.228418928226892
0.5061728395061729,2842.5674811083004,3.4515625425354526
0.5185185185185186,2819.9466518395493,-2.2271290533930217
0.5061728395061729,2831.257378644591,0.6008215997510651
0.5061728395061729,2842.56747766904,3.4409362525772704
0.4938271604938271,2834.7967754731767,-2.9132982176068003
0.4938271604938272,2843.2751674868623,2.7502227963625483
0.4938271604938271,2843.2752413971257,2.722051318188303
0.5061728395061729,2834.7970485561564,-2.9135969313278007
0.4938271604938272,2831.965197280758,-0.08835027010691447
0.4938271604938272,2833.3812693717055,-1.5204144461927174
0.4938271604938271,2846.8153241579193,-0.8333127889842561
0.4938271604938272,2832.673197980378,-0.8038825504127195
0.4938271604938272,2833.3811377199436,-1.5175455045343682
0.4938271604938272,2819.2386980886968,-1.528468180450408
0.4938271604938272,2820.6550015532075,-2.9605872784605687
0.5061728395061729,2830.549311888293,1.3114212283485855
0.5061728395061729,2846.1074606059615,-0.15068033545155596
0.5061728395061729,2829.13333641964,2.721270663624137
0.4938271604938271,2843.2754918474407,2.75342604345418
0.4938271604938272,2834.0888489432814,-2.2065751100701223
0.4938271604938271,2817.1148215425205,0.5972558806703873
0.4938271604938271,2842.5673179213345,3.445480012361492
0.4938271604938271,2843.2751870414654,2.757799386768978
0.4938271604938271,2842.567663329789,3.4056243488668554
0.4938271604938272,2829.133203611888,2.7090232319120466
0.4938271604938272,2818.5311702139197,-0.8313738619691181
0.4938271604938271,2834.7971345652545,-2.926927352139788
0.5061728395061729,2828.425490037178,3.4129762607268206
0.4938271604938271,2817.822984698979,-0.12425730259161723
0.4938271604938271,2842.5675365722354,3.4545985602326548
0.5061728395061729,2828.4254030926777,3.432739530139172
0.4938271604938271,2842.567674218249,3.43881405967535
0.4938271604938272,2829.133326471412,2.73169435267556
0.4938271604938271,2843.275232436395,2.7497331318971336
0.5061728395061729,2829.1334844244875,2.71382278966934
0.4938271604938271,2820.655024818556,-2.9552327258261615
0.4938271604938271,2829.8412836825273,2.020766233848822
0.4938271604938271,2843.983416354961,2.0350571124518724
0.4938271604938271,2842.567497944054,3.427117599291552
0.4938271604938272,2831.965203049153,-0.1029002899490083
0.5061728395061729,2829.1333706487335,2.729034021488534
0.4938271604938272,2834.7970985194156,-2.9440820471381812
0.4938271604938271,2829.841324699746,2.0214598010624965
0.4938271604938271,2820.65491849457,-2.941678507047842
0.4938271604938272,2833.3809942239386,-1.5203612359438978
0.4938271604938271,2830.5492897006256,1.3230338561778765
0.4938271604938272,2834.7970428116973,-2.9215490617955706
0.4938271604938271,2846.815312947966,-0.8467283316430249
0.4938271604938272,2842.5677071958994,3.4060038293318335
0.4938271604938271,2842.5675317272694,3.4365491726250763
0.4938271604938271,2829.8412944311835,2.0214838725884006
0.4938271604938271,2842.567484039637,3.4520195499257564
0.4938271604938271,2832.6731402071164,-0.7983094696017858
0.4938271604938271,2846.1070635420256,-0.12508235562693062
0.4938271604938272,2833.3811462268454,-1.5021955874900765
0.4938271604938271,2846.107481157572,-0.14125854892025327
0.4938271604938272,2834.0891174080443,-2.2223565379938712
0.4938271604938271,2848.2312111171873,-2.243955502326953
0.4938271604938271,2829.8413086985097,2.023870486376059
0.4938271604938272,2833.381126947472,-1.5186221606414128
0.4938271604938271,2820.6549004081226,-2.9416400944599577
0.4938271604938271,2834.796884007153,-2.935581695450699
0.5061728395061729,2842.567406814664,3.4410671015988865
0.4938271604938272,2828.4253710740677,3.427523467974699
0.4938271604938272,2831.9652394619884,-0.10409929061707451
0.4938271604938271,2829.841304120912,2.008653130576315
0.5061728395061729,2834.797048176523,-2.934828867690946
0.4938271604938271,2834.7967652188854,-2.9113279824027134
0.5061728395061729,2818.5311579778217,-0.8333236562105365
0.4938271604938271,2803.680602587302,-0.13448602839407658
0.4938271604938271,2845.399319997673,0.6085726125025492
0.4938271604938272,2845.3990354319126,0.6283908435812641
0.4938271604938271,2817.8230029822307,-0.12269771193524688
0.4938271604938272,2834.088796499724,-2.189597138893853
0.4938271604938272,2842.567288217074,3.4508578889751154
0.4938271604938271,2819.9470871527114,-2.2410344178472927
0.4938271604938272,2831.9651479542395,-0.10001590921997966
0.4938271604938271,2828.425402725282,3.414319900227331
0.4938271604938271,2833.381121241835,-1.5062175936514948
0.4938271604938271,2842.5676592045875,3.444079863946261
0.4938271604938271,2831.257246747644,0.6146776848769562
0.5061728395061729,2828.4255277714174,3.416298645883073
0.5061728395061729,2819.239127587282,-1.5410286860394944
0.4938271604938271,2830.5492955807117,1.3223463672551545
0.4938271604938271,2842.5672374733404,3.4637067900942227
0.5061728395061729,2842.567469000632,3.4607358496089007
0.4938271604938271,2819.2389517117194,-1.5407667731490746
0.4938271604938272,2834.7972131435768,-2.9475832843595775
0.5061728395061729,2833.3811633293094,-1.5192600082642913
0.4938271604938272,2843.2754658529157,2.7347024480718805
0.4938271604938272,2834.79672687597,-2.9094072842909364
0.4938271604938271,2833.3811295030096,-1.5004310069133269
0.4938271604938271,2843.2755577978924,2.7343313021509315
0.4938271604938272,2843.9833860711547,2.040810695845917
0.4938271604938271,2829.133083614299,2.7304167397241104
0.4938271604938271,2834.7969037714147,-2.9115763385325075
0.4938271604938272,2834.7971066888117,-2.938477306274308
0.5061728395061729,2820.6549138371283,-2.9335870214668325
0.5061728395061729,2843.275480250629,2.739488486360365
0.48148148148148145,2820.654944602717,-2.9367410039296042
0.48148148148148145,2845.3994580666326,0.6130507865146856
0.48148148148148145,2834.796755001679,-2.9301632466497676
0.48148148148148145,2831.2572714511352,0.607155858389238
0.48148148148148145,2831.965211097041,-0.08938991970468985
0.48148148148148145,2846.1074961024615,-0.13572239261695682
0.48148148148148145,2831.2569632005902,0.6125059145899019
0.48148148148148145,2843.9831322750433,2.038421396465611
0.48148148148148145,2829.133497270672,2.7086847396607365
0.48148148148148145,2829.8413351757554,2.027073720969633
0.48148148148148145,2820.655061155116,-2.943698044193653
0.48148148148148145,2828.4253573904916,3.4145431833855073
0.48148148148148145,2846.107089035146,-0.12921042944558334
0.48148148148148145,2830.5490035401594,1.3230171864545732
0.48148148148148145,2834.0890880781258,-2.204213350857048
0.48148148148148145,2834.08915369255,-2.226774065511346
0.48148148148148145,2820.6550286429133,-2.9486146574114547
0.48148148148148145,2832.672968713815,-0.8181037405744671
0.48148148148148145,2830.5492583903233,1.3177720227373695
0.48148148148148145,2831.2569292283115,0.6059599514733894
0.48148148148148145,2819.2391436275143,-1.5411902942165767
0.48148148148148145,2843.9834004565337,2.0449852004480142
0.4938271604938271,2829.1333335587797,2.7340469282915296
0.48148148148148145,2817.823155220745,-0.13634183145978934
0.48148148148148145,2834.7971271839397,-2.9485660847856714
0.48148148148148145,2842.567523344571,3.438075538530704
0.48148148148148145,2843.983445449723,2.024067797896791
0.4938271604938272,2819.9469005622927,-2.239571069512156
0.48148148148148145,2831.965175909511,-0.09627746701919032
0.48148148148148145,2829.133122351083,2.7373706986204542
0.48148148148148145,2834.79709648683,-2.9088428068516046
0.48148148148148145,2832.672920857493,-0.8111606460928267
0.48148148148148145,2832.673114600816,-0.801140247910844
0.48148148148148145,2834.7967371892883,-2.92993909549187
0.48148148148148145,2834.0890592270193,-2.196166810261177
0.48148148148148145,2834.089215564696,-2.2225536627706757
0.48148148148148145,2829.1334321184527,2.7002301575974546
0.48148148148148145,2842.567559824514,3.4519075437906617
0.48148148148148145,2830.5493049061915,1.3205038216422431
0.48148148148148145,2820.655061155116,-2.943698044193653
0.48148148148148145,2847.522962124498,-1.5364256991007486
0.48148148148148145,2834.0890289765525,-2.2042922792878867
0.48148148148148145,2848.2314422354693,-2.2513829040273725
0.48148148148148145,2834.797027756871,-2.9363759654703903
0.48148148148148145,2833.380793540616,-1.5043128563839725
0.48148148148148145,2846.8152593394498,-0.8289116740833642
0.48148148148148145,2828.4253889714814,3.4211923510427633
0.48148148148148145,2829.133315981602,2.7279073230925173
0.48148148148148145,2834.796798559084,-2.9347264022239345
0.4938271604938271,2831.257216314145,0.6189382365012466
0.48148148148148145,2833.3808457497266,-1.4995505633490327
0.4938271604938271,2834.0890352692686,-2.197549603114775
0.48148148148148145,2834.088759568131,-2.215466795520504
0.4938271604938271,2831.9651772326,-0.08609799409551439
0.48148148148148145,2831.2571652282977,0.6132336461426269
0.48148148148148145,2831.965195098079,-0.09692491714643019
0.48148148148148145,2817.1151815016187,0.5715469160108441
0.48148148148148145,2818.530996706596,-0.8304508174708772
0.4938271604938272,2834.0890695776525,-2.2129233605446643
0.48148148148148145,2843.983565394297,2.0263298078289167
0.48148148148148145,2829.8414549261574,2.0097761866327724
0.48148148148148145,2846.1073837469403,-0.11794448570087013
0.48148148148148145,2820.655090847209,-2.9463352562510328
0.48148148148148145,2802.9726981464755,0.5706433495780758
0.48148148148148145,2833.3811643274244,-1.5353543386747028
0.48148148148148145,2834.7972064008604,-2.9416947042895396
0.48148148148148145,2819.239073882294,-1.547130727170328
0.48148148148148145,2801.5571837406046,1.9637888117926097
0.48148148148148145,2834.7972347652985,-2.9519968240103176
0.48148148148148145,2833.3811278158723,-1.5025936092506302
0.48148148148148145,2832.6731294060787,-0.7987207065820792
0.48148148148148145,2820.6549085973875,-2.9370930550930017
0.4938271604938272,2830.5492767751803,1.3146867634828154
0.48148148148148145,2834.7969999163947,-2.8996797274726682
0.48148148148148145,2834.7970631274284,-2.922171760486303
0.48148148148148145,2834.7967493370224,-2.9226723158698658
0.48148148148148145,2834.089237078942,-2.2356256049240937
0.48148148148148145,2831.9653587363828,-0.11328869494260689
0.48148148148148145,2802.264740975129,1.2737602257370797
0.4938271604938272,2843.98341234636,2.0238268566835913
0.4938271604938272,2834.7970831305406,-2.944413182855645
0.48148148148148145,2834.089095878935,-2.228012021002017
0.48148148148148145,2819.238709939537,-1.5276550705389653
0.48148148148148145,2831.96524596274,-0.09708026402050175
0.4938271604938272,2833.3811555638345,-1.5145847218678892
0.48148148148148145,2834.088813875002,-2.2107682117473137
0.4938271604938272,2846.107534704378,-0.12682583645164677
0.48148148148148145,2834.7971602978296,-2.94586204933951
0.48148148148148145,2843.275621450179,2.730850735592724
0.48148148148148145,2829.841307223853,2.0223381462447145
0.48148148148148145,2831.2572629744495,0.6139184878671051
0.48148148148148145,2819.239128147465,-1.5440355106475707
0.48148148148148145,2831.96524561508,-0.0945863933606819
0.48148148148148145,2833.3812741982933,-1.5119158644890607
0.48148148148148145,2842.5672537148657,3.4635849543242268
0.4938271604938272,2829.133364689793,2.727391676457775
0.48148148148148145,2834.7968109979397,-2.911562202198833
0.4691358024691358,2830.549292431488,1.3185763324207656
0.4691358024691358,2830.54928455192,1.319570710714619
0.4691358024691358,2842.567503606134,3.456805826132028
0.4691358024691358,2843.275222059205,2.743361383755916
0.4691358024691358,2829.1334319422463,2.7002112016724116
0.4691358024691358,2844.691360638744,1.3195770635386486
0.48148148148148145,2829.1334462918558,2.6981477423249944
0.4691358024691358,2843.275456605692,2.7444808345633853
0.4814814814814814,2842.56750444875,3.4451715832472245
0.4691358024691358,2832.6731597210387,-0.800808405109954
0.4691358024691358,2843.2751855600645,2.7347420741663964
0.4691358024691358,2847.5232552630578,-1.5341642604569998
0.4691358024691358,2833.3810731731355,-1.500016585245733
0.48148148148148145,2819.9469772578564,-2.230425003523479
0.4691358024691358,2828.425316462133,3.4174414198567225
0.4691358024691358,2842.5675267712445,3.450920668964847
0.48148148148148145,2842.56745895212,3.454834323935468
0.4691358024691358,2846.8150164563317,-0.8182698574628234
0.4691358024691358,2842.5671676934026,3.4441468917563056
0.4691358024691358,2831.964922275619,-0.08582089430738019
0.4691358024691358,2847.5233874468654,-1.5549772028057853
0.4814814814814814,2834.7970293436006,-2.936562953008707
0.4691358024691358,2834.797019382922,-2.9101246564099834
0.4691358024691358,2820.6550227737366,-2.9551012165097794
0.4691358024691358,2831.2572303230645,0.6124732397016613
0.4691358024691358,2802.2651701650757,1.2598226676923108
0.4691358024691358,2844.691120820732,1.3506817287275175
0.4691358024691358,2819.9469916516937,-2.2326848070041407
0.4691358024691358,2816.4072204069575,1.2765641906827896
0.4691358024691358,2830.549240184422,1.3259512483635794
0.4691358024691358,2842.567495673751,3.454807927065703
0.4691358024691358,2831.9651780113927,-0.09341644376412302
0.4691358024691358,2842.5672700708596,3.457908637277179
0.4691358024691358,2843.2751731880094,2.7635227781704286
0.4691358024691358,2843.275581838723,2.7213847252484893
0.4691358024691358,2829.1334734842985,2.7118383247983577
0.4691358024691358,2843.2752603153194,2.7361300330360785
0.4814814814814814,2846.815314859396,-0.8400873103946509
0.4691358024691358,2842.5672956490403,3.4533370433996513
0.4691358024691358,2847.523048862431,-1.5336738381660449
0.4691358024691358,2831.964927814464,-0.09002728092868122
0.4691358024691358,2820.654872392563,-2.9459278628039414
0.48148148148148145,2843.2753561117493,2.7246312934784034
0.4691358024691358,2834.797223069676,-2.9367259199335667
0.4691358024691358,2833.381141158758,-1.5002513341577342
0.4691358024691358,2817.1148026670576,0.5964052250928361
0.4691358024691358,2834.797054183336,-2.927228327176845
0.4691358024691358,2834.79705797722,-2.918339960377088
0.4691358024691358,2844.6914008502354,1.3169348283499627
0.4691358024691358,2829.841272736048,2.018904913506569
0.4691358024691358,2814.9912985700475,2.686636651876311
0.48148148148148145,2828.4255153269487,3.4138776632571495
0.4691358024691358,2844.6913766166663,1.3384746468594182
0.4691358024691358,2800.848826386622,2.687012155727621
0.4691358024691358,2843.2754591974385,2.7490971503173443
0.4691358024691358,2834.0890950587304,-2.2047376128210874
0.4691358024691358,2834.0890273436744,-2.1971948244642974
0.4691358024691358,2834.0890922972067,-2.202243188033098
0.4691358024691358,2847.52325491373,-1.5450019852309118
0.4691358024691358,2834.797128772112,-2.9247514547766564
0.4814814814814814,2833.3811203040746,-1.5015970826432916
0.4691358024691358,2830.54900724363,1.32143360133215
0.4691358024691358,2830.5491672284843,1.3153280675957264
0.4691358024691358,2819.9469477217344,-2.2345080966852087
0.4691358024691358,2829.841016396734,2.019309081242975
0.4691358024691358,2829.841309101022,2.0238180772506777
0.4691358024691358,2834.0888668870416,-2.207822144722294
0.4691358024691358,2831.9652055708593,-0.0904848122009865
0.4691358024691358,2829.84127968904,2.019621504115879
0.4691358024691358,2834.7968027593784,-2.9345021125764834
0.48148148148148145,2834.79675901066,-2.9291789640118835
0.48148148148148145,2820.655061155116,-2.943698044193653
0.4691358024691358,2834.088804163478,-2.202864202811214
0.4691358024691358,2834.0891562216916,-2.231519347067776
0.4691358024691358,2832.6731633219824,-0.805045909992987
0.4691358024691358,2834.0891363899655,-2.2350111460101534
0.4691358024691358,2846.8153041228047,-0.8493935468873298
0.4691358024691358,2830.54898610481,1.32788053962632
0.4691358024691358,2831.9651762911985,-0.0893487437071007
0.4691358024691358,2833.3812249217635,-1.517705029303339
0.48148148148148145,2842.567457156904,3.454802305127936
0.4691358024691358,2820.6549438791967,-2.9367208331861177
0.4691358024691358,2801.5571785293055,1.9639187093539137
0.4691358024691358,2843.9835436595245,2.026074402172137
0.4691358024691358,2845.399292811286,0.6275619686568515
0.4691358024691358,2846.107330420913,-0.13808949430475911
0.4814814814814814,2843.983168261107,2.043908359553393
0.4691358024691358,2843.9835365821905,2.025485989205197
0.4691358024691358,2831.2572581574505,0.623879177614625
0.4691358024691358,2834.0891479474026,-2.232749728684327
0.48148148148148145,2843.2751164908946,2.7455509395271576
0.4691358024691358,2834.0888733770166,-2.226674212706145
0.48148148148148145,2831.965271386311,-0.12252893747209405
0.4691358024691358,2842.567638512243,3.447655549727662
0.4691358024691358,2834.0891772757727,-2.2167918773460316
0.4691358024691358,2832.67316139152,-0.8029457198105489
0.4691358024691358,2832.6732902617114,-0.8116319369045287
0.4691358024691358,2834.089045310752,-2.2017433143304137
0.4691358024691358,2844.6910939701984,1.3501773788281322
0.4567901234567901,2815.699153631978,1.9999787333264847
0.4567901234567901,2834.79721147358,-2.9475156414672026
0.4567901234567901,2833.381141634267,-1.5337831988647483
0.4567901234567901,2834.7971299668093,-2.921483505090804
0.4691358024691357,2843.9833921516783,2.031830380939098
0.4567901234567901,2830.549232680154,1.3134477401597588
0.4691358024691357,2828.4253943310546,3.4339200168156947
0.4691358024691358,2829.8413163629407,2.024349773970835
0.4567901234567901,2845.399474398619,0.6193735402793353
0.4691358024691358,2819.9469380601017,-2.2300576364933278
0.4567901234567901,2846.8154300445267,-0.8324592350409483
0.4567901234567901,2817.8231405679335,-0.1355209962098925
0.4691358024691357,2830.5492584963795,1.3139813440108028
0.4567901234567901,2828.4250622648956,3.4218339715542347
0.4567901234567901,2829.841007038989,2.01599450081728
0.4567901234567901,2831.9652022913356,-0.09070140910738474
0.4567901234567901,2842.567687959247,3.423106351851664
0.4691358024691358,2817.823066146707,-0.1130095512382926
0.4567901234567901,2834.0888616492657,-2.235824524241342
0.4567901234567901,2846.107307486907,-0.13124243865665286
0.4567901234567901,2846.1073547928413,-0.13529156217992044
0.4567901234567901,2845.3990801640534,0.63210376278308
0.4567901234567901,2831.9651988610185,-0.0939984592537119
0.4567901234567901,2834.0891032841405,-2.227614259855054
0.4567901234567901,2834.797085423891,-2.9438930410009094
0.4567901234567901,2834.0891287110926,-2.241256037356014
0.4567901234567901,2818.530715958618,-0.8265347239717485
0.4567901234567901,2846.107453789903,-0.15188602472590443
0.4567901234567901,2843.9831250395996,2.0408878317402093
0.4691358024691358,2818.5310455339904,-0.8169299726533407
0.4567901234567901,2843.98314185671,2.05520650043342
0.4691358024691357,2842.5672455754916,3.458866933737909
0.4567901234567901,2846.107332946926,-0.11151472393228681
0.4567901234567901,2828.4253891012495,3.4215816845695843
0.4567901234567901,2846.1071135128645,-0.11630383399305022
0.4567901234567901,2846.815493430783,-0.8322661331741239
0.4567901234567901,2845.3993165006245,0.6219159733204945
0.4567901234567901,2844.691092319702,1.3529937696351617
0.4567901234567901,2834.08886554678,-2.2135165476562166
0.4567901234567901,2843.2752124462204,2.7581523759911333
0.4691358024691358,2834.0892266430847,-2.2362814129243533
0.4567901234567901,2829.8411741829764,2.0141783650708613
0.4567901234567901,2832.6732061212324,-0.8011672370398718
0.4567901234567901,2817.823015430799,-0.12861087472089278
0.4567901234567901,2844.6913808831573,1.3110805354178763
0.4567901234567901,2843.275457576065,2.7444593336795036
0.4567901234567901,2819.9466486605043,-2.2284909164313693
0.4691358024691358,2842.5674707417556,3.4479217476397253
0.4567901234567901,2820.6548472481445,-2.9409082755019558
0.4567901234567901,2791.6624256331925,-2.2681711585851465
0.4567901234567901,2834.089038242363,-2.2101233256365402
0.4567901234567901,2834.08912079259,-2.2292497158834332
0.4567901234567901,2831.257249316492,0.6047604664461369
0.4691358024691357,2829.133372466533,2.732275623689578
0.4691358024691358,2833.3812988853824,-1.5261660597108384
0.4567901234567901,2834.0890671970433,-2.2414195025536974
0.4567901234567901,2834.089065223635,-2.215837116579144
0.4567901234567901,2814.9913680161753,2.680593059876342
0.4567901234567901,2834.0890111121216,-2.2140408715673217
0.4567901234567901,2842.56764681724,3.4121305827290884
0.4567901234567901,2802.264731235774,1.2758232798943083
0.4691358024691358,2819.9470453517756,-2.250734925940364
0.4567901234567901,2834.79700450071,-2.8997007075493118
0.4567901234567901,2830.549220969769,1.310130152055133
0.4567901234567901,2834.089126486538,-2.220110869763947
0.4691358024691359,2843.2752620557026,2.7189313041281586
0.4691358024691357,2834.0889343696394,-2.2177286120787687
0.4567901234567901,2831.2573457739777,0.6035598886352124
0.4567901234567901,2818.5306961773795,-0.8241789769661636
0.4567901234567901,2834.089085877258,-2.2175454199011155
0.4567901234567901,2832.6729383201005,-0.7888657741606687
0.4567901234567901,2833.3808537900672,-1.4940396794234738
0.4567901234567901,2820.6550596160628,-2.9438280639326284
0.4567901234567901,2843.983130624901,2.0567038238244333
0.4691358024691358,2831.9652291909083,-0.12033612520796749
0.4567901234567901,2842.5675673043916,3.422541645970376
0.4691358024691357,2831.965329261656,-0.10657160027939068
0.4567901234567901,2833.381152127455,-1.5082421643084567
0.4567901234567901,2819.9470773886474,-2.243685702443131
0.4567901234567901,2834.797057831166,-2.936196942461745
0.4567901234567901,2828.4255137878954,3.413747643518174
0.4567901234567901,2833.3811966895532,-1.5293768042081044
0.4691358024691357,2831.9652100627413,-0.08909690182089076
0.4567901234567901,2831.25699743013,0.6221241991884335
0.4567901234567901,2831.965324540537,-0.10043846515772777
0.4691358024691357,2843.2753926891614,2.7512014399783626
0.4691358024691357,2834.7969905691575,-2.9326695755363867
0.4567901234567901,2843.2755147856656,2.7439729507795905
0.4567901234567901,2845.399329721711,0.6316737180244776
0.4567901234567901,2833.3808987751686,-1.4977506184980924
0.4567901234567901,2834.79712613496,-2.9222718106812793
0.4691358024691357,2830.5492504915915,1.3176531742163788
0.4691358024691358,2829.8414269957543,1.9998710640405486
0.4691358024691357,2833.3812249217635,-1.517705029303339
0.4567901234567901,2829.841215517929,2.026456284350937
0.4691358024691357,2829.841288581287,2.0194833476476686
0.4567901234567901,2843.9833948162004,2.0367359404425462
0.4691358024691358,2842.5674873388793,3.444339123780332
0.4691358024691358,2831.9651610011265,-0.09505306902301494
0.4567901234567901,2842.5675175383653,3.4466474172611057
0.4691358024691358,2845.3993153699207,0.6208355617387731
0.4691358024691358,2834.08900856539,-2.2028696812073068
0.4444444444444444,2819.239059053277,-1.5463288478452468
0.4567901234567901,2848.231352325997,-2.262434285256657
0.4444444444444444,2842.5675377276684,3.431752563521472
0.4444444444444444,2834.796658268392,-2.914199221397746
0.4444444444444444,2834.797012297713,-2.910896649273521
0.4444444444444444,2833.380870755924,-1.512819715889192
0.45679012345679004,2834.0891998476227,-2.2244828682020787
0.4444444444444444,2819.2390763956428,-1.5464809410449065
0.4444444444444444,2831.2572261551486,0.6109707708536806
0.4444444444444445,2842.5672247402504,3.4594674481576235
0.4444444444444444,2834.7971825945397,-2.9535150017360006
0.4444444444444444,2820.65461141945,-2.939504222991731
0.4567901234567901,2845.399287929257,0.6349851996385435
0.4444444444444444,2828.4253678159316,3.4222188799817155
0.4444444444444444,2819.9469221318604,-2.2430104780517888
0.4444444444444444,2834.7970076114834,-2.924295946034128
0.4444444444444444,2834.7970711675753,-2.935838270295035
0.4444444444444444,2848.2312332527868,-2.2482987642688705
0.4444444444444444,2833.3810669803192,-1.496035092214827
0.4444444444444444,2842.567532085268,3.4489584521569308
0.4444444444444444,2843.9834051144157,2.03773202816138
0.4444444444444444,2847.5233011488667,-1.5303345076187012
0.4567901234567901,2848.231217078543,-2.237831385787785
0.4444444444444444,2834.79678875245,-2.923519803269117
0.4444444444444444,2834.797021591539,-2.9074824894418225
0.4444444444444444,2842.5676575678754,3.4292374834013457
0.4444444444444444,2831.964988275892,-0.0919695489941594
0.4444444444444444,2832.6730418861393,-0.8030490706558379
0.4444444444444444,2820.6549615853332,-2.9380236607242716
0.4444444444444444,2833.3811513534015,-1.4993289467493334
0.4444444444444444,2829.841466496398,2.0132799809573974
0.4444444444444444,2817.115211786369,0.5770565698819027
0.4444444444444444,2830.5494310944614,1.3146634542220894
0.4444444444444444,2833.3808234104513,-1.5302926038274813
0.4567901234567901,2845.399098951252,0.6428490703745348
0.4444444444444444,2834.7967521766755,-2.9197508242724712
0.4444444444444444,2834.0887966961745,-2.2044648238193
0.4444444444444444,2832.673222870533,-0.8007535664554714
0.4444444444444444,2831.257263259847,0.6174236441093418
0.4567901234567901,2834.797222229977,-2.9367307729249648
0.4444444444444444,2834.7970394379436,-2.9139031148685217
0.4444444444444444,2846.8154494026226,-0.8226291122438538
0.4444444444444444,2833.3811554132963,-1.5138381066193622
0.4444444444444445,2843.9833707154726,2.031564655659715
0.4444444444444444,2846.8149980212434,-0.835200266239957
0.4444444444444444,2832.673168866595,-0.7992383773052031
0.4444444444444445,2829.8412054889172,2.020099252734818
0.4444444444444445,2843.2752611760634,2.739810426783859
0.4444444444444444,2830.5494274148527,1.3082437503604087
0.4444444444444444,2845.39929679966,0.628644735317326
0.4444444444444444,2833.3810825137793,-1.510280930390031
0.4444444444444444,2829.841038992033,2.0282994445152607
0.4444444444444444,2832.6733270888512,-0.8386758647284197
0.4444444444444444,2833.381285599237,-1.5432008063497376
0.4444444444444444,2844.691330623435,1.3306305622803878
0.4444444444444444,2834.088876305011,-2.2276106547417656
0.4444444444444444,2829.8412180779974,2.0240865706249567
0.4444444444444444,2830.549233812222,1.3105896393307663
0.4444444444444444,2833.381022763467,-1.5073382736869696
0.4444444444444444,2846.1073654578986,-0.12445677290230153
0.4444444444444444,2842.567721925002,3.4022558953510758
0.4444444444444444,2817.1151794732723,0.5694962784620529
0.4444444444444444,2828.425464863868,3.401749915479621
0.4567901234567901,2846.8153351901606,-0.8299119130907551
0.4444444444444444,2848.231351790112,-2.264852454882574
0.4444444444444444,2843.27546775452,2.7399232879949977
0.4444444444444444,2834.7971813428803,-2.938386753938176
0.4444444444444444,2844.6914879868846,1.3247330906300738
0.4567901234567901,2832.6731577770092,-0.8023819155687649
0.4444444444444444,2834.79700136918,-2.92176599842538
0.4444444444444444,2843.9831016951266,2.040200414090995
0.4444444444444444,2831.9651818214356,-0.09306839701536061
0.4567901234567901,2842.5674520164584,3.4515536263430056
0.4444444444444444,2832.673123433849,-0.7994822536988503
0.4444444444444444,2848.230921295948,-2.2520521840962893
0.4444444444444444,2842.567626294642,3.4234452728294995
0.4444444444444444,2817.1150545574324,0.5803358383279246
0.4444444444444444,2832.6729624624163,-0.8021531914897873
0.4444444444444444,2801.557181711143,1.9638197522486505
0.4444444444444444,2848.2309256165645,-2.2543039714863706
0.4444444444444444,2833.3811178670785,-1.5088189551426676
0.4444444444444444,2834.7970616995794,-2.9406724318152584
0.4444444444444444,2834.0891278565623,-2.241260450752991
0.4444444444444444,2833.3809683012237,-1.5073343937504244
0.4567901234567901,2834.0891438166486,-2.2423924605896888
0.4444444444444444,2817.823040280917,-0.11821410507032519
0.4444444444444444,2831.965227157661,-0.09605612176104442
0.4444444444444444,2817.8230176037705,-0.12416654204349838
0.4444444444444444,2820.6549071353456,-2.939277886292922
0.4444444444444444,2843.2755963193817,2.7320337199901616
0.4444444444444444,2843.2754510117697,2.7505874844662137
0.4444444444444444,2834.7971240290744,-2.9235502551064867
0.4444444444444444,2804.3886423081285,-0.8377080011409138
0.4444444444444444,2846.815297857809,-0.8469078942208188
0.4444444444444444,2829.133377062215,2.7329974734769187
0.43209876543209874,2842.5674897611248,3.420048943157516
0.43209876543209874,2834.7969289448333,-2.9250635035381447
0.4444444444444444,2834.089054368923,-2.21373680987228
0.43209876543209874,2834.0891422833297,-2.2311996993976164
0.4320987654320988,2819.2388773026255,-1.5294308614927368
0.4444444444444444,2831.257263259847,0.6174236441093418
0.43209876543209874,2844.6911411098804,1.3446910221047066
0.43209876543209874,2831.2572393241967,0.6075529417813162
0.4320987654320988,2834.7967782655924,-2.904812777914802
0.43209876543209874,2820.6548813924364,-2.9368362447012846
0.4567901234567901,2847.52339190575,-1.557898065034871
0.43209876543209874,2834.79716045523,-2.917920611393568
0.43209876543209874,2845.399456432752,0.6164677510522012
0.43209876543209874,2833.3811399761207,-1.5072228851905691
0.4444444444444444,2829.1333490429347,2.722074078002946
0.43209876543209874,2829.8410812372117,2.032881427088664
0.43209876543209874,2843.983320175983,2.0415662961686327
0.43209876543209874,2817.115211610163,0.5770376139570871
0.4444444444444444,2830.5494274148527,1.3082437503604087
0.43209876543209874,2843.2750976092716,2.752049752716121
0.43209876543209874,2817.1151807967944,0.5714710923113543
0.43209876543209874,2816.4068104066155,1.2958180662691903
0.43209876543209874,2817.823151382586,-0.13628771762178832
0.43209876543209874,2817.822788136,-0.11848899405851084
0.4444444444444444,2830.5492805609806,1.3136324697932669
0.43209876543209874,2843.275176301958,2.7393310555321104
0.43209876543209874,2846.10708195041,-0.13346900721073987
0.43209876543209874,2834.7970642483283,-2.9135771866853273
0.43209876543209874,2846.10736016887,-0.12203024283888772
0.43209876543209874,2834.089259586394,-2.231702892895096
0.4444444444444444,2829.13338418409,2.7389520397613056
0.43209876543209874,2834.0887257537684,-2.1935031429246967
0.43209876543209874,2829.841397841121,2.0047971986680775
0.43209876543209874,2819.2389975334418,-1.529773261118296
0.4444444444444444,2828.425410229225,3.437160874625581
0.4444444444444444,2843.275431636026,2.7446162758699835
0.4320987654320988,2829.1333510672557,2.7231419051064742
0.4320987654320988,2820.654770422785,-2.944532794182787
0.43209876543209874,2833.381297299042,-1.5441636518481394
0.4320987654320988,2829.133343079608,2.726943176397182
0.43209876543209874,2819.2389282341833,-1.5301572916412751
0.4444444444444444,2830.5491284585114,1.3073015612440504
0.43209876543209874,2848.2310010473207,-2.245875217210356
0.43209876543209874,2817.114791023832,0.5922441409119855
0.43209876543209874,2829.133478043995,2.7173858123647676
0.43209876543209874,2829.8414376701444,1.994749918477121
0.4444444444444444,2831.9653376864194,-0.11269697136362797
0.43209876543209874,2834.7970706136616,-2.9308213850302995
0.43209876543209874,2818.5311216604355,-0.8478325461440491
0.43209876543209874,2820.654806750429,-2.9343930553826487
0.43209876543209874,2834.089232915494,-2.241434730191936
0.4444444444444444,2829.1334721528374,2.705834945386434
0.43209876543209874,2828.42534616394,3.416552882820659
0.43209876543209874,2843.275612088985,2.723668589336403
0.43209876543209874,2843.2755833605775,2.721811049387963
0.43209876543209874,2831.9652504016854,-0.12675298910261482
0.4444444444444444,2830.5492724525743,1.3215363057318867
0.4320987654320988,2819.2386491941825,-1.528983082236303
0.4320987654320988,2819.238987469158,-1.5290569478506577
0.4320987654320988,2831.257368812447,0.596413764838505
0.43209876543209874,2828.4253667636585,3.422287474263626
0.4444444444444444,2845.399013281651,0.6217186688459946
0.4320987654320988,2834.7969556155194,-2.9051611464323623
0.43209876543209874,2842.567669121045,3.407131904216741
0.4444444444444444,2842.567495716277,3.4467548692694336
0.4444444444444444,2831.9651427442086,-0.0925668554068105
0.43209876543209874,2834.797004758546,-2.9160793936000484
0.43209876543209874,2801.5571761505257,1.9639645804359134
0.4444444444444444,2829.8414226902437,2.013744847881161
0.43209876543209874,2844.6913580521505,1.3294241751235893
0.43209876543209874,2848.230927949555,-2.254752970708526
0.4444444444444444,2834.089007172177,-2.2036453290960893
0.4444444444444444,2847.5232374707234,-1.5473189092997424
0.43209876543209874,2834.088833298319,-2.2244705309835795
0.4320987654320988,2829.8413308323247,2.0168486610062675
0.43209876543209874,2834.089267961114,-2.255174273868152
0.43209876543209874,2816.407241713449,1.2803770115628657
0.4320987654320988,2819.946885062428,-2.2375727985213114
0.43209876543209874,2833.380848690577,-1.5143254774926624
0.4444444444444444,2848.2311951271627,-2.248054540944495
0.43209876543209874,2842.5675286926976,3.44826692365973
0.43209876543209874,2844.691055597868,1.3343169477786514
0.43209876543209874,2843.275128998839,2.749620510618645
0.4320987654320988,2831.9649028799063,-0.08791047348327355
0.43209876543209874,2843.9833910114703,2.032216617286357
0.43209876543209874,2829.1334312804693,2.712004975141829
0.4320987654320988,2830.549034220707,1.3273419842138054
0.43209876543209874,2843.983139183977,2.0398195024514423
0.43209876543209874,2819.2389772606516,-1.534161960216007
0.4444444444444444,2831.965141676894,-0.092750398975293
0.4320987654320988,2831.257204074612,0.61102546739014
0.43209876543209874,2848.2312394337723,-2.250424828468728
0.41975308641975306,2834.089080745716,-2.204097077630578
0.41975308641975306,2844.691429652748,1.331668922332544
0.41975308641975306,2844.6915128893675,1.3239832848385222
0.41975308641975306,2842.567250508918,3.45277816954431
0.43209876543209874,2834.7970659086627,-2.929491924999634
0.41975308641975306,2846.1073173415725,-0.13586905995639856
0.41975308641975306,2846.815256720371,-0.8141873669891208
0.41975308641975306,2843.2754367083585,2.741188248199212
0.41975308641975306,2830.549117066924,1.302614605429643
0.41975308641975306,2818.5307020550886,-0.8246170227660642
0.4197530864197532,2846.107005097445,-0.11606033093772666
0.41975308641975306,2829.133347625749,2.7256274926925896
0.43209876543209874,2846.8150796000823,-0.8166272711782186
0.43209876543209874,2844.6913538787985,1.3344223837996159
0.41975308641975306,2847.5233797745823,-1.5647847047741832
0.4197530864197531,2819.9465866153823,-2.2269579401794632
0.41975308641975306,2829.841291899005,2.027670244380654
0.41975308641975306,2843.275376441831,2.752585452313067
0.41975308641975306,2830.5492528303243,1.323630483175232
0.4197530864197531,2834.0887757288083,-2.2167621927854566
0.4197530864197531,2848.231325281802,-2.26348484477171
0.41975308641975306,2833.381133874593,-1.5325694099237273
0.41975308641975306,2842.567442032326,3.4536971332944115
0.41975308641975306,2831.2571665764062,0.6133924532050474
0.4320987654320988,2834.7970100752586,-2.9104780106284216
0.41975308641975306,2843.275589636281,2.729146353099223
0.4197530864197531,2831.9652098296383,-0.09681803844746954
0.41975308641975306,2834.797127034751,-2.922161465455643
0.4197530864197531,2830.548983639418,1.3188521299037133
0.41975308641975306,2846.8150073013753,-0.8185396773806974
0.43209876543209874,2834.7970584486716,-2.9389578787119746
0.41975308641975306,2834.7970163720433,-2.9244475604774767
0.41975308641975306,2831.9650663036023,-0.10884074440901204
0.41975308641975306,2817.8227501181436,-0.11445600384588081
0.41975308641975306,2830.5492254857236,1.3246738140873573
0.41975308641975306,2834.0892003053364,-2.22197290682016
0.41975308641975306,2829.841034585341,2.027173325871441
0.4197530864197531,2832.673147020493,-0.7968987570802316
0.4197530864197531,2832.6731773859906,-0.7995963369860025
0.41975308641975306,2817.11505363131,0.5849555352507977
0.41975308641975306,2830.5492732854073,1.3184446183229246
0.4320987654320988,2831.9652222395343,-0.0874292772056179
0.41975308641975306,2834.0890344791123,-2.20256972929565
0.41975308641975306,2819.947074722121,-2.2436882304004246
0.41975308641975306,2829.8413692079525,2.027651917056797
0.41975308641975306,2830.5492870834682,1.3201740164388374
0.43209876543209874,2834.7970556186383,-2.905545435742622
0.41975308641975306,2830.549131626806,1.3019487332074482
0.41975308641975306,2844.691147165949,1.327524123346132
0.41975308641975306,2842.5675482532133,3.4536827713582356
0.41975308641975306,2848.2309501344034,-2.2425410924662925
0.41975308641975306,2846.107049153462,-0.11498114896250194
0.4320987654320988,2831.25738639454,0.6033908290454492
0.4197530864197531,2830.549308296219,1.3254976282381565
0.41975308641975306,2833.3808563033162,-1.4950421700659755
0.4197530864197531,2830.549423618157,1.3086490521110252
0.41975308641975306,2834.797056036466,-2.9105085047187953
0.41975308641975306,2846.815015723605,-0.8316183700543761
0.43209876543209874,2828.4252237226683,3.4158069355333804
0.41975308641975306,2828.4255425764054,3.410216547790208
0.4197530864197531,2832.6729085478614,-0.8008262481106802
0.4197530864197532,2828.4253967866744,3.4158155472145952
0.41975308641975306,2843.275464497479,2.7391634845002666
0.43209876543209874,2834.7970842026316,-2.9265575210924863
0.41975308641975306,2834.089269567994,-2.246982476711228
0.4197530864197531,2831.2571570003083,0.6076161981357412
0.41975308641975306,2828.4253987066436,3.4303529461991022
0.41975308641975306,2830.549255560233,1.3174775851168723
0.41975308641975306,2834.797088933258,-2.921662833037674
0.41975308641975306,2829.1330336432375,2.7160390803996464
0.43209876543209874,2834.796965847001,-2.9006499145025293
0.43209876543209874,2834.089259586394,-2.231702892895096
0.41975308641975306,2832.673164217374,-0.7998644373816911
0.43209876543209874,2834.796836240446,-2.919241077019362
0.41975308641975306,2828.4253511428155,3.4249414617166893
0.41975308641975306,2818.530959668088,-0.8285641125986004
0.41975308641975306,2831.9651975053766,-0.09339786763417068
0.41975308641975306,2830.549402219161,1.3038605393785436
0.41975308641975306,2843.2752206066757,2.7453634970202625
0.41975308641975306,2832.6732376788736,-0.7984537328378887
0.4197530864197531,2843.9831585895968,2.036670383675111
0.41975308641975306,2831.965214985119,-0.08255351680401651
0.41975308641975306,2833.3808239229515,-1.506778199962905
0.41975308641975306,2828.4253541882154,3.427897428863128
0.41975308641975306,2833.3810889104625,-1.5186561342518192
0.41975308641975306,2842.567231855773,3.4503335847471925
0.41975308641975306,2842.5675314757254,3.4422093882223628
0.4197530864197531,2834.796985843962,-2.9085388751003105
0.41975308641975306,2829.8412762270254,2.026601365923791
0.40740740740740744,2834.0888005019897,-2.193833711708479
0.41975308641975306,2831.965343157826,-0.09833287399471152
0.40740740740740744,2844.6913499133293,1.3339014337317059
0.40740740740740744,2834.089082477674,-2.2062494863151056
0.40740740740740744,2834.0890985101614,-2.2058665674380067
0.40740740740740744,2834.0892679480226,-2.246942782961816
0.40740740740740744,2846.1070904926646,-0.10853825131890452
0.40740740740740744,2834.796993210776,-2.9156000600019105
0.40740740740740744,2843.2756364812935,2.7015244342301394
0.40740740740740744,2818.53110056027,-0.8445624888830153
0.40740740740740744,2834.0891151776536,-2.241481038977207
0.40740740740740744,2829.133339277656,2.7206640126189217
0.40740740740740744,2833.3811002777184,-1.5085760757088964
0.4197530864197532,2832.673193262057,-0.8191379175570503
0.4197530864197531,2830.5493917330778,1.2942729078757376
0.41975308641975306,2843.27521309817,2.7475647493103423
0.40740740740740744,2833.3811297345783,-1.5066275650427792
0.40740740740740744,2843.2754349927277,2.7388168161818505
0.40740740740740744,2831.256957507511,0.613609092155797
0.40740740740740744,2834.0888259372605,-2.2032572753669406
0.40740740740740744,2829.1334801549438,2.713497050501214
0.41975308641975306,2842.5675271755335,3.444514429317771
0.40740740740740744,2819.9470923504355,-2.241381097150679
0.40740740740740744,2820.6549045133133,-2.934869978555753
0.41975308641975306,2845.3994612002234,0.6005238644187594
0.40740740740740744,2831.257108460342,0.5962482881770618
0.40740740740740744,2831.9650738371165,-0.1084456504029597
0.40740740740740744,2842.56748352232,3.45740984173884
0.4074074074074075,2834.796705884271,-2.912492286897584
0.40740740740740744,2820.654878336511,-2.935930946386179
0.40740740740740744,2802.2651405412826,1.2588267968586626
0.40740740740740744,2843.2754296527746,2.735000508677521
0.40740740740740744,2833.381127373096,-1.5204119577919504
0.40740740740740744,2831.9653353862013,-0.1043864545600037
0.40740740740740744,2802.264744776541,1.2770047915306497
0.40740740740740744,2831.965216702066,-0.11994319519511154
0.40740740740740744,2800.848822939631,2.6870772527241717
0.40740740740740744,2818.5309987626406,-0.8231318288626422
0.40740740740740744,2834.7966623386515,-2.917653210535282
0.40740740740740744,2842.5674879313206,3.4281118807027373
0.40740740740740744,2844.6913300181263,1.3422177037051715
0.41975308641975306,2834.797008986697,-2.935032346956042
0.41975308641975306,2832.6728248319405,-0.8003253277740462
0.41975308641975306,2833.381125503261,-1.5313461714214334
0.40740740740740744,2830.5489907168535,1.3231698618794108
0.4074074074074075,2833.381197350451,-1.521961002711604
0.40740740740740744,2801.557179622828,1.9638630274554236
0.40740740740740744,2833.3810624822117,-1.4951303498640047
0.40740740740740744,2802.2651405412826,1.2588267968586626
0.40740740740740744,2846.107349947267,-0.11779469670004758
0.40740740740740744,2846.8153073821622,-0.8395215067192534
0.4197530864197531,2846.107475924748,-0.15255493840742412
0.4074074074074075,2834.7970529626796,-2.9228641750835886
0.41975308641975306,2829.8413097599732,2.0297045905758138
0.4197530864197531,2831.2571981099813,0.6145285180265445
0.41975308641975306,2831.2572315968837,0.6196321293822915
0.40740740740740744,2843.275108676536,2.739085144711086
0.40740740740740744,2829.841308191878,2.0244557269526706
0.40740740740740744,2818.5307018788826,-0.8246359786908798
0.40740740740740744,2831.965223219674,-0.09142856929527093
0.40740740740740744,2846.815305342571,-0.8491228466462445
0.4074074074074075,2833.3811387261208,-1.5341355348122734
0.40740740740740744,2843.983147886964,2.044881645192853
0.4074074074074075,2832.673344109703,-0.814688474764302
0.40740740740740744,2847.5230136652135,-1.5388703124377539
0.41975308641975306,2843.2752031891846,2.7525055723783223
0.40740740740740744,2819.946640272815,-2.2291271821041696
0.40740740740740744,2844.6914781289483,1.331391633853397
0.40740740740740744,2831.9653283752523,-0.10336128731803366
0.40740740740740744,2819.946676403564,-2.23209350735924
0.40740740740740744,2801.5572039770323,1.9655531974741427
0.41975308641975306,2834.08924765674,-2.24709220279454
0.41975308641975306,2843.983458859922,2.038230864236972
0.40740740740740744,2843.9834070716965,2.0489495888310807
0.41975308641975306,2834.796984148597,-2.916708942102642
0.40740740740740744,2831.257231941449,0.6136798735860118
0.40740740740740744,2846.815055580821,-0.809500626669325
0.40740740740740744,2834.088852704305,-2.201153954783757
0.40740740740740744,2832.672909923383,-0.7853725300902388
0.40740740740740744,2819.238707421142,-1.5213458619573426
0.40740740740740744,2846.8153076666335,-0.848929102105123
0.4197530864197531,2842.5674946403965,3.461994611084822
0.40740740740740744,2843.275238827206,2.739224825735417
0.40740740740740744,2845.3992989251187,0.6255364085690952
0.40740740740740744,2842.567425020666,3.461894527119855
0.40740740740740744,2833.3810869822396,-1.4872136255400628
0.40740740740740744,2834.089125190896,-2.2412706655001946
0.41975308641975306,2834.089247471709,-2.25300601660526
0.40740740740740744,2833.3811392519215,-1.5300582075924174
0.40740740740740744,2842.5672703528166,3.438227571348491
0.40740740740740744,2831.9652710002347,-0.10046634835564432
0.40740740740740744,2833.3809815579657,-1.5382856376431187
0.40740740740740744,2820.654859781517,-2.944839516734716
0.41975308641975306,2843.275471150247,2.7351788671293
0.40740740740740744,2845.3993628394855,0.633499198526955
0.40740740740740744,2844.6913617933146,1.3368577271471267
0.40740740740740744,2828.4253714264687,3.4301580002285976
0.4197530864197531,2834.0889489687966,-2.2102302964459986
0.3950617283950617,2842.567523495533,3.422554502537803
0.3950617283950617,2830.5493221093657,1.3103208244222337
0.3950617283950617,2829.1333056977223,2.7096719729548315
0.3950617283950617,2832.6732151282054,-0.8294713459925591
0.3950617283950618,2842.5676020825967,3.428851539276751
0.3950617283950617,2834.0887583346885,-2.215599486994895
0.3950617283950617,2832.6731098421556,-0.7967481447933636
0.3950617283950617,2819.947057786868,-2.250123704613903
0.3950617283950617,2818.531134185586,-0.8385284151435004
0.40740740740740733,2830.549259344392,1.3229619754690929
0.3950617283950617,2817.8231502142057,-0.13630912127615585
0.40740740740740733,2843.9834288975017,2.037993913812739
0.3950617283950618,2832.6729181742962,-0.7993356280796736
0.4074074074074075,2843.275461388112,2.740245582398812
0.3950617283950617,2829.8412943820367,2.0223447404373753
0.40740740740740744,2830.5492872767104,1.3186455942956636
0.3950617283950617,2834.0889990849582,-2.221486576009089
0.40740740740740733,2830.549269377033,1.3247891464384565
0.3950617283950617,2848.2311744775543,-2.23580787788583
0.3950617283950617,2831.9652697936262,-0.11057902464792023
0.3950617283950617,2831.965212815324,-0.09102298671860758
0.3950617283950617,2832.6731557451267,-0.7933546419709971
0.3950617283950617,2834.08910045031,-2.218354382923234
0.3950617283950617,2848.231352081771,-2.261970483879053
0.3950617283950617,2818.5307309947552,-0.8200671400597851
0.3950617283950617,2845.399478029014,0.6176864442635097
0.3950617283950617,2833.381239284661,-1.5173323339438134
0.3950617283950618,2843.275447997479,2.730032028368089
0.3950617283950617,2843.2751955127137,2.737394031617264
0.3950617283950617,2845.3993385273484,0.6296651054686068
0.3950617283950617,2834.7971532831166,-2.9371665572389363
0.3950617283950617,2830.5492692392404,1.308162141729427
0.3950617283950617,2845.3990168753676,0.6299596459795874
0.3950617283950617,2831.9651705714764,-0.09311734613311544
0.3950617283950618,2834.089101138524,-2.2197901483062075
0.40740740740740744,2819.946618696624,-2.2356655748959198
0.3950617283950617,2834.797206271535,-2.9565496796311237
0.3950617283950617,2833.381155326363,-1.5336404376825967
0.3950617283950617,2814.990885777269,2.7024278479324817
0.3950617283950617,2833.3810592653276,-1.5011884326074574
0.3950617283950617,2829.1330861018346,2.734329764499981
0.3950617283950618,2848.2312427696365,-2.2454390988826507
0.40740740740740733,2829.13336710033,2.734883343177239
0.3950617283950617,2843.2755607005674,2.734620284420997
0.3950617283950617,2834.7972110019955,-2.959079573762231
0.3950617283950617,2834.7970844513006,-2.946265519581423
0.3950617283950617,2833.3811509847096,-1.5307416264677567
0.3950617283950617,2842.5675549303924,3.455870896410193
0.3950617283950617,2834.7970338723285,-2.9049596523863523
0.3950617283950617,2834.7967613146166,-2.9103888787426913
0.3950617283950617,2829.8413404322932,2.0276314650314187
0.3950617283950617,2820.6546183586283,-2.93172390865879
0.3950617283950617,2814.990915498718,2.709871732324414
0.40740740740740744,2819.9466492969777,-2.2284473944218917
0.3950617283950617,2833.3812924839144,-1.5260637855874415
0.3950617283950617,2828.425397010604,3.4322647295952953
0.3950617283950617,2831.964992372989,-0.08221820899326253
0.40740740740740733,2834.7968189379294,-2.9072950078763986
0.40740740740740744,2831.964937465313,-0.09547265833186808
0.3950617283950617,2820.654610210779,-2.9406430022279375
0.3950617283950617,2843.275377460401,2.742043883934976
0.3950617283950617,2817.1149424821365,0.5809989386852393
0.3950617283950617,2833.3811825866264,-1.5272522594412048
0.3950617283950617,2818.53077522513,-0.8138369222801232
0.3950617283950617,2834.0891569507075,-2.20848767497025
0.40740740740740733,2846.8153086261996,-0.8197387121962524
0.3950617283950617,2830.549309267244,1.3188095047080337
0.3950617283950618,2833.381144879046,-1.5344570609952215
0.3950617283950618,2843.9834114891437,2.0381907563757284
0.3950617283950617,2832.673151954372,-0.7958389247003471
0.40740740740740744,2832.6732569194633,-0.8135605244966009
0.40740740740740733,2842.5675027882153,3.4460426906382127
0.3950617283950617,2830.549048216953,1.3147973305488272
0.3950617283950617,2846.8153312657896,-0.8324481092013839
0.3950617283950617,2846.8154393905766,-0.8524508822870916
0.3950617283950617,2832.673038234243,-0.8156466842665673
0.3950617283950617,2843.275572266947,2.728344840937148
0.40740740740740744,2846.8150447414155,-0.8453767376136498
0.3950617283950618,2843.2756135410114,2.7221899032363694
0.3950617283950617,2834.089140060035,-2.2205016373226854
0.3950617283950617,2832.673054302286,-0.7956339502314883
0.3950617283950617,2843.2756414245423,2.7276140179213533
0.3950617283950617,2842.567599782112,3.439656515017758
0.3950617283950617,2842.5675540667376,3.438804817998588
0.3950617283950617,2834.089103641995,-2.228629197222557
0.3950617283950617,2833.381164760862,-1.5120362261681293
0.3950617283950618,2843.275439944998,2.7336108335704123
0.3950617283950617,2802.9731007477794,0.5538083138224545
0.3950617283950617,2842.5674730653,3.4402909854715316
0.3950617283950617,2801.557032904759,1.978335913991609
0.3950617283950617,2843.275425812807,2.748043299547356
0.40740740740740733,2831.9651790487296,-0.0873183483458662
0.3950617283950618,2843.9833845336334,2.0393096068730907
0.3950617283950617,2831.2571936238646,0.6055425842209946
0.3950617283950617,2832.6729148209783,-0.796823883249802
0.3950617283950617,2842.567299544571,3.441484490445301
0.3950617283950617,2831.2573750587712,0.6002877496303752
0.3950617283950617,2819.239096241919,-1.5435946426077802
0.3950617283950617,2842.567547704486,3.4353446114110175
0.3950617283950617,2842.567455808261,3.4652614836917444
0.40740740740740733,2830.549255217646,1.3247908552723628
0.3950617283950618,2829.133125963562,2.7310164745759473
0.40740740740740744,2831.256960222821,0.6179768701087376
0.3950617283950617,2831.2569581733533,0.6212188789388837
0.3950617283950617,2819.9466696392187,-2.225716014302553
0.3950617283950617,2832.673150313279,-0.7957129982619421
0.3950617283950617,2833.3812499811684,-1.5423227860712154
0.3950617283950617,2831.9649472869514,-0.08221276775840074
0.3950617283950617,2832.673172551572,-0.7912060966438581
0.3950617283950617,2834.797057504677,-2.9080298410171683
0.3950617283950617,2829.1333701570366,2.732260003757147
0.3950617283950617,2814.9913283261794,2.6920894379726956
0.3950617283950617,2845.3992856672703,0.6112710983801163
0.3950617283950617,2843.275140071847,2.745160820988266
0.3950617283950617,2843.275140071847,2.745160820988266
0.3950617283950617,2847.5233586163977,-1.5569210899835177
0.40740740740740733,2834.79700010812,-2.931651871015822
0.3950617283950617,2847.5229745877996,-1.5386180882684208
0.3950617283950617,2830.5493861098716,1.3049787145298437
0.3950617283950618,2834.7968442233714,-2.9211598064227604
0.3950617283950617,2834.0889570735794,-2.2098421418346024
0.40740740740740733,2833.3811216560625,-1.5178592412196787
0.3950617283950617,2829.841283589729,2.0212689362226963
0.40740740740740733,2848.2309141965975,-2.2399107295442957
0.3950617283950617,2833.3808674962734,-1.5057805472656791
0.3950617283950617,2845.3993064186325,0.629510981650192
0.3950617283950618,2834.7969953061333,-2.9216705930844222
0.3950617283950617,2834.7969921444637,-2.909957824186371
0.3950617283950618,2834.7967611359877,-2.9295717559043846
0.38271604938271603,2833.381129268423,-1.505301971034096
0.38271604938271603,2816.4069633747777,1.2775971748375796
0.38271604938271603,2817.115192892641,0.5685427517377647
0.38271604938271603,2833.3810659397163,-1.5197693403033232
0.39506172839506165,2843.2754565902346,2.735691339667551
0.38271604938271603,2818.530729685244,-0.8246772888988417
0.38271604938271603,2820.6549020963353,-2.9370985689064564
0.3827160493827161,2845.399216655941,0.6220375794616155
0.38271604938271603,2834.089122307269,-2.2197694601826914
0.38271604938271603,2818.5310357108283,-0.8199927344006916
0.38271604938271603,2818.53095913947,-0.8286209803732746
0.38271604938271603,2814.9912905462393,2.6833210484946317
0.38271604938271603,2846.815407365767,-0.8436137326934194
0.3827160493827161,2834.797007787146,-2.9161804880924915
0.38271604938271603,2842.5674636522867,3.42972059853283
0.38271604938271603,2834.0889421240086,-2.2433597800897385
0.38271604938271603,2843.275523067239,2.7321625176047863
0.38271604938271603,2831.256914484662,0.6045264794673334
0.38271604938271603,2831.2569567238256,0.607753711082517
0.39506172839506165,2834.7970186698676,-2.928106556386129
0.3950617283950617,2833.381136973841,-1.5105309659648873
0.3827160493827161,2846.1072891764798,-0.11750912196764968
0.38271604938271603,2828.425423844962,3.4263933967524633
0.38271604938271603,2830.5490065552067,1.3232160145967324
0.3950617283950618,2833.3808446849507,-1.5109326105880463
0.38271604938271603,2843.9834046070455,2.0312820464868846
0.38271604938271603,2831.9649223944507,-0.08052240510979426
0.38271604938271603,2819.9470689103714,-2.2438485621545605
0.38271604938271603,2843.9833928845605,2.0347603283684683
0.38271604938271603,2829.1333716879712,2.7387183521277993
0.38271604938271603,2828.4254960541493,3.4058220191158415
0.38271604938271603,2833.3811414642096,-1.5122718466563345
0.38271604938271603,2842.5675253571253,3.420445821662688
0.38271604938271603,2828.425392641812,3.427602466481198
0.38271604938271603,2829.1334609413084,2.700846748607839
0.38271604938271603,2848.231359627698,-2.2633634890494427
0.38271604938271603,2819.2390789986985,-1.5507048751882582
0.38271604938271603,2834.797078784386,-2.9475811520673303
0.38271604938271603,2829.8413980564887,2.008350502465456
0.38271604938271603,2819.238985753882,-1.530267710557062
0.38271604938271603,2834.0892642202552,-2.255180202912159
0.38271604938271603,2829.8414741703004,2.0059380561377176
0.39506172839506165,2843.9831877332645,2.03900768784434
0.38271604938271603,2830.549076583957,1.3144689559492366
0.39506172839506165,2845.3990293142565,0.6195164208232382
0.38271604938271603,2829.84131481739,2.01613593003689
0.38271604938271603,2819.2390733565016,-1.5485333293112677
0.38271604938271603,2831.2573609619994,0.5984421368952126
0.38271604938271603,2829.841015488333,2.017376414504769
0.39506172839506165,2842.5675220593166,3.425060092869224
0.3827160493827161,2834.7972070168175,-2.957477736015115
0.38271604938271603,2834.7971829007456,-2.9248403477201697
0.38271604938271603,2829.841328412716,2.0317924358417176
0.38271604938271603,2834.7972063313655,-2.939336912848064
0.38271604938271603,2843.983387971133,2.0377608323541554
0.38271604938271603,2818.5308543913175,-0.8317249302145356
0.39506172839506165,2834.796817340331,-2.9113982121855715
0.38271604938271603,2828.4253985797795,3.4329722654176646
0.38271604938271603,2819.946980428053,-2.2320694886846644
0.38271604938271603,2820.654864087438,-2.9450768164218193
0.3950617283950618,2833.381094647127,-1.510884273531823
0.38271604938271603,2834.0889228476303,-2.202931714857512
0.38271604938271603,2834.088876847756,-2.226244361289604
0.3827160493827161,2844.691340232871,1.3291151540638486
0.38271604938271603,2833.38115822912,-1.4992065941837889
0.3827160493827161,2831.965273250326,-0.09224703592680475
0.38271604938271603,2819.9469581499357,-2.230745583087687
0.38271604938271603,2828.4251324453953,3.4372620648461987
0.38271604938271603,2819.9469672992614,-2.2274327438127766
0.38271604938271603,2834.0887549981485,-2.2058948355542647
0.38271604938271603,2843.275488625269,2.7493784704269193
0.38271604938271603,2828.4250886738077,3.4284404939456383
0.38271604938271603,2830.549302068077,1.322225611987528
0.38271604938271603,2834.08922047494,-2.244745520811355
0.38271604938271603,2842.567560676186,3.4501261129868155
0.38271604938271603,2834.7970757995877,-2.927754495998676
0.38271604938271603,2829.841071094001,2.0322350409902836
0.38271604938271603,2831.2572477496437,0.6174691784424564
0.38271604938271603,2830.549432356641,1.3110386589118235
0.3827160493827161,2831.9650992410643,-0.0970804152358606
0.3950617283950617,2831.256950909056,0.623754138844135
0.3950617283950617,2832.672886908844,-0.807020921536986
0.38271604938271603,2831.2569479069857,0.6163420746468316
0.38271604938271603,2820.654636557835,-2.9309220119961727
0.38271604938271603,2834.0889149293675,-2.2191517312621505
0.3950617283950617,2834.0889500578983,-2.2037351116126396
0.38271604938271603,2834.088819774744,-2.227254485504025
0.38271604938271603,2831.257249792742,0.615022067186396
0.38271604938271603,2831.9652024360485,-0.0848787595668531
0.3827160493827161,2843.2755983420407,2.736374016224257
0.38271604938271603,2845.3990847739124,0.6325158305465427
0.3950617283950618,2843.2752205029724,2.7515373629417352
0.38271604938271603,2834.7970451354836,-2.9147848065550295
0.38271604938271603,2834.7970068848554,-2.9066285417641575
0.38271604938271603,2843.275411075494,2.748997983565054
0.3950617283950618,2843.275193494668,2.7344373956958905
0.3827160493827161,2843.275423676676,2.7466567392931913
0.38271604938271603,2843.983262579328,2.0347365057362805
0.38271604938271603,2834.08906739537,-2.2286731023393775
0.38271604938271603,2819.2389353995372,-1.5330720747990731
0.3827160493827161,2848.2309310459354,-2.2429248440384044
0.39506172839506165,2843.275211384929,2.722361461556762
0.3827160493827161,2834.7969859330788,-2.91299548311653
0.3950617283950618,2846.814991140695,-0.8219261023708536
0.38271604938271603,2829.1333068686013,2.7319454864980717
0.38271604938271603,2802.265139108201,1.2588642127955558
0.38271604938271603,2834.7969690614123,-2.9079498099848946
0.38271604938271603,2829.1333176236185,2.7227239575388364
0.38271604938271603,2833.381223977986,-1.5218561501222947
0.38271604938271603,2829.841435409714,2.007479196592862
0.3827160493827161,2845.399203149373,0.6171363934662205
0.38271604938271603,2845.399315040657,0.6352513613483295
0.38271604938271603,2830.549237632137,1.3084704128035105
0.38271604938271603,2829.133349565405,2.726996512202981
0.38271604938271603,2843.983383921966,2.0482787568798018
0.38271604938271603,2834.7971929513305,-2.9409691279855976
0.38271604938271603,2832.6731243865966,-0.8073172727710495
0.3827160493827161,2832.6733351543858,-0.8147011323276349
0.38271604938271603,2843.983544697814,2.0333277104090834
0.38271604938271603,2842.567541330818,3.4477170076908585
0.38271604938271603,2834.089079500735,-2.205951247858069
0.38271604938271603,2847.522975082886,-1.5343887316108313
0.38271604938271603,2834.0892392655596,-2.236712139431278
0.38271604938271603,2832.673180813727,-0.8014531642563372
0.38271604938271603,2829.1334839956676,2.7131880797283197
0.38271604938271603,2834.7967294274995,-2.9074071421607535
0.38271604938271603,2843.2751447657897,2.7540274932690227
0.38271604938271603,2831.965203276466,-0.10125040841345069
0.38271604938271603,2842.567415352785,3.435583793151114
0.38271604938271603,2829.841406811514,1.9929325777599987
0.38271604938271603,2819.2389818903516,-1.5249808080565326
0.38271604938271603,2843.2754972498074,2.7430017026707234
0.3950617283950617,2842.567417221265,3.4502282351910605
0.38271604938271603,2831.9651905261385,-0.09271196308689049
0.38271604938271603,2833.38108748703,-1.5087770244911274
0.38271604938271603,2846.107447368889,-0.14704286709710768
0.38271604938271603,2830.5494040099798,1.3037448207228632
0.37037037037037035,2829.8410896541145,2.0270699220505946
0.37037037037037035,2834.796979449361,-2.9091750446743525
0.37037037037037035,2846.8150163819005,-0.8382193833942246
0.37037037037037035,2819.2389360342668,-1.538816027388806
0.37037037037037035,2829.1334455596907,2.6979584844439404
0.37037037037037035,2818.5311145533456,-0.8415486653808003
0.37037037037037035,2846.1070491815676,-0.12787329911011358
0.3827160493827161,2844.6915114561975,1.3080154336544745
0.38271604938271603,2830.5491418414454,1.3103219920650673
0.37037037037037035,2830.549415283003,1.3055888131738973
0.37037037037037035,2843.9831351983644,2.0360623422983104
0.3703703703703704,2829.8414393423614,2.0106210942060105
0.37037037037037035,2817.114777181635,0.5898295103237942
0.3827160493827161,2819.9469265751245,-2.232338004326642
0.37037037037037035,2818.530977464989,-0.8293165081898352
0.3703703703703704,2830.5491387363913,1.311063920596519
0.37037037037037035,2820.6547256278423,-2.9542482227758318
0.37037037037037035,2834.7970014669336,-2.923759696476216
0.3703703703703704,2843.2755821566993,2.7222487090142367
0.37037037037037035,2831.96520268965,-0.0906752155449634
0.3703703703703704,2843.2754793236313,2.7378069664842917
0.3703703703703704,2842.567634648609,3.414473465309018
0.37037037037037035,2829.133294703745,2.724695460223574
0.3827160493827161,2845.399457699446,0.6069345126943928
0.37037037037037035,2845.3994594638993,0.6236111208957517
0.37037037037037035,2846.1074642042254,-0.13304497125772327
0.37037037037037035,2828.4253991930022,3.429127042571706
0.37037037037037035,2843.27517588012,2.7388844654576214
0.3703703703703704,2834.089095299309,-2.226893844216874
0.37037037037037035,2833.3808626861482,-1.531058318511077
0.37037037037037035,2820.654916801008,-2.9425689365509955
0.3703703703703704,2842.567451234411,3.448357908664375
0.37037037037037035,2829.8410286583844,2.0305179933937394
0.382716049382716,2833.3810537820073,-1.4996464282758963
0.3703703703703704,2843.275435488725,2.7266200282791186
0.3703703703703704,2834.7970023075695,-2.9150289283258073
0.37037037037037035,2833.381010041982,-1.5412751009536703
0.37037037037037035,2834.797207341817,-2.9571277198623998
0.37037037037037035,2833.3812799385373,-1.5468999599327191
0.37037037037037035,2843.983404670153,2.0338136568684786
0.37037037037037035,2834.797036661571,-2.910070915845472
0.37037037037037035,2816.406829224346,1.297185591884214
0.3703703703703704,2818.5310404471193,-0.8148470307434671
0.37037037037037035,2833.381124431005,-1.5049764916781692
0.37037037037037035,2833.3809017023354,-1.5080874710851628
0.37037037037037035,2817.8227510612564,-0.11288686930953558
0.3703703703703704,2820.6549828023844,-2.9486756610342035
0.3703703703703704,2832.6729243534046,-0.7986510474114163
0.3703703703703704,2828.4254991798093,3.411080800303304
0.3703703703703704,2819.9470869627694,-2.241360376193088
0.3703703703703704,2834.088833957838,-2.2062923559699907
0.37037037037037035,2830.54928085274,1.3193972456485588
0.3703703703703704,2819.9470869627694,-2.241360376193088
0.3703703703703704,2834.796988370658,-2.8950707634408253
0.3703703703703704,2828.4253690456194,3.4275968938902195
0.3703703703703704,2834.0891084773675,-2.2052274746776477
0.37037037037037035,2833.3808619980596,-1.499534266512162
0.37037037037037035,2831.965226399046,-0.0925271947000993
0.3703703703703704,2834.089116028225,-2.2174732807234245
0.38271604938271603,2834.7970106780504,-2.906517305597406
0.37037037037037035,2846.8154218295826,-0.8430261185505252
0.37037037037037035,2820.655038272085,-2.949170173940982
0.37037037037037035,2831.9649028622216,-0.08233133221842057
0.37037037037037035,2846.1073050004766,-0.13546504741975052
0.3703703703703704,2847.5232441869757,-1.543196843430835
0.37037037037037035,2830.5492921594964,1.3287759975601674
0.37037037037037035,2833.3808887441514,-1.501466168997925
0.37037037037037035,2819.2389539470355,-1.5275486521308521
0.3703703703703704,2834.79701745245,-2.9265622421674866
0.37037037037037035,2829.133277534335,2.708229879743347
0.37037037037037035,2829.1333687673527,2.7321021586235177
0.37037037037037035,2834.0890726083408,-2.208063737072896
0.37037037037037035,2820.6548756523603,-2.936124006842478
0.3703703703703704,2830.549120131161,1.2986568165546593
0.37037037037037035,2833.381006124236,-1.4932328854985153
0.3703703703703704,2818.5311633120386,-0.8395237237486434
0.3703703703703704,2833.381179908097,-1.5354812886201619
0.37037037037037035,2832.6731992461264,-0.8311683589642221
0.37037037037037035,2842.5675078001186,3.4473153062469457
0.37037037037037035,2792.3703727098277,-2.9715478979159613
0.37037037037037035,2801.5571774585705,1.9639222184695941
0.37037037037037035,2829.8412915568474,2.0215187829600993
0.37037037037037035,2829.841006522632,2.024663539795226
0.3703703703703704,2842.5675100899643,3.423431712913012
0.37037037037037035,2845.399260549955,0.6264638889677352
0.37037037037037035,2802.2651383770253,1.2588859878728331
0.3703703703703704,2834.0890776102274,-2.2251692840908106
0.37037037037037035,2842.567490396511,3.445609656461485
0.38271604938271603,2833.381165767728,-1.5120049545583119
0.3703703703703704,2831.9651561629266,-0.09172763911263869
0.3703703703703704,2842.567281541611,3.426708029236749
0.37037037037037035,2846.8154306539277,-0.8576821635810689
0.37037037037037035,2842.567463757934,3.4535429880250135
0.38271604938271603,2819.2389796567977,-1.5299574791582908
0.3827160493827161,2834.089186755818,-2.219475816902086
0.37037037037037035,2820.6548455828965,-2.9407553301388085
0.3703703703703704,2842.5675354216733,3.4222373133347075
0.37037037037037035,2847.523245794026,-1.5450629604747117
0.3703703703703704,2831.9651661747257,-0.09153838820774295
0.37037037037037035,2842.567443726338,3.455671926453867
0.37037037037037035,2831.964946541367,-0.11663063010675544
0.3703703703703704,2829.133446546233,2.707714354014976
0.3703703703703704,2831.9649169637446,-0.08795148528887407
0.3703703703703704,2829.8412008370465,2.020162386869254
0.37037037037037035,2831.965080683718,-0.09756139037315949
0.3703703703703704,2846.1072899105448,-0.11286147981011324
0.3703703703703704,2845.3992159966147,0.6231076659853987
0.3703703703703704,2845.399262449649,0.6268559307212785
0.3703703703703704,2842.5675283299033,3.4283898258296674
0.37037037037037035,2834.0891193445746,-2.2200841848073223
0.37037037037037035,2831.2572432076136,0.615772556306601
0.3703703703703704,2843.275369979172,2.7447229607983603
0.37037037037037035,2834.088809260464,-2.2002335133927615
0.3703703703703704,2820.6550576327472,-2.943764155008639
0.3703703703703704,2843.2755943074567,2.741672276265041
0.37037037037037035,2834.796819323272,-2.918526093296353
0.3703703703703704,2831.257231163815,0.6132361251609046
0.37037037037037035,2832.673165765556,-0.8080960609449931
0.37037037037037035,2845.3990619864226,0.6183580368929632
0.37037037037037035,2834.797231524025,-2.9521355503977142
0.37037037037037035,2834.0892444180354,-2.2343003091530163
0.3703703703703704,2820.654794669114,-2.9318870597771274
0.3703703703703704,2820.6548437605306,-2.932170942582561
0.3703703703703704,2843.983453415853,2.007236363517246
0.37037037037037035,2819.94696205786,-2.2348154398164555
0.3703703703703704,2820.655036323787,-2.9486580241159026
0.37037037037037035,2829.8414625022515,2.008361249525221
0.37037037037037035,2843.2754765793306,2.7394607346509003
0.35802469135802467,2834.7970403310273,-2.9093122731724015
0.3580246913580247,2819.2389782439645,-1.525178685671789
0.3580246913580247,2828.425512866475,3.413409650302026
0.35802469135802467,2820.6550017610093,-2.9539640923295423
0.3580246913580247,2833.3811193588494,-1.5020829589340419
0.3703703703703704,2843.2754703560418,2.7446746395401114
0.3703703703703704,2820.6550154812026,-2.9493293082998115
0.35802469135802467,2834.0891182345263,-2.23790843187563
0.3580246913580247,2843.2751094893924,2.748513858093442
0.35802469135802467,2834.7970265345984,-2.9454079554515626
0.3580246913580247,2843.2755382531172,2.711174936246092
0.35802469135802467,2844.6913609165135,1.3378839350466465
0.35802469135802467,2832.6732045572917,-0.8012371775163087
0.35802469135802467,2834.797016044421,-2.9092414193357317
0.3703703703703704,2842.5675545977865,3.449023208400588
0.35802469135802467,2817.823022050811,-0.1186304921616866
0.35802469135802467,2843.983132672175,2.058287275423468
0.35802469135802467,2830.549426991042,1.3108133766413141
0.35802469135802467,2817.8227618959386,-0.11246968303800171
0.3580246913580247,2842.5675503602342,3.4430357418179693
0.3580246913580247,2845.399044594534,0.6478049103106842
0.35802469135802467,2843.9833900420804,2.044000488723288
0.37037037037037035,2830.5493988360026,1.3093885223857413
0.3580246913580247,2831.964941263962,-0.11402335342072063
0.3703703703703704,2817.823028731485,-0.1201946014067218
0.37037037037037035,2831.965320672913,-0.10068393880778079
0.3703703703703704,2828.425485627778,3.412750584611737
0.35802469135802467,2834.0887370794826,-2.209343007727158
0.3580246913580247,2833.3808708559804,-1.5257564456463502
0.37037037037037035,2831.9649085451124,-0.08332848900540032
0.3580246913580247,2846.1070488769956,-0.11279909840986019
0.3580246913580247,2833.381251294256,-1.5453874303710455
0.37037037037037035,2831.9653387452277,-0.10663523920442661
0.37037037037037035,2831.9652008758294,-0.09891102429404088
0.37037037037037035,2832.6730857785888,-0.7991364478861673
0.35802469135802467,2844.6910009030867,1.3356698953859532
0.35802469135802467,2833.381092808556,-1.5261489325452555
0.37037037037037035,2847.523396902142,-1.5667045809674283
0.3580246913580247,2834.797084216948,-2.945805203580076
0.3580246913580247,2819.238937317871,-1.5371941378081022
0.3580246913580247,2834.089100687261,-2.2173173088402454
0.35802469135802467,2819.946934123448,-2.237201897430637
0.35802469135802467,2820.654985298941,-2.958705546390151
0.35802469135802467,2831.257241739705,0.616290204781983
0.35802469135802467,2830.548988556606,1.3249820267923917
0.35802469135802467,2842.5675129511224,3.4224143854412667
0.3580246913580247,2843.2754568506207,2.7425582881935493
0.37037037037037035,2830.5492167837815,1.3158851761531585
0.3580246913580247,2846.8152537684996,-0.8185761792087751
0.35802469135802467,2834.797020652294,-2.9267471352799674
0.35802469135802467,2830.5492416449456,1.3216371970913392
0.3580246913580247,2828.4254866896727,3.4123486824716
0.3580246913580247,2848.230989725535,-2.2408119666215023
0.3703703703703704,2843.9832899012304,2.0426797558219287
0.35802469135802467,2814.282953737379,3.415254731848732
0.35802469135802467,2818.530732925744,-0.8221878114071061
0.35802469135802467,2829.8413256702333,2.024562540062342
0.3580246913580247,2829.84110028247,2.032610421198763
0.3580246913580247,2829.8413057679372,2.024150841088579
0.35802469135802467,2831.2572350688415,0.6186642843392367
0.3580246913580247,2831.257215439634,0.6120433463042562
0.35802469135802467,2842.56766199143,3.4096469437524988
0.3703703703703704,2833.3811937032133,-1.5290199872646604
0.35802469135802467,2832.673288534095,-0.8373434232491287
0.3580246913580247,2847.5232472109597,-1.5389183918149958
0.35802469135802467,2829.841305742473,2.0297776802153367
0.3580246913580247,2848.2309410862986,-2.2446360285222626
0.35802469135802467,2844.6913571571636,1.340391704745864
0.35802469135802467,2842.5676556115623,3.4181421310140943
0.35802469135802467,2829.1331258038754,2.731223629619998
0.35802469135802467,2818.530885910518,-0.8417617894675132
0.35802469135802467,2831.965224016006,-0.09459622925691372
0.35802469135802467,2847.5232355719068,-1.5453256358071623
0.3703703703703704,2843.9833611231275,2.036658358434523
0.3580246913580247,2832.6732434434234,-0.8163004589960543
0.35802469135802467,2842.5674562633158,3.4376270565241573
0.37037037037037035,2847.523164929162,-1.5340302141347137
0.3703703703703704,2844.6913550398035,1.343977596132706
0.35802469135802467,2843.9834004727677,2.0355300979278663
0.35802469135802467,2818.5309824076435,-0.8334898357152852
0.3580246913580247,2832.6727970815,-0.8052666079508479
0.3580246913580247,2834.7970417930433,-2.94018648239642
0.37037037037037035,2832.6732962245474,-0.8177556873654633
0.35802469135802467,2834.7970823313294,-2.946828686576832
0.35802469135802467,2833.3811374676698,-1.514578925114721
0.35802469135802467,2843.275407821583,2.746956733700573
0.35802469135802467,2833.38122045743,-1.527237000945595
0.35802469135802467,2830.5489700078433,1.3113363825049686
0.35802469135802467,2833.381226890976,-1.547307493484302
0.3580246913580247,2847.5234041384097,-1.5526877165627169
0.3580246913580247,2832.673212446607,-0.802106592009663
0.3580246913580247,2846.8154672574706,-0.8287922313267541
0.35802469135802467,2830.549255424442,1.32408411773058
0.35802469135802467,2833.381130688345,-1.525065940141692
0.35802469135802467,2834.7968129696887,-2.9181197825895295
0.35802469135802467,2831.964909198176,-0.09539750515584962
0.37037037037037035,2831.965208604185,-0.08980238609686454
0.37037037037037035,2832.6732720587397,-0.8122381193541068
0.35802469135802467,2819.2387907751527,-1.5417912421258406
0.35802469135802467,2848.231357477557,-2.268678292913096
0.35802469135802467,2846.1070247536363,-0.12354807644575652
0.35802469135802467,2830.5492642352074,1.3174747619866678
0.35802469135802467,2818.5307224603066,-0.8202928378858461
0.35802469135802467,2831.257215599665,0.6117211716546163
0.3580246913580247,2846.1073158442196,-0.10795595599020241
0.35802469135802467,2843.9834247138324,2.042105068009355
0.3580246913580247,2846.107363879464,-0.11900190526391591
0.3580246913580247,2846.107097675553,-0.11711557796700028
0.3580246913580247,2848.2313812166035,-2.2639859935322018
0.35802469135802467,2820.6549200576555,-2.93912421990386
0.35802469135802467,2817.115192540229,0.5685048398879061
0.3580246913580247,2828.4252495847522,3.4159313126783
0.3580246913580247,2846.1070843877214,-0.13340682057780132
0.35802469135802467,2834.7970048594434,-2.918387214589669
0.37037037037037035,2829.8414462462456,2.0144478440091076
0.35802469135802467,2830.549210048446,1.3247723781095906
0.35802469135802467,2834.0890911966367,-2.2244150823729383
0.35802469135802467,2818.530977288783,-0.8293354641146508
0.35802469135802467,2817.8228848592757,-0.13251319820580104
0.3580246913580247,2843.2752359682986,2.7387764784338975
0.3580246913580247,2843.2755360326137,2.7207496220171783
0.35802469135802467,2845.3992101829303,0.6029094242621468
0.3580246913580247,2829.8413214165685,2.0234545359396297
0.35802469135802467,2842.5672230557543,3.4396077014389075
0.35802469135802467,2848.23133510649,-2.261197146348029
0.3580246913580247,2842.5675088018006,3.4405988775069676
0.34567901234567905,2834.089065149779,-2.2090057143503374
0.345679012345679,2831.2569546759623,0.6160310304446812
0.34567901234567905,2845.399237139784,0.6292476828408671
0.345679012345679,2817.1152006251978,0.5742724707012584
0.34567901234567905,2843.2755047536484,2.735174039525364
0.345679012345679,2818.530726684719,-0.8178223108577904
0.345679012345679,2834.089012022747,-2.2100428455252805
0.345679012345679,2842.5676993598236,3.410492834938334
0.34567901234567905,2843.2752100288676,2.752896275063766
0.34567901234567905,2846.815261603293,-0.8255566041503503
0.3580246913580247,2844.6911225435,1.3336304821932226
0.345679012345679,2845.399300932154,0.6346370183351154
0.34567901234567905,2831.96495275913,-0.08839942142014325
0.345679012345679,2818.530732749538,-0.822206767332149
0.34567901234567905,2848.2310114755724,-2.2402783071373267
0.345679012345679,2834.0890914305937,-2.230121126663496
0.345679012345679,2830.5494255243802,1.3109299103565561
0.34567901234567905,2818.5310377080623,-0.8143726075854554
0.34567901234567905,2820.655036316641,-2.9545362793578205
0.345679012345679,2844.6913371256333,1.3304778595413236
0.345679012345679,2831.256942833232,0.6015968421236925
0.345679012345679,2847.5232916343084,-1.531076508546106
0.345679012345679,2829.841326504732,2.0174817120134847
0.34567901234567905,2829.841245004004,2.01800254859606
0.34567901234567905,2819.238975229124,-1.5311262934955843
0.34567901234567905,2832.6731582034395,-0.8122588824968962
0.3580246913580247,2848.23122842978,-2.2579573951415455
0.34567901234567905,2842.567473046419,3.445081445984819
0.345679012345679,2833.381220971963,-1.520509068918038
0.34567901234567905,2831.257259965281,0.6069696985664166
0.34567901234567905,2842.5676874843225,3.4277562539226762
0.345679012345679,2831.9651921915965,-0.09893876355226162
0.3580246913580247,2848.2313915369073,-2.2631856020481917
0.34567901234567905,2831.2569530518995,0.6156049522489486
0.34567901234567905,2820.6546088543137,-2.9406830350974524
0.3580246913580247,2843.9835673120992,2.0217489580713544
0.345679012345679,2818.5309822314375,-0.8335087916403282
0.34567901234567905,2842.5675329989776,3.417346046963257
0.345679012345679,2831.9649948585393,-0.0965705204264158
0.34567901234567905,2856.7097387077324,3.3912686749367977
0.34567901234567905,2834.0892313313025,-2.24156308917133
0.34567901234567905,2834.7971573277323,-2.944037223601705
0.34567901234567905,2842.5674731991903,3.4413686563379366
0.34567901234567905,2833.3812787350066,-1.546611204592133
0.34567901234567905,2833.3811277540744,-1.5222736750577486
0.345679012345679,2843.98326679632,2.016892915843473
0.345679012345679,2814.9910476977648,2.687704949160148
0.34567901234567905,2819.9470389680123,-2.25230339345721
0.34567901234567905,2842.5676846499277,3.422969642305378
0.34567901234567905,2844.691386964514,1.3269286653824992
0.34567901234567905,2834.7970903019154,-2.938492868650081
0.34567901234567905,2828.425522506862,3.415885310360106
0.35802469135802467,2831.257240244307,0.6199233580873245
0.34567901234567905,2818.531133966999,-0.8385984448805339
0.345679012345679,2843.9831496093316,2.0457732723867594
0.345679012345679,2829.841452906303,2.010455259572616
0.345679012345679,2843.275471018815,2.7177930213228674
0.345679012345679,2846.815312547369,-0.8198257799194291
0.34567901234567905,2845.399459637432,0.5939594016134665
0.34567901234567905,2833.3810263415917,-1.5052315599058845
0.34567901234567905,2848.2312033227195,-2.2474949820616525
0.34567901234567905,2842.5676267933613,3.4156894959112387
0.345679012345679,2820.654895027271,-2.9444097418289847
0.345679012345679,2834.089225420033,-2.2413961846265957
0.34567901234567905,2830.5494134229525,1.302343967292444
0.345679012345679,2828.4254893909088,3.402733042613429
0.34567901234567905,2846.107317938983,-0.12615409319963367
0.34567901234567905,2834.797086320228,-2.9464289774990613
0.34567901234567905,2830.5493570034637,1.2996569838253167
0.34567901234567905,2820.654665828919,-2.923828327327528
0.3580246913580247,2831.9650827295945,-0.09696436583548092
0.34567901234567905,2829.841470517195,2.01579923640881
0.34567901234567905,2843.2754640198627,2.7437734144261876
0.34567901234567905,2834.08910063391,-2.234901762257256
0.34567901234567905,2819.2386620880657,-1.5306638137360715
0.345679012345679,2846.815057183194,-0.8289848976927978
0.3580246913580247,2831.2572180863094,0.5994623849523639
0.3580246913580247,2834.7967627974986,-2.913423713622631
0.3580246913580247,2845.399354907581,0.6230945707011049
0.345679012345679,2842.5674799016233,3.4505571865320506
0.345679012345679,2829.8412659113533,2.0045599186583534
0.345679012345679,2831.2572221125715,0.6120881079102747
0.345679012345679,2829.133358567862,2.7252029800527655
0.34567901234567905,2820.6549306363227,-2.9361390113860706
0.34567901234567905,2834.797049097647,-2.9234002922163542
0.34567901234567905,2833.3808707615412,-1.4911642956290336
0.3580246913580247,2805.096621363337,-1.5383530061494521
0.35802469135802467,2829.8412945059868,2.029120348327341
0.345679012345679,2844.6913658705726,1.3394191007442426
0.345679012345679,2843.9834191450745,2.0435267024653774
0.34567901234567905,2833.3810838536792,-1.5163296231848309
0.345679012345679,2833.3811168989578,-1.521896127098857
0.34567901234567905,2831.2572623911856,0.5800191862652885
0.345679012345679,2834.089103457616,-2.238317003103888
0.34567901234567905,2834.7969913775264,-2.92474205266423
0.34567901234567905,2802.264741115619,1.2771147245402774
0.3580246913580247,2833.381105986677,-1.506231819369447
0.34567901234567905,2833.380842577079,-1.5141066829948404
0.34567901234567905,2832.67313030519,-0.7969214207214748
0.345679012345679,2843.2752830982176,2.7358040093938296
0.34567901234567905,2842.567167097197,3.438682483585932
0.34567901234567905,2834.7966664978267,-2.9186162125844617
0.34567901234567905,2833.3810845366834,-1.5083290317608207
0.34567901234567905,2834.7969697649833,-2.91958187520125
0.34567901234567905,2832.6731785443435,-0.8251440583975348
0.34567901234567905,2842.5671822858844,3.4556647467231336
0.345679012345679,2834.7969824781208,-2.9217619437925317
0.34567901234567905,2831.96520435269,-0.12691777315936784
0.345679012345679,2834.7970467653163,-2.9178208822211147
0.345679012345679,2834.7969984158967,-2.928490154822325
0.345679012345679,2834.088817432305,-2.235547162028004
0.34567901234567905,2847.5232041547065,-1.5347706806317187
0.345679012345679,2843.9831093225152,2.02718875711931
0.34567901234567905,2834.796979643199,-2.912040118493311
0.34567901234567905,2801.5570352190703,1.9782829997484244
0.34567901234567905,2829.841011416217,2.017044355645927
0.345679012345679,2816.4068075697255,1.290023530810855
0.34567901234567905,2847.5233754522037,-1.547865585189164
0.345679012345679,2830.5490087363996,1.3213790729171322
0.34567901234567905,2820.654892709671,-2.935060342075503
0.34567901234567905,2847.5232578508726,-1.5398738774040692
0.34567901234567905,2831.2573372709276,0.5989780259362476
0.34567901234567905,2829.133337382283,2.7334012455673293
0.345679012345679,2846.8154092253767,-0.8569148785839641
0.345679012345679,2833.3808625103616,-1.5037435964490709
0.345679012345679,2847.5229653007773,-1.5383752493626002
0.34567901234567905,2831.9651993846505,-0.08836084116799725
0.34567901234567905,2834.088999434895,-2.2119959081111995
0.34567901234567905,2828.4255109494247,3.4136238930342797
0.35802469135802467,2830.5492744972094,1.3210501177204228
0.35802469135802467,2834.0891920488093,-2.2200714016245175
0.345679012345679,2831.965324104231,-0.10691484954349285
0.34567901234567905,2828.4253809914935,3.4231018711360983
0.34567901234567905,2820.6549145722815,-2.9423647686114363
0.34567901234567905,2819.9470849025943,-2.24882739622259
0.3580246913580247,2842.5674783215213,3.451374946240341
0.34567901234567905,2843.27562918312,2.7258619650160822
0.345679012345679,2843.2754030928563,2.750815686359757
0.345679012345679,2829.1330702106634,2.7288706973224706
0.345679012345679,2834.7971246879547,-2.92083552583274
0.34567901234567905,2831.965190890395,-0.09023659763195724
0.34567901234567905,2818.5310395919637,-0.815034690151351
0.34567901234567905,2833.3811829019796,-1.5139876984910894
0.34567901234567905,2828.425532258385,3.4185177621415432
0.345679012345679,2833.380872327994,-1.4953701377457875
0.34567901234567905,2834.7970499926123,-2.9119115282321837
0.34567901234567905,2819.9469765708423,-2.233706351953937
0.345679012345679,2842.567532433847,3.4577224437504412
0.34567901234567905,2828.4253734389517,3.426076153591447
0.33333333333333337,2832.672864756676,-0.8274832948078962
0.33333333333333337,2834.089034601759,-2.1992752940272986
0.33333333333333337,2843.2754459240064,2.741414491230627
0.345679012345679,2829.8410248821506,2.025174309594611
0.33333333333333337,2843.9831515325423,2.043231229180279
0.33333333333333337,2842.567494940261,3.4389883253049907
0.33333333333333337,2829.8413058982183,2.0294286046561583
0.33333333333333337,2829.13333624773,2.732902331634631
0.33333333333333337,2846.8152937764808,-0.8127492812841306
0.33333333333333337,2815.6992670546438,1.9820645586439114
0.33333333333333337,2834.7970770927705,-2.9289357319754967
0.345679012345679,2829.841323407219,2.0264252360227673
0.33333333333333337,2831.2569885121065,0.6246064565637719
0.34567901234567905,2817.8228221550985,-0.10368340494048403
0.33333333333333337,2815.699288363604,1.986958427751175
0.34567901234567905,2830.5490171382758,1.33299033647625
0.345679012345679,2831.2572130409194,0.6095941089502122
0.33333333333333337,2843.2755092441425,2.7442603822281253
0.345679012345679,2834.088825666674,-2.1983693513209275
0.33333333333333337,2829.1333330495186,2.7341288610696313
0.33333333333333337,2832.6731458556055,-0.7993584767885156
0.345679012345679,2829.133370983019,2.7333372230834883
0.345679012345679,2829.841323407219,2.0264252360227673
0.33333333333333337,2818.5309676809593,-0.8278497901936263
0.33333333333333337,2817.8231613674466,-0.13078271582054551
0.33333333333333337,2832.6729204274184,-0.7926063814594266
0.34567901234567905,2830.54926417263,1.3185308791641717
0.345679012345679,2830.548992795597,1.3224683550111038
0.34567901234567905,2819.2391136317215,-1.5387732223300372
0.345679012345679,2830.5492757166257,1.315971665830837
0.345679012345679,2828.4255408209156,3.4231601725475755
0.345679012345679,2834.0890839867707,-2.2059536915332885
0.33333333333333337,2843.2755933266185,2.7192923936166276
0.34567901234567905,2842.5675141634233,3.4415927556630392
0.33333333333333337,2848.231266239959,-2.233784172332998
0.33333333333333337,2834.796980518557,-2.9172236303360073
0.33333333333333337,2829.841438074316,2.002834079826764
0.33333333333333337,2834.7970239498554,-2.906700960370155
0.33333333333333337,2834.7970101972887,-2.905252662357146
0.33333333333333337,2802.2651361124185,1.2589662104896353
0.345679012345679,2831.2572016882223,0.6106760906066102
0.33333333333333337,2842.5674411317245,3.4587506776356456
0.345679012345679,2843.2754190732066,2.749474605489868
0.33333333333333337,2834.796970191351,-2.910524195223939
0.33333333333333337,2833.38112044929,-1.5178757496242559
0.345679012345679,2830.5492448417504,1.3135955020275176
0.34567901234567905,2834.7970500207916,-2.934458247243618
0.34567901234567905,2833.3812879592615,-1.5485307290126802
0.34567901234567905,2831.965174855046,-0.0872158727493755
0.33333333333333337,2842.567541564222,3.421216579300306
0.33333333333333337,2843.275418496499,2.746442991721807
0.34567901234567905,2828.4255026207265,3.4136008020076742
0.33333333333333337,2833.380863106728,-1.525721205937577
0.33333333333333337,2819.2390604214884,-1.549712455029352
0.33333333333333337,2819.9469674389616,-2.232033016411696
0.34567901234567905,2844.691085769683,1.3327100873860434
0.33333333333333337,2845.39932239897,0.631312407555674
0.34567901234567905,2846.815312210036,-0.8258344408711408
0.33333333333333337,2842.5676352655123,3.4231215132150603
0.345679012345679,2830.549238166289,1.3152435492288603
0.33333333333333337,2829.8412553944536,2.026566287155373
0.33333333333333337,2845.399308284709,0.6289422601546545
0.33333333333333337,2831.9651793732205,-0.09092880753057009
0.33333333333333337,2846.8152349709553,-0.8325100872560082
0.345679012345679,2833.3812197643388,-1.5180482785674414
0.33333333333333337,2834.0887440137485,-2.2104599431631855
0.34567901234567905,2829.8414066095324,2.0024904640103314
0.33333333333333337,2834.0890994820834,-2.235219609874019
0.34567901234567905,2843.275585213293,2.732841788621143
0.33333333333333337,2831.9653044466813,-0.10514493187626406
0.34567901234567905,2833.380759661639,-1.5021966237776356
0.34567901234567905,2829.1333311812255,2.732929049637669
0.33333333333333337,2847.523228098349,-1.546349343601892
0.33333333333333337,2842.5675148099936,3.450149178618615
0.33333333333333337,2829.8412564810615,2.0258016063888427
0.345679012345679,2833.3811096882805,-1.5025496760740609
0.33333333333333337,2830.5494069639753,1.306617699335977
0.33333333333333337,2844.6913584063777,1.333352516246995
0.33333333333333337,2831.9651927263426,-0.09077831171703532
0.33333333333333337,2843.2751627188313,2.7508072278137994
0.33333333333333337,2833.381305240399,-1.550310084002757
0.34567901234567905,2831.9650671760955,-0.10834586114449962
0.34567901234567905,2831.2569755012037,0.6133159760706519
0.33333333333333337,2834.797033350197,-2.926207591227256
0.33333333333333337,2832.673180490103,-0.8159213821161415
0.345679012345679,2829.8413245417873,2.0150335050043466
0.33333333333333337,2829.8413441036178,2.0301347211974026
0.33333333333333337,2846.1071014531162,-0.12268233388468205
0.345679012345679,2830.5492856520514,1.3211983861665502
0.345679012345679,2842.5674438977694,3.455881368129636
0.33333333333333337,2846.8154520625712,-0.8499236038068966
0.33333333333333337,2817.1147683119743,0.5849683442890509
0.33333333333333337,2814.990914303422,2.7101805894021123
0.33333333333333337,2833.3811902550474,-1.5266277692914343
0.33333333333333337,2833.381191359588,-1.5036173116149427
0.33333333333333337,2843.2752492986388,2.7496236853807132
0.33333333333333337,2817.8227801702965,-0.10802677695034076
0.33333333333333337,2843.2752283513955,2.7490225276535507
0.33333333333333337,2843.275252606259,2.716365218670688
0.33333333333333337,2817.8228745708375,-0.13797827352988318
0.33333333333333337,2829.1333623045634,2.733616569908083
0.345679012345679,2830.549283265932,1.322547402154676
0.33333333333333337,2843.9834086819255,2.0394169589079394
0.33333333333333337,2831.2572761307088,0.5774338892291156
0.33333333333333337,2833.3811650613816,-1.5349575364233885
0.33333333333333337,2847.5233839808725,-1.5629414260168373
0.33333333333333337,2844.691382484591,1.3332533288410895
0.33333333333333337,2845.3994109842934,0.6246456012482937
0.345679012345679,2842.567594021098,3.42156634057903
0.33333333333333337,2833.3810553595777,-1.4992772155691074
0.33333333333333337,2834.0891043020815,-2.2384518978007404
0.33333333333333337,2846.107462950287,-0.15518214930326454
0.33333333333333337,2834.088760067749,-2.214018703356876
0.33333333333333337,2833.3812666855356,-1.5219352129617838
0.33333333333333337,2834.7971078173223,-2.9330124884123
0.33333333333333337,2847.523428354119,-1.5546604778400743
0.33333333333333337,2847.522973719505,-1.5473122884047394
0.33333333333333337,2828.425320966877,3.421371741807045
0.33333333333333337,2832.672922638339,-0.8200948162494563
0.33333333333333337,2832.6732429239814,-0.822583761275229
0.34567901234567905,2831.965178878208,-0.08828712812607623
0.345679012345679,2834.0890499264424,-2.2078712280315287
0.33333333333333337,2829.1333322571327,2.7296812524337675
0.33333333333333337,2830.548982157668,1.3212034246188515
0.33333333333333337,2842.567380869589,3.4511596618384273
0.33333333333333337,2819.9467801551295,-2.2488876493516754
0.34567901234567905,2832.6728993713537,-0.7888089421849785
0.33333333333333337,2820.654582629613,-2.9399693986584357
0.34567901234567905,2833.380860507293,-1.5036976951990069
0.33333333333333337,2843.275442895937,2.734028026028417
0.345679012345679,2833.3812604689133,-1.5205138356307017
0.33333333333333337,2819.9469186587994,-2.239784641302036
0.33333333333333337,2846.107356198783,-0.1267450831269163
0.33333333333333337,2843.9834645852857,2.0327972863019665
0.33333333333333337,2829.1333380315546,2.7203578172586775
0.33333333333333337,2848.231200204311,-2.2546826898412258
0.33333333333333337,2834.0892615861485,-2.254456329383592
0.34567901234567905,2831.25722033653,0.6134780106569265
0.33333333333333337,2831.965189870307,-0.09325775837639205
0.33333333333333337,2819.947082151864,-2.2474223450669673
0.345679012345679,2833.380980351836,-1.5173677464210797
0.33333333333333337,2846.107362548412,-0.11966956725818981
0.33333333333333337,2817.823140305601,-0.13371678568484097
0.33333333333333337,2818.5311010027617,-0.842682454658474
0.33333333333333337,2830.549396407621,1.3053161915252824
0.33333333333333337,2829.841229792239,2.0267208453646335
0.33333333333333337,2833.381170017662,-1.5093186832264271
0.33333333333333337,2820.6548897757207,-2.9382767498741065
0.33333333333333337,2830.5489992725707,1.3197410443725153
0.33333333333333337,2834.089146967846,-2.2292647729363293
0.33333333333333337,2834.7972148454232,-2.936209498225782
0.33333333333333337,2831.965188704359,-0.08988990285176235
0.33333333333333337,2846.8152491365236,-0.8167708807739981
0.33333333333333337,2832.673194628032,-0.8257448641350981
0.33333333333333337,2832.6733071932476,-0.835356105839671
0.33333333333333337,2817.822745087516,-0.11433289514194633
0.33333333333333337,2834.79701634693,-2.918193480180372
0.33333333333333337,2830.5493161287745,1.3239046833147141
0.33333333333333337,2831.257192140479,0.610150410685957
0.33333333333333337,2843.983534009508,2.0233629607677894
0.33333333333333337,2842.5676614168665,3.434841199545324
0.33333333333333337,2829.84127272715,2.0163278494360624
0.33333333333333337,2820.654945522973,-2.937690202472604
0.33333333333333337,2843.275452861793,2.735881491169221
0.33333333333333337,2843.275556599781,2.738092750611284
0.345679012345679,2829.841310592514,2.0234071233794637
0.33333333333333337,2844.6913964617283,1.3319500234816564
0.33333333333333337,2831.9648738408964,-0.08374241665668072
0.33333333333333337,2830.5493437817536,1.309209680938165
0.32098765432098764,2833.3811127812,-1.5019067093605525
0.32098765432098764,2831.964924878046,-0.08573717925420395
0.32098765432098764,2846.8154321277334,-0.8547837246042024
0.32098765432098764,2843.983389888978,2.044471268359445
0.32098765432098764,2828.425100504044,3.433662886645155
0.32098765432098764,2834.7970797990833,-2.947749621059243
0.32098765432098764,2830.5493945017915,1.2981869637042411
0.32098765432098764,2831.2572594017006,0.6093772870369382
0.32098765432098764,2834.7967870866355,-2.9211283458295707
0.32098765432098764,2833.3811264353362,-1.49902087516481
0.32098765432098764,2817.114799788494,0.5947657120124731
0.32098765432098764,2832.672954172674,-0.7934462067962027
0.32098765432098764,2842.567250664376,3.4439446835991596
0.32098765432098764,2829.1331043592327,2.7398443121995
0.32098765432098764,2819.9469269158794,-2.2332201078712064
0.32098765432098764,2819.94698844394,-2.2317495242063474
0.32098765432098764,2842.5676925783787,3.4255966464995264
0.32098765432098764,2832.6731773773618,-0.7943758366083936
0.32098765432098764,2819.946976649319,-2.2319348647317243
0.32098765432098764,2829.1333779324377,2.738588304950331
0.32098765432098764,2832.673050109514,-0.8084597684469711
0.32098765432098764,2817.82277999409,-0.10804573287515636
0.32098765432098764,2834.089250908659,-2.22986189472528
0.32098765432098764,2828.4253969785173,3.432121294839474
0.32098765432098764,2834.797089018898,-2.913096037267847
0.32098765432098764,2829.841331465406,2.030518275737711
0.32098765432098764,2830.5490283538406,1.3271716815820924
0.32098765432098764,2819.2391038863398,-1.5410182633717036
0.32098765432098764,2842.5674538358294,3.4450912387684465
0.32098765432098764,2819.2390813697416,-1.5436271428821466
0.32098765432098764,2831.96517119262,-0.09418937210008761
0.32098765432098764,2846.815443872157,-0.8245698013799018
0.32098765432098764,2828.425539278875,3.422975796159923
0.32098765432098764,2844.6911296967874,1.3225684725636175
0.33333333333333337,2843.9832849169234,2.035570867558709
0.32098765432098764,2831.257247660884,0.6166910028789819
0.32098765432098764,2834.7970328219717,-2.9131757913693743
0.32098765432098764,2828.425390768332,3.430458242800226
0.32098765432098764,2842.5675400145556,3.4577063154769787
0.33333333333333326,2833.381139829185,-1.4976369487591652
0.32098765432098764,2829.841320406931,2.0289431130910147
0.32098765432098764,2834.0892401203423,-2.234288921510858
0.32098765432098764,2834.0888671289863,-2.228687066127156
0.32098765432098764,2831.2572365213564,0.6202818145473018
0.32098765432098764,2843.2756643664766,2.70528425220955
0.32098765432098764,2833.3811124302447,-1.529605775294774
0.32098765432098764,2845.3990663866607,0.63408962156021
0.32098765432098764,2800.1408945436,3.395607908367246
0.33333333333333337,2845.3990269928026,0.6215576264617971
0.33333333333333337,2845.3994542349124,0.6053280102204076
0.33333333333333326,2843.9833945000564,2.044881592742045
0.32098765432098764,2844.6913450961006,1.3338526515473663
0.33333333333333337,2846.815416567176,-0.8563208618796365
0.33333333333333337,2848.23092902184,-2.2509825528737584
0.32098765432098764,2845.3992979177374,0.637169302458307
0.32098765432098764,2834.796783520008,-2.9242059109807865
0.32098765432098764,2829.84130448098,2.0201116058678568
0.32098765432098764,2843.2752501327896,2.7361735314168083
0.32098765432098764,2831.965336928196,-0.09840519356384476
0.32098765432098764,2833.3811685742844,-1.5303975446179605
0.32098765432098764,2845.399066777809,0.6340538528063088
0.32098765432098764,2844.69150399973,1.3157023598194673
0.32098765432098764,2834.7970053142803,-2.9179678660929533
0.32098765432098764,2844.6911037388572,1.3451229480932174
0.33333333333333337,2842.567542973798,3.4364486338153974
0.32098765432098764,2843.275515666623,2.741704856912021
0.32098765432098764,2844.691369489579,1.331137165090885
0.32098765432098764,2834.089115576515,-2.206126160200652
0.32098765432098764,2842.5677034480213,3.410320482806311
0.32098765432098764,2843.2755392930158,2.719500376555244
0.32098765432098764,2842.567501196744,3.4375906123020963
0.32098765432098764,2846.1070283482463,-0.11275478896659413
0.32098765432098764,2829.133335891049,2.730218107140769
0.32098765432098764,2844.6913834777515,1.3239182618276657
0.32098765432098764,2831.9649223468123,-0.11785118523499967
0.32098765432098764,2833.381151191759,-1.5318555208902451
0.32098765432098764,2817.8231370090325,-0.13579384121004662
0.32098765432098764,2833.3812819481104,-1.5470688020229189
0.32098765432098764,2832.6728836808197,-0.7873326059068361
0.32098765432098764,2831.9650462109894,-0.10278003567240679
0.32098765432098764,2844.691381169037,1.3394876880863666
0.32098765432098764,2842.567490014625,3.4386875701934483
0.32098765432098764,2846.815318835736,-0.8362427865206615
0.32098765432098764,2844.6914915538173,1.3258173267376399
0.32098765432098764,2833.381074456552,-1.505569483550311
0.32098765432098764,2834.7972279672285,-2.952149093751755
0.32098765432098764,2842.5673848885917,3.4408885503973194
0.32098765432098764,2831.9651779757123,-0.0907996436851249
0.33333333333333337,2802.2651361124185,1.2589662104896353
0.32098765432098764,2846.8150149001262,-0.8285925906620528
0.32098765432098764,2832.6731406886415,-0.8060167345796775
0.33333333333333337,2819.238666018905,-1.5279357163584677
0.32098765432098764,2829.1334448414727,2.7073217948301345
0.32098765432098764,2843.2754554587723,2.743251372048324
0.33333333333333337,2842.5674177584806,3.4479529395961053
0.32098765432098764,2847.523393549307,-1.5579007790708441
0.32098765432098764,2843.2754498450863,2.746031672594967
0.32098765432098764,2831.256946143796,0.6138521610542133
0.32098765432098764,2791.6624087438145,-2.26639881844331
0.32098765432098764,2834.796974376967,-2.9197885985958787
0.32098765432098764,2831.9648953427236,-0.09017575671211188
0.32098765432098764,2846.1072756632507,-0.12101997522731389
0.32098765432098764,2842.5675904722534,3.43536247321382
0.32098765432098764,2847.5233804427335,-1.5673865002767944
0.32098765432098764,2834.089113655273,-2.2378782603318172
0.32098765432098764,2842.5675363280666,3.428154494363596
0.32098765432098764,2829.841437122678,2.0086903646788716
0.32098765432098764,2843.2754088584993,2.745644384275712
0.32098765432098764,2842.56757656074,3.4163007984029274
0.32098765432098764,2828.4253890870846,3.4226578829669716
0.32098765432098764,2834.797003058591,-2.930303101750865
0.32098765432098764,2833.3811220324,-1.5115955237085625
0.32098765432098764,2842.5675511685686,3.421401237601173
0.32098765432098764,2847.523418491043,-1.5595233337549326
0.32098765432098764,2834.0890876489284,-2.215316558332658
0.32098765432098764,2830.5492378686617,1.3219956599878102
0.32098765432098764,2820.6548992166995,-2.9441449206139554
0.32098765432098764,2820.6548649270144,-2.938694116753993
0.32098765432098764,2843.275191222583,2.7276286585986522
0.32098765432098764,2842.567499616835,3.4285934364779007
0.32098765432098764,2842.567487186374,3.4178635004313573
0.32098765432098764,2842.5677016812483,3.4277712310630246
0.32098765432098764,2842.5675072987106,3.44829126371236
0.32098765432098764,2846.1073328469656,-0.1230625290542682
0.32098765432098764,2845.399043161712,0.6300502740707415
0.32098765432098764,2848.23135592717,-2.264411021595932
0.32098765432098764,2802.9727281222654,0.5731468904406013
0.32098765432098764,2834.0890766768525,-2.207695925430814
0.32098765432098764,2831.257219471204,0.6122686809997352
0.32098765432098764,2831.965230160149,-0.09653325687905158
0.32098765432098764,2846.8154533981065,-0.8583056932049279
0.32098765432098764,2844.6914866798006,1.3298966384702502
0.32098765432098764,2817.8231891226087,-0.12827645872517998
0.32098765432098764,2834.7971550362804,-2.92524166874642
0.32098765432098764,2829.1333676105082,2.734421515962629
0.32098765432098764,2829.133492327235,2.7132766317678243
0.32098765432098764,2829.133352016886,2.7277725531652077
0.32098765432098764,2830.549060459718,1.3272493718695446
0.32098765432098764,2843.2754856463944,2.749902575648113
0.32098765432098764,2819.9469362890673,-2.2313732320457045
0.32098765432098764,2818.5311465017217,-0.8387798596998104
0.32098765432098764,2817.1151833534086,0.567135173335997
0.32098765432098764,2832.6728758231993,-0.8010142465403017
0.32098765432098764,2842.5675894785736,3.4160470833407555
0.32098765432098764,2844.6910748268756,1.330369344095251
0.32098765432098764,2848.231320095368,-2.2554802121001596
0.32098765432098764,2831.2569425351367,0.612443955411239
0.32098765432098764,2848.230964312762,-2.246625768695753
0.32098765432098764,2818.53111067316,-0.8423409235973068
0.32098765432098764,2847.523383324225,-1.5495391601881954
0.32098765432098764,2820.6550379152895,-2.9525757527128587
0.32098765432098764,2834.7968066751455,-2.9366321259501205
0.32098765432098764,2831.2569424808203,0.6015589302738339
0.32098765432098764,2847.5232906815804,-1.5369816498158186
0.32098765432098764,2830.5489741614683,1.321066293928467
0.32098765432098764,2828.425468909318,3.4050199611702485
0.32098765432098764,2842.5675684754774,3.4425143457227474
0.32098765432098764,2829.1333067795445,2.7238460143592387
0.32098765432098764,2828.425388269288,3.4241099546273954
0.33333333333333337,2819.2386666513075,-1.5273424692571445
0.32098765432098764,2816.4070772888717,1.2898675293219513
0.33333333333333337,2830.549399282165,1.305315844609215
0.33333333333333337,2818.5311125369462,-0.8415409251571746
0.33333333333333337,2831.25721663268,0.6115923404837142
0.32098765432098764,2829.8413023546336,2.0289827094948167
0.32098765432098764,2832.6731949420396,-0.7950555986511518
0.32098765432098764,2829.133337386373,2.725242773522753
0.32098765432098764,2843.2754736923966,2.7435481519716642
0.32098765432098764,2829.8414426153936,2.0144420809006123
0.32098765432098764,2829.8410284319793,2.0236343652655098
0.32098765432098764,2790.9544772870418,-1.5609855004179627
0.32098765432098764,2842.5672659676966,3.433821749019533
0.32098765432098764,2829.133337716472,2.7275933144847233
0.32098765432098764,2829.841042122681,2.029371512536079
0.32098765432098764,2828.425373785655,3.4278895082981062
0.32098765432098764,2830.5492555109267,1.307524699946564
0.32098765432098764,2831.964972014605,-0.11779304421575466
0.32098765432098764,2834.797125713806,-2.9135142837369923
0.32098765432098764,2832.6731950544513,-0.7942978849279346
0.32098765432098764,2842.567504520899,3.453579748479532
0.32098765432098764,2833.381059248407,-1.494408201914657
0.30864197530864196,2843.983372657106,2.030422998817047
0.30864197530864196,2831.965201212638,-0.09799929632719367
0.30864197530864196,2834.7971275800674,-2.9259673822796843
0.30864197530864196,2829.841259517227,2.0285768518944636
0.30864197530864196,2832.6728434803695,-0.8027383991483726
0.30864197530864196,2846.1073391881328,-0.12204363907497831
0.30864197530864196,2834.0890610290353,-2.2070807729965076
0.30864197530864196,2819.238972422763,-1.5309718051122474
0.30864197530864196,2831.256914025453,0.6180992030011517
0.30864197530864196,2843.98340463548,2.0369907135283913
0.30864197530864196,2834.08902448269,-2.2107021282888035
0.30864197530864196,2834.089066184322,-2.2148082025923395
0.30864197530864196,2829.1334558408475,2.7121059803567733
0.30864197530864196,2829.8412906038784,2.0285731001835714
0.30864197530864196,2829.8412555058685,2.0291098234737786
0.30864197530864196,2831.2572396995542,0.6122743807426105
0.30864197530864196,2831.96532569147,-0.10697797419984438
0.30864197530864196,2831.9649328559112,-0.08489924083601597
0.30864197530864196,2829.1333447128427,2.7269757275779285
0.30864197530864196,2843.983146451708,2.036653224238115
0.30864197530864196,2829.8414429361046,2.0081307175904386
0.30864197530864196,2828.4253676661165,3.428158976618814
0.30864197530864196,2830.549134479663,1.3078923421515352
0.30864197530864196,2819.947043097542,-2.250955121057345
0.30864197530864196,2830.5492907332573,1.3217967885756028
0.30864197530864196,2831.257295860828,0.5901334863020774
0.30864197530864196,2831.2573003276084,0.6180371712483063
0.30864197530864196,2833.381056945414,-1.4988273383944812
0.30864197530864196,2817.115053121819,0.5828694219559892
0.30864197530864196,2848.2309762270997,-2.2468060858858996
0.30864197530864196,2829.8414640764036,2.01364523959528
0.30864197530864196,2829.8413260076977,2.030683780504108
0.30864197530864196,2828.4253980366575,3.430055782536609
0.30864197530864196,2842.5672196069136,3.442579809276376
0.30864197530864196,2843.275595316355,2.7208941958464736
0.30864197530864196,2843.275465263148,2.7485245619579555
0.30864197530864196,2844.691078843422,1.357635654612575
0.30864197530864196,2834.797038000191,-2.9169654455665217
0.30864197530864196,2830.5494272365017,1.3111516285099634
0.30864197530864196,2801.5568105400002,1.9864322586305132
0.30864197530864196,2833.3808898142506,-1.5002650496297765
0.30864197530864196,2847.523267257236,-1.5140822783570003
0.30864197530864196,2844.691253182841,1.3292130640074529
0.30864197530864196,2843.2752049889473,2.714602338891117
0.30864197530864196,2834.7967605569247,-2.9090448120071675
0.30864197530864196,2842.567536607694,3.453810304066157
0.30864197530864196,2818.5307322209196,-0.8222636351068232
0.30864197530864196,2833.3809105824284,-1.521228099582574
0.32098765432098764,2820.654897207522,-2.9364094626424655
0.32098765432098764,2818.5310161193397,-0.8152368596559094
0.30864197530864196,2832.673168668279,-0.7937828110206282
0.30864197530864196,2834.7970720208623,-2.9240498513016764
0.30864197530864196,2830.549254319861,1.3240302503286216
0.30864197530864196,2833.380866335458,-1.4933962453805176
0.30864197530864196,2834.089255227647,-2.2318382392137455
0.30864197530864196,2829.841335729337,2.0277058486204624
0.30864197530864196,2834.0892642834688,-2.2553502116560384
0.30864197530864196,2829.8413182494587,2.0159647586418488
0.30864197530864196,2834.089124795084,-2.241699434141653
0.30864197530864196,2834.79698887881,-2.91283714421056
0.30864197530864196,2832.6733390444915,-0.8445693098890692
0.30864197530864196,2843.275177084713,2.752627288544579
0.32098765432098764,2834.088765749703,-2.2150092770103633
0.30864197530864196,2845.3990657260993,0.6227565574699464
0.30864197530864196,2831.2573321887003,0.5934444972785855
0.30864197530864196,2829.8414572806487,2.0084463954580727
0.30864197530864196,2829.1330937959533,2.7245368604615576
0.30864197530864196,2846.107079804377,-0.12419509843601087
0.30864197530864196,2833.3811334798734,-1.5206121242077038
0.30864197530864196,2834.0887333273067,-2.223312245517606
0.30864197530864196,2828.4255551257393,3.4034274188350158
0.32098765432098764,2831.257079059446,0.5934049629320306
0.30864197530864196,2834.7970629245074,-2.933792252926766
0.30864197530864196,2833.3811487710727,-1.5355267803112174
0.30864197530864196,2833.380848553919,-1.5036428362874628
0.30864197530864196,2834.7967627165854,-2.9395038371657645
0.32098765432098764,2828.4253796644193,3.4227971494136664
0.30864197530864196,2834.089109689528,-2.2405630109079784
0.30864197530864196,2834.79704489419,-2.9335029066655434
0.30864197530864196,2848.2313590128942,-2.262519758923678
0.30864197530864196,2833.380825059979,-1.513568717441492
0.30864197530864196,2842.5676272961277,3.4265299207379227
0.30864197530864196,2819.2390743694755,-1.550609113978966
0.30864197530864196,2829.8412479678855,2.024050360342649
0.30864197530864196,2844.691397466216,1.3250900490241555
0.30864197530864196,2834.089119214184,-2.2414083081665908
0.32098765432098764,2818.5308769167727,-0.8362094376231348
0.30864197530864196,2844.691486314376,1.312502231583002
0.30864197530864196,2833.38111285967,-1.5100061837735717
0.30864197530864196,2846.107370730334,-0.126728063772159
0.30864197530864196,2831.96503432969,-0.11537619910420978
0.30864197530864196,2834.7970524706834,-2.933754491153765
0.32098765432098764,2828.4252219141154,3.4091474919366336
0.30864197530864196,2843.2754438664633,2.741525106077983
0.30864197530864196,2818.5311134510207,-0.845572883382205
0.30864197530864196,2831.25737014226,0.5976963593935972
0.32098765432098764,2832.672873646417,-0.7986853760498469
0.30864197530864196,2848.2311969617904,-2.2419453551045625
0.30864197530864196,2846.8154278235816,-0.8496260904729038
0.30864197530864196,2830.549001792765,1.3196595889693463
0.30864197530864196,2829.8413055919195,2.01675092861351
0.30864197530864196,2843.9834194849946,2.0342178681198573
0.30864197530864196,2833.3811050181757,-1.5110516089225337
0.32098765432098764,2846.1073347450583,-0.12125602355381931
0.30864197530864196,2843.2755873471333,2.7285625008219245
0.30864197530864196,2842.567482286791,3.4506630885610585
0.30864197530864196,2829.8413896040374,2.0068249275827728
0.30864197530864196,2843.275482250398,2.726140610219893
0.30864197530864196,2831.257234914885,0.6204481816150077
0.30864197530864196,2830.5494110015206,1.3046349106731534
0.30864197530864196,2844.691099715372,1.3405725220111062
0.30864197530864196,2834.79710046505,-2.9393365793231414
0.30864197530864196,2833.3811122540383,-1.5296247312195896
0.32098765432098764,2820.655020897533,-2.951644530446075
0.30864197530864196,2831.9652556925953,-0.11918502946662059
0.30864197530864196,2831.9652085655375,-0.08634000333232217
0.30864197530864196,2834.7970372190184,-2.9080741828991217
0.30864197530864196,2842.567455396199,3.4595276031877686
0.30864197530864196,2834.797050662314,-2.919158135081151
0.30864197530864196,2834.7972063945795,-2.939506921592171
0.32098765432098764,2832.672896674297,-0.7847640522861873
0.30864197530864196,2829.841301431456,2.0260842151496274
0.30864197530864196,2829.841345942775,2.0283486790182055
0.30864197530864196,2834.797025177579,-2.921065084468404
0.30864197530864196,2846.815316089874,-0.827051930657145
0.30864197530864196,2831.9649103135653,-0.11543579927715313
0.30864197530864196,2831.257231202195,0.6128719426133554
0.32098765432098764,2819.946973206438,-2.2302341120112157
0.30864197530864196,2829.8412632592776,2.0296164310954694
0.30864197530864196,2831.9652103094895,-0.12364067354513841
0.30864197530864196,2820.6548779860927,-2.93907123492011
0.30864197530864196,2820.6550437406718,-2.9535702270692386
0.30864197530864196,2844.691386654127,1.3324281197925718
0.30864197530864196,2844.6911172456244,1.3407902789192103
0.30864197530864196,2834.0890849101897,-2.2157707118162144
0.30864197530864196,2805.096592000718,-1.54301356127249
0.30864197530864196,2842.567668495337,3.4213304398283615
0.30864197530864196,2820.6548677303267,-2.9412918263506658
0.30864197530864196,2830.5493132493334,1.3181632258397753
0.30864197530864196,2834.089081550777,-2.207241339456368
0.30864197530864196,2829.8414409448455,2.009380572676309
0.30864197530864196,2843.275507951161,2.721408824533207
0.30864197530864196,2831.2573552686067,0.5973856038584473
0.30864197530864196,2846.8154222264616,-0.8508215855960859
0.30864197530864196,2820.654622810149,-2.931546433457086
0.30864197530864196,2848.231362167693,-2.264034308335365
0.30864197530864196,2847.52300867987,-1.5487020140608931
0.30864197530864196,2829.8414334316963,2.0074580650519693
0.30864197530864196,2845.3990382661636,0.6303077530153213
0.30864197530864196,2819.238661387689,-1.529823856687075
0.30864197530864196,2843.9834288022503,2.0353513759348685
0.30864197530864196,2834.7971211839254,-2.9401402292040815
0.30864197530864196,2833.381135893563,-1.5040255638819462
0.30864197530864196,2856.709627851107,3.4219612020467207
0.32098765432098764,2846.8154023844086,-0.8346423824298767
0.30864197530864196,2834.7967134946152,-2.9158981057366216
0.30864197530864196,2842.567221167603,3.4352687056173363
0.30864197530864196,2832.672858667411,-0.8210059597657725
0.30864197530864196,2830.5489255031434,1.3286418931353878
0.30864197530864196,2843.9830890643257,2.0341718156574595
0.30864197530864196,2842.567589636851,3.4334554334066714
0.30864197530864196,2832.6728209163884,-0.8021982853204312
0.2962962962962963,2832.673305543763,-0.8403649509629882
0.2962962962962963,2834.088768178364,-2.208404683681087
0.2962962962962963,2843.2752978345416,2.734044955195794
0.30864197530864196,2834.7971456130913,-2.9338885497350344
0.2962962962962963,2832.673113060857,-0.7975893762026021
0.2962962962962963,2834.796741344974,-2.927757029072543
0.2962962962962963,2832.6732221321445,-0.8055673806178932
0.30864197530864196,2846.815297166857,-0.8229754346597268
0.2962962962962963,2829.8412969680894,2.027956495427199
0.2962962962962963,2802.2651304733413,1.258535757477234
0.2962962962962963,2842.567446091252,3.4506144996726222
0.2962962962962963,2842.567680892995,3.4229620308728257
0.2962962962962963,2829.8414585619335,2.0129727868876675
0.2962962962962963,2842.5675260493886,3.4290095507666805
0.2962962962962963,2843.275166518588,2.7438747524077773
0.2962962962962963,2834.089121644841,-2.2414003583348525
0.2962962962962963,2831.257242474614,0.6160472311034026
0.2962962962962963,2834.7972260333677,-2.9521512575970186
0.30864197530864196,2833.3812125993577,-1.520049835666784
0.30864197530864196,2833.3813051788347,-1.5420781723102
0.2962962962962963,2831.965216243838,-0.087919780556922
0.2962962962962963,2831.964923493216,-0.09390316602716668
0.2962962962962963,2834.7970778652225,-2.9477517849045065
0.2962962962962963,2833.380834086705,-1.5102075241460742
0.2962962962962963,2830.5494025610114,1.300837170775503
0.2962962962962963,2834.089198794727,-2.2439248946917822
0.2962962962962963,2833.3811110775086,-1.5021056264118529
0.2962962962962963,2833.3811221188375,-1.4998862198788838
0.30864197530864196,2818.531063217293,-0.8198951787858985
0.2962962962962963,2834.08882552982,-2.208954336586397
0.2962962962962963,2829.841440479577,2.0084015240482884
0.2962962962962963,2819.2389619011738,-1.525173113307626
0.2962962962962963,2819.2391225282317,-1.5440073286255116
0.2962962962962963,2834.797152704479,-2.9200226127439626
0.2962962962962963,2833.381164724725,-1.5118515428055768
0.2962962962962963,2819.9466538816237,-2.2323550522253885
0.2962962962962963,2834.7970340184143,-2.9113773801906406
0.2962962962962963,2828.4253729429324,3.427663230463497
0.2962962962962963,2829.8414372415846,2.0078622454392785
0.2962962962962963,2831.9651340220926,-0.08218467267490856
0.2962962962962963,2834.0888227243863,-2.2041184167893024
0.2962962962962963,2844.6913482624013,1.3372777756485192
0.30864197530864196,2844.6912770273657,1.3368217403451643
0.2962962962962963,2817.8230711010947,-0.10974214824343491
0.2962962962962963,2831.9653019853213,-0.10769531450315002
0.2962962962962963,2833.3811551302065,-1.506924488680137
0.2962962962962963,2846.107342652087,-0.12859029147926915
0.2962962962962963,2843.983407159419,2.0381936216753633
0.30864197530864196,2829.1334427181187,2.7075658567942433
0.2962962962962963,2834.797057697803,-2.9440342010696403
0.2962962962962963,2829.133104587652,2.7330171243786623
0.2962962962962963,2834.089128733522,-2.2161921221410052
0.2962962962962963,2834.7970622437488,-2.920458076583445
0.30864197530864196,2846.1072805725,-0.12634734587206778
0.2962962962962963,2819.9471047556467,-2.244149690115009
0.2962962962962963,2820.654929180415,-2.9363551743857528
0.2962962962962963,2820.654937009383,-2.9380532927196343
0.2962962962962963,2828.4253580538757,3.4280823497627555
0.2962962962962963,2829.841331999292,2.030075753709662
0.2962962962962963,2817.115175055243,0.5699932169679286
0.2962962962962963,2830.549440682081,1.303162525774178
0.2962962962962963,2845.3990340517253,0.6125339398664118
0.2962962962962963,2831.9649485669393,-0.08074313221559352
0.2962962962962963,2834.0887875748563,-2.1967368795372355
0.2962962962962963,2834.0891637953323,-2.2030565130111412
0.2962962962962963,2832.6732553540446,-0.8107571107799334
0.2962962962962963,2819.2390151724726,-1.527980831526112
0.2962962962962963,2828.4255399516273,3.423367854349074
0.2962962962962963,2833.3808665358592,-1.4928020094980243
0.2962962962962963,2832.6731709346473,-0.801150909168033
0.2962962962962963,2842.5675348694735,3.450048398130291
0.2962962962962963,2830.5494327605406,1.30983404251356
0.2962962962962963,2831.9649656238744,-0.08483983192842737
0.30864197530864196,2819.9470644065022,-2.2460612519500813
0.30864197530864196,2842.567499117372,3.440139337075726
0.2962962962962963,2834.796767833443,-2.909044068021127
0.2962962962962963,2829.8413149939934,2.0242855133589277
0.2962962962962963,2847.5234010341214,-1.5684061042014183
0.2962962962962963,2834.0892157339244,-2.2277902509557563
0.2962962962962963,2834.797224219547,-2.960387066346096
0.2962962962962963,2819.9470415590786,-2.25811352251168
0.2962962962962963,2834.0888117896475,-2.2123698494565147
0.2962962962962963,2832.673290659022,-0.818257068371017
0.2962962962962963,2834.0890817395803,-2.213116248431865
0.30864197530864196,2845.39932370289,0.6315640838616968
0.2962962962962963,2845.3992877724368,0.6322138857534246
0.2962962962962963,2843.983356905086,2.034447808966684
0.2962962962962963,2829.1330754818014,2.7368897947668045
0.30864197530864196,2820.6550229912646,-2.9494791738751047
0.2962962962962963,2828.4254997526887,3.4125200628844707
0.2962962962962963,2833.3811029808126,-1.5346907177743847
0.30864197530864196,2843.275562466081,2.7323068303973246
0.2962962962962963,2846.1074648919807,-0.14522303993174507
0.2962962962962963,2842.567382216045,3.4105501170449406
0.2962962962962963,2834.797047714891,-2.918481506680681
0.2962962962962963,2834.7969220286973,-2.9320971522578936
0.2962962962962963,2820.654906335842,-2.9436812686983562
0.30864197530864196,2834.797169068687,-2.923932237915168
0.2962962962962963,2829.841340228779,2.0266001100964335
0.2962962962962963,2844.6910809919364,1.3532032201656157
0.30864197530864196,2848.2313667505027,-2.273069864863177
0.2962962962962963,2845.3990939325313,0.6141698424955285
0.2962962962962963,2829.8410306723276,2.0344963370559017
0.2962962962962963,2829.841037825497,2.024720407194602
0.2962962962962963,2833.3811468662097,-1.5003162850814205
0.30864197530864196,2832.6731569342737,-0.8040304186537927
0.2962962962962963,2848.2312774326933,-2.250471559885055
0.2962962962962963,2830.5492677914294,1.3158244184454815
0.2962962962962963,2831.965184149893,-0.09151697763615396
0.2962962962962963,2845.399327052911,0.6355017039110633
0.2962962962962963,2842.5674748793836,3.4535914258829004
0.2962962962962963,2818.530989041995,-0.8248614794905632
0.30864197530864196,2820.65504405311,-2.9465451040108093
0.30864197530864196,2842.5675657396414,3.425258318955494
0.2962962962962963,2844.6913409439157,1.3414149776017799
0.2962962962962963,2843.983409950745,2.0397493241096063
0.2962962962962963,2846.8150350423284,-0.8180002613943158
0.30864197530864196,2829.8413374220613,2.0156897900633006
0.2962962962962963,2847.5234110785595,-1.5583818507856348
0.2962962962962963,2834.089188868809,-2.2348669521554054
0.2962962962962963,2842.567595097123,3.438677180941352
0.2962962962962963,2834.7971242102544,-2.935160689416696
0.2962962962962963,2819.947084415286,-2.241979213212539
0.2962962962962963,2830.5492864047746,1.3184407649581613
0.2962962962962963,2842.5675273470156,3.4512029171022602
0.2962962962962963,2831.9653403985826,-0.09825379817396274
0.2962962962962963,2831.257239991743,0.6204332099371838
0.2962962962962963,2843.275238638974,2.7389524061587243
0.2962962962962963,2829.1333574741557,2.735228648881795
0.2962962962962963,2831.257239991743,0.6204332099371838
0.30864197530864196,2842.567514406938,3.4494439307310802
0.2962962962962963,2846.815442330387,-0.8445169347275432
0.2962962962962963,2830.549290958791,1.3202663865259934
0.2962962962962963,2846.8150665273497,-0.8105075880926528
0.2962962962962963,2829.841449382043,2.0110683068781525
0.30864197530864196,2828.425480186077,3.410141637519981
0.2962962962962963,2842.567525569539,3.445218913814578
0.30864197530864196,2834.7967500113155,-2.9264602449781565
0.2962962962962963,2817.82300692715,-0.12190531571224168
0.30864197530864196,2829.1334839462534,2.709253990372698
0.2962962962962963,2831.965213561137,-0.09410615816941574
0.2962962962962963,2830.5492689637717,1.3213232920107585
0.2962962962962963,2832.672879318323,-0.7973665380329011
0.2962962962962963,2842.567526721879,3.4366257692118514
0.2962962962962963,2831.9651059532453,-0.09290854910100281
0.2962962962962963,2831.2573670188085,0.6012681105566116
0.2962962962962963,2831.965201386569,-0.09095406585934145
0.2962962962962963,2834.797033657813,-2.907438620810028
0.2962962962962963,2818.530758249668,-0.8134154800677826
0.2962962962962963,2831.257198793564,0.6153221383996433
0.30864197530864196,2834.0891471006753,-2.219581253702297
0.2962962962962963,2844.691294376337,1.327894094971088
0.2962962962962963,2846.81498695674,-0.8353184960353055
0.2962962962962963,2843.2754216263043,2.7420595683744615
0.2962962962962963,2819.9465954028456,-2.235301397539219
0.2962962962962963,2831.2569589708196,0.6088667946145646
0.2962962962962963,2842.5672659715956,3.42612422596978
0.2962962962962963,2829.8413888223267,2.0135362601707327
0.2962962962962963,2815.698845946446,1.9949839377078986
0.30864197530864196,2817.115188419585,0.5665233790171134
0.30864197530864196,2848.231404502712,-2.2589305751775757
0.2962962962962963,2833.381115084701,-1.5175441885152976
0.2962962962962963,2831.9648848019783,-0.09534365728788688
0.2962962962962963,2848.231331977057,-2.2668864095755974
0.2962962962962963,2820.6548672891527,-2.935841907568169
0.30864197530864196,2843.9833982954724,2.0365939705335276
0.2962962962962963,2834.797163598724,-2.950328883841332
0.2962962962962963,2834.7970284899848,-2.9256739442604376
0.2962962962962963,2834.089047070766,-2.222838858629362
0.2962962962962963,2834.7970456110434,-2.9183367545965297
0.2962962962962963,2834.089037547198,-2.2065267151991677
0.2962962962962963,2843.2751767277323,2.749600582800626
0.2962962962962963,2819.9469180192777,-2.236767002383985
0.2962962962962963,2834.0887569250394,-2.215751134394102
0.2962962962962963,2833.3808461475346,-1.5068525040292722
0.2962962962962963,2819.2390817630267,-1.545924672606971
0.30864197530864196,2831.2572114058453,0.6151461626859313
0.2962962962962963,2820.65493926471,-2.9389980178694026
0.2962962962962963,2844.691501876312,1.3054537143171536
0.2962962962962963,2818.5309864143087,-0.8270800095355486
0.2962962962962963,2831.965233318937,-0.09554428507076411
0.2962962962962963,2848.2309606268986,-2.257577424698465
0.2962962962962963,2829.1334287360564,2.699508378148332
0.2962962962962963,2819.239085059289,-1.5494498420193128
0.2962962962962963,2828.425367004192,3.4220251513182687
0.2962962962962963,2843.983504282818,2.0224756911052966
0.2839506172839506,2843.275228350274,2.7550409988081426
0.2839506172839506,2834.797143239331,-2.9209841001504384
0.2839506172839506,2846.1074510701187,-0.14313694136906993
0.2839506172839506,2847.523342404873,-1.5549576119520465
0.2839506172839506,2843.275177948559,2.7216685973048325
0.2962962962962962,2846.10702656903,-0.12651293635599106
0.2839506172839506,2834.089034850738,-2.2273838317852848
0.2839506172839506,2834.7969937540206,-2.9276096046435454
0.2839506172839506,2833.3811124152066,-1.5079222275671558
0.2962962962962963,2847.5232659129915,-1.5332278958400842
0.2962962962962963,2842.5675646508957,3.419482822127357
0.2962962962962963,2847.5232652725444,-1.5518258819389232
0.2839506172839506,2830.5493900267725,1.2919354387923454
0.2839506172839506,2833.3810190173062,-1.4980733461314892
0.2839506172839506,2820.6549123579284,-2.9387358171708664
0.2839506172839506,2833.3811608655365,-1.5291265265734593
0.2839506172839506,2829.133484609272,2.7158849874300097
0.2839506172839506,2831.2573506798058,0.5933068176658866
0.2839506172839506,2834.796995622204,-2.9147351396582812
0.2839506172839506,2831.9653242865525,-0.10717641291510098
0.2839506172839506,2833.381121050002,-1.503032749762929
0.2962962962962963,2819.238804576039,-1.5264392239282862
0.2962962962962963,2831.965199547427,-0.09448181317416131
0.2839506172839506,2843.2753874403015,2.7479815297738623
0.2839506172839506,2843.2755864517108,2.7265572480932647
0.2839506172839506,2834.79717113424,-2.931150752197379
0.2962962962962963,2843.9833851161916,2.030894858008711
0.2839506172839506,2831.9651705087877,-0.08927430041580645
0.2839506172839506,2830.5489642125517,1.312318446255697
0.2839506172839506,2834.797043579674,-2.927088858480414
0.2839506172839506,2834.7970787476843,-2.9462368492000315
0.2839506172839506,2848.2312453984414,-2.249804977148253
0.2839506172839506,2833.3811869716624,-1.5233741412903283
0.2839506172839506,2843.2753981984692,2.741443014757015
0.2839506172839506,2829.1334584324695,2.7148240195995834
0.2839506172839506,2834.797031250667,-2.9175252301084815
0.2839506172839506,2834.7969209248586,-2.9179401511081062
0.2839506172839506,2846.1073211546677,-0.13601493313023585
0.2839506172839506,2801.5571685940718,1.9635964326712896
0.2839506172839506,2830.549375943082,1.3081251208557232
0.2839506172839506,2845.3992905680175,0.6214978332050393
0.2839506172839506,2832.673142319994,-0.8051338044557502
0.2962962962962963,2831.965172865888,-0.09307634465117191
0.2839506172839506,2842.5674882830203,3.4409325108755713
0.2839506172839506,2834.796713491948,-2.9112402820892087
0.2839506172839506,2834.0890946153395,-2.2384297821661177
0.2839506172839506,2831.2573368082035,0.6030888966954563
0.2839506172839506,2819.947044429935,-2.2450425737385733
0.2839506172839506,2834.797028254791,-2.912660568473885
0.2839506172839506,2828.4253909019035,3.424119420249066
0.2839506172839506,2820.6548663474528,-2.93718596499268
0.2839506172839506,2843.275196042577,2.757764777154947
0.2839506172839506,2842.5675211609487,3.4234772132781224
0.2839506172839506,2831.9651735206403,-0.09643943151367308
0.2839506172839506,2844.691528470578,1.309118526451416
0.2839506172839506,2834.0890916904086,-2.218793696023059
0.2839506172839506,2846.1073149830186,-0.13232994435896267
0.2839506172839506,2830.5492199027335,1.3173729708394373
0.2839506172839506,2831.965179081076,-0.08807871077146681
0.2839506172839506,2843.983352443341,2.0363654200863324
0.2839506172839506,2828.425355755722,3.4266068965681984
0.2839506172839506,2834.796714148878,-2.9167473242528823
0.2839506172839506,2806.512499258516,-2.95347918683405
0.2839506172839506,2842.5674794743104,3.4410578426300416
0.2839506172839506,2831.257329566628,0.600956261684897
0.2839506172839506,2842.5674698850858,3.449725011155466
0.2839506172839506,2831.257177020439,0.6122023548374891
0.2839506172839506,2831.9651912151867,-0.09504835251889325
0.2839506172839506,2830.5489951518607,1.3257524717858553
0.2839506172839506,2843.2754342321277,2.7455157732125337
0.2839506172839506,2819.9469284737906,-2.228856482322471
0.2839506172839506,2801.557192948276,1.9652866026900087
0.2839506172839506,2842.56745261468,3.457773762187544
0.2962962962962963,2832.6729261011424,-0.7975451579054803
0.2839506172839506,2834.0890830111944,-2.2097073576420008
0.2839506172839506,2847.523314164971,-1.539597949914776
0.2839506172839506,2847.523418385876,-1.5652822756525686
0.2839506172839506,2828.4255051833875,3.4140809422412235
0.2839506172839506,2842.567538922922,3.4516389030146137
0.2839506172839506,2834.7969692886695,-2.926331926891219
0.2839506172839506,2834.089237475512,-2.2200454789859214
0.2839506172839506,2834.0891390243196,-2.232898496631374
0.2839506172839506,2819.947082164175,-2.241720188582321
0.2839506172839506,2831.9649366011913,-0.0900247858334982
0.2839506172839506,2833.381157484699,-1.5152185541228347
0.2839506172839506,2847.5229861364633,-1.523591815810895
0.2839506172839506,2831.257235107392,0.6200620529296003
0.2839506172839506,2834.7970778443755,-2.9266930854812427
0.2839506172839506,2834.0891048963713,-2.2214446489380184
0.2839506172839506,2843.9835469916056,2.0205274350337237
0.2839506172839506,2846.815043806146,-0.8264136703362165
0.2839506172839506,2833.3810264323893,-1.5209945456922236
0.2839506172839506,2842.5676228598577,3.429795174151996
0.2839506172839506,2844.6911104661335,1.3359911286358592
0.2839506172839506,2830.5492795768173,1.3189658980789087
0.2839506172839506,2843.27548167904,2.7467231423099014
0.2839506172839506,2830.5492582785714,1.303942662759548
0.2962962962962963,2831.965344286344,-0.1097587070190457
0.2839506172839506,2831.964919899407,-0.07759542508324282
0.2839506172839506,2846.8154449864505,-0.8568950236310038
0.2839506172839506,2843.2753775614196,2.725297130057767
0.2839506172839506,2843.275463031402,2.748996977852417
0.2839506172839506,2834.7967955240606,-2.9034973954800356
0.2839506172839506,2832.6729277037666,-0.7856443524607846
0.2839506172839506,2832.6729078128387,-0.7920198412493622
0.2839506172839506,2829.841322332273,2.025406977333682
0.2839506172839506,2843.2751657167382,2.746965525324867
0.2839506172839506,2846.8153073329145,-0.83683974585671
0.2962962962962963,2843.275475853299,2.7514914772144063
0.2839506172839506,2844.6914878815837,1.32136987237736
0.2839506172839506,2846.1074585853303,-0.14967815523158123
0.2839506172839506,2834.0891095410757,-2.218237871671554
0.2839506172839506,2842.567507774146,3.4492369174140176
0.2839506172839506,2834.0890841160176,-2.2101454137493217
0.2839506172839506,2829.8413310919464,2.024833371949648
0.2839506172839506,2830.549291440978,1.3251769103843083
0.2962962962962963,2834.7968163937567,-2.909136330786817
0.2962962962962963,2829.133332792417,2.7210113431908356
0.2962962962962963,2818.5311504171314,-0.8337575423807607
0.2962962962962963,2831.965263843705,-0.09354903109166451
0.2839506172839506,2843.2754686926014,2.7442006868172566
0.2839506172839506,2842.567406404383,3.4625079922324056
0.2839506172839506,2844.6911378463765,1.327881877935047
0.2839506172839506,2843.9834169859027,2.051790327719398
0.2839506172839506,2830.549295242875,1.322471179308445
0.2962962962962963,2818.530739074781,-0.8172182212976355
0.2839506172839506,2834.796776394579,-2.9087395395463167
0.2962962962962963,2847.523307849896,-1.5466248361961754
0.2839506172839506,2843.2756260163424,2.7115392344864877
0.2839506172839506,2828.425364144303,3.4211860377804113
0.2839506172839506,2848.2309472287075,-2.248556156656573
0.2839506172839506,2832.673138468045,-0.8000433808071071
0.2839506172839506,2832.6732591183604,-0.813227647035524
0.2839506172839506,2843.983530431043,2.0300656753116773
0.2839506172839506,2834.7967856010373,-2.9329766815119713
0.2839506172839506,2846.815269797279,-0.8198880724086488
0.2962962962962963,2820.655002359128,-2.954432755816777
0.2839506172839506,2831.9649114015406,-0.08807011410788508
0.2962962962962963,2832.6733414641817,-0.8452783745558132
0.2839506172839506,2843.2751256704214,2.7483428356529975
0.2839506172839506,2830.5494161897986,1.2998381348132364
0.2839506172839506,2833.381132497254,-1.5094550960514026
0.2839506172839506,2831.257372781956,0.5981754666661373
0.2839506172839506,2800.140875875891,3.3941000547568425
0.2839506172839506,2830.5494064461823,1.3058125262364877
0.2839506172839506,2830.549266135833,1.3203084476338711
0.2962962962962963,2829.133318106911,2.725416031139412
0.2839506172839506,2817.8230728461676,-0.10950852997004326
0.2839506172839506,2834.0892259330462,-2.2490364404142498
0.2839506172839506,2831.257234999626,0.6060944716319431
0.2839506172839506,2834.0890475824476,-2.2194359117171896
0.2839506172839506,2833.3811295005517,-1.5361385766076887
0.2839506172839506,2834.7971893097215,-2.9581449313829684
0.2839506172839506,2847.5230036180114,-1.5466716299063907
0.2839506172839506,2831.257255572527,0.6076687745799287
0.2839506172839506,2819.947044429935,-2.2450425737385733
0.2839506172839506,2833.3808417755336,-1.4990312531624344
0.2839506172839506,2831.257226541401,0.615119119870152
0.2839506172839506,2834.796975763996,-2.9072354255178148
0.2839506172839506,2846.1074484238957,-0.14607312836560432
0.2839506172839506,2832.6731599876243,-0.7981508987478276
0.2962962962962963,2820.654607289324,-2.9407116149013026
0.2962962962962963,2832.673305010229,-0.8161087578315347
0.2839506172839506,2843.9835378156113,2.02646269918449
0.2839506172839506,2834.7970525267265,-2.941649595515885
0.2839506172839506,2846.1074718849814,-0.14691394172822034
0.2839506172839506,2834.089116422052,-2.239000725359797
0.2839506172839506,2834.0890731642503,-2.2124418109722006
0.2839506172839506,2834.7968011901808,-2.9368513807146384
0.2839506172839506,2828.4255064709905,3.4074578144634087
0.2839506172839506,2820.6546337057503,-2.937700828326272
0.2962962962962963,2828.4254830802947,3.4121317475925137
0.2839506172839506,2848.2313258655636,-2.257469166528971
0.2839506172839506,2829.841008891696,2.026931675508827
0.2839506172839506,2819.238949081217,-1.5261979106671508
0.2839506172839506,2843.2751366978523,2.7458905539522216
0.2839506172839506,2834.0890617920736,-2.2137565693768804
0.2839506172839506,2842.5676872112303,3.426533806816157
0.2962962962962963,2843.983402407546,2.040828513506576
0.2839506172839506,2848.231214912013,-2.240907626124253
0.2839506172839506,2847.523368652695,-1.5605673009237029
0.2839506172839506,2833.3812016139846,-1.5258169887514812
0.2839506172839506,2818.531113319903,-0.8416813568551916
0.2839506172839506,2834.0890640480748,-2.2404643907765855
0.2716049382716049,2832.6728695118245,-0.804234242682239
0.2716049382716049,2832.6731420349583,-0.830410885507879
0.2716049382716049,2843.9834749425804,2.032263967867944
0.2716049382716049,2818.5311129224024,-0.8456297511568792
0.2716049382716049,2845.3992959008206,0.6197651656776848
0.2716049382716049,2831.256964413124,0.618741299138839
0.2716049382716049,2829.133337659129,2.72775438654863
0.2716049382716049,2843.983125988389,2.0460982562807417
0.2716049382716049,2833.381269944302,-1.531694525291915
0.2716049382716049,2831.965161036234,-0.09413899259156215
0.2839506172839506,2848.2310624065162,-2.260414749274817
0.2839506172839506,2830.5493499202325,1.3017645078222522
0.2716049382716049,2846.107034869104,-0.1225089848336928
0.2839506172839506,2843.2755732429628,2.725145241628297
0.2716049382716049,2833.381084327723,-1.507629201136107
0.2716049382716049,2847.5231826344357,-1.547475099296123
0.2716049382716049,2847.523367945913,-1.5569059409403614
0.2716049382716049,2832.673205261346,-0.8075483012421965
0.2716049382716049,2834.0888524265456,-2.2277542240574815
0.2839506172839506,2828.42539665256,3.4321537075920037
0.2716049382716049,2830.5489918697085,1.3272796081215636
0.2716049382716049,2843.2754449015533,2.7440275453496605
0.2716049382716049,2819.946931768862,-2.230067997193679
0.2716049382716049,2847.523242173397,-1.5366505031925979
0.2716049382716049,2820.654879101757,-2.9370826717250242
0.2839506172839506,2834.7969948235727,-2.9074863617496285
0.271604938271605,2829.84133353246,2.027900313071261
0.2716049382716049,2829.8413257666307,2.0269245361364105
0.2716049382716049,2829.8413257666307,2.0269245361364105
0.2716049382716049,2842.5674449267763,3.4575057642792886
0.2716049382716049,2842.567548231176,3.4379530700599257
0.2716049382716049,2834.0888196462865,-2.2300259143798282
0.2716049382716049,2842.5672413831294,3.458946149945822
0.2716049382716049,2830.549281864742,1.3214173977337018
0.2839506172839506,2829.841324878812,2.028378962043072
0.2716049382716049,2843.9833943629883,2.0297986443853997
0.2716049382716049,2843.275583250835,2.724453607447456
0.2716049382716049,2834.7972060533607,-2.9591892446249637
0.2716049382716049,2842.5672376687603,3.4229088716174
0.2839506172839506,2834.797208096859,-2.9592502370892317
0.2716049382716049,2819.9470231470436,-2.2538020072677813
0.2839506172839506,2819.9471075096244,-2.2488246748532394
0.2716049382716049,2843.9835162091003,2.016168795627854
0.2716049382716049,2834.0891043829843,-2.240270595489925
0.2716049382716049,2833.381291253262,-1.5268006561846514
0.2839506172839506,2833.3812411581825,-1.5319933626652167
0.2716049382716049,2831.9652145170935,-0.08155195069495923
0.2716049382716049,2842.567249385649,3.457309612065815
0.2716049382716049,2831.9653942132977,-0.10576629781791964
0.2716049382716049,2843.9831862560554,2.040006458185722
0.2716049382716049,2829.8413193736574,2.0274589278921744
0.2716049382716049,2846.1073695663945,-0.130557797609006
0.2716049382716049,2832.673158870428,-0.8027659464361728
0.2716049382716049,2828.425203415695,3.428841340949025
0.2716049382716049,2830.5492893671476,1.3200870970321907
0.2716049382716049,2829.8413257666307,2.0269245361364105
0.2716049382716049,2834.0891003234556,-2.20798855659864
0.2716049382716049,2833.3809210753047,-1.520322935253113
0.2716049382716049,2830.549286685086,1.3218883055396495
0.2716049382716049,2842.5675433144233,3.448705983956994
0.2839506172839506,2847.523275639107,-1.535180882404819
0.2716049382716049,2834.7968149900657,-2.905033393586383
0.2716049382716049,2843.2752465879917,2.748153615358056
0.2716049382716049,2830.5492761150626,1.3123427453541103
0.2716049382716049,2842.567688570965,3.425596459179665
0.2716049382716049,2842.567393268171,3.4351791973193366
0.2716049382716049,2829.8414370653354,2.0088514367427783
0.2839506172839506,2845.3993213103486,0.6141492641233066
0.271604938271605,2830.54927181879,1.3180910497962415
0.271604938271605,2830.549277994098,1.3208083159340205
0.2716049382716049,2831.9652434086365,-0.12794637413465942
0.2839506172839506,2831.965195439764,-0.09873409981803778
0.2716049382716049,2842.567523360654,3.434711090327366
0.2839506172839506,2834.0891154968167,-2.240544596834975
0.2716049382716049,2842.567511159081,3.416316955963846
0.2716049382716049,2834.797122633139,-2.9300623064884865
0.2716049382716049,2831.964911506361,-0.10022323790820116
0.2839506172839506,2842.567604011125,3.4234609463308656
0.2839506172839506,2829.8412881021563,2.0212866472107374
0.2716049382716049,2845.3990240029248,0.6309930695806168
0.2716049382716049,2817.8230398762053,-0.11834779439471389
0.2839506172839506,2829.8411688018496,2.0138209887805454
0.2839506172839506,2829.1334661018427,2.7090447116444625
0.2716049382716049,2814.9913034325605,2.687635211804432
0.2716049382716049,2830.549258495406,1.3174659836604028
0.2716049382716049,2846.107480656159,-0.14275396384828207
0.2839506172839506,2834.0890642796103,-2.20494113197637
0.2716049382716049,2843.983547407594,2.024636396951351
0.2716049382716049,2834.089040440186,-2.203399979109014
0.2716049382716049,2846.8154099158796,-0.8573658774628807
0.2716049382716049,2830.5493914776907,1.303162912931119
0.2839506172839506,2829.8413007989666,2.0242047680013195
0.2839506172839506,2846.107324625621,-0.12199433104704047
0.2716049382716049,2845.3990073421787,0.630738128098073
0.2716049382716049,2834.7970291930665,-2.915769517662907
0.2716049382716049,2834.7967459741985,-2.921854609513437
0.2716049382716049,2833.3811124348326,-1.509547199689488
0.2716049382716049,2831.2572397121085,0.6073886630703862
0.2716049382716049,2832.6728328970526,-0.8028293059614294
0.2839506172839506,2843.2754714517423,2.7230989126279246
0.2716049382716049,2846.107482281143,-0.14866681613965357
0.2716049382716049,2842.5676541170055,3.4194978091946924
0.2716049382716049,2834.0890815258385,-2.2059252992258203
0.2839506172839506,2834.797201389843,-2.929946371217052
0.2716049382716049,2834.0892280767907,-2.2249072017635183
0.2716049382716049,2831.257243766553,0.6150924526095503
0.2716049382716049,2845.399067426517,0.6352219054048954
0.2839506172839506,2843.2752308137683,2.749306016987258
0.2839506172839506,2834.0892361451392,-2.2329435071459334
0.2716049382716049,2832.6729110495166,-0.7835676610249472
0.2716049382716049,2834.0891146228287,-2.232137070129622
0.2716049382716049,2831.9653600644374,-0.10919027989560756
0.2716049382716049,2842.567680366761,3.4142949709411443
0.271604938271605,2831.257252292588,0.6174043004745655
0.2716049382716049,2833.381083530793,-1.502527776626601
0.2716049382716049,2834.089107903374,-2.2268991527845374
0.2716049382716049,2848.2313552930586,-2.2621470741639262
0.2716049382716049,2833.3812256742685,-1.5182770152310896
0.2839506172839506,2834.796724104987,-2.902414078226394
0.2839506172839506,2844.69152230811,1.3162544556616225
0.2839506172839506,2843.2755020967797,2.7429544910259134
0.2716049382716049,2834.089227161117,-2.231289598199231
0.2716049382716049,2843.275467446077,2.7504763697761803
0.2716049382716049,2834.0890474655102,-2.2078428357240605
0.2716049382716049,2820.6546005659557,-2.932897444421848
0.2716049382716049,2843.9833502071324,2.045604783819567
0.2716049382716049,2846.815405712027,-0.8559359265943274
0.2716049382716049,2830.549373629586,1.3021250361272982
0.2839506172839506,2818.531122593025,-0.8349701125450512
0.2839506172839506,2831.9649356174746,-0.0954281989893938
0.271604938271605,2831.257339631809,0.599865790972619
0.2716049382716049,2842.5672075395314,3.4510999753346536
0.2716049382716049,2819.2390874325656,-1.5398780758754005
0.2716049382716049,2829.841412711131,2.0071612667240593
0.2716049382716049,2843.275162972573,2.7504791498116647
0.2839506172839506,2830.5489810131476,1.3211629467635442
0.271604938271605,2831.965300550264,-0.10517043962414198
0.2716049382716049,2843.2754415726586,2.7482022011644553
0.2716049382716049,2848.231322086403,-2.2673954433823984
0.2716049382716049,2843.9835024115205,2.0174328638005727
0.2839506172839506,2834.0890755259425,-2.2242155390811695
0.2716049382716049,2834.796700968098,-2.914590328347847
0.2716049382716049,2833.3808303190526,-1.4996933885075046
0.2716049382716049,2845.3993313150177,0.6294954698263854
0.2839506172839506,2820.6548867000324,-2.9360748116598363
0.2839506172839506,2828.4250872657626,3.4306777888940974
0.2716049382716049,2818.5309542141426,-0.8307683014818977
0.2716049382716049,2819.9466491989074,-2.2306340329686294
0.2716049382716049,2819.9470312953063,-2.251582261434784
0.2716049382716049,2817.8231356212864,-0.13508092547869094
0.2716049382716049,2833.3811050427826,-1.5174387551049877
0.2716049382716049,2834.0891880757167,-2.2504826457813376
0.2716049382716049,2834.7968057600874,-2.9295633832367014
0.2716049382716049,2842.567637110706,3.4132774769309258
0.2716049382716049,2831.965252662748,-0.12356409223982794
0.2716049382716049,2818.5309575536153,-0.8287915836975245
0.2716049382716049,2829.8413044576705,2.022030667029147
0.2716049382716049,2843.27547376739,2.7398646300199156
0.2716049382716049,2830.5492591659404,1.3153313843931378
0.2716049382716049,2833.3811654920064,-1.5301221128579992
0.2716049382716049,2834.0891087908462,-2.235490804319768
0.2716049382716049,2845.3993002737157,0.6324249781072229
0.2716049382716049,2845.3993241583626,0.6348565166750202
0.2839506172839506,2830.549002098253,1.3240301471826763
0.2716049382716049,2831.257222800614,0.6112966787702214
0.271604938271605,2830.5493738035047,1.3059667411106985
0.2716049382716049,2847.5233441030173,-1.5554981259644602
0.2716049382716049,2846.107317072393,-0.11650980974096095
0.2716049382716049,2820.654990714033,-2.958612261805662
0.2716049382716049,2834.0887658492047,-2.2075528581765553
0.2716049382716049,2832.673309953841,-0.8200127631876845
0.2716049382716049,2834.089140602446,-2.2308796877564854
0.2716049382716049,2819.2391648128787,-1.542348059171751
0.271604938271605,2833.381187257593,-1.532567394441297
0.2839506172839506,2842.5676648037465,3.4265096753022006
0.2716049382716049,2833.380837868373,-1.4956860893541026
0.2716049382716049,2843.2755760375876,2.724624824771126
0.2839506172839506,2843.2753824647425,2.7484184416827913
0.2839506172839506,2844.6913597099665,1.3143031690640494
0.2716049382716049,2832.6728695158463,-0.8000469962191852
0.2716049382716049,2816.40707479825,1.2863171080927587
0.2716049382716049,2834.0890752876962,-2.224255960462071
0.25925925925925924,2845.3992038861807,0.615439565434443
0.25925925925925924,2846.8154368068626,-0.8380410681031935
0.2592592592592593,2848.2309638798315,-2.247367621020329
0.25925925925925924,2834.7970039929523,-2.932894821311427
0.25925925925925924,2834.7971896545546,-2.9417023004774707
0.25925925925925924,2844.6913637634398,1.326056256641058
0.25925925925925924,2847.522956484927,-1.5374059682008832
0.2716049382716049,2846.815061717317,-0.8288773001181458
0.25925925925925924,2842.5674607514156,3.4590850503164234
0.25925925925925924,2848.23137026861,-2.2626046269693765
0.25925925925925924,2820.654898266196,-2.937693960913999
0.25925925925925924,2834.0889834819745,-2.212600753180453
0.25925925925925924,2829.8413149596645,2.0219268459967794
0.25925925925925924,2843.2755952619214,2.724133041678281
0.25925925925925924,2834.0890010622315,-2.2150092976400764
0.25925925925925924,2834.089073692989,-2.225071279401971
0.25925925925925924,2828.4251030673095,3.4257211619986467
0.25925925925925924,2845.399315725174,0.6175846207980531
0.25925925925925924,2848.231204106207,-2.2477883225256923
0.25925925925925924,2848.938885452273,-2.9633156976869293
0.25925925925925924,2815.6992576687094,1.9819277320679576
0.25925925925925924,2831.257223413597,0.6179039382093167
0.25925925925925924,2832.6731402314695,-0.7934275894877131
0.2592592592592593,2829.841115173695,2.0295489124174515
0.25925925925925924,2829.1334872231723,2.7131343959466547
0.25925925925925924,2831.9652380994007,-0.09354143695604196
0.25925925925925924,2832.6731619266952,-0.8001108644056582
0.25925925925925924,2843.2751269866217,2.7615439125442327
0.25925925925925924,2834.0888062156905,-2.235958520812159
0.25925925925925924,2834.79720491378,-2.9591839805788256
0.25925925925925924,2832.6729555752104,-0.8160119171191526
0.25925925925925924,2842.5672477269727,3.453994834878181
0.25925925925925924,2834.088845563542,-2.2035129036567414
0.25925925925925924,2829.1333601132815,2.7321367427524934
0.25925925925925924,2830.549226647618,1.3220460317076346
0.25925925925925924,2845.399108074528,0.6198046886053405
0.25925925925925924,2834.7970414524248,-2.944729167466396
0.2716049382716049,2833.381291253262,-1.5268006561846514
0.25925925925925924,2831.9652497445272,-0.09585203266128135
0.2716049382716049,2829.8414601968934,2.013116103661749
0.25925925925925924,2829.8414346711857,2.0028727534615087
0.25925925925925924,2846.815428869208,-0.8454573312239955
0.25925925925925924,2834.7971999022184,-2.92584094626572
0.25925925925925924,2834.797042137391,-2.932616176626949
0.25925925925925924,2843.983148412638,2.034768044651479
0.25925925925925924,2832.6731125520223,-0.8082827217700813
0.2716049382716049,2834.0891346768444,-2.2425348050428977
0.25925925925925924,2848.2312423638136,-2.2603439438402946
0.25925925925925924,2842.5674974173066,3.4246489303763736
0.2716049382716049,2834.79709178053,-2.9467761005488105
0.25925925925925924,2833.3812462290803,-1.5507671099944014
0.25925925925925924,2834.797141920787,-2.9340594565409437
0.2592592592592593,2831.257241483425,0.6076677830177437
0.25925925925925924,2829.841309136294,2.0138817106632474
0.25925925925925924,2819.946924696178,-2.2393448329207315
0.25925925925925924,2834.089076645657,-2.2424021394803284
0.2716049382716049,2831.257205964118,0.6050402383352246
0.25925925925925924,2828.4253700689737,3.4218153060934715
0.25925925925925924,2842.567651024453,3.4292995110986007
0.25925925925925924,2843.9833847627197,2.036237197628415
0.25925925925925924,2843.983434352111,2.033398828189859
0.25925925925925924,2843.9834161210065,2.034874362408306
0.2716049382716049,2829.8412734605245,2.020498791392773
0.2716049382716049,2843.2752039071293,2.726227995512007
0.25925925925925924,2829.8412957919486,2.032085384059056
0.2592592592592593,2831.256979457191,0.6215403833617734
0.25925925925925924,2831.2572631098287,0.6220346118043169
0.25925925925925924,2834.0888058680234,-2.2306210038333827
0.2592592592592593,2829.8414538830484,2.013425959454279
0.2716049382716049,2834.7972033386495,-2.939505569159611
0.25925925925925924,2834.0891259971904,-2.2176178686616312
0.25925925925925924,2820.6547889130316,-2.9401885766078757
0.25925925925925924,2843.275142494956,2.7447591674064906
0.271604938271605,2831.256940828437,0.6136408436493113
0.2716049382716049,2834.088842040296,-2.2114866956941315
0.25925925925925924,2818.5310277582103,-0.8146943368267565
0.25925925925925924,2820.6550508239243,-2.9442989500146504
0.2592592592592593,2829.1333437588078,2.732929424916731
0.2716049382716049,2833.3808997299234,-1.5195685275163284
0.2716049382716049,2843.2752324645116,2.739809287307266
0.25925925925925924,2818.5310277582103,-0.8146943368267565
0.271604938271605,2832.6733125871037,-0.8211624631862868
0.25925925925925924,2843.2752416636877,2.7499599028516557
0.25925925925925924,2817.82277059764,-0.1173032282097793
0.25925925925925924,2834.0891704980786,-2.215192026999845
0.25925925925925924,2818.5311327136665,-0.8379236882249771
0.2716049382716049,2843.275463560463,2.7510274802681485
0.2592592592592593,2831.2572216994754,0.6138666635586365
0.25925925925925924,2844.6915043149884,1.3240768495765254
0.25925925925925924,2846.107455270763,-0.14476453365983474
0.25925925925925924,2846.1074630580383,-0.14236408091793853
0.25925925925925924,2834.796985362186,-2.913446603018328
0.271604938271605,2831.2573639860134,0.6015559609913381
0.2716049382716049,2831.256949430522,0.6180897189103314
0.25925925925925924,2817.1150206539023,0.5843482038087003
0.2716049382716049,2829.8410315024908,2.024200890302764
0.25925925925925924,2844.691094732777,1.3370365299356246
0.25925925925925924,2833.381147001355,-1.5315607608058996
0.25925925925925924,2845.399470036132,0.5907718265510546
0.25925925925925924,2842.5675175350684,3.43417721611385
0.25925925925925924,2829.8409894298425,2.0304740658070632
0.2592592592592593,2848.2310628398045,-2.2695577767215354
0.2592592592592593,2831.9651721643518,-0.09345218077317213
0.25925925925925924,2833.3811501626606,-1.516252600235404
0.2592592592592593,2834.797152621199,-2.9557095213919418
0.25925925925925924,2842.5675179169034,3.424701111303248
0.25925925925925924,2846.107042624974,-0.13657006522948628
0.25925925925925924,2833.3811634514336,-1.5126169790120287
0.25925925925925924,2843.275330572685,2.7429665709957747
0.2592592592592593,2831.9651715781324,-0.09617012143337661
0.25925925925925924,2848.230930427366,-2.2439128455861086
0.25925925925925924,2801.556766745795,1.9803583867680332
0.25925925925925924,2846.1073448987663,-0.1333026353173199
0.2592592592592593,2831.2571987351125,0.6133686377732179
0.25925925925925924,2829.1330433870116,2.7189684171176807
0.25925925925925924,2820.654609522616,-2.9384854145068604
0.25925925925925924,2828.425339568348,3.4255533142744397
0.25925925925925924,2833.3810541294774,-1.510982392707026
0.25925925925925924,2843.2755493701547,2.723526676106948
0.25925925925925924,2834.796999338528,-2.910641834079706
0.25925925925925924,2843.2751454071736,2.7457453798158067
0.2716049382716049,2847.523370834335,-1.5624021080596415
0.2716049382716049,2843.2752640401195,2.736572512198001
0.25925925925925924,2801.557198531039,1.965121557807764
0.25925925925925924,2831.257224810142,0.6131437877474825
0.25925925925925924,2846.1073346152334,-0.11599840022399155
0.25925925925925924,2831.9650511730365,-0.10837015500981358
0.25925925925925924,2831.2572039671813,0.6197241072570493
0.25925925925925924,2831.965182279857,-0.08657392092347738
0.25925925925925924,2831.257239132099,0.6202235466923655
0.25925925925925924,2834.0891311839423,-2.231896875567867
0.25925925925925924,2846.1072282502914,-0.12550656676101837
0.25925925925925924,2834.796759779104,-2.9115540716793245
0.25925925925925924,2834.797016040349,-2.9248963640043977
0.25925925925925924,2834.089257962945,-2.2462811480117018
0.25925925925925924,2844.691258546019,1.3257941473528991
0.2716049382716049,2831.965166486172,-0.09594053514210037
0.2592592592592593,2830.549272824793,1.320222462628292
0.2716049382716049,2843.2752487892244,2.738051263890234
0.25925925925925924,2830.549269005492,1.3238034785386756
0.25925925925925924,2846.815429785914,-0.8388111224780268
0.25925925925925924,2842.567537378587,3.435323512052803
0.25925925925925924,2843.2754862570087,2.737585984630668
0.25925925925925924,2829.8413112802136,2.024468060374295
0.25925925925925924,2834.0888213306603,-2.204741100433173
0.25925925925925924,2829.1334958651187,2.7216814609684907
0.25925925925925924,2819.238942876986,-1.5320615608650896
0.25925925925925924,2834.7969563813485,-2.9288313388033895
0.2716049382716049,2846.107364369711,-0.1214569040423008
0.25925925925925924,2832.673170098727,-0.8266567402535945
0.25925925925925924,2842.5674846269603,3.441542429553604
0.2716049382716049,2842.5674972549446,3.4455413219332343
0.25925925925925924,2831.9651698261687,-0.12191260207798911
0.25925925925925924,2842.5672124988464,3.4457392171609036
0.2592592592592593,2831.257200998606,0.6109836028616633
0.25925925925925924,2801.5571741768345,1.963431387789045
0.25925925925925924,2848.2310835214344,-2.265859111951075
0.25925925925925924,2843.2754468665935,2.7211486521961077
0.25925925925925924,2847.523220595434,-1.5471193034827364
0.25925925925925924,2834.796980323049,-2.9176629877494373
0.25925925925925924,2830.5493978158934,1.3093244914225366
0.25925925925925924,2847.523376767248,-1.5532352599847878
0.25925925925925924,2802.2651350952897,1.258395157192284
0.2716049382716049,2831.965321643299,-0.1068864572357973
0.25925925925925924,2819.9470756668798,-2.2468897175836227
0.2592592592592593,2829.841226694526,2.020992401918986
0.25925925925925924,2828.4253664357243,3.4196041093261234
0.25925925925925924,2843.275429545363,2.729732567408869
0.25925925925925924,2819.238918295864,-1.5338467702193284
0.25925925925925924,2842.5676463158907,3.4111340806168164
0.25925925925925924,2833.381083125644,-1.5186950312813543
0.25925925925925924,2842.5675611623897,3.4094983914708887
0.25925925925925924,2831.9651586030736,-0.09922142135459346
0.25925925925925924,2847.5232219907775,-1.5190989859315558
0.25925925925925924,2834.0891256943887,-2.241199791954199
0.2592592592592593,2842.5676607143546,3.4043082618680054
0.25925925925925924,2829.1330894188877,2.732355178530572
0.25925925925925924,2845.3993206088808,0.6178379987913133
0.25925925925925924,2833.381108705424,-1.5092972937794342
0.25925925925925924,2843.275568442335,2.727511664814242
0.25925925925925924,2843.9834028449845,2.031092487237819
0.2592592592592593,2830.549315390593,1.3119420777044275
0.24691358024691357,2830.549260921697,1.3188002991188246
0.24691358024691357,2819.2390734884452,-1.5507038936034987
0.24691358024691357,2829.13336022819,2.731913963982256
0.24691358024691357,2829.8411152414137,2.0317506860306955
0.25925925925925924,2847.5234005539696,-1.5666630401714716
0.24691358024691357,2848.231259755371,-2.2401251572323573
0.2592592592592592,2846.1074808361845,-0.13466888556752069
0.25925925925925924,2842.5675989467118,3.4454690260165877
0.24691358024691357,2828.42534262648,3.4214702838941506
0.24691358024691357,2834.797135227103,-2.920241380542675
0.24691358024691357,2829.1333449959184,2.724557461945899
0.24691358024691357,2820.6550348440064,-2.949122701487469
0.24691358024691357,2831.9649914453776,-0.08858786627599474
0.24691358024691357,2829.8413267239007,2.0249234662156894
0.24691358024691357,2843.9832913833557,2.034154514979681
0.24691358024691357,2843.275459216745,2.7524438208684057
0.24691358024691357,2834.7971333058076,-2.9289414533882563
0.2592592592592592,2842.5672323855915,3.441594173717617
0.24691358024691357,2829.841277412263,2.0214069681869122
0.24691358024691357,2842.5672101003124,3.4460048541621227
0.24691358024691357,2846.8154009039526,-0.8550888921478348
0.25925925925925924,2831.257235319341,0.6104523146383712
0.25925925925925924,2831.2572212295877,0.6097836408929765
0.24691358024691357,2828.4253615697844,3.4260117472008416
0.24691358024691357,2843.9831201839293,2.0352171057334405
0.2592592592592592,2833.3812525598396,-1.5300567051669818
0.24691358024691357,2829.841423833012,2.0032513228504696
0.24691358024691357,2820.6550347966686,-2.9543643410290463
0.24691358024691357,2830.549195488101,1.3150937136584748
0.25925925925925924,2834.797033175085,-2.915401824926755
0.24691358024691357,2831.9651948491,-0.09910219059913433
0.24691358024691357,2831.9648654118223,-0.09026775818245869
0.24691358024691357,2819.2389988822865,-1.544927815731822
0.24691358024691357,2819.9469419461516,-2.2347643908114754
0.24691358024691357,2818.531099769319,-0.8428151461328653
0.24691358024691357,2845.3991989976116,0.6171765482650725
0.24691358024691357,2834.7969820779267,-2.927843183922008
0.24691358024691357,2791.6625592425166,-2.281794854503311
0.2592592592592593,2831.257212912258,0.6142472374501982
0.25925925925925924,2834.0891089127776,-2.2386816245865595
0.24691358024691357,2829.841309703053,2.0197104848615552
0.24691358024691357,2834.0890406064755,-2.217043557480954
0.24691358024691357,2848.2312782143913,-2.2527220250227353
0.24691358024691357,2818.531125996632,-0.8446018415525596
0.24691358024691357,2831.2569215728317,0.6194637128140352
0.24691358024691357,2818.5311437599435,-0.8340371007235643
0.24691358024691357,2831.965170766573,-0.0927665854452401
0.24691358024691357,2833.3811450454623,-1.523183125204359
0.25925925925925924,2844.6913520957,1.3328179693247175
0.25925925925925924,2832.673138520023,-0.81354983539394
0.24691358024691357,2830.549363623688,1.2962860862111751
0.2592592592592593,2832.673127399916,-0.7974912545829533
0.24691358024691357,2842.567181400295,3.449776442078436
0.24691358024691357,2848.230932555238,-2.249209906117857
0.24691358024691357,2845.3994228195816,0.5977009335001601
0.24691358024691357,2834.0890456951265,-2.2181646209202674
0.25925925925925924,2847.5233888927864,-1.5551186097338716
0.25925925925925924,2843.275439978846,2.743418089393997
0.24691358024691357,2846.10706530803,-0.12021592622423236
0.24691358024691357,2847.5232622192275,-1.544115350570057
0.24691358024691357,2831.257197502498,0.6105046215010431
0.24691358024691357,2834.089071676448,-2.2225711427273125
0.25925925925925924,2834.0891147684333,-2.2216523906079546
0.24691358024691357,2843.275532065953,2.7331452999147268
0.24691358024691357,2831.9651873507046,-0.09200028281417628
0.25925925925925924,2842.5675315323338,3.446513553891519
0.25925925925925924,2834.089237341779,-2.2336374360999236
0.24691358024691357,2833.381125735441,-1.506182268297188
0.24691358024691357,2846.1070755313012,-0.1298123294453791
0.24691358024691357,2843.275520597094,2.7427070897982184
0.24691358024691357,2832.6730119152858,-0.8134253415316176
0.24691358024691357,2843.9832703431202,2.0286724944594052
0.24691358024691357,2834.7970600719136,-2.9272683901468
0.24691358024691357,2832.672883854907,-0.8205674985646761
0.24691358024691357,2829.8412996083102,2.018170005009445
0.24691358024691357,2834.0891259840255,-2.234225065785926
0.24691358024691357,2843.275217088421,2.7228687333768566
0.24691358024691357,2834.797010137512,-2.9446987420482653
0.24691358024691357,2843.2756057077545,2.72684001197741
0.24691358024691357,2834.0891083429133,-2.219184369325184
0.24691358024691357,2831.2569504902385,0.6158595613391141
0.24691358024691357,2829.1330966803557,2.7261505196799884
0.24691358024691357,2842.5675108305386,3.4340742469918486
0.24691358024691357,2844.6913695775984,1.3229788338225459
0.24691358024691357,2818.531132443986,-0.8470510635634692
0.24691358024691357,2831.257233705991,0.6198035801082182
0.24691358024691357,2834.7971350945295,-2.939068073867244
0.24691358024691357,2819.9469150343893,-2.2430730560356804
0.24691358024691357,2828.4255374581567,3.407604859849672
0.2592592592592593,2829.8414405030135,2.0117937443167455
0.2592592592592593,2831.9651879376274,-0.08969927008976943
0.24691358024691357,2842.567519624866,3.444615026325298
0.24691358024691357,2847.523418995477,-1.5581482367379944
0.24691358024691357,2842.5674503829223,3.4506870687958555
0.2592592592592593,2831.257228393043,0.6140391798438691
0.24691358024691357,2843.275459770463,2.750759560651647
0.24691358024691357,2844.6910984057595,1.346653824711039
0.24691358024691357,2834.0890963728193,-2.211515160095425
0.25925925925925924,2843.275459092628,2.749262556502342
0.24691358024691357,2820.655054682804,-2.9520798326766147
0.25925925925925924,2844.6914045097733,1.3160616858319802
0.24691358024691357,2831.965251598834,-0.1099646364278411
0.2592592592592593,2831.9651941488164,-0.09000309573218829
0.24691358024691357,2843.2754150644337,2.748010054817173
0.24691358024691357,2834.79703044508,-2.9102928176458533
0.24691358024691357,2829.1333431733206,2.725186664134192
0.24691358024691357,2820.654632905619,-2.9387006255235213
0.24691358024691357,2819.239079935799,-1.5531531156144083
0.25925925925925924,2843.275657444176,2.697051149914926
0.24691358024691357,2834.7970347003907,-2.9204555624864126
0.24691358024691357,2846.815434636757,-0.8551957651568406
0.24691358024691357,2829.8414417698405,2.0152239419596625
0.24691358024691357,2846.815428626132,-0.845550493703313
0.24691358024691357,2831.2572229659713,0.6132610634541676
0.24691358024691357,2844.691361838918,1.3379708766288543
0.2592592592592593,2829.8413066037165,2.025443847308933
0.2592592592592593,2830.549393739658,1.305455658993222
0.25925925925925924,2834.797094494233,-2.9475681418655713
0.24691358024691357,2834.7970616509974,-2.9214123763058586
0.24691358024691357,2831.965203715227,-0.10453027798943282
0.25925925925925924,2834.7969833156617,-2.8961189986574674
0.25925925925925924,2834.0890978490565,-2.2287517761233575
0.24691358024691357,2834.7970851166356,-2.946598358382076
0.25925925925925924,2832.6729360236423,-0.7952259347442067
0.25925925925925924,2833.3808846450866,-1.4984766730599801
0.25925925925925924,2832.673207844987,-0.8199340412893833
0.24691358024691357,2829.841295683454,2.019103727867453
0.24691358024691357,2834.089045727854,-2.2090391665286617
0.24691358024691357,2831.9651700617974,-0.09419028286550701
0.24691358024691357,2844.6914914821405,1.3144636240216838
0.24691358024691357,2834.797203719508,-2.9591769784818
0.24691358024691357,2843.2752136495556,2.747601828161716
0.24691358024691357,2844.6912886066793,1.3530420426659528
0.24691358024691357,2834.797203676377,-2.926438721683134
0.24691358024691357,2834.7969147519516,-2.9114151896950715
0.24691358024691357,2830.549106076689,1.3157117150836843
0.25925925925925924,2834.797208983879,-2.9273094551590875
0.25925925925925924,2846.107124922394,-0.10574190169087738
0.24691358024691357,2846.8153941398,-0.8505475953649502
0.24691358024691357,2831.9651629853533,-0.09293400534681252
0.24691358024691357,2834.797019308093,-2.92909534422045
0.24691358024691357,2846.107291588782,-0.12428513972024927
0.24691358024691357,2830.5492097232996,1.3188393112166896
0.24691358024691357,2829.8412828668743,2.0281161597637762
0.25925925925925924,2831.9650357654436,-0.11015211906864145
0.25925925925925924,2831.964958165913,-0.091559162481002
0.24691358024691357,2801.556813488176,1.9863375569198525
0.25925925925925924,2831.965215529715,-0.09353871312036406
0.24691358024691357,2819.238692258344,-1.5273946453281169
0.24691358024691357,2833.380854524885,-1.5229712773799997
0.24691358024691357,2842.5675504595033,3.448788304258701
0.24691358024691357,2833.381273466009,-1.517415541183092
0.2592592592592593,2830.549299479566,1.3252383049846488
0.25925925925925924,2846.1070992865225,-0.1287519652556502
0.25925925925925924,2834.0891131464214,-2.2186870875980675
0.2592592592592593,2831.965202264697,-0.08622566204550954
0.24691358024691357,2828.425408119464,3.437669965364769
0.24691358024691357,2834.0891454662665,-2.2302571744883806
0.24691358024691357,2833.3808834929973,-1.4984722669749513
0.25925925925925924,2834.79706088129,-2.913655827961191
0.24691358024691357,2828.4254031180317,3.432922006100621
0.24691358024691357,2843.983542065914,2.0217296093600043
0.24691358024691357,2831.9648911903637,-0.09189153263729834
0.24691358024691357,2843.9834114220675,2.036994631489654
0.24691358024691357,2846.1074647665528,-0.14587918592306798
0.24691358024691357,2828.425369571623,3.424173080740043
0.24691358024691357,2818.5309644485674,-0.829199468749097
0.24691358024691357,2829.1330834342293,2.7344709539921954
0.25925925925925924,2844.691302133886,1.335591937802602
0.25925925925925924,2844.6913904900102,1.3349630846865033
0.24691358024691357,2819.238847417791,-1.5394306759780119
0.24691358024691357,2834.089052426629,-2.2085576236946665
0.24691358024691357,2848.2313266421947,-2.2684356781562034
0.25925925925925924,2842.567503205842,3.4507476027475614
0.24691358024691357,2828.4255333162037,3.409819328738645
0.24691358024691357,2828.4253498025278,3.4165674756896576
0.24691358024691357,2842.5674807440396,3.438931565150787
0.24691358024691357,2834.7971752208045,-2.9555315931281325
0.24691358024691357,2847.522985875034,-1.5455427177967966
0.24691358024691357,2833.381093955735,-1.516568044403973
0.25925925925925924,2832.6730872529274,-0.8034022886587873
0.24691358024691357,2818.5309589870003,-0.8253548980179076
0.24691358024691357,2828.425360510042,3.4271701439295112
0.24691358024691357,2843.9830917595614,2.045744180497257
0.25925925925925924,2829.133369667279,2.7328541024877837
0.24691358024691357,2829.1334925522146,2.7132045135810996
0.24691358024691357,2843.275554117584,2.7280738364380492
0.24691358024691357,2831.2573622963146,0.5944247425353594
0.24691358024691357,2834.089248162993,-2.249302779695462
0.24691358024691357,2834.0892026738725,-2.2221950104395702
0.24691358024691357,2828.4255153262316,3.4180948343347453
0.24691358024691357,2834.088996095778,-2.2007396243085324
0.25925925925925924,2846.8150266674425,-0.8317757762111312
0.24691358024691357,2842.5675186336675,3.436523936432849
0.24691358024691357,2830.5493961821953,1.309535418148003
0.24691358024691357,2847.5233058128706,-1.5394130547784666
0.24691358024691357,2842.5675034636624,3.4534660129301837
0.24691358024691357,2830.5494084009506,1.3033624911182529
0.24691358024691357,2831.2573799300503,0.6055373605421127
0.24691358024691357,2832.672899317544,-0.7946875951644666
0.24691358024691357,2847.5229565672107,-1.522586841303215
0.24691358024691357,2834.797203719508,-2.9591769784818
0.24691358024691357,2834.796805061044,-2.909272083827838
0.24691358024691357,2829.841055591258,2.03437014264122
0.2345679012345679,2834.089127706911,-2.231819080381643
0.2345679012345679,2818.531112615078,-0.8417571805546814
0.2345679012345679,2819.9466604112827,-2.2358027242310365
0.2345679012345679,2818.5309870371007,-0.822582691489734
0.2345679012345679,2846.8152728714103,-0.8370256511217792
0.2345679012345679,2843.2755380540652,2.7307063958224687
0.2345679012345679,2831.965294992538,-0.10871054925521262
0.2345679012345679,2828.425514517752,3.408255777808588
0.2345679012345679,2831.2571513346406,0.6119777793567868
0.2345679012345679,2842.567665148645,3.4265641391264308
0.2345679012345679,2847.5229730977567,-1.5350689973590113
0.2345679012345679,2832.6732734676707,-0.8199302022516856
0.2345679012345679,2842.567623930372,3.415322728722297
0.2345679012345679,2833.380833403235,-1.503783285923901
0.24691358024691357,2833.381153684345,-1.5347092013476609
0.2345679012345679,2834.7971903642874,-2.9331070781092863
0.2345679012345679,2829.1334781608884,2.7123002681701815
0.24691358024691357,2831.257225597893,0.6121429452667896
0.2345679012345679,2828.4253838552036,3.4224725766767072
0.24691358024691357,2831.257214174892,0.6108929367930002
0.24691358024691357,2848.230977531977,-2.2600177079934243
0.2345679012345679,2830.549345095432,1.3082208929569157
0.2345679012345679,2829.133347688148,2.711868645747993
0.2345679012345679,2843.9834076610614,2.0279955560456155
0.2345679012345679,2814.9913260355,2.6918430109487286
0.2345679012345679,2830.5492511027705,1.3271768304449543
0.2345679012345679,2834.7971922211204,-2.9332301604226045
0.2345679012345679,2842.567507069322,3.4491610937143005
0.2345679012345679,2819.946962916468,-2.230922408827709
0.2345679012345679,2842.567296545074,3.4436072877528714
0.2345679012345679,2834.796990065149,-2.898268997243685
0.2345679012345679,2829.841325118834,2.028872694490525
0.2345679012345679,2843.9832949890147,2.0298495957640252
0.2345679012345679,2842.5675634967824,3.4343740726470986
0.2345679012345679,2828.4253780067556,3.4216170680263325
0.2345679012345679,2830.549403978936,1.3056050701177861
0.24691358024691357,2834.0892026738725,-2.2221950104395702
0.2345679012345679,2847.5232787102223,-1.527795435944647
0.2345679012345679,2817.823135092668,-0.1351377932533651
0.2345679012345679,2831.9651904129887,-0.09243630029211258
0.2345679012345679,2828.425373439536,3.4274802920026946
0.2345679012345679,2820.6547136995546,-2.9417302571284707
0.24691358024691357,2829.841306720644,2.0224745381831313
0.2345679012345679,2832.673286734301,-0.8095036216724969
0.2345679012345679,2834.0890082308038,-2.20649183692278
0.2345679012345679,2845.3992986439102,0.6161048755519246
0.24691358024691357,2829.841322354037,2.0219811468790474
0.2345679012345679,2833.3811384016913,-1.507904187399756
0.2345679012345679,2832.6731881913674,-0.7985660947873859
0.2345679012345679,2834.088756751518,-2.211049075678178
0.2345679012345679,2831.9652553081532,-0.0928042830398278
0.2345679012345679,2843.275467987777,2.7441248631175394
0.2345679012345679,2846.814989043276,-0.8303489258757317
0.2345679012345679,2843.9830841631792,2.036754838599233
0.2345679012345679,2842.5672447309994,3.4607141471370793
0.2345679012345679,2829.8410640252564,2.0316953213035105
0.2345679012345679,2819.239027369943,-1.5275284538127922
0.2345679012345679,2844.69125590747,1.3248133651672642
0.2345679012345679,2829.133363140637,2.735067321816183
0.2345679012345679,2830.5492889737316,1.3249694542656067
0.24691358024691357,2830.5492849602942,1.321688444126387
0.2345679012345679,2834.7972035765156,-2.9592352214853257
0.2345679012345679,2829.133292676441,2.731273404826583
0.24691358024691357,2834.7970407760477,-2.9095127534200103
0.2345679012345679,2830.5492893573,1.3292394544574782
0.24691358024691357,2831.2572485608107,0.6148510050221673
0.2345679012345679,2829.84133929598,2.029751294167505
0.2345679012345679,2844.6912521256045,1.3290993284581045
0.24691358024691357,2833.3811379909166,-1.498048786389852
0.2345679012345679,2843.275220273957,2.746309581789514
0.24691358024691357,2832.6731251088154,-0.8052388941078584
0.2345679012345679,2831.9653406172247,-0.10578118304408793
0.2345679012345679,2842.567605170131,3.4317928709670795
0.2345679012345679,2842.5674966026754,3.4494480432906034
0.2345679012345679,2831.2570712888255,0.6159501651119614
0.2345679012345679,2846.1073198664863,-0.13943631933995446
0.2345679012345679,2833.380803341588,-1.5078883652947093
0.2345679012345679,2831.25714350886,0.6073718967584734
0.2345679012345679,2829.8414292047905,2.010876026139774
0.2345679012345679,2844.6913338349623,1.3319278119088986
0.24691358024691357,2842.5675140804524,3.450468352987695
0.24691358024691357,2831.2572218401524,0.6137640685220636
0.2345679012345679,2830.549013070228,1.3275005033570997
0.2345679012345679,2845.399340605541,0.6306765602956473
0.2345679012345679,2828.4254937659116,3.4098208237567835
0.24691358024691357,2845.3994418755037,0.6178200063392502
0.2345679012345679,2831.2572280865124,0.6102094127625657
0.24691358024691357,2834.089193169464,-2.2228676629780395
0.2345679012345679,2817.115174174213,0.5698984373433958
0.24691358024691357,2830.5492034888034,1.3128709133330398
0.2345679012345679,2829.8412983317203,2.0239973118826184
0.2345679012345679,2833.3810948764967,-1.495821400188448
0.2345679012345679,2829.841298801187,2.0293587249203697
0.24691358024691357,2842.567364573386,3.456127386972158
0.24691358024691357,2843.9834059932123,2.031857344480287
0.2345679012345679,2843.983446743479,2.0136677092405986
0.24691358024691357,2845.399417798365,0.6243763831867598
0.2345679012345679,2842.5675458557585,3.4194488758374453
0.24691358024691357,2845.3993050104955,0.6164857769566494
0.2345679012345679,2846.1073310082943,-0.11627102371203535
0.2345679012345679,2828.4253835035674,3.4177127279966246
0.2345679012345679,2832.6732912828534,-0.8147079955508896
0.2345679012345679,2833.3812836981297,-1.5238212639269981
0.2345679012345679,2820.6548532928873,-2.947053048620864
0.2345679012345679,2834.796788611214,-2.941448683797024
0.2345679012345679,2831.9653405159866,-0.09892659470947487
0.24691358024691357,2831.9653314759444,-0.10482490132323376
0.2345679012345679,2834.7970676185832,-2.922644698199008
0.2345679012345679,2834.0887933448157,-2.2110677012078908
0.2345679012345679,2830.548988111399,1.316956945191871
0.2345679012345679,2834.797227698665,-2.9523164471703973
0.2345679012345679,2834.08911767427,-2.2336462513510065
0.2345679012345679,2843.2754154822846,2.7602906533149856
0.2345679012345679,2829.8414366646675,2.002682432427557
0.2345679012345679,2831.965191375803,-0.08433591541972976
0.2345679012345679,2834.7971011479704,-2.9395023929895894
0.2345679012345679,2831.2569490298542,0.6119207145951099
0.24691358024691357,2831.256989244539,0.6195186742764988
0.2345679012345679,2843.2754285487085,2.7463613126643227
0.24691358024691357,2834.0892330063994,-2.22403494286781
0.2345679012345679,2818.5310980933846,-0.844827871831798
0.2345679012345679,2820.654982803523,-2.960630583284969
0.2345679012345679,2819.2386907975547,-1.5236204336285208
0.2345679012345679,2828.4253168817895,3.4185767631216297
0.2345679012345679,2817.82272716041,-0.11796350147852903
0.2345679012345679,2832.6733044145867,-0.8199365210790822
0.2345679012345679,2831.964912240954,-0.09223849934741808
0.2345679012345679,2834.7970425284693,-2.927160162716792
0.2345679012345679,2831.965066672052,-0.10677574879327428
0.24691358024691357,2846.815295750863,-0.820557698072345
0.24691358024691357,2834.0891512814633,-2.22507537109511
0.24691358024691357,2834.08899465275,-2.2085863916215276
0.2345679012345679,2843.2754225046538,2.745900721086613
0.2345679012345679,2819.94693978491,-2.23518707574668
0.24691358024691357,2842.5674845423405,3.448900300861557
0.2345679012345679,2817.8227471136697,-0.12160580697838126
0.2345679012345679,2842.5675970324382,3.439310255843497
0.24691358024691357,2831.965202644743,-0.08898765372249318
0.2345679012345679,2834.089186957337,-2.229313268503371
0.2345679012345679,2842.567549336619,3.4262613734413856
0.2345679012345679,2834.797033694726,-2.9180940864732103
0.2345679012345679,2846.8150480592226,-0.8416480673382936
0.2345679012345679,2843.983146613818,2.02842931982328
0.2345679012345679,2843.983418304844,2.0257052987080635
0.2345679012345679,2834.7971244031364,-2.922432553951575
0.2345679012345679,2831.2570050551735,0.609479834206291
0.2345679012345679,2834.797111350535,-2.925899246160775
0.2345679012345679,2842.567510353139,3.4488422367542877
0.2345679012345679,2843.275162363691,2.7527679638253244
0.24691358024691357,2834.797175149765,-2.924969823710505
0.2345679012345679,2829.841452804097,2.0046669092912963
0.2345679012345679,2834.797166852301,-2.95105001002431
0.2345679012345679,2829.841317450272,2.0306780184781914
0.24691358024691357,2843.275486680305,2.742879277402044
0.2345679012345679,2846.8154490025445,-0.8391206536804691
0.2345679012345679,2832.672863540943,-0.7990040861002676
0.2345679012345679,2818.5309662713103,-0.8280014375928332
0.2345679012345679,2844.6914883960603,1.3267530934384837
0.24691358024691357,2830.5493870774603,1.3003197202318757
0.2345679012345679,2843.9833855170846,2.035528660395745
0.24691358024691357,2831.9651772726734,-0.09211429223034186
0.2345679012345679,2819.947069647953,-2.2431322842449792
0.2345679012345679,2846.815290531908,-0.8221102838324414
0.2345679012345679,2833.3811365790934,-1.5072749852114633
0.2345679012345679,2833.381080157779,-1.5045080017676178
0.2345679012345679,2831.257240982092,0.6010117464011779
0.2345679012345679,2832.673286772034,-0.8375329824981942
0.2345679012345679,2842.5672183295537,3.4409510030277115
0.23456790123456794,2843.275629603416,2.7029075123747512
0.2345679012345679,2843.275444060545,2.7348329951498354
0.2345679012345679,2848.231224925963,-2.241849478171088
0.2345679012345679,2834.088997411487,-2.195440404229978
0.2345679012345679,2832.6731559779496,-0.7942903405398232
0.24691358024691357,2834.797075905786,-2.9411134614317453
0.24691358024691357,2834.0890316087807,-2.2161405936943215
0.24691358024691357,2834.0892239828327,-2.2173011413323067
0.2345679012345679,2830.5492788189176,1.3149599155349938
0.2345679012345679,2842.567512983687,3.4211075618797966
0.2345679012345679,2843.275446742606,2.7330317866423766
0.2345679012345679,2819.2389766716506,-1.5342484032610209
0.2345679012345679,2843.2755784908077,2.721024562675174
0.24691358024691357,2831.9652033032376,-0.08904554413253875
0.2345679012345679,2831.964944622924,-0.0808132010628872
0.2345679012345679,2828.4253960635524,3.4300686073252766
0.2345679012345679,2843.2752179150625,2.753935082718362
0.2345679012345679,2829.8414463567433,2.007116131302206
0.24691358024691357,2831.9653145565676,-0.11192428683863666
0.2345679012345679,2833.380813114791,-1.5068105095384716
0.2345679012345679,2843.9833787637917,2.0311781711627273
0.2345679012345679,2830.549372041453,1.3014291557973816
0.2345679012345679,2834.797145345191,-2.9576338437533902
0.2345679012345679,2830.5492605978134,1.3180875991116006
0.2345679012345679,2843.983604608588,2.029199172207413
0.2345679012345679,2829.133359060502,2.7357969414841805
0.2345679012345679,2843.983588381434,2.018135082863194
0.2345679012345679,2843.2752317414524,2.742448424069533
0.2345679012345679,2829.8409609507685,2.0132958089088318
0.24691358024691357,2834.7970232922285,-2.929080775707468
0.2345679012345679,2834.7967079217615,-2.923164128471485
0.2345679012345679,2846.1072961284485,-0.13046407738345703
0.2345679012345679,2831.964930302165,-0.09115629543451984
0.24691358024691357,2829.8414371631416,2.0080223731412232
0.2345679012345679,2834.796965891709,-2.915406701397511
0.24691358024691357,2831.964902793032,-0.08802379939071882
0.2345679012345679,2842.5674646688467,3.4444015363321894
0.2345679012345679,2834.796708857193,-2.906430031704772
0.2345679012345679,2829.841449443674,2.0164299521401277
0.2345679012345679,2843.2754456190037,2.7465614014581456
0.2345679012345679,2828.4254777273313,3.4119513687934577
0.2345679012345679,2829.133050828392,2.7375342809740446
0.2345679012345679,2833.380824549918,-1.5072624793217806
0.2345679012345679,2834.0889976387307,-2.217084000170922
0.2345679012345679,2831.9651683902757,-0.09402950069824717
0.2345679012345679,2843.275159284391,2.753537562268181
0.2345679012345679,2831.2572136471276,0.6137239960362928
0.2345679012345679,2829.1334821420255,2.715677531311536
0.2345679012345679,2817.115187481905,0.5718404500511823
0.2345679012345679,2832.6731905830393,-0.826882325334082
0.24691358024691357,2831.257221075822,0.6110968173569588
0.24691358024691357,2831.25719489902,0.6100358495265324
0.2345679012345679,2834.797044634345,-2.9385199628898473
0.2345679012345679,2847.523358352833,-1.5597685865781625
0.2345679012345679,2843.2754013501904,2.746823117530871
0.2222222222222222,2843.2755532931283,2.724762685090317
0.2222222222222222,2831.965202705165,-0.09143458202321017
0.2222222222222222,2818.531120700047,-0.8359895497415565
0.23456790123456786,2834.797197539362,-2.925830394938341
0.2222222222222222,2843.27547111315,2.7440758006840715
0.2222222222222222,2834.7970607996604,-2.927458857971913
0.22222222222222224,2843.27511468587,2.7470352400978566
0.2222222222222222,2829.841303831308,2.0218510717393676
0.2222222222222222,2820.6550205457374,-2.956877525154664
0.2222222222222222,2834.0891930639004,-2.2495819430392605
0.2222222222222222,2843.275182315184,2.7419761989088136
0.2222222222222222,2847.5231498506078,-1.5429460196417661
0.22222222222222224,2842.5672521639153,3.4446356496507837
0.2222222222222222,2820.6548939925124,-2.934893985040603
0.2222222222222222,2834.08924893882,-2.254382015331629
0.2222222222222222,2843.2754719153613,2.7444392684463175
0.2222222222222222,2834.089224954666,-2.236638751720846
0.2222222222222222,2842.567627539757,3.4369542101651667
0.2222222222222222,2843.2752276730876,2.733865958252553
0.2345679012345679,2830.5492732225844,1.3208183512504599
0.23456790123456786,2843.275215327719,2.744669959630059
0.23456790123456786,2843.275440682151,2.7461572248378885
0.2222222222222222,2843.983140873268,2.0421335327562615
0.2222222222222222,2843.275580774436,2.7304194058510176
0.2222222222222222,2842.5672410345464,3.4544351904413375
0.22222222222222224,2832.6728872347476,-0.8052353026968196
0.2345679012345679,2846.8152814440696,-0.8256780071129639
0.22222222222222224,2831.25736640569,0.5972227436080951
0.2222222222222222,2834.797214442836,-2.9581216323890343
0.2222222222222222,2843.2754108346853,2.745730316995263
0.2222222222222222,2831.257355934607,0.5977933822824909
0.2222222222222222,2834.089113663197,-2.241306377641393
0.2222222222222222,2834.7970745816524,-2.946342608238154
0.2222222222222222,2834.7967468326,-2.944078624552475
0.2222222222222222,2834.797057795147,-2.928246699341059
0.2222222222222222,2816.4072210253044,1.2720197565333238
0.2222222222222222,2817.8231765421733,-0.13382136873109177
0.2222222222222222,2843.2754763698204,2.716620809238613
0.2222222222222222,2833.380851589461,-1.504995014944077
0.23456790123456786,2832.673002240653,-0.8192632500623879
0.2222222222222222,2843.9835456804103,2.0135201541426877
0.2222222222222222,2846.1070663439045,-0.12413482798699885
0.22222222222222224,2834.0891080990896,-2.2267086958717117
0.2222222222222222,2844.6913219166586,1.327343614539549
0.2222222222222222,2844.6910464571515,1.3291268364932503
0.2222222222222222,2818.5311405433595,-0.8369476369600628
0.2222222222222222,2819.2386755303805,-1.5308769699750655
0.2222222222222222,2842.5671914165746,3.4571855535940945
0.2222222222222222,2834.089076735602,-2.2062816903042926
0.2222222222222222,2828.425399139484,3.4366406062514603
0.22222222222222224,2830.549292251164,1.3221768709323762
0.2222222222222222,2834.0891055434595,-2.2412059753224103
0.2222222222222222,2831.257245379603,0.6133009812096891
0.2222222222222222,2831.9652260739867,-0.10670056142269288
0.2345679012345679,2829.8409582954705,2.0199911010138805
0.22222222222222224,2829.8412744552666,2.021904786818946
0.2222222222222222,2819.2389367409846,-1.5257740053350382
0.23456790123456786,2848.230992254762,-2.2481964557410157
0.2222222222222222,2844.691342214783,1.3300135996248255
0.2222222222222222,2830.5493748453428,1.2926994062673407
0.2222222222222222,2834.0892318569963,-2.2362711330419813
0.2222222222222222,2819.2390404597704,-1.5433106691827942
0.2222222222222222,2819.946938353641,-2.2350185744930893
0.2222222222222222,2834.7970139324443,-2.925068528747195
0.2222222222222222,2834.0888035255844,-2.2389136803571343
0.2222222222222222,2831.965315030464,-0.1066136461262047
0.2222222222222222,2829.1333433569225,2.732585146395635
0.2222222222222222,2843.275446232872,2.7413934987386637
0.2222222222222222,2831.9651429797796,-0.09408496152683053
0.2222222222222222,2833.3808276175027,-1.5155618108128408
0.2222222222222222,2833.380794949348,-1.5108286393469166
0.2222222222222222,2843.275437234721,2.742093535314805
0.2222222222222222,2831.257241630334,0.6105645665480935
0.2222222222222222,2842.5676426386863,3.412586336981242
0.2222222222222222,2833.3811551503863,-1.5368830997904013
0.2222222222222222,2842.5675118131526,3.446250917808904
0.2222222222222222,2830.549252763247,1.3116620487745805
0.22222222222222224,2831.2572416042754,0.6062723798051005
0.2222222222222222,2848.2314006893835,-2.266146944309637
0.2222222222222222,2831.965156429342,-0.09951510645454577
0.2222222222222222,2842.5673874914864,3.4539941791339883
0.2222222222222222,2847.5233749817976,-1.56150623796598
0.2222222222222222,2843.275495352514,2.716233406420782
0.2222222222222222,2834.0887585998175,-2.2093971553413434
0.2222222222222222,2842.5676853380683,3.403051330629676
0.2222222222222222,2834.7967871158767,-2.9092764564006557
0.2222222222222222,2834.0889657032817,-2.2002861010483694
0.2222222222222222,2834.0888700934556,-2.229104635144239
0.2222222222222222,2834.088988706797,-2.205792918807384
0.2222222222222222,2830.549393193554,1.3034588150675446
0.2222222222222222,2829.1333428409157,2.7282125381838274
0.2222222222222222,2847.5232669905226,-1.525087806016923
0.2222222222222222,2846.81544521829,-0.8547232611795628
0.2222222222222222,2843.9833684301193,2.031546983036082
0.2222222222222222,2832.672824111782,-0.8035867860075545
0.2222222222222222,2817.1150944339097,0.5800638454956569
0.2222222222222222,2830.5492486912635,1.3137788679504339
0.2222222222222222,2845.3992098133567,0.6267820564921119
0.2222222222222222,2844.6913411427226,1.3390190237865545
0.23456790123456786,2834.7970195916837,-2.906632014800452
0.23456790123456786,2842.5675370019812,3.43136664825564
0.23456790123456786,2834.7970247129833,-2.9286416154785186
0.23456790123456786,2843.2754418716936,2.7485069644656894
0.2345679012345679,2832.673281172191,-0.8113619066388713
0.2345679012345679,2830.549377747511,1.3027092488271643
0.2222222222222222,2831.9651589280584,-0.09629659217772112
0.2222222222222222,2844.6913533653383,1.3334474782793129
0.2222222222222222,2831.9651562459967,-0.09449538367026232
0.2222222222222222,2833.380796479405,-1.506367915161606
0.2222222222222222,2843.2755462562636,2.737054655157132
0.23456790123456786,2843.983387708382,2.037487782715256
0.2222222222222222,2830.549012184019,1.3172354879240102
0.2222222222222222,2832.6729015235264,-0.8020363239050237
0.2222222222222222,2844.6913563561207,1.3227210638647304
0.2222222222222222,2834.7970224672313,-2.9189784677569452
0.2222222222222222,2831.965310257167,-0.10073564661367206
0.2222222222222222,2846.8152983738805,-0.8367700730897905
0.2222222222222222,2818.5310977647973,-0.83403828949507
0.22222222222222224,2845.399428418511,0.6124561723653712
0.2222222222222222,2842.567586216546,3.4370529480928713
0.2222222222222222,2830.549391789548,1.3055752019981657
0.2222222222222222,2846.815290572071,-0.8389922052620344
0.2345679012345679,2843.275615603361,2.711930639189032
0.2222222222222222,2819.9466636988823,-2.2270935879616762
0.2222222222222222,2846.1070749863065,-0.11857235375460962
0.2222222222222222,2829.8410899354017,2.0285370229441773
0.2345679012345679,2842.5675075354557,3.428628007770304
0.2222222222222222,2844.6912406606857,1.326230803794223
0.2222222222222222,2834.0891211901653,-2.2175287582678886
0.2222222222222222,2842.5676913878024,3.4254268798382945
0.2222222222222222,2818.5311179203404,-0.8369449066878909
0.2222222222222222,2843.2754779461657,2.731257790698763
0.2222222222222222,2829.841338174926,2.023421401022218
0.2222222222222222,2845.399462668448,0.6135027500662903
0.2222222222222222,2848.939308848088,-2.9805175335654246
0.2222222222222222,2818.5309714491964,-0.8282349657475379
0.23456790123456786,2846.8152897566006,-0.8332252606524453
0.2222222222222222,2845.399036687105,0.639524958023491
0.2222222222222222,2834.79701887059,-2.9100779125118366
0.2222222222222222,2831.965172893513,-0.09749203101520709
0.2345679012345679,2832.6732557812948,-0.81135884232362
0.2222222222222222,2847.523386880218,-1.557870979154307
0.2222222222222222,2843.9835392330565,2.0159693761535973
0.2222222222222222,2834.7970563800773,-2.930171140779786
0.2222222222222222,2830.5493983124143,1.29930444346691
0.2222222222222222,2829.1333305846783,2.7118517326997083
0.2222222222222222,2845.399331725263,0.6256183031144193
0.2222222222222222,2831.9648887003345,-0.120947883226952
0.2222222222222222,2833.381103633884,-1.5062455171514937
0.2222222222222222,2829.841390113185,2.0130769960946813
0.23456790123456786,2846.1074577850063,-0.14545834458412646
0.23456790123456786,2834.0886781200834,-2.1974680648928944
0.2222222222222222,2842.567508338299,3.422639692670563
0.22222222222222224,2830.5494137484093,1.308045560943024
0.2222222222222222,2842.5672426925885,3.439571753196718
0.2222222222222222,2834.7971425906985,-2.9389953516150613
0.22222222222222224,2831.2573538065553,0.5996849087497461
0.22222222222222224,2834.7966773743765,-2.9145810687250004
0.23456790123456786,2843.275182836814,2.7471933794061894
0.22222222222222224,2842.567534881975,3.4219972049836604
0.2222222222222222,2834.7967726565057,-2.9248195389854743
0.23456790123456786,2843.983264643622,2.0300226367462786
0.2222222222222222,2847.523359882216,-1.559642662502509
0.2222222222222222,2819.239044317673,-1.545004243996338
0.2345679012345679,2831.2568828294466,0.6178043363468584
0.2222222222222222,2842.567587923081,3.4285060389290347
0.2222222222222222,2846.1072959180933,-0.13660305847553306
0.2222222222222222,2833.381109206775,-1.5379932314430584
0.2222222222222222,2846.8154428722087,-0.8604646795498581
0.2222222222222222,2834.0888004476215,-2.2071563877007385
0.2222222222222222,2834.797069066043,-2.9348353195600505
0.2222222222222222,2829.8413174824273,2.0259066179925345
0.2222222222222222,2843.2756181606237,2.731155256036962
0.2222222222222222,2801.5572193762227,1.9694710092222576
0.2222222222222222,2842.5674567731994,3.4659237405132615
0.2222222222222222,2818.5310019358417,-0.8186758360373588
0.2222222222222222,2830.549277074505,1.321061006655229
0.2222222222222222,2843.2755948807985,2.7200488794410003
0.2222222222222222,2833.3811223165317,-1.5052039627770932
0.2222222222222222,2842.567271539623,3.456257004385096
0.2222222222222222,2843.9832910309433,2.03411660313005
0.2222222222222222,2829.841465864388,2.0190284218010524
0.2222222222222222,2842.56727313078,3.448627075927714
0.2222222222222222,2834.0888189414623,-2.2301017380795454
0.2222222222222222,2828.4251426210735,3.4429556608655663
0.2222222222222222,2843.275216248365,2.757376488170933
0.2222222222222222,2843.2752311080503,2.7512492448149115
0.2222222222222222,2832.6731878897153,-0.7890101317755361
0.2222222222222222,2820.655046886893,-2.9442344538212954
0.2222222222222222,2820.655026021543,-2.951307945630174
0.2222222222222222,2818.531023821179,-0.8146298406336292
0.2222222222222222,2831.2570903453015,0.5974129465984263
0.2222222222222222,2843.2751899055256,2.7486848992371087
0.2222222222222222,2833.3812287972246,-1.5192339975951108
0.2222222222222222,2819.238700193232,-1.527504098616866
0.23456790123456786,2843.275411712582,2.7467025837907304
0.2222222222222222,2834.79674066828,-2.9358595282810054
0.2222222222222222,2829.841409653697,2.0133351683727905
0.2222222222222222,2844.6914861555174,1.316493682516411
0.22222222222222224,2848.231241654232,-2.2370172712452145
0.2222222222222222,2842.5675932742906,3.4199025583707114
0.2222222222222222,2832.672857320524,-0.8256951690588518
0.2222222222222222,2846.815232240433,-0.8256756451918909
0.2222222222222222,2845.3990576973115,0.6239013811604844
0.2222222222222222,2817.8231595602974,-0.1348827575216674
0.2222222222222222,2831.2572297364623,0.6202358698499061
0.2222222222222222,2834.7970410227967,-2.9328621729927984
0.2222222222222222,2846.8150248662105,-0.8075451212311016
0.2222222222222222,2829.133389973146,2.738557515916667
0.2222222222222222,2843.9834224510273,2.037865614118959
0.2222222222222222,2834.0888008076076,-2.2070848156106795
0.2222222222222222,2848.2309909674477,-2.2429636330856493
0.2222222222222222,2819.2390467521454,-1.5500440807107652
0.2222222222222222,2834.7971732483506,-2.9444057344564665
0.2222222222222222,2843.2756314342237,2.7003134995299285
0.2222222222222222,2818.5311321850486,-0.8379805559996513
0.2222222222222222,2834.0890958439263,-2.2032415466518227
0.23456790123456786,2834.089106451961,-2.208925148566234
0.2222222222222222,2834.797050586988,-2.9353469165093227
0.2222222222222222,2819.23871323596,-1.5211119973478844
0.2222222222222222,2829.841320976394,2.0265681450579383
0.2222222222222222,2818.53113045157,-0.8333570979601191
0.2222222222222222,2818.5310036693204,-0.823299294076891
0.2222222222222222,2834.79708330658,-2.946604191747582
0.2222222222222222,2843.983124555603,2.0362164590171314
0.23456790123456786,2843.2754662421357,2.7353047742828807
0.2222222222222222,2834.797209857275,-2.95941824592839
0.2222222222222222,2818.5309718111744,-0.8350111496666287
0.2222222222222222,2844.691071502413,1.3312743667454097
0.22222222222222224,2834.797116228006,-2.9301535805128665
0.22222222222222224,2829.841060079595,2.034474564226808
0.2345679012345679,2843.275613355802,2.730151347085678
0.2222222222222222,2831.2572295678146,0.6132017050175748
0.2222222222222222,2842.5675370722925,3.435837427456962
0.22222222222222224,2834.089238855441,-2.2419219770043854
0.22222222222222224,2830.5492712941405,1.3119551326293597
0.2222222222222222,2842.56751450993,3.440091383079047
0.2222222222222222,2842.567252069492,3.4216966246842357
0.2222222222222222,2829.8410886879337,2.028280590480775
0.2222222222222222,2830.549272143326,1.3188994626797395
0.2222222222222222,2820.6550519027383,-2.951760114621258
0.2222222222222222,2832.673139822493,-0.8051248350042693
0.2222222222222222,2829.8413005268976,2.0205022696315087
0.2222222222222222,2831.9651829321565,-0.09253240540497973
0.2222222222222222,2842.567462997031,3.4577009482549785
0.22222222222222224,2834.7972369876206,-2.953001724259484
0.2222222222222222,2818.531149724898,-0.8336520124591837
0.2222222222222222,2833.3811267925016,-1.5167984249394146
0.2222222222222222,2831.2572536027933,0.585348211217772
0.2222222222222222,2843.275240217285,2.7362653482650043
0.2222222222222222,2842.5673762325778,3.4138271388475996
0.2222222222222222,2834.7969281118753,-2.9354387939742703
0.2222222222222222,2834.0892111658645,-2.220090122778954
0.2222222222222222,2845.3990628658007,0.6208423618181395
0.2222222222222222,2829.133350306416,2.728971923873262
0.2222222222222222,2848.2310014068507,-2.2509009801960906
0.2222222222222222,2817.11503529795,0.5826858815516388
0.2222222222222222,2842.5675100957724,3.433800475055645
0.2222222222222222,2845.399259217342,0.6184989363842456
0.2222222222222222,2845.399312494606,0.6128880661407712
0.23456790123456786,2842.567538861833,3.4358081988259386
0.2222222222222222,2816.4072379446816,1.2791191420487267
0.2222222222222222,2833.3811189986413,-1.5035550339742785
0.22222222222222218,2842.5675870086047,3.4310481046924157
0.20987654320987653,2831.2572153934516,0.6079018662519959
0.20987654320987653,2834.797057907468,-2.928846912851981
0.20987654320987656,2820.6550349536847,-2.9525634235119282
0.20987654320987656,2834.088990335777,-2.2489691046177165
0.2222222222222222,2834.7971635236463,-2.935264221281781
0.22222222222222224,2831.9651880735382,-0.09447596231995205
0.20987654320987653,2844.6913479880373,1.3274168274933427
0.20987654320987653,2831.256964732915,0.6123027690569418
0.20987654320987656,2819.239085767798,-1.5496609599395954
0.20987654320987653,2842.567597062227,3.4368672160264744
0.20987654320987656,2820.6548985074664,-2.93933694410258
0.20987654320987656,2842.567535355617,3.445305821760321
0.20987654320987653,2818.531108745109,-0.8421993613690703
0.20987654320987656,2831.9651913477164,-0.08887462305672804
0.20987654320987653,2834.089073543387,-2.2102425003688038
0.20987654320987653,2843.9833783120957,2.036127326324818
0.2222222222222222,2846.1074386819487,-0.14396044547272233
0.20987654320987653,2834.7969974684247,-2.917084407644747
0.2222222222222222,2829.1334849218315,2.714903855161808
0.20987654320987653,2832.673283454678,-0.8121772631424844
0.20987654320987653,2842.567667496967,3.4071636333977158
0.20987654320987653,2848.2313725608183,-2.2739404936708354
0.20987654320987656,2842.5676771135904,3.405157308132011
0.20987654320987656,2834.7972016327976,-2.957312268426055
0.20987654320987653,2829.133197009429,2.7143088479272595
0.20987654320987656,2831.9651227284107,-0.09209661474331503
0.20987654320987653,2842.567480637814,3.4486479666642857
0.20987654320987656,2842.5674547530125,3.451878312718887
0.20987654320987653,2815.6988536074086,1.999068214269242
0.20987654320987656,2829.1330774915286,2.730720121730906
0.20987654320987653,2830.5492641283895,1.3208131687092846
0.20987654320987653,2831.9651864577163,-0.08554486955947886
0.20987654320987653,2842.5675939720263,3.4308109132704465
0.22222222222222218,2834.0889484955915,-2.2219010149906526
0.20987654320987653,2831.965366340813,-0.139130985348036
0.20987654320987653,2819.9466208964955,-2.2350117346832707
0.20987654320987653,2834.0890942834894,-2.232721494488125
0.20987654320987653,2831.2573521133595,0.5972225455127957
0.20987654320987653,2846.815233211598,-0.8271959438570611
0.20987654320987653,2845.3994311390593,0.6189856708467735
0.20987654320987656,2819.9466255895686,-2.2318843687895455
0.22222222222222218,2843.2754851049326,2.7365912532224597
0.20987654320987653,2833.3811159303536,-1.5065774683640498
0.20987654320987653,2834.0890672787546,-2.201591490688975
0.22222222222222224,2831.257361286829,0.6013771152087296
0.2222222222222222,2846.815333017561,-0.8231915211375737
0.20987654320987653,2843.983418071845,2.0383700460133163
0.20987654320987653,2831.25735979517,0.5985244002395578
0.20987654320987653,2843.2753752386807,2.7493752861872363
0.22222222222222224,2829.8412988205064,2.022296488311336
0.20987654320987656,2843.2752170299823,2.7457745558258915
0.20987654320987656,2843.2753606283595,2.7501755060430484
0.20987654320987653,2842.5674133889947,3.4508464318682166
0.20987654320987653,2814.9911537009434,2.6963591194880205
0.20987654320987653,2814.9912933699916,2.68424480767902
0.20987654320987656,2832.673183857274,-0.8044829118277073
0.20987654320987653,2834.089132965982,-2.22113110748081
0.20987654320987656,2817.1148213923084,0.59567579835677
0.20987654320987656,2842.567633764592,3.434992885281481
0.20987654320987656,2832.672937942882,-0.7875111334146591
0.20987654320987653,2843.9834361380067,2.045606369764929
0.20987654320987653,2843.2754638534993,2.748372914558521
0.20987654320987653,2842.567421294656,3.4560399376234123
0.20987654320987656,2844.6912516213106,1.3284906843172266
0.20987654320987653,2842.567271900873,3.445435270414947
0.20987654320987653,2843.275510405052,2.7437765393828735
0.20987654320987653,2828.4253537015197,3.4252921252082817
0.20987654320987653,2830.5492887006512,1.3287017856757957
0.20987654320987656,2829.133099549412,2.737674098886396
0.20987654320987653,2843.275244618846,2.7483311041962346
0.20987654320987656,2819.9469922715593,-2.2238986121003377
0.20987654320987653,2834.0888308358067,-2.199177860556756
0.20987654320987653,2831.25721692239,0.6223456971583998
0.20987654320987656,2834.0888218204645,-2.19608510592646
0.20987654320987653,2842.5676801349946,3.4392903007958133
0.20987654320987656,2830.5492852619536,1.325348941151941
0.20987654320987653,2847.52339905429,-1.5533430450179306
0.20987654320987656,2834.797124768171,-2.9297440710089555
0.20987654320987656,2831.9649745090114,-0.10811373213957676
0.20987654320987653,2830.5492760126663,1.3107654696994364
0.20987654320987653,2829.1330385439196,2.733566455372076
0.20987654320987656,2834.088802348603,-2.215257159982748
0.20987654320987656,2846.107488132281,-0.15705962800079798
0.22222222222222224,2831.2572443373156,0.6094547835199459
0.20987654320987653,2834.0888002745314,-2.2164697390812336
0.20987654320987653,2842.5676338264393,3.414154550827487
0.20987654320987653,2847.5233864509896,-1.5590276989703202
0.20987654320987653,2842.5676434430634,3.412148225561783
0.20987654320987653,2834.7970258707564,-2.9235156626607566
0.20987654320987653,2845.399454087698,0.6027309286123025
0.20987654320987653,2834.0891231481382,-2.240029558638384
0.20987654320987656,2829.1334778002865,2.7024207004384673
0.20987654320987653,2842.5675595473863,3.4174037873229213
0.20987654320987653,2834.7971789025264,-2.9553656467749936
0.20987654320987653,2831.964871097567,-0.09788785498920112
0.20987654320987656,2829.1333074496047,2.7211425565059537
0.2222222222222222,2834.7970178146284,-2.9197061686237467
0.20987654320987653,2830.549425014816,1.3142312706352386
0.20987654320987653,2845.399080071102,0.6284787630295673
0.20987654320987656,2828.425528447175,3.418325191565743
0.20987654320987653,2817.1147943582223,0.592555227478384
0.20987654320987656,2831.9652200364476,-0.09128240437869362
0.2222222222222222,2831.965272057583,-0.10141011265362784
0.20987654320987653,2843.2755606163096,2.7317820652236358
0.22222222222222224,2831.9653222052843,-0.10365911538803131
0.22222222222222224,2831.965137761973,-0.0903161366112404
0.20987654320987653,2843.9831385883526,2.0392909988927013
0.20987654320987656,2842.567570539447,3.4253627587293702
0.20987654320987653,2831.9651718962386,-0.09670675353588883
0.20987654320987653,2843.275531525559,2.746831160712612
0.20987654320987656,2843.275491603489,2.7369828905755686
0.20987654320987653,2842.567469235152,3.451860776200332
0.20987654320987653,2831.257239688061,0.6193933345830571
0.20987654320987653,2829.133360920756,2.7312352836175253
0.20987654320987653,2829.133335111894,2.7389897669006786
0.20987654320987653,2833.3808682037625,-1.5001563222634504
0.20987654320987656,2828.425528447175,3.418325191565743
0.20987654320987656,2842.5675446422133,3.442252346001901
0.20987654320987653,2842.5676469151954,3.4445829513023614
0.20987654320987653,2828.4253617292725,3.424042634765849
0.20987654320987656,2842.567690426156,3.425425641289912
0.20987654320987653,2834.089083058781,-2.21025914929867
0.20987654320987656,2829.8410603134785,2.032074808189844
0.20987654320987653,2829.8410701411444,2.032985015440818
0.20987654320987653,2832.6732639171983,-0.8198207599285539
0.22222222222222224,2829.1333464763943,2.725699898543904
0.20987654320987653,2832.672993838496,-0.8205640771001778
0.20987654320987653,2829.8412951683113,2.016467215723924
0.20987654320987653,2847.523405131572,-1.5608165406615042
0.22222222222222218,2846.815415703314,-0.8624830173245884
0.2222222222222222,2843.2751763408723,2.748290403114891
0.20987654320987656,2842.5674885057115,3.4448928766494724
0.20987654320987653,2844.6910630475313,1.3305180576300781
0.2222222222222222,2842.5673994017307,3.433045761037969
0.20987654320987656,2828.4254809614126,3.4123703546280533
0.20987654320987653,2845.3994163501175,0.6097785551689493
0.20987654320987656,2829.84127623338,2.021260235115074
0.20987654320987653,2843.2751447023493,2.7456695561160895
0.20987654320987653,2843.2751456378264,2.7444059879720917
0.20987654320987656,2846.107017211911,-0.12518135744405873
0.20987654320987656,2834.0892648965505,-2.2472838683646086
0.20987654320987656,2843.275641593088,2.7177569589117136
0.20987654320987656,2819.2389869476865,-1.5228959431055764
0.20987654320987656,2820.655050375253,-2.9515714481741373
0.20987654320987653,2831.965337100203,-0.09847364233972093
0.20987654320987656,2829.1334796141073,2.7106565091875447
0.20987654320987653,2848.230965007487,-2.240840922417825
0.20987654320987656,2842.5677012957985,3.4101494775966965
0.20987654320987653,2831.2572387449422,0.6139650478517527
0.20987654320987653,2842.5676168221794,3.443591677300376
0.20987654320987653,2831.257149450899,0.6217874521282936
0.20987654320987653,2843.2752282559263,2.7381442092352755
0.20987654320987653,2845.3991763073727,0.6278615355674858
0.20987654320987656,2831.9651928382696,-0.08748366263315026
0.20987654320987656,2834.7971674596006,-2.942998772205844
0.20987654320987656,2829.1333012394193,2.7194795044667055
0.20987654320987656,2834.0892073219215,-2.2369600534985423
0.2222222222222222,2843.2751839138696,2.73777688502098
0.2222222222222222,2842.5672390488103,3.4311221533548752
0.20987654320987656,2833.3811052829014,-1.5205697001320608
0.2222222222222222,2834.7970198162793,-2.919330929323805
0.20987654320987656,2834.7967877890164,-2.9249986320260786
0.20987654320987653,2847.5229654283935,-1.54352081737781
0.20987654320987656,2831.965219333485,-0.12128143738488381
0.20987654320987653,2846.107439564299,-0.1346000317477266
0.20987654320987653,2847.522949609319,-1.535423068322351
0.20987654320987656,2831.25720993535,0.6141034829226268
0.22222222222222224,2830.54937601417,1.3047231757867714
0.20987654320987653,2830.5493745225103,1.3018704608176
0.20987654320987656,2828.4254809614126,3.4123703546280533
0.20987654320987656,2833.38103886868,-1.5190634949611377
0.20987654320987653,2829.133036635392,2.7365975329385237
0.20987654320987653,2833.3810535187317,-1.5090504269895464
0.20987654320987656,2833.381217764176,-1.5152213332135773
0.20987654320987653,2834.089058117632,-2.207410294914717
0.20987654320987653,2834.797024750572,-2.9205441456888317
0.20987654320987656,2845.399391248835,0.6271918071038333
0.20987654320987653,2844.6913661925973,1.3281219654268808
0.20987654320987653,2833.3808998536088,-1.4960591004263224
0.20987654320987656,2830.549022362079,1.3236462279317
0.20987654320987653,2842.5674971623266,3.4615676868641465
0.20987654320987653,2829.841333340009,2.0344807823646733
0.20987654320987656,2834.7970597587355,-2.932094510642234
0.20987654320987656,2832.673002536016,-0.8162615201878205
0.20987654320987653,2834.0890600883868,-2.243243882849063
0.20987654320987653,2843.2754287216835,2.7475620594582986
0.20987654320987656,2834.796792316025,-2.937464489445635
0.2222222222222222,2844.6912379506557,1.3152619641725933
0.20987654320987653,2830.549277826487,1.319001278448514
0.22222222222222224,2829.8414528299545,2.0130817915397854
0.20987654320987653,2829.841333294539,2.0297799184195555
0.20987654320987653,2833.3812570896,-1.5399746731633763
0.20987654320987653,2831.965317174283,-0.11197900073529997
0.2222222222222222,2846.8153957474756,-0.8472735609968338
0.2222222222222222,2845.3993301134974,0.6115201024207604
0.2222222222222222,2834.797040243554,-2.9100121231812976
0.2222222222222222,2843.2754213410335,2.7485511633971953
0.2222222222222222,2829.133470111866,2.708551126947501
0.20987654320987653,2843.9830953158685,2.0524148925922274
0.20987654320987653,2831.965197462762,-0.09292490820002929
0.20987654320987653,2831.9651365650693,-0.1209201681672985
0.20987654320987653,2832.673147886874,-0.7989495354917663
0.20987654320987653,2831.2573521133595,0.5972225455127957
0.20987654320987653,2819.2390826755077,-1.5479109619034843
0.20987654320987656,2829.841329599272,2.0225244326848273
0.20987654320987653,2829.841288136273,2.017446617367614
0.20987654320987653,2834.796990434229,-2.9227361320824254
0.20987654320987653,2834.0890295157737,-2.217699901485437
0.20987654320987653,2831.9652739843727,-0.10857385193314946
0.22222222222222218,2846.8150061699453,-0.8355783248602704
0.20987654320987653,2843.9834796857676,2.034891770637754
0.20987654320987653,2843.983556618757,2.0188411685128025
0.20987654320987653,2820.654850099753,-2.9445268495492787
0.20987654320987653,2846.8152861675567,-0.8380024214119921
0.20987654320987656,2833.3813228189874,-1.5258358663430194
0.20987654320987653,2834.7971236513395,-2.9432914070085405
0.19753086419753088,2833.3810559123476,-1.5154855859663507
0.19753086419753088,2843.983109204552,2.037235747773101
0.19753086419753088,2846.107005997056,-0.1335344070793083
0.19753086419753088,2847.522950619155,-1.546766267090425
0.19753086419753088,2834.7970289873697,-2.916600057725969
0.19753086419753088,2842.567484913481,3.4176950108100836
0.19753086419753088,2848.231218134927,-2.256572607680873
0.19753086419753088,2832.673129863593,-0.8270436122995103
0.19753086419753088,2831.9652107386587,-0.11982283150735518
0.19753086419753088,2831.257162090865,0.6119195496640463
0.20987654320987656,2817.823038168844,-0.11507006285362793
0.19753086419753088,2842.567518303124,3.441464258797761
0.19753086419753088,2820.6549377405113,-2.9607867739271914
0.19753086419753088,2843.9835087368942,2.0213217571045736
0.20987654320987653,2847.5232732967343,-1.555573705731646
0.19753086419753088,2834.797091171826,-2.9313113502195702
0.19753086419753088,2831.9651524211326,-0.09871877252228259
0.19753086419753088,2828.4254734635238,3.4119992847226626
0.19753086419753088,2843.2755400652145,2.7339059734757285
0.19753086419753088,2829.8414102709403,2.007314371253087
0.19753086419753088,2819.9470334546295,-2.2518496378289243
0.19753086419753088,2845.3992890528207,0.616222643250192
0.19753086419753088,2830.5492526813837,1.3169868034297794
0.19753086419753088,2828.4254734635238,3.4119992847226626
0.19753086419753088,2842.5674917708,3.424745258016311
0.19753086419753088,2847.5233889962847,-1.5568458259663276
0.19753086419753088,2834.7967599524695,-2.910942845650701
0.19753086419753088,2846.8150395129514,-0.8439938521869201
0.19753086419753088,2828.4253449477956,3.426680546645423
0.19753086419753088,2831.257125667752,0.6079836658794106
0.19753086419753088,2834.0891711739414,-2.2236686331391042
0.19753086419753088,2834.089096003425,-2.235330479174793
0.19753086419753088,2801.5571605655596,1.9638908439593403
0.19753086419753088,2802.265121484015,1.2588546133625793
0.19753086419753088,2802.97308240247,0.5538183827658183
0.19753086419753088,2818.5311152273653,-0.8353616000451202
0.20987654320987656,2830.5493740903557,1.304923589173694
0.19753086419753088,2846.81538231165,-0.845052464415309
0.20987654320987653,2834.7970000783234,-2.9148341650492893
0.19753086419753088,2844.691111523592,1.3428406949086782
0.19753086419753088,2831.9652044343293,-0.08299162707973172
0.19753086419753088,2843.275556028772,2.7338657600135483
0.20987654320987653,2843.2754790375834,2.744595591758027
0.19753086419753088,2833.3809959819864,-1.514671429163202
0.19753086419753088,2834.0890781518297,-2.205132966850178
0.19753086419753088,2834.796981577766,-2.8960195979276673
0.19753086419753088,2834.0889220961526,-2.228527736958234
0.19753086419753088,2831.2572334861597,0.6118058983716222
0.19753086419753088,2830.5492601206984,1.3189941869421433
0.19753086419753088,2831.965330582951,-0.09897052902403022
0.19753086419753088,2833.3812471618708,-1.5426260808698566
0.19753086419753088,2842.5676360400935,3.422020252474951
0.19753086419753088,2834.089243267112,-2.2346400130082946
0.19753086419753088,2831.257230176111,0.6197164790871164
0.20987654320987653,2834.7969835394265,-2.895952692944077
0.19753086419753088,2834.089082412656,-2.2417220276341885
0.19753086419753088,2842.5677002875254,3.4101496210412323
0.19753086419753088,2844.6911015949336,1.3258406805652694
0.19753086419753088,2842.5672052921987,3.441637654728728
0.19753086419753088,2845.3994742436685,0.6086962578620211
0.19753086419753088,2843.275494296802,2.715702534686718
0.19753086419753088,2842.567544135787,3.4273697351947567
0.19753086419753088,2831.256954283167,0.6146255757499351
0.19753086419753088,2832.673171823396,-0.802370219964091
0.19753086419753088,2848.231337597031,-2.2616477812187767
0.19753086419753088,2829.133330611209,2.72714187026626
0.19753086419753088,2842.5676158029346,3.4328873210927453
0.19753086419753088,2834.089081263567,-2.23752459486021
0.19753086419753088,2848.231359498093,-2.265657701440894
0.20987654320987656,2830.549411824595,1.3082459743299466
0.19753086419753088,2834.7970269242887,-2.9211051344926724
0.19753086419753088,2828.4253654478275,3.4250337314038326
0.19753086419753088,2818.5308383681913,-0.8336414842258947
0.19753086419753088,2831.257213930096,0.6113133646761438
0.19753086419753088,2830.549264063904,1.3209685816765948
0.19753086419753088,2818.5307098896146,-0.821162181847425
0.19753086419753088,2833.381238914504,-1.530791397080227
0.19753086419753088,2831.256927548332,0.6113716402155501
0.19753086419753088,2843.275545357553,2.7310091540933144
0.19753086419753088,2832.672847107983,-0.7954634809047205
0.20987654320987653,2831.96520941492,-0.08843873096379827
0.19753086419753088,2832.673138475841,-0.7961240330257493
0.20987654320987656,2829.841277512463,2.0236606249876954
0.19753086419753088,2833.381295744144,-1.5428215583863518
0.19753086419753088,2829.8414344475505,2.0145059476287193
0.19753086419753088,2846.8150489652094,-0.8428127978666949
0.19753086419753088,2843.983396866462,2.0409364857462813
0.19753086419753088,2842.5675078346394,3.454295257778521
0.19753086419753088,2842.5675493442277,3.4256547443162186
0.19753086419753088,2843.2751868478417,2.7478003610019406
0.20987654320987653,2845.3994765191374,0.605313287219082
0.20987654320987653,2845.399196399175,0.6123098089923067
0.20987654320987653,2831.965157108814,-0.09486447570743582
0.20987654320987653,2831.9651686096117,-0.0865827463632997
0.19753086419753088,2842.5672163226977,3.456818896226996
0.19753086419753088,2818.530741730892,-0.8187196196823391
0.19753086419753088,2834.7971229511236,-2.9227241387107346
0.19753086419753088,2831.257234783841,0.620482099898741
0.19753086419753088,2831.2573742722257,0.6068313223843556
0.19753086419753088,2831.257234783841,0.620482099898741
0.19753086419753088,2831.2572377785386,0.6196620687103727
0.19753086419753088,2833.381161657093,-1.5280800478422247
0.19753086419753088,2834.0890681191886,-2.2069601378195416
0.19753086419753088,2832.673093497305,-0.8041055471952693
0.19753086419753088,2842.56760120451,3.4378806482033992
0.20987654320987653,2848.2311300070387,-2.2610009579851154
0.19753086419753088,2842.5672036520014,3.423395177347137
0.19753086419753088,2828.4254884340303,3.4173868324468364
0.19753086419753088,2843.275323192474,2.7352379062946754
0.19753086419753088,2834.7968293803906,-2.942310196970431
0.19753086419753088,2820.6550136211094,-2.9621876073104674
0.19753086419753088,2845.3994749483863,0.6185640049206621
0.19753086419753088,2843.2754088035217,2.741304334581855
0.19753086419753088,2834.796975085357,-2.921149633525081
0.19753086419753088,2833.381008041087,-1.5288188520397687
0.20987654320987656,2830.5491047716723,1.3088983601912048
0.19753086419753088,2842.56750104739,3.44862436713691
0.20987654320987656,2831.2569324574697,0.6161431124191208
0.20987654320987656,2818.5309976517933,-0.8207744057940355
0.19753086419753088,2831.965073288986,-0.09749456914861397
0.19753086419753088,2831.9651471156717,-0.09352069781281201
0.19753086419753088,2829.133341666004,2.739257479589501
0.19753086419753088,2834.088832215032,-2.204409740202466
0.19753086419753088,2820.654881163434,-2.9345388741945175
0.19753086419753088,2834.089085343204,-2.2038012699805316
0.19753086419753088,2834.796776754849,-2.905057407007562
0.19753086419753088,2844.6912553788516,1.32475649739259
0.19753086419753088,2831.2570995269098,0.5991742251383261
0.19753086419753088,2829.841264464906,2.010832443603378
0.19753086419753088,2843.275187797003,2.7460196783252018
0.20987654320987656,2831.2572201124085,0.6149150532643657
0.20987654320987656,2830.54939844456,1.3066137591924132
0.19753086419753088,2832.673191240306,-0.7992578637751026
0.19753086419753088,2829.133488122386,2.7151473829945236
0.19753086419753088,2842.5675490780936,3.4377823956147084
0.19753086419753088,2842.567689417883,3.425425784734448
0.19753086419753088,2833.3811080187634,-1.5091482469021065
0.20987654320987656,2830.5492332671197,1.3192664134041194
0.19753086419753088,2834.0886677472963,-2.199813986982866
0.19753086419753088,2831.2571318425053,0.6161365830852781
0.19753086419753088,2842.5674648407894,3.450031775799252
0.19753086419753088,2834.79707046742,-2.924874976634699
0.19753086419753088,2843.27532607242,2.747428359370466
0.19753086419753088,2834.089132236727,-2.2310334018190443
0.19753086419753088,2832.673130825689,-0.7939929163496002
0.19753086419753088,2829.841048284979,2.0325799515518517
0.20987654320987656,2830.549152257435,1.3148531971288946
0.19753086419753088,2833.3813127213452,-1.5396150425418744
0.19753086419753088,2834.089125609809,-2.2041297077613597
0.20987654320987653,2829.8413293416165,2.0248687523192532
0.19753086419753088,2829.133501268383,2.7245724659560757
0.20987654320987653,2829.133488606019,2.7070294984182968
0.20987654320987653,2829.1334770398043,2.713633092029841
0.20987654320987656,2834.7971368512412,-2.92063989380684
0.20987654320987656,2830.54939844456,1.3066137591924132
0.19753086419753088,2829.1334737066895,2.7140407718687944
0.20987654320987653,2830.549422008273,1.3078252977552898
0.19753086419753088,2833.3811283976656,-1.525312367165659
0.19753086419753088,2834.7967988805017,-2.9064045166802606
0.19753086419753088,2830.5493467756914,1.2974269821548547
0.20987654320987653,2834.0888409854942,-2.2334420503561705
0.19753086419753088,2847.5234332108353,-1.5649491794163668
0.20987654320987656,2829.133343370024,2.7162291329131287
0.19753086419753088,2834.7970474262434,-2.9390495983191265
0.19753086419753088,2828.4252274880796,3.403609217997546
0.20987654320987653,2834.088812877376,-2.2099528365612793
0.20987654320987656,2828.4255168818313,3.4074569310352283
0.19753086419753088,2832.6731918137234,-0.7957554426940131
0.19753086419753088,2845.3990077685417,0.6240986712934581
0.20987654320987656,2829.841273921294,2.0232973444391686
0.19753086419753088,2831.9648743784187,-0.08584850262806375
0.19753086419753088,2846.1074302521893,-0.13719205666205095
0.20987654320987653,2834.7969583038443,-2.907714995225284
0.19753086419753088,2819.238913578892,-1.5347005128599576
0.19753086419753088,2843.275487697758,2.7196009468219273
0.19753086419753088,2833.3808691675417,-1.4959514858182543
0.19753086419753088,2842.5675721148186,3.4259289782319273
0.19753086419753088,2831.2572451633505,0.6170051794719158
0.20987654320987653,2834.089122444151,-2.208212884110638
0.19753086419753088,2834.089127945174,-2.2177914368811633
0.19753086419753088,2844.691248156389,1.3271202510986446
0.19753086419753088,2834.0891510148567,-2.2088271017609094
0.19753086419753088,2834.796980766033,-2.8944585934528253
0.19753086419753088,2842.5676467716594,3.4374018418283896
0.19753086419753088,2834.796766856936,-2.9057724807746212
0.19753086419753088,2831.965201474076,-0.08879667193624255
0.19753086419753088,2818.5311627131277,-0.8294067631074303
0.19753086419753088,2829.8413240313575,2.0236894389924784
0.19753086419753088,2844.691408915139,1.337235559210431
0.19753086419753088,2834.7970760128605,-2.9238968864143606
0.19753086419753088,2833.3808874931906,-1.5099541410016912
0.19753086419753088,2830.5492319387886,1.3156156653250393
0.19753086419753088,2834.0888384965056,-2.1992916254570276
0.19753086419753088,2842.567689417883,3.425425784734448
0.19753086419753088,2816.4069787443837,1.2857318744833592
0.19753086419753088,2846.107535766002,-0.13189396579496598
0.19753086419753088,2834.089084229441,-2.203905363726753
0.19753086419753088,2848.2312324769814,-2.2359113233907397
0.19753086419753088,2819.2389545239257,-1.5256004940807215
0.19753086419753088,2832.6731858560706,-0.8279702646014006
0.19753086419753088,2820.6550071737556,-2.959738385299558
0.19753086419753088,2844.6912323388615,1.3247203915104997
0.19753086419753088,2830.5491201939217,1.2958209398210079
0.19753086419753088,2829.8410399657587,2.022058690048515
0.19753086419753088,2844.6915055337854,1.3188969999797975
0.19753086419753088,2834.7967517445804,-2.9438822744979714
0.19753086419753088,2847.523229506769,-1.529404178686711
0.19753086419753088,2834.79700449887,-2.9227103034351583
0.20987654320987656,2830.5492190356504,1.3174610366117292
0.19753086419753088,2847.523381755728,-1.5576710571780814
0.19753086419753088,2829.1334605587813,2.708024021956328
0.19753086419753088,2845.399500378764,0.6101638210037278
0.19753086419753088,2834.7969976055465,-2.9094783687548103
0.19753086419753088,2845.3993215206247,0.6288560196164957
0.19753086419753088,2817.82302923685,-0.1257379011344608
0.19753086419753088,2829.841311360708,2.008421322737684
0.19753086419753088,2829.841026874415,2.027336205753807
0.19753086419753088,2843.275445509012,2.738061704449114
0.19753086419753088,2843.275114002924,2.751422061297395
0.19753086419753088,2831.9653200204316,-0.10386238505269438
0.19753086419753088,2819.947020901405,-2.252963431026105
0.19753086419753088,2818.5309771874568,-0.8279687441607405
0.19753086419753088,2834.0890398420993,-2.216215849508833
0.19753086419753088,2842.567618994815,3.4169629633936154
0.19753086419753088,2832.672856033585,-0.7950118720674821
0.19753086419753088,2834.7970294747697,-2.9126852417747253
0.20987654320987653,2848.230951484871,-2.250316697040713
0.19753086419753088,2830.5493880021354,1.303371126046011
0.19753086419753088,2831.965184548194,-0.08527613543216338
0.19753086419753088,2820.6548779066056,-2.936285509622325
0.19753086419753088,2834.7970156099354,-2.9147872308669838
0.19753086419753088,2829.8413055137967,2.0290900265731002
0.19753086419753088,2831.965319203108,-0.10673335270677013
0.19753086419753088,2834.0890547986373,-2.2058695825033126
0.19753086419753088,2843.9833882018993,2.0491551045036447
0.19753086419753088,2843.2753927155786,2.753804027441357
0.19753086419753088,2820.654988483762,-2.954097500349066
0.19753086419753088,2820.6549030036804,-2.941342457182872
0.19753086419753088,2817.823180485713,-0.1292644016177054
0.19753086419753088,2844.6913537522732,1.32272133366241
0.19753086419753088,2818.530724442236,-0.8210318489162219
0.19753086419753088,2831.9651723491706,-0.09288038161881772
0.20987654320987653,2842.5674766860698,3.452939959008909
0.19753086419753088,2833.3811330276494,-1.507794421202226
0.20987654320987653,2834.08879599556,-2.201939758007197
0.19753086419753088,2820.6550080562583,-2.952561798375647
0.19753086419753088,2848.23123068735,-2.2413725503999036
0.19753086419753088,2828.4250418717393,3.4231504098252774
0.19753086419753088,2834.7970932877047,-2.924175729313164
0.19753086419753088,2818.530688210618,-0.8253126320785796
0.20987654320987653,2834.7971153560934,-2.932427674534409
0.19753086419753088,2834.089219084904,-2.23963218247298
0.19753086419753088,2832.6728929368765,-0.8229415955060481
0.19753086419753088,2845.3992012004605,0.5934477273808108
0.19753086419753088,2846.8151724203285,-0.8585497195470949
0.19753086419753088,2843.9834229604267,2.0381576875096092
0.19753086419753088,2842.5675064872976,3.4269438313632934
0.20987654320987653,2843.2754392605893,2.72450570229141
0.19753086419753088,2834.089219084904,-2.23963218247298
0.19753086419753088,2848.2313674667207,-2.2667290050579183
0.1975308641975309,2831.965335757104,-0.1361558322071979
0.19753086419753088,2820.6545826375423,-2.9409809368201665
0.19753086419753088,2830.54939477236,1.300671671172394
0.1851851851851852,2848.231230585493,-2.2493149011054396
0.18518518518518517,2829.841293268406,2.0106284544643334
0.18518518518518517,2833.381095286425,-1.515509315040324
0.18518518518518517,2842.567678602718,3.4227951175139086
0.18518518518518517,2842.567699223883,3.4101514056021305
0.18518518518518517,2842.567688969028,3.4104644707986105
0.18518518518518517,2842.567552052023,3.4356091716947166
0.18518518518518517,2843.983447465414,2.0391046638844963
0.18518518518518517,2843.275175172865,2.748646810797444
0.18518518518518517,2834.08921521642,-2.2202432576359348
0.18518518518518517,2832.6732860672096,-0.8376088061979113
0.19753086419753083,2834.7970462900175,-2.9145792951822895
0.18518518518518517,2834.797203121925,-2.9396744590441575
0.18518518518518517,2856.7095252941212,3.4080658563177346
0.18518518518518517,2833.3811624177956,-1.5285949322478007
0.1851851851851852,2834.797057402537,-2.9261949546943438
0.18518518518518517,2845.3990635420246,0.6364879861256084
0.18518518518518517,2819.946792142786,-2.2448084097547243
0.18518518518518517,2819.947070358768,-2.250139228541243
0.18518518518518517,2828.425506758016,3.407294117420062
0.18518518518518517,2830.549250073914,1.315654602998188
0.18518518518518517,2834.0890498845206,-2.215028580580467
0.1851851851851852,2834.0890256762923,-2.2231057451064284
0.18518518518518517,2834.089007294498,-2.2206472621307753
0.18518518518518517,2834.796756812056,-2.9355280807637225
0.18518518518518517,2832.6728954729538,-0.80099803799966
0.18518518518518517,2847.5232493044437,-1.547493042997169
0.18518518518518517,2833.381092780776,-1.5301483987836149
0.18518518518518517,2817.1147770915572,0.5890247142310144
0.1851851851851852,2818.530973442174,-0.826140514757234
0.18518518518518517,2843.275453692795,2.7337224885544655
0.18518518518518517,2842.5675001809027,3.45155760441101
0.19753086419753088,2842.567254161791,3.4525030409713127
0.18518518518518517,2831.965193210448,-0.09179704117671043
0.18518518518518517,2831.9651886550673,-0.11974182927513317
0.18518518518518517,2843.275610122294,2.7310014009668304
0.18518518518518517,2830.5494106241445,1.304937895348098
0.18518518518518517,2832.6731865921165,-0.8007881870675407
0.18518518518518517,2842.5675218020688,3.4192616497364714
0.18518518518518517,2830.5493937047677,1.297838509832695
0.18518518518518517,2843.2754756944887,2.752943248082529
0.18518518518518517,2829.8410543345253,2.029680822962658
0.18518518518518517,2816.4072204966865,1.2719628887586496
0.18518518518518517,2833.381211829869,-1.5237556517591917
0.18518518518518517,2818.531085351621,-0.8468038191826881
0.18518518518518517,2834.0890348055586,-2.219909359212286
0.18518518518518517,2834.0892459052584,-2.25438132587435
0.18518518518518517,2848.2313435915817,-2.2692526229356558
0.18518518518518517,2834.0890890005353,-2.235649934120909
0.18518518518518517,2846.107199328637,-0.14897862054476316
0.18518518518518517,2828.4253770118175,3.421304294627245
0.19753086419753088,2847.5233881331696,-1.559799630714945
0.18518518518518517,2829.1333393055675,2.725895844625051
0.18518518518518517,2829.133477229797,2.7127489392157935
0.18518518518518517,2829.841259767241,2.029043178540995
0.19753086419753088,2834.0890764434444,-2.212977043240424
0.18518518518518517,2833.3810386392724,-1.5190672382062913
0.1851851851851852,2845.399441936964,0.6131469320679591
0.18518518518518517,2819.2391028867464,-1.541250100783073
0.18518518518518517,2829.1333026614066,2.7199339342079343
0.18518518518518517,2833.3808936000514,-1.5111808819960277
0.18518518518518517,2831.96521407784,-0.09226624502559352
0.18518518518518517,2819.9470638052017,-2.2462863313800616
0.18518518518518517,2832.673198291163,-0.8217884054741746
0.18518518518518517,2831.2569810152268,0.6239604743026643
0.18518518518518517,2842.567243931552,3.4545274951805904
0.18518518518518517,2829.8413301605733,2.0332464805111887
0.18518518518518517,2834.7969620474564,-2.923881476237897
0.18518518518518517,2832.673170881651,-0.7990329730452447
0.18518518518518517,2831.25724686386,0.6163425490074357
0.18518518518518517,2830.549020031483,1.3237304986112346
0.18518518518518517,2834.089064805702,-2.217529126558178
0.18518518518518517,2831.965217487903,-0.08117811968859437
0.18518518518518517,2828.425090732726,3.4304577579423183
0.18518518518518517,2843.2752346642187,2.749432071227042
0.18518518518518517,2834.7971069439186,-2.9368716649936903
0.18518518518518517,2834.7967601566343,-2.913175358710239
0.1851851851851852,2834.0891406458645,-2.2307125409273763
0.18518518518518517,2834.7972098682208,-2.9274812388177214
0.18518518518518517,2818.5307670178095,-0.8105582219042369
0.18518518518518517,2830.5492792830005,1.3229549559247544
0.18518518518518517,2830.5492953022067,1.3217864714752292
0.18518518518518517,2844.691321212169,1.3345693804961771
0.18518518518518517,2829.8412467026196,2.020841977109762
0.18518518518518517,2844.691477493127,1.3037817259898694
0.18518518518518517,2846.1070238854345,-0.12292903176028527
0.19753086419753083,2843.9834184625283,2.033787508182541
0.18518518518518517,2846.107488850458,-0.12840660691033814
0.18518518518518517,2834.0891460254634,-2.231835434396702
0.18518518518518517,2815.699286249131,1.9867309566522509
0.18518518518518517,2817.823072287072,-0.10981179717227657
0.18518518518518517,2846.107074556241,-0.11209522028473554
0.18518518518518517,2828.4253933255873,3.4318507744326223
0.18518518518518517,2828.4251092557765,3.431270501670011
0.1851851851851852,2842.567235263472,3.4573295202027094
0.18518518518518517,2833.3811445759325,-1.5004831984401097
0.18518518518518517,2832.6731608694586,-0.8002245999550065
0.18518518518518517,2817.822778055823,-0.10825424804926483
0.18518518518518517,2831.2572584436484,0.6194162777427732
0.18518518518518517,2819.2389623256786,-1.523768934408794
0.18518518518518517,2834.7970700181636,-2.9462904370940506
0.18518518518518517,2834.79672525438,-2.922221371084122
0.18518518518518517,2848.231370198936,-2.266725216118301
0.18518518518518517,2834.0889557995642,-2.2479533832283773
0.18518518518518517,2856.709699481463,3.407110233842264
0.18518518518518517,2834.797059221093,-2.9449537295403605
0.19753086419753083,2844.691368626733,1.318808958133767
0.18518518518518517,2834.79675308203,-2.920040656541466
0.18518518518518517,2842.567590830216,3.4211105740772636
0.18518518518518517,2833.3812449590164,-1.5227232821051708
0.18518518518518517,2843.2751725369108,2.7419309731639796
0.18518518518518517,2831.964856273347,-0.08904175394767541
0.18518518518518517,2834.088763074548,-2.213643101280402
0.18518518518518517,2829.841390269271,2.0076943907415847
0.19753086419753083,2847.5232629903717,-1.5407531160424315
0.1851851851851852,2834.797131292665,-2.9278517479203567
0.18518518518518517,2834.088789146427,-2.205174129441935
0.18518518518518517,2829.8412905689474,2.0210271422611408
0.1851851851851852,2833.380866461607,-1.511773550218123
0.18518518518518517,2832.673128375083,-0.7991846001599214
0.18518518518518517,2834.7970375589944,-2.9268946537767455
0.18518518518518517,2829.8414445698845,2.008942605322656
0.18518518518518517,2820.6549965875397,-2.953868490782511
0.18518518518518517,2820.654913885573,-2.939657480065548
0.18518518518518517,2845.3993485402225,0.6315322335964313
0.18518518518518517,2831.2573581625647,0.5982694496138035
0.18518518518518517,2832.6733032534853,-0.8405318643216776
0.18518518518518517,2834.0890634580232,-2.2224342672744952
0.18518518518518517,2829.1333160734653,2.7333250309572397
0.18518518518518517,2819.9469186187134,-2.2377124617774053
0.18518518518518517,2829.133451004077,2.701869571531344
0.18518518518518517,2832.6731563583376,-0.8219499027808002
0.1851851851851852,2831.9653369554317,-0.13437274025559115
0.18518518518518517,2842.567661489644,3.406829020445878
0.18518518518518517,2830.548966715742,1.3192929693467772
0.18518518518518517,2842.5673715497946,3.423447503375167
0.18518518518518517,2831.9651478537844,-0.09232820776000779
0.18518518518518517,2834.0888254465485,-2.2303126851913238
0.18518518518518517,2842.567505540162,3.43400192189983
0.18518518518518517,2831.9652899483126,-0.10754285724724184
0.18518518518518517,2834.797121877651,-2.9223669248960737
0.18518518518518517,2843.2755987817063,2.723997270205894
0.1851851851851852,2843.2755852554765,2.7295770863622932
0.18518518518518517,2834.089078059926,-2.2118941435622523
0.18518518518518517,2846.8154116990067,-0.8576489483216346
0.18518518518518517,2843.275134326928,2.7418115244699575
0.1851851851851852,2833.3808422232896,-1.499894193122051
0.18518518518518517,2843.983124140857,2.0394377931215537
0.18518518518518517,2830.5493925850465,1.3016131332720076
0.18518518518518517,2844.691476596331,1.3241018957705093
0.18518518518518517,2832.673279449678,-0.8201154512702703
0.18518518518518517,2832.6733058705618,-0.8198068123068808
0.18518518518518517,2842.567246356074,3.4402154896950403
0.18518518518518517,2833.3808251812925,-1.5326826666773081
0.18518518518518517,2830.5492523613275,1.315822997983248
0.18518518518518517,2831.257240536223,0.6138398839353809
0.18518518518518517,2833.381129224504,-1.5009909026934796
0.18518518518518517,2843.2755132471902,2.7236971365462472
0.18518518518518517,2842.567628301349,3.4201151141278543
0.18518518518518517,2834.797061693132,-2.9435952330799626
0.18518518518518517,2828.4253941021634,3.418128036093432
0.18518518518518517,2843.2754778569333,2.733980148370717
0.18518518518518517,2843.275492133608,2.7326264255332666
0.18518518518518517,2828.4252218535185,3.41253275530286
0.18518518518518517,2843.2751796841626,2.7467544722427957
0.18518518518518517,2834.0890818831144,-2.2397472000319176
0.18518518518518517,2842.567652265275,3.4286116510875866
0.1851851851851852,2832.673203037954,-0.8291091133125035
0.18518518518518517,2845.399254648218,0.6261006000341575
0.18518518518518517,2843.983410650108,2.028211591349966
0.1851851851851852,2846.1074735087855,-0.1326580533773628
0.18518518518518517,2829.8413075815197,2.0162342385931646
0.18518518518518517,2829.1334798768385,2.702137516787833
0.18518518518518517,2831.257214565779,0.6051983745742515
0.18518518518518517,2819.9470399732236,-2.2582841258357025
0.18518518518518517,2845.3994620983094,0.5989110889380815
0.18518518518518517,2846.8152725165523,-0.8417773092330499
0.18518518518518517,2844.691483017946,1.319771396788476
0.18518518518518517,2844.691289707943,1.3321774882718895
0.18518518518518517,2844.69109823999,1.337698052968898
0.18518518518518517,2843.9833972366373,2.0388388630037153
0.1851851851851852,2844.6914625564846,1.3239179781147479
0.18518518518518517,2847.522971848178,-1.5438389882649222
0.18518518518518517,2846.1073070861034,-0.11618826054027534
0.19753086419753083,2846.8150314516433,-0.834781899812747
0.18518518518518517,2845.3994216174824,0.6041372060205449
0.19753086419753083,2842.567484039179,3.448319565300863
0.18518518518518517,2842.567366530776,3.4488647492002302
0.18518518518518517,2842.5674779289693,3.4480178551463205
0.18518518518518517,2832.6731066943244,-0.7930379352913872
0.18518518518518517,2830.549378921582,1.3077262234345641
0.18518518518518517,2843.2754129921664,2.7370286179411405
0.18518518518518517,2847.5229648760287,-1.5480747843290572
0.18518518518518517,2819.238942311936,-1.5281642299088598
0.18518518518518517,2843.27553324234,2.724849335109374
0.18518518518518517,2829.8414077482716,2.013075519227805
0.18518518518518517,2818.530990785161,-0.8237745215395968
0.18518518518518517,2842.5674153040773,3.4451576393827263
0.19753086419753083,2834.0890940794993,-2.208178315361514
0.19753086419753083,2834.0891113334837,-2.2181458521833135
0.18518518518518517,2843.2754402191144,2.7434861633225798
0.18518518518518517,2831.256933280143,0.6110492381211065
0.18518518518518517,2818.5307157579828,-0.8217021854999719
0.18518518518518517,2831.965321304006,-0.10410074411865254
0.18518518518518517,2847.523277049582,-1.5296398301552545
0.1851851851851852,2834.7970518389957,-2.925256269397229
0.18518518518518517,2830.5492708860943,1.309848992008278
0.18518518518518517,2834.089240389649,-2.2428740371962466
0.18518518518518517,2815.6992746837873,1.975862696121736
0.18518518518518517,2831.965190055238,-0.09260188591073758
0.19753086419753088,2843.2754864902763,2.7425330660236114
0.18518518518518517,2833.381256672538,-1.5173416545000125
0.18518518518518517,2829.8413078099265,2.0230231727300856
0.18518518518518517,2831.9652055737733,-0.09915425024880768
0.18518518518518517,2842.5674761213763,3.4218430619020257
0.18518518518518517,2831.96489085979,-0.08174153223860212
0.18518518518518517,2843.983356292178,2.031847073037609
0.1851851851851852,2834.7971600080864,-2.941873950730857
0.18518518518518517,2845.3990133417187,0.6215631369272695
0.18518518518518517,2834.7967309186315,-2.9149419451349714
0.18518518518518517,2846.1073044480054,-0.11929520053848033
0.18518518518518517,2847.5234466509187,-1.5673992467562121
0.18518518518518517,2847.523256698804,-1.5545695970986886
0.18518518518518517,2843.983541795496,2.023882230278046
0.18518518518518517,2843.275168792957,2.735551593279032
0.18518518518518517,2843.983118713542,2.0375665283447315
0.19753086419753083,2832.6732960624704,-0.818643300293257
0.18518518518518517,2842.567616867528,3.4259849695722178
0.18518518518518517,2817.8229213070026,-0.12866563407137416
0.18518518518518517,2848.2312136553714,-2.2542694281023006
0.18518518518518517,2834.089098840681,-2.2180458605389464
0.18518518518518517,2830.5493937047677,1.297838509832695
0.18518518518518517,2842.5675089488905,3.4428423330723894
0.1851851851851852,2834.089080416109,-2.226963942978861
0.18518518518518517,2834.797037660214,-2.917821444951945
0.18518518518518517,2832.6731517354583,-0.7959461875821956
0.18518518518518517,2834.089124244298,-2.241601049499613
0.18518518518518517,2842.567688437196,3.4046439138286795
0.18518518518518517,2829.841444179929,2.0138234218617512
0.18518518518518517,2820.6549015310247,-2.941165281930821
0.18518518518518517,2820.65491002528,-2.939289525466861
0.18518518518518517,2831.965310454034,-0.118288669800611
0.18518518518518517,2832.6733134503875,-0.8407492510899551
0.18518518518518517,2820.6550034146967,-2.956216431084086
0.18518518518518517,2829.1333422502676,2.734385998787666
0.18518518518518517,2818.5310216600365,-0.8213983577362776
0.18518518518518517,2828.4252372406545,3.4173256751112047
0.18518518518518517,2828.425378476374,3.428129541238991
0.18518518518518517,2833.3811446541167,-1.5176472908305403
0.18518518518518517,2830.5492737867085,1.3184907877131278
0.18518518518518517,2831.965316125115,-0.10648188941681554
0.18518518518518517,2843.2754113487385,2.757032526730324
0.18518518518518517,2832.6732818220726,-0.8124322137682387
0.18518518518518517,2829.1333610448773,2.7323738600557066
0.18518518518518517,2831.2572192149637,0.6168947786272203
0.1728395061728395,2829.841340116065,2.0334855444457594
0.1728395061728395,2830.549262639077,1.3179759579955106
0.18518518518518517,2829.133336919448,2.727244860613177
0.1728395061728395,2829.1333830669937,2.7280433184335173
0.17283950617283952,2831.2572349762863,0.6147416780423997
0.17283950617283952,2820.654866993712,-2.9480444099636873
0.1728395061728395,2856.7096528551983,3.415504128808568
0.1728395061728395,2830.54928673683,1.3205500772839873
0.1728395061728395,2847.523249389663,-1.555454652762072
0.17283950617283952,2817.823028105868,-0.12578936206760882
0.1728395061728395,2846.1070813379856,-0.12237724334837302
0.18518518518518517,2820.655042523534,-2.9470596863815426
0.1728395061728395,2831.965197067941,-0.08509870656869448
0.17283950617283952,2834.0888453086427,-2.2164564798743758
0.1728395061728395,2831.257227150665,0.6124985694884862
0.17283950617283952,2842.5676980937974,3.410155159503164
0.1728395061728395,2817.1147732462296,0.5879137706944547
0.1728395061728395,2832.673117391999,-0.8069605297104568
0.1728395061728395,2831.9649388522425,-0.09481789994594786
0.1728395061728395,2818.5309577084695,-0.8293980719443553
0.1728395061728395,2842.567465439631,3.4322945806461203
0.1728395061728395,2831.965190601436,-0.09413040468870633
0.17283950617283952,2831.2572430170367,0.5849508731059013
0.1728395061728395,2843.2751804815575,2.7530696980446576
0.17283950617283952,2819.947003700178,-2.2445162651897603
0.1728395061728395,2829.8412974183634,2.027040815226676
0.17283950617283952,2831.256942012768,0.6170013521370025
0.1728395061728395,2819.238660387739,-1.5330749025234254
0.1728395061728395,2846.1070602699724,-0.12977001930800475
0.17283950617283952,2831.9649112826783,-0.08725058902073339
0.1728395061728395,2834.797151321543,-2.9277620337950276
0.1728395061728395,2819.2391078466785,-1.5449004679268088
0.17283950617283952,2834.796812081106,-2.9411682352748247
0.1728395061728395,2843.2754589513715,2.7370137357158972
0.17283950617283952,2829.1330678680138,2.7238325460658737
0.1728395061728395,2819.2389263087352,-1.5331324478143542
0.1728395061728395,2830.549393492623,1.3037572045123005
0.1728395061728395,2830.549270090612,1.3211896201808235
0.17283950617283952,2834.7967928470625,-2.92312492560867
0.17283950617283952,2829.8413021577335,2.0227394165325667
0.17283950617283952,2832.6731761870465,-0.8285471172149191
0.1728395061728395,2843.275382814646,2.7382828753641024
0.17283950617283952,2843.9830958364673,2.0439080467615316
0.17283950617283952,2842.567550418069,3.418269055120435
0.17283950617283952,2842.5676754520496,3.404250505959039
0.1728395061728395,2829.8414366690313,2.003678299005312
0.17283950617283952,2834.797185072462,-2.946770090658527
0.1728395061728395,2844.691454929747,1.3267589511951245
0.17283950617283952,2834.7970598053043,-2.9414206778654606
0.18518518518518517,2847.5229497912374,-1.5382765164898233
0.18518518518518515,2833.3809529631526,-1.512633110065584
0.17283950617283952,2831.9649469252486,-0.11709855321768191
0.17283950617283952,2802.264733628302,1.2768479767291983
0.17283950617283952,2829.841274111805,2.0226839524690594
0.1851851851851852,2842.5672611879377,3.424675217799395
0.17283950617283952,2847.522967528016,-1.5273080526950957
0.1851851851851852,2845.3994698094816,0.613894773322506
0.17283950617283952,2831.965212485187,-0.0981321290724627
0.1728395061728395,2843.275581214982,2.7235463862661105
0.1728395061728395,2834.0890062943085,-2.210407128157774
0.1728395061728395,2846.1072627802064,-0.119004328164142
0.1728395061728395,2845.3990221898935,0.6327888815471477
0.1728395061728395,2831.964899178239,-0.08178022891545647
0.17283950617283952,2834.797014065817,-2.932060397279082
0.1728395061728395,2829.1333476120503,2.70932532507147
0.1728395061728395,2848.9389055975917,-2.968439724972476
0.1728395061728395,2831.964973793059,-0.09551415146098045
0.1728395061728395,2843.275316053503,2.723631943144218
0.17283950617283952,2834.089107511362,-2.2308630593282377
0.17283950617283952,2828.4255130037877,3.4076088663401927
0.18518518518518517,2830.549266487758,1.3185189613432382
0.17283950617283952,2846.107491293701,-0.14012357954731713
0.1728395061728395,2831.964959718116,-0.11561596149245783
0.1728395061728395,2846.8152506368992,-0.8263213134206352
0.1728395061728395,2843.2753268027136,2.7475367520729774
0.1728395061728395,2831.2573270028065,0.6032991632662192
0.17283950617283952,2842.5674232079846,3.4485049414968496
0.17283950617283952,2844.6910834219666,1.3370418891863902
0.1728395061728395,2842.567508125823,3.4226083484530045
0.1728395061728395,2831.965166056659,-0.09403804908513212
0.1728395061728395,2842.567556436621,3.4257032425446283
0.17283950617283952,2834.797070743071,-2.928171846935209
0.17283950617283952,2831.964933282841,-0.08735904981867985
0.1728395061728395,2843.2752019522836,2.72164342005677
0.17283950617283952,2834.0891304457814,-2.235779328250226
0.17283950617283952,2843.983599309542,2.01272641022142
0.17283950617283952,2833.3811685030287,-1.5282331697090672
0.1728395061728395,2833.381269254104,-1.5292634420408113
0.1728395061728395,2845.3992811997728,0.6218329330954012
0.17283950617283952,2818.5311406082424,-0.8397503095936838
0.18518518518518517,2846.81540962524,-0.8471391056240929
0.17283950617283952,2819.238956390132,-1.5383110452720405
0.1728395061728395,2833.3808227276395,-1.5119337957193488
0.17283950617283952,2814.282976505559,3.4061793897050388
0.17283950617283952,2831.9651972048878,-0.0886335821906881
0.17283950617283952,2834.0892269531423,-2.225268971569603
0.1728395061728395,2831.2571404680907,0.6105369000856872
0.1728395061728395,2831.257236149486,0.6199375240280665
0.17283950617283952,2834.797198986612,-2.930109936698125
0.1728395061728395,2843.9831842967315,2.0347743306122146
0.1728395061728395,2831.257236149486,0.6199375240280665
0.17283950617283952,2843.275506870132,2.7420046711859403
0.17283950617283952,2834.7970769183785,-2.92545458079743
0.18518518518518517,2848.2309012069145,-2.2398206047011118
0.17283950617283952,2843.275426217354,2.731228797307295
0.17283950617283952,2832.67311622147,-0.7969570978130845
0.1728395061728395,2832.6731344545283,-0.7984734986771155
0.1728395061728395,2842.5674835487544,3.448412553315383
0.17283950617283952,2834.796691109092,-2.9151124825304993
0.18518518518518517,2834.0887801176827,-2.2229913157289984
0.1728395061728395,2845.3990124420666,0.6127038296718392
0.1728395061728395,2842.567225644576,3.4517183589703473
0.1728395061728395,2831.964918623684,-0.08619099765672046
0.1728395061728395,2815.699286072925,1.9867120007274353
0.1728395061728395,2829.1333603570083,2.731902765099682
0.18518518518518515,2833.3811208398793,-1.5008797432156677
0.18518518518518517,2833.3812402047774,-1.5205702449271588
0.1728395061728395,2831.257362045283,0.599073008189659
0.1728395061728395,2845.3993387930586,0.6166031326063167
0.17283950617283952,2829.841436390239,2.011227217078521
0.1728395061728395,2834.7967810156724,-2.9099100225043255
0.17283950617283952,2834.797086669901,-2.9228221290159926
0.17283950617283952,2842.5671737587036,3.4297798043619867
0.17283950617283952,2834.089076854976,-2.2070298517771896
0.1728395061728395,2843.9832941079844,2.0297548161394925
0.17283950617283952,2830.5492886920506,1.3224628773679328
0.1728395061728395,2842.5675409966825,3.453149053548186
0.17283950617283952,2829.1330829857043,2.7322012171795316
0.17283950617283952,2833.3808748498636,-1.496326517024807
0.17283950617283952,2842.5672822160077,3.443434521254675
0.17283950617283952,2842.5675468843656,3.43778793407664
0.17283950617283952,2843.2752354213867,2.7373726386231727
0.1728395061728395,2848.23100315528,-2.2438341374686095
0.17283950617283952,2834.796773983805,-2.9052021969335713
0.17283950617283952,2834.089114059279,-2.2045318611704605
0.1728395061728395,2828.425399438553,3.436938995696443
0.1728395061728395,2830.549406872658,1.305389419649834
0.17283950617283952,2843.2752449464647,2.723821653862428
0.1728395061728395,2831.965325655501,-0.09841468217451664
0.1728395061728395,2831.9651939072996,-0.08640745820731398
0.1728395061728395,2843.2751488440676,2.748419224471716
0.17283950617283952,2843.2755182694177,2.719428968189776
0.17283950617283952,2843.2756383910873,2.717762640818181
0.17283950617283952,2845.3994578423058,0.6146799970704286
0.17283950617283952,2834.088773066956,-2.214207964373746
0.1728395061728395,2828.425106078677,3.4256842155699108
0.17283950617283952,2843.9835622178252,2.0187719890650766
0.17283950617283952,2842.5676756588114,3.4145630626658647
0.1728395061728395,2845.3994633072616,0.615676524331965
0.1728395061728395,2834.0890997770903,-2.2047552002190667
0.1728395061728395,2817.8227693641975,-0.11743591968417062
0.1728395061728395,2834.0888237799704,-2.201370617479591
0.17283950617283952,2831.9649411988057,-0.11916957909746638
0.17283950617283952,2832.6731761870465,-0.8285471172149191
0.1728395061728395,2843.2755495383985,2.7159930769780276
0.17283950617283952,2833.381110761965,-1.519744903928397
0.17283950617283952,2833.3812821030247,-1.5460407488359056
0.17283950617283952,2832.6729049747178,-0.8014796370849472
0.1728395061728395,2847.5234019647364,-1.5612990111880038
0.18518518518518517,2842.567623530569,3.4274954586144455
0.1728395061728395,2843.275584057131,2.7184805610397316
0.1728395061728395,2833.3811104884117,-1.506390415535843
0.17283950617283952,2831.9653099640655,-0.10717709921286893
0.1728395061728395,2856.709615359278,3.40911984965938
0.17283950617283952,2820.6550280067513,-2.9515540965885534
0.17283950617283952,2819.2386598368275,-1.530912807256401
0.17283950617283952,2834.7969512837017,-2.9194371570730264
0.1728395061728395,2819.2386561625653,-1.5339977954093356
0.17283950617283952,2834.0891318771337,-2.2357820272567763
0.17283950617283952,2831.2572203029194,0.6143016612942561
0.1728395061728395,2834.089073011438,-2.2072078241258106
0.1728395061728395,2843.983408549304,2.043670742997068
0.1728395061728395,2830.5492636753092,1.3172580948757913
0.1728395061728395,2842.567471684476,3.4320084744223207
0.1851851851851852,2833.381294712761,-1.549358625041938
0.17283950617283952,2833.3811555026386,-1.5263362094925361
0.17283950617283952,2819.9469324306606,-2.2300416557231997
0.1851851851851852,2834.79705242331,-2.916038933322758
0.18518518518518517,2819.947070047642,-2.2442848731106078
0.1728395061728395,2831.9649262034577,-0.08682097178074684
0.17283950617283952,2834.7972110555675,-2.9545758343807282
0.1728395061728395,2819.2390863100577,-1.5464042862875558
0.1728395061728395,2829.1333371641463,2.727670978558314
0.17283950617283952,2843.275432813187,2.7470331185529795
0.18518518518518517,2831.9651685950716,-0.08928731963379999
0.17283950617283952,2828.4253683807783,3.4263742209176464
0.17283950617283952,2831.257082833639,0.604168496375813
0.1728395061728395,2834.0891878417783,-2.249984731668908
0.1728395061728395,2843.2756035643556,2.730193920625126
0.17283950617283952,2845.3992973893282,0.6361554835475418
0.18518518518518517,2828.4250983088727,3.430152031225124
0.18518518518518517,2819.2391091291865,-1.5392486425138467
0.1728395061728395,2834.0891015380557,-2.237719429668342
0.1728395061728395,2834.0892002679807,-2.2380971101309797
0.18518518518518517,2848.231227519088,-2.251439357636729
0.1728395061728395,2844.69154428696,1.3134806702923136
0.1728395061728395,2829.841315395377,2.027554023425643
0.1728395061728395,2828.4254286790483,3.405942744718949
0.17283950617283952,2834.7972027268693,-2.9545989254073337
0.17283950617283952,2831.965222574326,-0.11804598991611097
0.1728395061728395,2829.1334506348376,2.7042682744716533
0.1728395061728395,2829.8413681156194,2.0279006164644464
0.17283950617283952,2843.9834198820063,2.0428012132793065
0.17283950617283952,2843.2755010121427,2.7427804795536748
0.17283950617283952,2828.425108754768,3.4312693852371243
0.1728395061728395,2832.6731671267985,-0.8203140484187567
0.1728395061728395,2834.0890770912165,-2.2043346630434764
0.17283950617283952,2831.257241048358,0.6199153442013526
0.17283950617283952,2828.4253698580123,3.4277762910825325
0.17283950617283952,2832.673269056428,-0.8382900475374686
0.17283950617283952,2843.9831264078402,2.04905748531611
0.1728395061728395,2832.6728767404816,-0.7959784885460731
0.17283950617283952,2834.089077402791,-2.225975866496663
0.17283950617283952,2834.7971183176037,-2.9405803389207907
0.1728395061728395,2818.5309593193274,-0.828226796579942
0.1728395061728395,2843.2756024116693,2.726679769230641
0.17283950617283952,2829.133336653934,2.7277796259224023
0.1728395061728395,2829.841024925042,2.027474976282071
0.1728395061728395,2830.5492497794125,1.3219200639002997
0.17283950617283952,2834.7970086429023,-2.9203727605548355
0.18518518518518517,2847.523398052052,-1.5558412388024419
0.1728395061728395,2831.9651857012864,-0.09140223448955385
0.17283950617283952,2843.2754815490307,2.7450287330091494
0.1728395061728395,2830.549003672055,1.3235804326602891
0.1728395061728395,2830.5490649964945,1.3265860854164901
0.17283950617283952,2791.662450293153,-2.260772836197132
0.1728395061728395,2832.673147952133,-0.7982945706780152
0.1728395061728395,2846.815457134582,-0.8610423216894979
0.1728395061728395,2834.796759511958,-2.907773964207654
0.17283950617283952,2832.6728988476884,-0.7864354174435916
0.1728395061728395,2831.2572096624094,0.618993497346874
0.17283950617283952,2834.797067618122,-2.924213634852629
0.18518518518518517,2831.257345362485,0.6002842211381971
0.1728395061728395,2831.964916248373,-0.08768666651119293
0.17283950617283952,2843.9833941810466,2.038042263415974
0.17283950617283952,2831.2572187387645,0.6148055333993839
0.1728395061728395,2829.1333321673283,2.7274804432204354
0.17283950617283952,2819.9466537287503,-2.2306447786617003
0.18518518518518517,2834.0890627101285,-2.201404282828713
0.1728395061728395,2829.8413270257665,2.0278806513427092
0.17283950617283952,2842.5675492999253,3.438578228605637
0.1728395061728395,2834.7970745373646,-2.9379702460922514
0.18518518518518517,2829.133477229797,2.7127489392157935
0.17283950617283952,2846.8154239646296,-0.8584209488190981
0.1728395061728395,2831.257280557263,0.590304504659688
0.1728395061728395,2829.8413131885,2.027082462879429
0.1728395061728395,2834.796764492688,-2.903675074011451
0.1728395061728395,2831.9651729760544,-0.09939955895015921
0.1728395061728395,2819.9471218143535,-2.2552425167253745
0.17283950617283952,2847.5233445497524,-1.5615538797854722
0.17283950617283952,2844.6913775685875,1.3212036048382898
0.17283950617283952,2831.257239037012,0.6097644434061281
0.1728395061728395,2842.5676738228562,3.426672588750026
0.17283950617283952,2830.5493016593373,1.3140401000106507
0.1728395061728395,2843.983560897917,2.0208898296847937
0.17283950617283952,2820.6548834257446,-2.939516178857831
0.1728395061728395,2845.399057595721,0.5989442087729538
0.1728395061728395,2846.10746392025,-0.15147546353114902
0.1728395061728395,2831.9648334817393,-0.08668138881078216
0.1728395061728395,2842.5674987710245,3.4508540335038047
0.1728395061728395,2844.6915144403306,1.3026024745159541
0.1728395061728395,2830.5490179834874,1.3198104722453285
0.1728395061728395,2844.691475717907,1.3109809176318858
0.1728395061728395,2831.965188971518,-0.0997719448835079
0.17283950617283952,2847.5233757169412,-1.5555965672405672
0.17283950617283952,2829.133070217755,2.7264291852180897
0.17283950617283952,2830.549399131292,1.3055617842934666
0.18518518518518517,2819.2386902496996,-1.5234173224221843
0.18518518518518517,2833.380892154862,-1.5206314620585022
0.18518518518518517,2829.1333477029516,2.7269806930230738
0.1728395061728395,2833.3811292521914,-1.5061897393019343
0.17283950617283952,2834.0892334838586,-2.2416755448874413
0.1728395061728395,2847.5229465463094,-1.5385578950949172
0.17283950617283952,2834.089203339144,-2.2379568597026154
0.1728395061728395,2842.567468588489,3.4452101968596507
0.1728395061728395,2831.965332794747,-0.1073240317521195
0.17283950617283952,2847.522961059561,-1.5506113032821771
0.1728395061728395,2831.965156459941,-0.09581973230934275
0.1728395061728395,2843.275418922702,2.742007792837961
0.1728395061728395,2846.8149841648556,-0.8293724539591072
0.1728395061728395,2847.523346815649,-1.5503536190009601
0.17283950617283952,2846.1073336955856,-0.13117876325564531
0.1728395061728395,2846.81543095778,-0.8621032895199242
0.1728395061728395,2842.567489314138,3.4459776449007284
0.1728395061728395,2846.107312547471,-0.1314444083090076
0.1728395061728395,2847.5233547811763,-1.5550570348115655
0.1728395061728395,2846.8149942190603,-0.8242633547399045
0.1728395061728395,2832.673107803929,-0.7980119968835935
0.18518518518518517,2831.964913964066,-0.09302245120395618
0.1728395061728395,2846.107327206911,-0.13428086942479137
0.18518518518518517,2831.9652064315464,-0.10190074880723646
0.1728395061728395,2846.107496288538,-0.15981372288248283
0.17283950617283952,2846.815292733,-0.8476241074719575
0.1728395061728395,2843.275426737734,2.7400820681656763
0.17283950617283952,2820.6548765291154,-2.9357311622793545
0.1728395061728395,2846.107025350823,-0.11957858090334308
0.18518518518518517,2845.3994484502527,0.6155729520618312
0.1728395061728395,2818.531111734048,-0.8418519601794415
0.17283950617283952,2833.3808556669355,-1.5112328391459589
0.1728395061728395,2834.796757291861,-2.941576512642703
0.1728395061728395,2834.797183649197,-2.9577638120914536
0.18518518518518517,2831.9653269677574,-0.11092148662667149
0.1728395061728395,2833.3811006240544,-1.5353036740486254
0.17283950617283952,2842.56740173856,3.4294599391149054
0.16049382716049385,2833.381101367559,-1.5356177194288898
0.16049382716049385,2847.5234075425383,-1.5701829332397472
0.16049382716049385,2831.257245692739,0.6177720398264013
0.16049382716049385,2848.2313641850815,-2.252564949978556
0.16049382716049385,2834.0891138818447,-2.229261304692337
0.16049382716049385,2831.2569769482106,0.6209870114671424
0.16049382716049385,2832.673160517046,-0.8002625118048651
0.16049382716049385,2834.0891054889003,-2.219171259013518
0.16049382716049385,2830.549276212136,1.325296967853343
0.16049382716049385,2819.946946541004,-2.228558319401087
0.16049382716049385,2834.7968277897166,-2.9340627045170717
0.16049382716049385,2831.965344040133,-0.10978388090298176
0.16049382716049385,2834.088872022195,-2.2303476136282083
0.16049382716049385,2843.983135844843,2.0333595935678455
0.16049382716049385,2842.567545013097,3.4343038748652073
0.16049382716049385,2834.7972007810727,-2.939664559900774
0.16049382716049385,2829.133474688976,2.7076049274747422
0.16049382716049385,2845.399211986823,0.6239493623117677
0.17283950617283952,2829.8413202711904,2.0288294086662053
0.16049382716049385,2834.796788277627,-2.904776467750488
0.16049382716049385,2843.2755028066035,2.733225856351026
0.16049382716049385,2832.673077056673,-0.7996345029167694
0.16049382716049385,2833.381175598301,-1.519845446753565
0.16049382716049385,2833.3812879262528,-1.5418761667533127
0.16049382716049385,2834.7971606925403,-2.929741076838312
0.16049382716049385,2834.0892060310707,-2.2311164810150244
0.16049382716049385,2830.549344110859,1.3053007507762997
0.16049382716049385,2842.5674462077227,3.4504215794556954
0.16049382716049385,2834.0888499702933,-2.2117042371986995
0.16049382716049385,2834.7972105325953,-2.9370321081193365
0.16049382716049385,2832.6731996985422,-0.7981465235383608
0.16049382716049385,2819.238860485651,-1.5307232984800394
0.16049382716049385,2833.380873639097,-1.496320371782457
0.16049382716049385,2847.523269812156,-1.5422319066036128
0.16049382716049385,2845.399050509517,0.6182514493604231
0.16049382716049385,2846.81543948782,-0.8647741703102633
0.16049382716049385,2834.7971232026202,-2.9236421766077383
0.16049382716049385,2843.2751743402378,2.737857355134528
0.16049382716049385,2829.8414604606273,2.0052223792893633
0.16049382716049385,2834.7971282023054,-2.936149299107343
0.16049382716049385,2828.42550910934,3.409280007347389
0.16049382716049385,2834.0892369051808,-2.248916457424689
0.16049382716049385,2831.257356318535,0.5979620236425865
0.16049382716049385,2829.8414259646593,2.0080355127110954
0.16049382716049385,2818.53099075238,-0.8253542904803919
0.16049382716049385,2843.9835608406092,2.0211534897412
0.16049382716049385,2833.38111307612,-1.4988401439663914
0.16049382716049385,2832.6731765669842,-0.8024111904573316
0.16049382716049385,2844.691381401794,1.3313138795972044
0.16049382716049385,2833.3812861852925,-1.5438680257565636
0.16049382716049385,2829.8410289961125,2.0286895306911097
0.16049382716049385,2829.8410110908208,2.02108378746477
0.16049382716049385,2828.425515556694,3.406830785336479
0.16049382716049385,2819.2390787023564,-1.5532858070887996
0.17283950617283952,2829.8414479564535,2.0046236234669768
0.16049382716049385,2820.6550121098967,-2.962190506874491
0.16049382716049385,2829.133312938125,2.7274159294561207
0.16049382716049385,2829.8412452208045,2.012732453266219
0.16049382716049385,2834.7970649944764,-2.9457568798135694
0.16049382716049385,2842.567679963654,3.4030619192301113
0.16049382716049385,2834.7970443733107,-2.933113167901791
0.16049382716049385,2834.7971777475846,-2.9454871122998108
0.16049382716049385,2819.238672126562,-1.5249010986577451
0.16049382716049385,2846.1073043659244,-0.11160343798602346
0.16049382716049385,2832.673298531561,-0.8249112501316583
0.16049382716049385,2829.841323304169,2.0212528722311034
0.16049382716049385,2848.9388938227194,-2.9610575342755316
0.16049382716049385,2829.841314799071,2.0129297494324794
0.16049382716049385,2833.381297751507,-1.5504716193681076
0.16049382716049385,2834.7970304384776,-2.9214758126919205
0.16049382716049385,2834.08922294324,-2.2417277148194157
0.16049382716049385,2846.1074565317926,-0.13367679903749896
0.16049382716049385,2843.983488071885,2.0330441608427714
0.16049382716049385,2829.133308898616,2.725876466811534
0.16049382716049385,2802.2647210049463,1.2756660966931042
0.16049382716049385,2832.6732538012407,-0.8138006075696546
0.1728395061728395,2842.5676050940906,3.4329315855163975
0.16049382716049385,2846.107447074401,-0.15090518612533732
0.16049382716049385,2834.0887754570354,-2.2059403283453856
0.16049382716049385,2846.1070267180667,-0.11808796907228394
0.16049382716049385,2846.8152573429247,-0.8436265364507533
0.17283950617283952,2832.6731220499682,-0.8026063594435824
0.16049382716049385,2843.2754076207166,2.7357316395880016
0.16049382716049385,2829.8409751704016,2.025997211057595
0.16049382716049385,2830.5490830236454,1.3124959435790384
0.16049382716049385,2819.239069525234,-1.5488100765700765
0.16049382716049385,2819.9470304436886,-2.2538463071668375
0.16049382716049385,2843.2751581250245,2.7397727722838763
0.17283950617283952,2832.6731432281804,-0.7984658932501602
0.16049382716049385,2842.5676706127683,3.407032828462128
0.16049382716049385,2831.2572493168186,0.6033260491133127
0.16049382716049385,2833.3812710162306,-1.5365510743399635
0.16049382716049385,2832.673158965308,-0.8035007500298058
0.16049382716049385,2843.275583880925,2.718461605114916
0.16049382716049385,2828.42509359179,3.422950881707549
0.16049382716049385,2842.5675004666705,3.4230260298188475
0.17283950617283952,2834.797110263848,-2.9310623686144566
0.16049382716049385,2818.530990181542,-0.8222742994395065
0.1728395061728395,2834.796763238612,-2.9082821843962785
0.16049382716049385,2819.946822189069,-2.2314614299474997
0.16049382716049385,2834.7969721147597,-2.9235214316998612
0.16049382716049385,2843.275136723931,2.7448006584149507
0.17283950617283952,2830.5493729544896,1.3045008164630403
0.16049382716049385,2842.567473731395,3.4369465748469916
0.16049382716049385,2834.7970301626547,-2.9481604722611134
0.16049382716049385,2817.822723043934,-0.11782141753331964
0.16049382716049385,2831.257220048383,0.6032937465442825
0.16049382716049385,2831.965254950291,-0.1351172318131412
0.16049382716049385,2845.399271017927,0.6196974609348866
0.16049382716049385,2846.8151282090807,-0.8368429298674791
0.16049382716049385,2834.797023558448,-2.929336167542641
0.16049382716049385,2829.133300244381,2.7212038997299266
0.16049382716049385,2846.107056399352,-0.12932161972785952
0.16049382716049385,2848.231340735307,-2.267500154266084
0.16049382716049385,2832.67308784912,-0.8047187800794982
0.1728395061728395,2847.5233247982333,-1.5599781047878583
0.16049382716049385,2834.7969922945504,-2.9424902081500752
0.16049382716049385,2843.275143961018,2.744801798160184
0.16049382716049385,2834.797087816575,-2.9251567574659534
0.16049382716049385,2843.983508878961,2.0183387981107526
0.16049382716049385,2846.8149879860393,-0.8304626614253074
0.1728395061728395,2834.7969598924087,-2.9194749580158037
0.16049382716049385,2843.275347082924,2.741132968041178
0.1728395061728395,2833.3810720232464,-1.5046917777301525
0.1728395061728395,2829.8414222726833,2.0071015691296514
0.16049382716049385,2846.1074588938095,-0.139017092047797
0.16049382716049385,2845.3994710764055,0.615415875988869
0.16049382716049385,2843.9833745677747,2.0360309955514904
0.16049382716049385,2845.399294686402,0.6313644360270281
0.16049382716049385,2843.2755479605057,2.723375028707741
0.16049382716049385,2833.3810669479253,-1.532359001337151
0.16049382716049385,2829.840963271367,2.013018733462514
0.16049382716049385,2844.691454726838,1.3147389620659933
0.17283950617283952,2830.5492350302598,1.317647721872298
0.16049382716049385,2846.1070267180667,-0.11808796907228394
0.16049382716049385,2829.133300244381,2.7212038997299266
0.16049382716049385,2833.381073764968,-1.5186932458890794
0.16049382716049385,2830.5491277158676,1.3061491456207854
0.16049382716049385,2846.107303901735,-0.12809233229908687
0.16049382716049385,2846.8154164164725,-0.8532439719095887
0.16049382716049385,2829.8410212336826,2.026998223189195
0.16049382716049385,2829.8413838128863,2.0087564011678856
0.16049382716049385,2818.5309762920833,-0.8302679611015847
0.16049382716049385,2829.841440111247,2.0144132094735467
0.16049382716049385,2847.5233712208174,-1.5570033693899836
0.16049382716049385,2830.549384209389,1.3032407550361098
0.16049382716049385,2817.1150397123943,0.5798337557282011
0.16049382716049385,2834.79714722319,-2.93212956850174
0.16049382716049385,2820.6546205344466,-2.936899380999707
0.16049382716049385,2833.3811941363715,-1.5325990667037699
0.16049382716049385,2830.5492702733504,1.3245902600094592
0.16049382716049385,2830.5492572892954,1.3190540827579538
0.16049382716049385,2832.6731887547003,-0.800410838193584
0.16049382716049385,2833.3811141315455,-1.5298182442237163
0.16049382716049385,2831.9649401443535,-0.08004073838493646
0.16049382716049385,2832.67326299466,-0.8151732862553841
0.16049382716049385,2831.2572286142877,0.611564575261574
0.17283950617283952,2831.9653099640655,-0.10717709921286893
0.16049382716049385,2819.9468896467847,-2.2420388076149593
0.16049382716049385,2842.567218296049,3.421732855090303
0.16049382716049385,2828.4254516374235,3.420084300927587
0.16049382716049385,2847.523365600011,-1.5525791327394263
0.16049382716049385,2830.54923184661,1.318063577635531
0.16049382716049385,2832.673189303686,-0.8170307713639838
0.16049382716049385,2843.9830976423864,2.0397644278179623
0.16049382716049385,2842.5674276371155,3.4458217089480203
0.16049382716049385,2843.275488879675,2.7172956464545606
0.16049382716049385,2829.841283178093,2.028565522775794
0.16049382716049385,2819.9468856573662,-2.2367511004479868
0.17283950617283952,2843.9833748810047,2.035039257453718
0.16049382716049385,2831.25696064197,0.5871270127328411
0.16049382716049385,2818.530734771033,-0.8193537197286661
0.16049382716049385,2843.275181444404,2.714575976414343
0.16049382716049385,2832.6731557482813,-0.8065214877951062
0.16049382716049385,2843.9831129654735,2.0360157714296707
0.16049382716049385,2832.673146709356,-0.8277631915796438
0.16049382716049385,2829.1334541067617,2.70503819402411
0.17283950617283952,2830.549260046242,1.3207519743995348
0.17283950617283952,2831.257351721049,0.6005024626701002
0.16049382716049385,2845.39921162228,0.6106009098067141
0.16049382716049385,2842.567289451991,3.4270883037245023
0.16049382716049385,2843.275622536018,2.7276891983710203
0.16049382716049385,2846.8149885241846,-0.8223884030964463
0.16049382716049385,2846.8150376460703,-0.8441341889980212
0.16049382716049385,2842.567554848256,3.444311223353993
0.16049382716049385,2831.9650363942797,-0.10047245997700305
0.16049382716049385,2834.089031543191,-2.2084058143509813
0.1728395061728395,2832.672930517546,-0.7981011559645329
0.16049382716049385,2830.5490216048347,1.3275967377464764
0.16049382716049385,2833.3810775322195,-1.501237966504676
0.16049382716049385,2829.1334670570695,2.7124184222179712
0.16049382716049385,2829.133103657197,2.7387319916492614
0.16049382716049385,2829.841431782549,2.0143901184469413
0.17283950617283952,2831.257360049747,0.6005255536967057
0.16049382716049385,2834.797079088449,-2.9393564080057044
0.16049382716049385,2833.381226747117,-1.5449674569969625
0.16049382716049385,2829.1334584028345,2.707745855136364
0.16049382716049385,2844.691355195364,1.3235830594619322
0.16049382716049385,2848.2313557343628,-2.2714246090288848
0.16049382716049385,2831.9653145379143,-0.10071857334356941
0.16049382716049385,2829.1333176599996,2.722055894419737
0.16049382716049385,2830.549284101375,1.32107135363298
0.16049382716049385,2843.275412614421,2.7426296022871233
0.16049382716049385,2845.3994777690973,0.6250679794280661
0.16049382716049385,2842.567568710324,3.425940661936209
0.16049382716049385,2829.133496694728,2.7173353823518402
0.16049382716049385,2843.2753562755597,2.743717782070598
0.17283950617283952,2831.965076089444,-0.09532700192799108
0.17283950617283952,2829.841327773596,2.0274991079646942
0.16049382716049385,2833.3811423132643,-1.5176373916873842
0.16049382716049385,2829.8413134313973,2.0234751324483033
0.16049382716049385,2842.567566126679,3.425374585878188
0.16049382716049385,2834.0892215202857,-2.2307978299546876
0.16049382716049385,2833.3811523934673,-1.516778044526444
0.16049382716049385,2833.3812861852925,-1.5438680257565636
0.16049382716049385,2829.133386097928,2.7342906872872716
0.16049382716049385,2847.5233728909234,-1.5563137704772851
0.16049382716049385,2831.965283451263,-0.10071482163267724
0.16049382716049385,2829.8412844803124,2.0247666768043713
0.16049382716049385,2831.2572087033423,0.6133451996227235
0.1728395061728395,2834.0891757216355,-2.2177147015149807
0.16049382716049385,2828.4253665624706,3.4261427014284442
0.16049382716049385,2819.2389269038968,-1.5243725224049158
0.16049382716049385,2820.6546287678393,-2.93712656767259
0.16049382716049385,2832.673176082299,-0.8215396107015962
0.16049382716049385,2834.797160535367,-2.9496394425785875
0.16049382716049385,2834.79719722003,-2.9573004412772375
0.16049382716049385,2834.79719722003,-2.9573004412772375
0.16049382716049385,2830.5493845979067,1.2996382999121956
0.16049382716049385,2834.0891891901824,-2.225542853071837
0.16049382716049385,2843.275609992885,2.7223373850408445
0.16049382716049385,2843.275590445175,2.731402415073411
0.16049382716049385,2819.946621588676,-2.2305085584940247
0.16049382716049385,2819.9466268325677,-2.233665916062457
0.16049382716049385,2828.425107300082,3.4255688336405203
0.1728395061728395,2846.107475500477,-0.13218590292752025
0.16049382716049385,2819.2386607891476,-1.5289176054163236
0.16049382716049385,2846.815164779226,-0.8587965123047333
0.16049382716049385,2834.0890447355646,-2.216967079183112
0.16049382716049385,2828.4255074811977,3.407636093222502
0.1728395061728395,2829.8414248923573,2.007491580382527
0.16049382716049385,2829.1333274582153,2.72298325517063
0.16049382716049385,2843.9831011453057,2.038929845440236
0.16049382716049385,2817.115173116976,0.5697847017938201
0.16049382716049385,2847.523007136877,-1.5415594318623838
0.16049382716049385,2830.5492406050803,1.3142713237630077
0.16049382716049385,2848.2313682364475,-2.2645284028771626
0.16049382716049385,2845.3990282097116,0.6285091282627586
0.16049382716049385,2830.5489810251893,1.3231543767612397
0.16049382716049385,2834.088842930846,-2.2001165274565833
0.16049382716049385,2846.107479473665,-0.13968921930489056
0.16049382716049385,2831.2569809344222,0.6223313139610689
0.1728395061728395,2842.5676757794126,3.4278207871391624
0.16049382716049385,2833.381133625146,-1.5070794664554057
0.17283950617283952,2831.9651817175954,-0.0911731522315689
0.1728395061728395,2842.567192754162,3.45261935150942
0.16049382716049385,2819.2391084953742,-1.5395919386048136
0.16049382716049385,2846.815412679845,-0.8410487479693923
0.16049382716049385,2834.089270235306,-2.2446395894343536
0.16049382716049385,2834.7971939678478,-2.927707896158396
0.16049382716049385,2831.96519714594,-0.09369855475885616
0.16049382716049385,2829.8410318886067,2.0341427946660335
0.16049382716049385,2819.9470907227897,-2.239734300094311
0.16049382716049385,2846.107390631844,-0.12744304272821164
0.1728395061728395,2832.67295833074,-0.8008405323068865
0.1728395061728395,2847.5232655852883,-1.5559853340186736
0.17283950617283952,2834.796974118487,-2.924470474152929
0.16049382716049385,2847.52338058491,-1.556598521012759
0.16049382716049385,2843.983432359618,2.0282341721382737
0.1728395061728395,2832.673267207462,-0.8155041500447106
0.16049382716049385,2846.815450025225,-0.8648413377540937
0.16049382716049385,2834.7970209927485,-2.946843689610594
0.16049382716049385,2829.84132318292,2.0261075842297407
0.16049382716049385,2831.2570925518276,0.5969523857702291
0.16049382716049385,2846.107365807226,-0.12448367369755964
0.16049382716049385,2842.567479510597,3.4387988736763955
0.16049382716049385,2832.673134782875,-0.8085233456903702
0.16049382716049385,2845.39932465887,0.622095322593358
0.16049382716049385,2819.947044744088,-2.254705054266593
0.16049382716049385,2831.2569742957467,0.6209390659564502
0.16049382716049385,2817.1151860518103,0.5671095574775208
0.16049382716049385,2834.7972131410634,-2.95809485855072
0.16049382716049385,2848.231298916487,-2.24853774325361
0.16049382716049385,2843.983492726785,2.02672685621006
0.16049382716049385,2831.965316535168,-0.13839707418917674
0.16049382716049385,2843.2751304465246,2.746940526780639
0.16049382716049385,2834.0890658949766,-2.2146389633796923
0.16049382716049385,2819.9469560064604,-2.2329417534419336
0.16049382716049385,2842.5674918759028,3.438016540266241
0.16049382716049385,2845.399211330724,0.6109719514102377
0.16049382716049385,2833.381299565328,-1.5422358106190301
0.16049382716049385,2843.2754395434613,2.7562079714813903
0.16049382716049385,2842.5675010425193,3.447697872931703
0.16049382716049385,2842.5674428515895,3.4507876868401293
0.16049382716049385,2834.0891054680496,-2.2396364144021796
0.16049382716049385,2830.5492312876736,1.3139632647436392
0.16049382716049385,2828.425075669966,3.4248970212352763
0.16049382716049385,2817.8231812965246,-0.13435744560064095
0.16049382716049385,2833.381134293362,-1.5117646913248073
0.16049382716049385,2833.381151889599,-1.5341219150017593
0.16049382716049385,2842.567553412959,3.415875973410919
0.1728395061728395,2833.381122181963,-1.5101772573054797
0.16049382716049385,2817.8231530597,-0.14056458590067816
0.16049382716049385,2843.275214881455,2.7402526231503823
0.16049382716049385,2832.6731653222046,-0.8190945083251372
0.16049382716049385,2834.797028460787,-2.9465347726090183
0.16049382716049385,2830.5493168185594,1.3129478244580346
0.16049382716049385,2820.655040075901,-2.955638791221587
0.16049382716049385,2843.275583880925,2.718461605114916
0.16049382716049385,2832.6731629515193,-0.8021564475358793
0.16049382716049385,2829.8413254326315,2.0159244357023374
0.17283950617283952,2845.3993019354384,0.6293742619106852
0.16049382716049385,2828.425473065993,3.4023243121355993
0.16049382716049385,2831.964941852877,-0.08270491663569214
0.16049382716049385,2832.6728795610506,-0.7956330303665505
0.16049382716049385,2843.9831505145107,2.0440730069354944
0.16049382716049385,2831.965205938285,-0.08900110756054218
0.16049382716049385,2829.13335361023,2.7264712477448945
0.16049382716049385,2820.654928000069,-2.9339598083948433
0.16049382716049385,2834.7971793562924,-2.935821569789109
0.1728395061728395,2832.6732954195686,-0.8155075548393079
0.16049382716049385,2819.2389894939856,-1.5202021481001666
0.16049382716049385,2831.2572354830654,0.6184011519617583
0.16049382716049385,2829.8413169727346,2.0244445321904925
0.16049382716049385,2818.5310285755304,-0.8151659175031783
0.16049382716049385,2831.9652060321373,-0.1152967737468112
0.16049382716049385,2818.530803274769,-0.8095414096905517
0.16049382716049385,2829.8413420439288,2.026978601998109
0.16049382716049385,2833.381107247882,-1.512725523028555
0.14814814814814814,2848.2314050846417,-2.2592996709946673
0.1604938271604938,2842.5674584472586,3.462557270250131
0.14814814814814814,2828.425523551935,3.4181817947510886
0.14814814814814814,2848.231409378824,-2.2593124366654846
0.14814814814814814,2843.275481696502,2.748792138817433
0.14814814814814814,2829.133366479081,2.733931979976298
0.14814814814814814,2818.5307372366083,-0.8174326342684561
0.14814814814814814,2833.381123460344,-1.49856874595035
0.14814814814814814,2834.088850203967,-2.200147065299122
0.14814814814814814,2846.107483679194,-0.1430739611768537
0.14814814814814814,2846.1074514899387,-0.13857095789412527
0.14814814814814814,2834.0888495341046,-2.2042480259739268
0.14814814814814814,2844.6911140823086,1.3384146215734827
0.14814814814814814,2828.42539700124,3.4309958489318966
0.14814814814814814,2829.133345219783,2.7264830888230414
0.16049382716049385,2842.567706634554,3.4127937565269515
0.14814814814814814,2829.13348447039,2.7131455641543276
0.14814814814814814,2834.089138168887,-2.229417219870017
0.14814814814814814,2829.8410571761724,2.032674985937867
0.14814814814814814,2843.2755167357163,2.7468861095740156
0.16049382716049385,2831.965340368548,-0.10280954003520364
0.14814814814814814,2846.107509943665,-0.1485602220044905
0.14814814814814814,2829.841353386177,2.0329028303766004
0.14814814814814814,2834.797104770233,-2.935450607253758
0.14814814814814814,2834.7970784661766,-2.921809738555
0.16049382716049385,2829.8413644650504,2.034516280396461
0.14814814814814814,2834.7967806632605,-2.909947934354184
0.14814814814814814,2828.425384301328,3.4315193194198024
0.16049382716049385,2834.0888104026903,-2.20094068580216
0.14814814814814814,2834.0888266813677,-2.1999759487407027
0.14814814814814814,2834.089076780782,-2.211931719471582
0.14814814814814814,2828.425348723124,3.4194616449283863
0.14814814814814814,2843.2752141794404,2.733273893866233
0.14814814814814814,2832.6731528469118,-0.7945163293191932
0.14814814814814814,2829.841414989422,2.0144029984662954
0.14814814814814814,2818.531165315777,-0.8291790900166941
0.16049382716049385,2831.25736969857,0.59959423878012
0.14814814814814814,2831.965238494121,-0.11900735558458744
0.14814814814814814,2834.0892237262833,-2.2205692040906024
0.14814814814814814,2831.965186438389,-0.1005517268699146
0.14814814814814814,2831.2572287137755,0.6188155972607217
0.14814814814814814,2842.5675852511713,3.450769033093181
0.14814814814814814,2843.2754692780863,2.7494097501043555
0.14814814814814814,2834.089209057539,-2.22004586080321
0.14814814814814814,2834.797093541476,-2.939485129200081
0.14814814814814814,2834.0891196853313,-2.2336121752697427
0.14814814814814814,2843.275486056882,2.734751028493664
0.14814814814814814,2832.672904650746,-0.7909313241995262
0.14814814814814814,2833.3808462759307,-1.5247691641515553
0.14814814814814814,2834.7971780786206,-2.924233869480284
0.14814814814814814,2842.5672998082223,3.4283483878489367
0.14814814814814814,2834.797206939394,-2.92999296867269
0.14814814814814814,2843.2752023691837,2.7523218629962756
0.14814814814814814,2842.5672336514112,3.451838175624479
0.14814814814814814,2834.7967971401467,-2.9201059115902717
0.14814814814814814,2856.7095450151114,3.416604595680729
0.14814814814814814,2829.8414555702425,2.013116392188842
0.14814814814814814,2834.7971206775933,-2.923196688986201
0.14814814814814814,2819.239080339971,-1.545068954264765
0.14814814814814814,2831.256983794631,0.6212894982907999
0.14814814814814814,2843.275247594442,2.726055287666108
0.14814814814814814,2843.2751950919187,2.7454700932684855
0.14814814814814814,2843.2754743196215,2.7427492933203745
0.14814814814814814,2846.8150263072794,-0.8217011183873446
0.16049382716049385,2831.965202250421,-0.09654833163382008
0.14814814814814814,2819.94694903456,-2.232990342808833
0.16049382716049385,2842.567666107796,3.404310275672318
0.14814814814814814,2843.2751996850575,2.7226621782565044
0.1604938271604938,2848.2313409604994,-2.264647580148438
0.14814814814814814,2856.709783271644,3.3818383074430654
0.14814814814814814,2842.5675576487342,3.4233172985862073
0.14814814814814814,2831.965177846801,-0.10020233995685664
0.14814814814814814,2831.257377407153,0.6030439309953197
0.14814814814814814,2833.381298255261,-1.5422267221873671
0.16049382716049385,2831.9653344240496,-0.09843406499113776
0.16049382716049385,2834.797039860583,-2.911778481729251
0.14814814814814814,2829.8414555156196,2.011281538728419
0.14814814814814814,2834.0888599309174,-2.2323727430283515
0.14814814814814814,2842.5676749517984,3.4228141050887277
0.14814814814814814,2834.0888655611943,-2.229017385488648
0.14814814814814814,2834.0891105738115,-2.2124290739465113
0.14814814814814814,2834.089093189137,-2.241423602838372
0.14814814814814814,2842.5676355135747,3.403908624056802
0.14814814814814814,2846.1073452612095,-0.12486373924284638
0.16049382716049385,2834.796933184238,-2.9423209973383613
0.16049382716049385,2846.8152875099113,-0.837223489000793
0.14814814814814814,2830.549396204089,1.2993487054426547
0.14814814814814814,2842.567481018158,3.439543779181312
0.14814814814814814,2817.1150530510386,0.5810133354904664
0.14814814814814814,2843.983275742875,2.0212978657700287
0.14814814814814814,2842.5676355135747,3.403908624056802
0.16049382716049385,2843.2754857009672,2.7357935854846036
0.14814814814814814,2831.9651928774797,-0.09902714474615869
0.14814814814814814,2817.823150463181,-0.13685364143231166
0.14814814814814814,2834.0890938430134,-2.228707854687743
0.14814814814814814,2847.523256966123,-1.5314474912069098
0.14814814814814814,2842.56761633891,3.4259281017975436
0.14814814814814814,2830.54897909548,1.3063297779218124
0.14814814814814814,2843.983523105242,2.0172920351560233
0.14814814814814814,2846.8150222345716,-0.8273158894978032
0.14814814814814814,2842.567487194032,3.448749372784245
0.14814814814814814,2843.275153193761,2.7369311200563597
0.14814814814814814,2843.275413324932,2.7388201327754094
0.14814814814814814,2834.0890534645414,-2.2217559224001686
0.16049382716049385,2842.567688955099,3.4032023291128026
0.14814814814814814,2834.0891991281346,-2.2359034513767053
0.16049382716049385,2831.257228030845,0.6060410603081358
0.14814814814814814,2846.107019500809,-0.12169078666384836
0.14814814814814814,2833.381099572159,-1.5067597806473165
0.14814814814814814,2843.2750499386066,2.741618921789218
0.14814814814814814,2819.9469004163175,-2.2318688634791926
0.14814814814814814,2847.523239779689,-1.554728614296765
0.14814814814814814,2829.1334729050463,2.702277303623813
0.14814814814814814,2846.8154656935512,-0.8463540445069762
0.14814814814814814,2834.0890531923137,-2.2313230080364317
0.14814814814814814,2831.25723505417,0.6065445147575168
0.14814814814814814,2846.8150492461073,-0.8372701185911668
0.14814814814814814,2848.2312026547384,-2.261046804265366
0.14814814814814814,2843.275436340223,2.741895600174387
0.1604938271604938,2846.8150241118387,-0.8478077998933958
0.14814814814814814,2846.8152795557803,-0.8179680144843794
0.14814814814814814,2846.107432349842,-0.1375887538385349
0.14814814814814814,2819.2390720787967,-1.550855541002933
0.14814814814814814,2834.089056868882,-2.215434849831956
0.14814814814814814,2848.9393049163073,-2.980630922198933
0.14814814814814814,2845.3990353583463,0.6289836575264828
0.14814814814814814,2844.691376380257,1.3332349328636897
0.14814814814814814,2847.523271248516,-1.5609349146476332
0.14814814814814814,2834.0891200374263,-2.2389139151936797
0.14814814814814814,2834.79716004659,-2.9409396819734663
0.14814814814814814,2843.9835446231737,2.013406418593112
0.14814814814814814,2834.7968225136087,-2.9423569974579795
0.14814814814814814,2832.6728922370758,-0.8053092232357266
0.14814814814814814,2848.2313678961605,-2.2670364934493064
0.14814814814814814,2842.5675352137478,3.427725201748908
0.14814814814814814,2843.275620432355,2.7203542261238542
0.14814814814814814,2834.08924422766,-2.2527556311195007
0.14814814814814814,2846.815038432153,-0.8294777560565116
0.14814814814814814,2842.56751327773,3.4435708123297935
0.14814814814814814,2845.399185300692,0.6088650640064851
0.14814814814814814,2834.797118844691,-2.9273881393863848
0.14814814814814814,2848.231332571997,-2.274736291418484
0.14814814814814814,2819.946914199142,-2.234666462194653
0.14814814814814814,2829.8412720727474,2.0094294008666314
0.14814814814814814,2843.275185472314,2.7403476396784843
0.14814814814814814,2834.089236612142,-2.2521907924225406
0.1604938271604938,2832.6728464256835,-0.7958835042830799
0.14814814814814814,2818.5309860610087,-0.8277323689059741
0.14814814814814814,2830.5489413033797,1.3200847750407336
0.14814814814814814,2845.399291834561,0.6295870266937083
0.14814814814814814,2842.5674648840713,3.4460964766359927
0.14814814814814814,2832.6728650022733,-0.8093859880820928
0.14814814814814814,2831.965314277268,-0.10386540926509609
0.14814814814814814,2829.1333523379985,2.7311044865924505
0.14814814814814814,2820.6548051813375,-2.9376718909266657
0.14814814814814814,2833.3811222745267,-1.5104761596045382
0.14814814814814814,2829.841431521903,2.0112432825251867
0.14814814814814814,2843.2754848958393,2.719344051755407
0.14814814814814814,2833.381148882938,-1.531617716098426
0.14814814814814814,2832.673293930063,-0.8165144555796764
0.14814814814814814,2817.8227541743527,-0.11650522111978175
0.14814814814814814,2830.5493906177603,1.3068362541167187
0.14814814814814814,2834.7969669575523,-2.9121317734637078
0.14814814814814814,2830.5492739369397,1.3230369265091337
0.14814814814814814,2842.5676454343006,3.4334857888101253
0.14814814814814814,2834.0892251725154,-2.2362514560098834
0.14814814814814814,2843.275226725477,2.7343236540264204
0.14814814814814814,2816.407088090087,1.2882884277173035
0.14814814814814814,2848.2312349093345,-2.243874718411125
0.14814814814814814,2848.2312255071424,-2.2309836492721096
0.14814814814814814,2815.6988716402816,2.002532909047373
0.14814814814814814,2831.9651493840774,-0.09741769861364172
0.14814814814814814,2834.089015547317,-2.2230405757435756
0.14814814814814814,2828.425329738725,3.417832672625602
0.14814814814814814,2819.946907361699,-2.239731531512975
0.16049382716049385,2834.797043008425,-2.9250657111934477
0.16049382716049385,2830.5492707262133,1.3215047052301412
0.14814814814814814,2843.275577013483,2.732256002836405
0.1604938271604938,2834.797098388618,-2.9194854280874933
0.14814814814814814,2830.5492603288767,1.3187163581759629
0.14814814814814814,2847.523382384546,-1.5574110892893465
0.14814814814814814,2830.549314123432,1.3161068440100296
0.14814814814814814,2834.0891047758887,-2.2181756965614867
0.14814814814814814,2843.983314498295,2.0398299979823444
0.14814814814814814,2832.6731569694543,-0.796908002116332
0.14814814814814814,2831.2569428455163,0.6167440241065958
0.14814814814814814,2834.089072426641,-2.208091153783342
0.14814814814814814,2831.965314744736,-0.10719858633875311
0.14814814814814814,2829.841300740603,2.0194089636596724
0.14814814814814814,2829.8412912115537,2.02573920392257
0.14814814814814814,2828.4253512066703,3.420301099556875
0.14814814814814814,2831.965194855536,-0.0962776309360362
0.14814814814814814,2833.3811616243624,-1.5302720151674993
0.14814814814814814,2832.6731559384243,-0.7972827235568258
0.14814814814814814,2829.84130691591,2.0221262297974514
0.14814814814814814,2831.257181559761,0.6172579950576289
0.14814814814814814,2843.2752169799846,2.725553743209305
0.14814814814814814,2848.231372031403,-2.2709176056540246
0.14814814814814814,2843.275539539447,2.7421993542181906
0.14814814814814814,2846.815280447214,-0.8389210751162391
0.14814814814814814,2848.2312135761317,-2.2586899083847856
0.14814814814814814,2843.2754675521637,2.7399386717732157
0.14814814814814814,2831.2573538262814,0.5978376442580078
0.14814814814814814,2846.1074368172476,-0.12386245798109691
0.14814814814814814,2847.5234236038505,-1.5662696827192082
0.14814814814814814,2833.381266076658,-1.5318444276014151
0.14814814814814814,2830.5492656806537,1.3191562689349683
0.16049382716049385,2831.9652226939907,-0.12037224231046004
0.14814814814814814,2834.089093878301,-2.222695038810516
0.14814814814814814,2843.275202283604,2.7391807126659913
0.14814814814814814,2842.5675000675906,3.446346467576829
0.14814814814814814,2843.27547488843,2.739695518778612
0.14814814814814814,2829.133471070916,2.7129463360485184
0.14814814814814814,2848.2313534097943,-2.268671532017071
0.14814814814814814,2834.0891082106186,-2.234693515962764
0.14814814814814814,2845.399044567158,0.6279172992885459
0.14814814814814814,2834.0890690125534,-2.2253247184596625
0.14814814814814814,2847.5233649663455,-1.5530227560394732
0.14814814814814814,2834.0888420732235,-2.2364295978815125
0.14814814814814814,2832.6732686192145,-0.8447650594879884
0.14814814814814814,2842.567678653587,3.4030710076615467
0.14814814814814814,2818.531138644877,-0.8389109273135343
0.14814814814814814,2834.7971825516283,-2.946754856984514
0.14814814814814814,2843.9831495444137,2.0355688665432705
0.14814814814814814,2829.1334657089765,2.7081083678589417
0.14814814814814814,2834.7970719240257,-2.947899710688377
0.14814814814814814,2834.089097093827,-2.2124745632191907
0.14814814814814814,2833.3811029412063,-1.506557059430386
0.14814814814814814,2834.796787321002,-2.9135489234896585
0.14814814814814814,2834.0887979706436,-2.230817715854928
0.16049382716049385,2848.230801108594,-2.2536180252373375
0.14814814814814814,2830.549403108663,1.3064479464545473
0.14814814814814814,2843.9834106218163,2.045213114883921
0.14814814814814814,2830.5493787544583,1.3047577764358282
0.14814814814814814,2842.5675327652634,3.421064132366391
0.14814814814814814,2831.965212133416,-0.12266259196928966
0.14814814814814814,2830.549240180329,1.314626961205378
0.14814814814814814,2843.2755557340806,2.7322456490222815
0.14814814814814814,2834.0889561026065,-2.207671094802553
0.14814814814814814,2846.1070265418603,-0.11810692499709954
0.14814814814814814,2819.238660035327,-1.533112814373284
0.16049382716049385,2834.79705455571,-2.916116240398204
0.14814814814814814,2830.5489658161105,1.3138901838531842
0.14814814814814814,2829.841288554337,2.0228440647839325
0.14814814814814814,2829.8412817071453,2.025066551384101
0.14814814814814814,2829.841300916681,2.0225646146483105
0.14814814814814814,2829.133486727814,2.7181564149819346
0.14814814814814814,2832.6729309388616,-0.8227527110608454
0.14814814814814814,2844.691469723298,1.3131145516590177
0.14814814814814814,2846.8153981947025,-0.848649756678782
0.14814814814814814,2846.8154400561516,-0.8551948124096529
0.14814814814814814,2834.797036663305,-2.9287617322796695
0.14814814814814814,2829.841279911773,2.022940912441847
0.14814814814814814,2843.9831056972507,2.037480797550378
0.16049382716049385,2843.2754251274664,2.7447013742147077
0.14814814814814814,2843.275584038982,2.7278970641264166
0.14814814814814814,2843.275571071333,2.726471817269627
0.14814814814814814,2834.0891497083294,-2.2300421570003355
0.14814814814814814,2847.5232463616026,-1.5449263664970694
0.14814814814814814,2829.1334692483183,2.713575538236811
0.14814814814814814,2831.9648906966218,-0.11167062836704959
0.14814814814814814,2842.5672029471766,3.42331935364742
0.14814814814814814,2834.088683878917,-2.208347283807014
0.14814814814814814,2819.9469004163175,-2.2318688634791926
0.14814814814814814,2834.088802951181,-2.2113526592043344
0.14814814814814814,2832.67315467057,-0.7982096142360644
0.14814814814814814,2842.5675955107863,3.4305556628711846
0.14814814814814814,2846.1074460016057,-0.12844313346710634
0.14814814814814814,2834.7967096981765,-2.9373664613800674
0.14814814814814814,2819.946886948651,-2.2430258005327364
0.14814814814814814,2845.3994418608513,0.6146115086724322
0.14814814814814814,2829.841417836003,2.0097940070325895
0.14814814814814814,2830.549266271494,1.3150648986162212
0.14814814814814814,2843.275146156684,2.7319130473717532
0.14814814814814814,2831.965165968623,-0.09330711387442364
0.14814814814814814,2831.9651611029835,-0.09166390724330825
0.14814814814814814,2830.54896988642,1.3193861279650465
0.14814814814814814,2843.275564813583,2.7293823453374633
0.14814814814814814,2830.5492408302284,1.317904681845086
0.14814814814814814,2846.1074372762473,-0.14361352608202074
0.14814814814814814,2842.567188681202,3.446715481339387
0.16049382716049385,2817.8230132580607,-0.12492918290189302
0.16049382716049385,2831.965186819434,-0.10101849948689143
0.14814814814814814,2834.089019226833,-2.222722209828932
0.14814814814814814,2848.2313255149147,-2.265509055111906
0.14814814814814814,2832.6731923772095,-0.8252588755973439
0.14814814814814814,2829.8410390917234,2.0291211919871803
0.14814814814814814,2831.965183118721,-0.09066113057010455
0.14814814814814814,2820.65488115156,-2.9405808379217064
0.14814814814814814,2816.406813644833,1.2939372040479484
0.14814814814814814,2830.5492439386803,1.3149961642638042
0.14814814814814814,2832.6731923772095,-0.8252588755973439
0.14814814814814814,2848.2312966535715,-2.247757848645626
0.14814814814814814,2832.673152599372,-0.7984518524070687
0.14814814814814814,2832.6732671582376,-0.8063721186114765
0.14814814814814814,2831.2572140725592,0.6151992007901879
0.14814814814814814,2829.133329084881,2.722909531900367
0.16049382716049385,2830.5492661503094,1.322167942030988
0.14814814814814814,2831.2569573117526,0.6196882717539227
0.14814814814814814,2831.9651798653435,-0.09440762318455063
0.14814814814814814,2843.2753115752416,2.730358644790523
0.14814814814814814,2844.691052298028,1.3245950403836186
0.14814814814814814,2832.672841211098,-0.8019230190997768
0.14814814814814814,2843.275435017914,2.71832439446692
0.14814814814814814,2832.673241370806,-0.8209175665901308
0.14814814814814814,2829.8412927625423,2.0240101313782835
0.16049382716049385,2846.1070365496325,-0.13795293781498116
0.14814814814814814,2844.6914990162104,1.3166725878492218
0.14814814814814814,2834.797011825632,-2.919688912093252
0.14814814814814814,2842.56714939439,3.456730872766954
0.14814814814814814,2834.7971752887975,-2.9446476409337965
0.14814814814814814,2831.257145805125,0.6091374267701416
0.14814814814814814,2834.0892143703422,-2.2396114103370355
0.14814814814814814,2845.399333777474,0.6308992199035476
0.14814814814814814,2831.9651796890876,-0.08852183383368013
0.14814814814814814,2831.9653499660976,-0.1330672041394244
0.16049382716049385,2843.98337434767,2.0342183443234196
0.16049382716049385,2831.9651685515664,-0.09484525194285069
0.14814814814814814,2843.2754591825606,2.7407984810009878
0.1604938271604938,2843.2755199206154,2.7338776337750956
0.14814814814814814,2843.983399528091,2.030338744619459
0.14814814814814814,2834.7971959099627,-2.9572913528455747
0.16049382716049385,2833.3808319101604,-1.513369812914181
0.14814814814814814,2834.0892284253905,-2.2508835570419614
0.14814814814814814,2843.2754145175522,2.7351299069934694
0.14814814814814814,2842.5676713907555,3.405178223712264
0.14814814814814814,2845.3990241008005,0.6282316166500176
0.14814814814814814,2829.8414158810097,2.0089994137323193
0.14814814814814814,2819.9469262662606,-2.2326696531361705
0.14814814814814814,2843.9833759133317,2.0324105543280173
0.14814814814814814,2829.133451404042,2.712924613376246
0.14814814814814814,2847.5232673761566,-1.5430712466146057
0.14814814814814814,2834.7971959099627,-2.9572913528455747
0.14814814814814814,2833.3812740730527,-1.5472188916520526
0.14814814814814814,2834.7970424900886,-2.942598869540691
0.14814814814814814,2833.381255016033,-1.5454590187830288
0.14814814814814814,2829.133458269889,2.716101373260302
0.14814814814814814,2845.399451873359,0.589664788246043
0.14814814814814814,2843.2755252887628,2.7298945779814128
0.14814814814814814,2831.25694872424,0.6198450329278347
0.14814814814814814,2834.0890075603156,-2.2139184051063037
0.14814814814814814,2843.983408383281,2.0344035672936305
0.14814814814814814,2844.691349609816,1.3207157725825134
0.14814814814814814,2831.2572193140504,0.6192473197477639
0.14814814814814814,2832.6731213091216,-0.8019225612626361
0.14814814814814814,2843.9831434373405,2.035892870657293
0.14814814814814814,2801.5568065549287,1.9867389108296307
0.14814814814814814,2834.797209222528,-2.9370230196876737
0.14814814814814814,2832.6731572540766,-0.7906702460861073
0.14814814814814814,2847.523405516104,-1.5531464223703757
0.14814814814814814,2846.1071157094125,-0.12461455872216093
0.14814814814814814,2829.133343467389,2.722025922883242
0.14814814814814814,2820.6549296569674,-2.9371490877607895
0.14814814814814814,2842.567525010544,3.4270089244991677
0.14814814814814814,2834.0890993595826,-2.219176509733756
0.14814814814814814,2830.54942059651,1.3088784344355207
0.14814814814814814,2830.5492859298715,1.3252085347709015
0.14814814814814814,2820.6549069868593,-2.9323174453255234
0.14814814814814814,2846.107506619604,-0.1252314269433486
0.14814814814814814,2832.6729276971946,-0.7941755647804049
0.14814814814814814,2832.6729177239235,-0.7874719728894417
0.14814814814814814,2847.522993949719,-1.5211678792033387
0.14814814814814814,2819.2387352855585,-1.5140918335246873
0.14814814814814814,2843.2751665945525,2.7676936133726953
0.14814814814814814,2831.256965663518,0.6220422567263462
0.14814814814814814,2833.3811336890335,-1.503193606333243
0.14814814814814814,2846.815449240295,-0.8334997052817734
0.14814814814814814,2834.7970627619234,-2.9105366720588126
0.14814814814814814,2842.5672542834736,3.427217872332184
0.14814814814814814,2829.8410294397536,2.021202924789261
0.14814814814814814,2819.947087152687,-2.2392515512102165
0.14814814814814814,2832.67319849564,-0.7950434114440351
0.1604938271604938,2842.567199172724,3.456639280837721
0.14814814814814814,2842.5675484011035,3.4356281592695357
0.14814814814814814,2842.5676955729637,3.4101703931769496
0.14814814814814814,2846.107110127179,-0.12584749894722694
0.14814814814814814,2843.2754236688875,2.7550037231550886
0.14814814814814814,2828.425523551935,3.4181817947510886
0.13580246913580246,2834.0891062672663,-2.2062634824117096
0.13580246913580246,2842.567645845987,3.4262127932232387
0.13580246913580246,2847.5234194957716,-1.556461376003233
0.13580246913580246,2834.7970612711865,-2.9121725424565694
0.13580246913580246,2831.9652484215176,-0.11503852675354675
0.14814814814814814,2845.3992611748595,0.6340235185798943
0.14814814814814814,2842.5676749517984,3.4228141050887277
0.13580246913580246,2842.56752329979,3.451356797769232
0.13580246913580246,2845.3990391591124,0.6286578431049373
0.13580246913580246,2843.9831474332054,2.040799888133696
0.13580246913580246,2843.9834107647575,2.03924406868622
0.13580246913580246,2833.3808431875073,-1.525774332485687
0.14814814814814814,2845.3990508538677,0.6274641016304175
0.13580246913580246,2831.9652370599297,-0.1189945881662835
0.13580246913580246,2846.107315948929,-0.12118633909871376
0.14814814814814814,2834.089209057539,-2.22004586080321
0.13580246913580246,2817.8230265786533,-0.12300822502885607
0.13580246913580246,2843.2754907064796,2.7440471243830973
0.13580246913580246,2832.6731165711767,-0.797713573552539
0.13580246913580246,2834.089169465056,-2.251079476247403
0.13580246913580246,2831.965067263242,-0.0949439082352013
0.13580246913580246,2846.815312974362,-0.8436998577557352
0.13580246913580246,2843.9834010829236,2.0309029279887536
0.14814814814814814,2846.10702791559,-0.12441754824793569
0.13580246913580246,2831.256971035146,0.6121920625435261
0.13580246913580246,2848.231246299263,-2.2630942554381193
0.13580246913580246,2833.3812315861196,-1.52843695469385
0.14814814814814814,2820.6549049849837,-2.9384906959808887
0.14814814814814814,2831.9650716717833,-0.10758173942200165
0.14814814814814814,2820.654730618175,-2.9553326715243857
0.14814814814814814,2843.275200992033,2.747224396393759
0.14814814814814814,2819.947075587343,-2.2501198117407313
0.13580246913580246,2842.5675095683696,3.4452934572522005
0.14814814814814814,2831.2573635698977,0.5918632528347565
0.14814814814814814,2831.9650551696695,-0.10919820674449375
0.13580246913580246,2847.5234169797327,-1.5621547615519442
0.14814814814814814,2834.089056202569,-2.2114479497848114
0.13580246913580246,2829.841299172951,2.0211430691495296
0.13580246913580246,2831.2569608041927,0.61600244652689
0.13580246913580246,2829.133335305159,2.7284869697357297
0.13580246913580246,2845.3993346144366,0.6195199891286769
0.13580246913580246,2844.6912033619133,1.3160885159154159
0.13580246913580246,2830.549275379941,1.3143158735829166
0.14814814814814814,2829.8414191099682,2.0019384443009054
0.13580246913580246,2834.0892353045383,-2.242842282203351
0.13580246913580246,2833.3811015259785,-1.5356767009065402
0.13580246913580246,2846.107320582565,-0.13274241679885151
0.13580246913580246,2856.7097714967717,3.3892204981400096
0.13580246913580246,2832.6731907138874,-0.8301823199648861
0.13580246913580246,2832.673137529298,-0.8068470630154633
0.13580246913580246,2845.399451611174,0.5999845405587244
0.13580246913580246,2843.275461258457,2.7323320934021917
0.13580246913580246,2842.5672426120404,3.450208053035312
0.13580246913580246,2847.523378260037,-1.55577201765085
0.13580246913580246,2848.2313604588703,-2.265254506185098
0.13580246913580246,2846.1074179409748,-0.12829813070616483
0.13580246913580246,2830.549208412051,1.3164017131616566
0.13580246913580246,2833.3811211626003,-1.5323894345162854
0.13580246913580246,2843.2754106035745,2.7361889328116913
0.14814814814814814,2818.5311345024083,-0.8347456116624269
0.13580246913580246,2818.531098183464,-0.8429857494571152
0.13580246913580246,2834.796729979164,-2.912374814604636
0.13580246913580246,2843.275356078495,2.738941755949683
0.13580246913580246,2831.9649102632293,-0.08487295488348659
0.14814814814814814,2832.673108663153,-0.7989529605355152
0.13580246913580246,2847.5233711665774,-1.5542899316715362
0.14814814814814814,2842.567479649147,3.4476842110818477
0.13580246913580246,2846.8152447914895,-0.8267401738500202
0.13580246913580246,2832.6728148143734,-0.8025497171534249
0.13580246913580246,2834.797173854606,-2.94463487351572
0.13580246913580246,2834.7971944757714,-2.957278585427498
0.14814814814814814,2829.8410300481514,2.026132581720632
0.13580246913580246,2848.2313617309037,-2.262737809348758
0.13580246913580246,2842.5675296167756,3.4175476020108286
0.13580246913580246,2833.381078915886,-1.5130371738675832
0.13580246913580246,2819.2386567387584,-1.5351898698984896
0.13580246913580246,2846.107436918427,-0.12472331963346303
0.13580246913580246,2846.8153015191524,-0.8308621373588985
0.13580246913580246,2820.6550321435398,-2.9549823480289046
0.13580246913580246,2820.65493939404,-2.9421723731651195
0.13580246913580246,2819.2389285294284,-1.5353651945748097
0.13580246913580246,2829.1333110665187,2.733956336382242
0.13580246913580246,2833.3811358506514,-1.5325281266402682
0.13580246913580246,2832.673171380617,-0.829813282756727
0.13580246913580246,2847.523248934271,-1.5465589572690868
0.13580246913580246,2843.27519710098,2.7240200199032367
0.13580246913580246,2830.5493766071154,1.3050763532643475
0.14814814814814814,2843.9834087468553,2.0339727287712965
0.13580246913580246,2846.107033205162,-0.11729760113137569
0.13580246913580246,2843.9832296314885,2.0154368610621614
0.13580246913580246,2834.7970199627853,-2.9306084783270263
0.14814814814814814,2842.5675536404574,3.4413537959268004
0.13580246913580246,2844.69122078914,1.323276499198263
0.13580246913580246,2834.796727290178,-2.9391691788354617
0.14814814814814814,2830.549226420675,1.3163088284219535
0.13580246913580246,2846.815424435041,-0.8522178730331758
0.13580246913580246,2833.38108568985,-1.5073168872875589
0.14814814814814814,2842.567651272607,3.4082195732277767
0.13580246913580246,2846.8149950592738,-0.8440608948698922
0.13580246913580246,2834.089068135351,-2.226430000402611
0.13580246913580246,2831.2571962911784,0.6080001610454849
0.13580246913580246,2817.1151765678483,0.5710161501132788
0.14814814814814814,2848.23134742791,-2.269278452896209
0.13580246913580246,2842.5674663575137,3.4416134787004093
0.13580246913580246,2831.2572138876153,0.6149243593569269
0.13580246913580246,2833.381145002872,-1.5299347435009123
0.13580246913580246,2831.965286499228,-0.10784465978168742
0.13580246913580246,2843.2752105856816,2.7235982711452027
0.13580246913580246,2843.275142599947,2.7413403149161777
0.13580246913580246,2843.2754218303744,2.727880476058962
0.14814814814814814,2820.6549922573554,-2.9568841993097834
0.14814814814814814,2829.1331925223217,2.7157713569744297
0.13580246913580246,2830.5492553552795,1.3186115739655622
0.13580246913580246,2843.2751592723407,2.7417286302081347
0.13580246913580246,2845.3992812552756,0.6245453923305646
0.13580246913580246,2843.983236323668,2.023427936463577
0.13580246913580246,2831.257213557516,0.6125738183949567
0.13580246913580246,2834.797178150679,-2.941927212403466
0.13580246913580246,2817.823005516808,-0.1259422948931515
0.13580246913580246,2829.8412800157525,2.0221023043911717
0.13580246913580246,2829.841414193173,1.9995967151638274
0.13580246913580246,2846.8152619671,-0.8319368469624769
0.13580246913580246,2845.3990270449567,0.6302707603253647
0.13580246913580246,2829.1330143164555,2.7205011538672554
0.13580246913580246,2817.1151727645642,0.5697467899439616
0.13580246913580246,2843.275315939212,2.7199314115558755
0.13580246913580246,2829.8412800329265,2.02862074309756
0.13580246913580246,2832.673125925026,-0.7985514532126782
0.13580246913580246,2842.567525552784,3.4443192569452927
0.14814814814814814,2829.133454832732,2.7082286040204586
0.14814814814814814,2834.08891985272,-2.218355598138131
0.13580246913580246,2819.946908558963,-2.2329384772539504
0.13580246913580246,2831.9652247109934,-0.0903132353254035
0.13580246913580246,2842.5674840324505,3.417600231185551
0.13580246913580246,2846.815149416398,-0.8302606918201572
0.13580246913580246,2817.823137265009,-0.13794951886035417
0.13580246913580246,2847.5232792961187,-1.5447637169868325
0.14814814814814814,2831.2569441407572,0.615097732137557
0.13580246913580246,2829.133334653539,2.7152190767342947
0.14814814814814814,2834.0891891714036,-2.2223303691556415
0.13580246913580246,2831.9651638480345,-0.0876463454216197
0.13580246913580246,2829.8414280079123,2.0089082377205503
0.13580246913580246,2833.380811861257,-1.5051647189031223
0.13580246913580246,2831.964908035525,-0.11885882972217193
0.13580246913580246,2829.1330162451595,2.7164625677041965
0.13580246913580246,2817.8230119776426,-0.1249161247748116
0.13580246913580246,2832.6730914489613,-0.8061357213593306
0.13580246913580246,2843.2755683279843,2.720396600670592
0.13580246913580246,2845.3992896649033,0.6275806316677598
0.13580246913580246,2820.6549413086573,-2.9606398710386452
0.13580246913580246,2842.56764281197,3.4186749528099916
0.13580246913580246,2834.796997582505,-2.933755691271131
0.13580246913580246,2831.257230300214,0.6152941238171012
0.13580246913580246,2830.54929272132,1.3219770870165564
0.14814814814814814,2847.523384600646,-1.5424127682906648
0.13580246913580246,2847.523415938845,-1.5710691305842208
0.13580246913580246,2842.5672836068743,3.421329342375331
0.13580246913580246,2833.3812881574313,-1.5312055158735758
0.13580246913580246,2834.0890264462078,-2.2109722128369644
0.13580246913580246,2842.5675206491874,3.4348454348838837
0.14814814814814814,2834.7970719240257,-2.947899710688377
0.13580246913580246,2842.5672357304934,3.422700356443519
0.13580246913580246,2832.673268443008,-0.8447840154130314
0.14814814814814814,2828.4253857892018,3.4217840837648588
0.13580246913580246,2828.4254576080243,3.4034228235194153
0.13580246913580246,2834.7969890255986,-2.917869999775917
0.14814814814814814,2829.133461338832,2.708880897235357
0.13580246913580246,2831.257164894724,0.6124774037339852
0.13580246913580246,2844.6913692140492,1.3374894231377163
0.13580246913580246,2842.567526493418,3.435490797529393
0.13580246913580246,2846.107453105711,-0.1406234657221744
0.13580246913580246,2814.9909013131783,2.7053594370485694
0.13580246913580246,2843.2751689922848,2.7380714959464236
0.13580246913580246,2834.797140832223,-2.930330081445716
0.13580246913580246,2829.8412508232423,2.024168146536475
0.13580246913580246,2843.275603863881,2.7286833671761364
0.13580246913580246,2843.275366612723,2.743036168576007
0.13580246913580246,2848.2310870214073,-2.2556990972467963
0.13580246913580246,2828.4254978756153,3.411160388341399
0.14814814814814814,2844.6913749174287,1.3347215656654141
0.13580246913580246,2842.567474039324,3.4429153334271714
0.13580246913580246,2829.1333555723586,2.7248807293293087
0.13580246913580246,2828.4251347264176,3.4293927950986105
0.13580246913580246,2818.5311683383356,-0.8300958047163056
0.13580246913580246,2843.2752178830847,2.749886613645651
0.13580246913580246,2832.6728923259234,-0.7953611966972813
0.13580246913580246,2830.54942438409,1.3135838024792508
0.13580246913580246,2842.56768326913,3.425459324288469
0.13580246913580246,2842.5675788168346,3.427031736722385
0.13580246913580246,2834.088969407293,-2.213083100668087
0.13580246913580246,2846.1074826285108,-0.13529846158215134
0.13580246913580246,2832.6729221685473,-0.7955492636285681
0.13580246913580246,2834.089246869882,-2.231974021672836
0.13580246913580246,2830.5492953947632,1.3223517833866827
0.13580246913580246,2842.5675423396733,3.4481669981427254
0.13580246913580246,2831.256930241547,0.6197677547036823
0.13580246913580246,2842.5675453449003,3.4386062296977267
0.14814814814814814,2830.5492518235437,1.3148442113364505
0.13580246913580246,2847.5234238946196,-1.558528105569618
0.14814814814814814,2831.9653129221383,-0.10656938415046034
0.13580246913580246,2834.7971735885785,-2.9317298354451133
0.13580246913580246,2848.2312935485143,-2.2601584932736376
0.13580246913580246,2834.0890986648633,-2.222022564246113
0.13580246913580246,2844.6913739673305,1.3310135211586382
0.13580246913580246,2843.275226289458,2.7526756873696736
0.13580246913580246,2834.7970704898344,-2.9478869432703005
0.13580246913580246,2843.9834098865294,2.0352095842764535
0.13580246913580246,2833.381125374984,-1.5339925574460322
0.13580246913580246,2834.0892408201476,-2.2543495708814545
0.13580246913580246,2834.797070982251,-2.9441725203455418
0.13580246913580246,2843.2751621902344,2.7364476426771116
0.13580246913580246,2832.6731659199054,-0.8040821390886732
0.13580246913580246,2842.567633716969,3.4375058825736184
0.14814814814814814,2834.089072426641,-2.208091153783342
0.13580246913580246,2829.8414418654625,2.0111735516915346
0.13580246913580246,2847.5234257172174,-1.5591573077579108
0.13580246913580246,2843.2752241086564,2.7432679877014303
0.13580246913580246,2834.796761119948,-2.9315642006178204
0.13580246913580246,2843.2751922094276,2.748965637574883
0.13580246913580246,2834.0889973935637,-2.197754474502146
0.13580246913580246,2831.9651941556886,-0.08616924668886108
0.13580246913580246,2828.425374016765,3.4238700691519015
0.13580246913580246,2830.549272318778,1.323903214504661
0.14814814814814814,2834.0890923503075,-2.211732200200631
0.13580246913580246,2818.530968471633,-0.8306147899530189
0.13580246913580246,2848.2313751257802,-2.269785307012091
0.13580246913580246,2845.3993191937207,0.6368734614333816
0.14814814814814814,2830.5489834361024,1.3221846182160713
0.13580246913580246,2834.089246182087,-2.2495116026918778
0.13580246913580246,2842.567277229972,3.453327611103629
0.13580246913580246,2829.841098702534,2.029327274406785
0.13580246913580246,2830.549424092878,1.3110311902020373
0.13580246913580246,2847.5234115588805,-1.5468530087547596
0.14814814814814814,2829.84132155013,2.0248111985262236
0.13580246913580246,2834.7970669973897,-2.921232019693895
0.14814814814814814,2828.4253927955833,3.4333950758837624
0.13580246913580246,2834.797082714876,-2.922794127923903
0.13580246913580246,2834.796820978463,-2.932726965202387
0.13580246913580246,2834.089246869882,-2.231974021672836
0.13580246913580246,2843.275223319848,2.7273959631435982
0.13580246913580246,2843.2756305635075,2.731235254072673
0.13580246913580246,2832.6729025003137,-0.7858598806422845
0.13580246913580246,2834.089246869882,-2.231974021672836
0.13580246913580246,2829.8413260660095,2.027389028985215
0.14814814814814814,2846.1070782355728,-0.10884886888499579
0.13580246913580246,2847.5234206675436,-1.572237617052892
0.14814814814814814,2831.9651959726248,-0.09849171583924408
0.13580246913580246,2846.107209207463,-0.14463642076566668
0.13580246913580246,2848.231370682478,-2.2727955264771693
0.13580246913580246,2842.5676710445737,3.4063936097836627
0.13580246913580246,2834.7967747759403,-2.933214341897772
0.13580246913580246,2847.5232868866065,-1.5510880671062086
0.13580246913580246,2834.797216844159,-2.96052222471189
0.13580246913580246,2843.983401573502,2.0385232109928975
0.13580246913580246,2848.230970927945,-2.2347123358562646
0.13580246913580246,2846.815478058906,-0.846779716043944
0.14814814814814814,2819.23908966847,-1.552113477001043
0.14814814814814814,2846.8154195260636,-0.8312599231602338
0.13580246913580246,2847.5229869473724,-1.534339980654912
0.13580246913580246,2843.2754274516196,2.739034829933416
0.13580246913580246,2832.673180483866,-0.8095856227059768
0.13580246913580246,2829.133310147956,2.7277134136453682
0.14814814814814814,2819.238953610786,-1.5272796906359212
0.14814814814814814,2833.381248506404,-1.533139284707149
0.13580246913580246,2818.530687108293,-0.8293368500799844
0.13580246913580246,2846.815270809921,-0.8372574098618124
0.13580246913580246,2818.5311548536347,-0.8296740559584989
0.13580246913580246,2845.3994920880373,0.6083604895414468
0.13580246913580246,2818.5311548536347,-0.8296740559584989
0.13580246913580246,2834.7971864793767,-2.9419041213768606
0.14814814814814814,2818.531112920165,-0.8340692074130654
0.13580246913580246,2842.5675338814817,3.444342347971898
0.13580246913580246,2829.8411653335565,2.0227899444630455
0.13580246913580246,2833.3811182984005,-1.517012049535311
0.13580246913580246,2833.3811545072804,-1.529262090962443
0.13580246913580246,2819.9470688662855,-2.2450621350173185
0.13580246913580246,2843.2751782925225,2.7525514813859653
0.13580246913580246,2817.1151893685196,0.5681636332394063
0.13580246913580246,2829.133427184682,2.6996993916998893
0.13580246913580246,2846.107057115476,-0.13878955964203935
0.13580246913580246,2843.9834010829236,2.0309029279887536
0.13580246913580246,2818.5311112054296,-0.8419088279541157
0.13580246913580246,2847.5233718006793,-1.5622867743201094
0.13580246913580246,2819.9470328210455,-2.25591072752451
0.13580246913580246,2820.654880380063,-2.94150347930276
0.13580246913580246,2846.1074734247527,-0.1462533676753864
0.13580246913580246,2831.9652062644277,-0.12510993394266287
0.13580246913580246,2848.231177618077,-2.225219131836804
0.13580246913580246,2843.2753918514554,2.7436878529021747
0.14814814814814814,2845.3993430663754,0.6193500458544048
0.13580246913580246,2842.56749833285,3.4167414840857955
0.13580246913580246,2844.691498918069,1.3108004540822176
0.13580246913580246,2848.231364235124,-2.2703463044662597
0.13580246913580246,2829.8412797379447,2.0247136468106035
0.14814814814814814,2843.275161813046,2.754220536024174
0.13580246913580246,2843.2754247664457,2.76302864139193
0.13580246913580246,2816.4072464627616,1.2816189023557727
0.13580246913580246,2844.6910407360006,1.3370537072782802
0.13580246913580246,2845.39942035969,0.6009488143365241
0.13580246913580246,2842.5676353373688,3.4038896681319866
0.13580246913580246,2848.2313615580974,-2.261790363850212
0.13580246913580246,2829.1333316865525,2.716995618814682
0.13580246913580246,2831.2572468952944,0.6079407532555694
0.13580246913580246,2843.2754000802015,2.7425203183388884
0.13580246913580246,2819.946653569868,-2.239222412268985
0.13580246913580246,2842.5672851690238,3.4572990480802597
0.13580246913580246,2843.983581346922,2.0254989039961537
0.13580246913580246,2829.8413250349795,2.027014307544721
0.13580246913580246,2831.9649878196724,-0.09170327690025726
0.13580246913580246,2834.0890967210958,-2.2378928307683847
0.13580246913580246,2833.381123405487,-1.5099202764029567
0.13580246913580246,2831.2569639742655,0.6144374424358363
0.13580246913580246,2834.088802994184,-2.211474960500535
0.13580246913580246,2833.380853518346,-1.5308331821546994
0.13580246913580246,2842.5675528365673,3.4155981293605615
0.13580246913580246,2847.5232611897945,-1.5537156638054548
0.13580246913580246,2844.6911442279966,1.3361072114864505
0.13580246913580246,2831.9648954604,-0.08776713699968428
0.13580246913580246,2834.08901769722,-2.1920009257540514
0.14814814814814814,2834.7970679500504,-2.915413441101352
0.13580246913580246,2834.0890604259603,-2.215329987672183
0.13580246913580246,2831.9652348525583,-0.09910884679820933
0.13580246913580246,2845.399422008805,0.6025625645715617
0.13580246913580246,2816.4070994800954,1.2816658781807164
0.13580246913580246,2843.2756185659596,2.723531088595206
0.13580246913580246,2847.5230392457006,-1.5457241777733377
0.13580246913580246,2843.9831614411173,2.0420906353703763
0.13580246913580246,2833.3811683053414,-1.5275326928465303
0.13580246913580246,2834.7971948315185,-2.9581210975535894
0.13580246913580246,2842.567694138773,3.4101831605952535
0.13580246913580246,2833.381099507505,-1.5102937570754216
0.13580246913580246,2843.2754749440933,2.7462299275105986
0.13580246913580246,2843.275582557909,2.706692551537761
0.13580246913580246,2847.5232460287752,-1.5431523875583286
0.13580246913580246,2832.6731406075237,-0.8306404703097793
0.13580246913580246,2834.797195031587,-2.9300819356060357
0.13580246913580246,2831.257375551022,0.6059151201010524
0.13580246913580246,2842.5675367519793,3.4502970341014967
0.13580246913580246,2834.7971957014493,-2.925980974931231
0.13580246913580246,2843.2752206483015,2.7303065770178896
0.13580246913580246,2843.2755078853675,2.7306046960910786
0.14814814814814814,2833.3810836170865,-1.5076451887908737
0.14814814814814814,2828.425512134556,3.410554456105782
0.13580246913580246,2847.5233647601003,-1.5490290817885386
0.13580246913580246,2846.8153096127853,-0.8311672056212764
0.13580246913580246,2834.797173854606,-2.94463487351572
0.13580246913580246,2834.0892264638574,-2.250760268851423
0.13580246913580246,2830.5493944552195,1.3061142300681683
0.13580246913580246,2844.6913500832393,1.3396651828232704
0.13580246913580246,2842.5674220773203,3.457615682260905
0.14814814814814814,2842.5672569929106,3.426612899833978
0.13580246913580246,2834.0892335573167,-2.252242354830737
0.13580246913580246,2833.3812726388614,-1.547206124233976
0.14814814814814814,2834.7970204696526,-2.914047023055733
0.14814814814814814,2834.796685128858,-2.914784670864835
0.13580246913580246,2834.0892264638574,-2.250760268851423
0.13580246913580246,2832.6731574780806,-0.8073353338404514
0.13580246913580246,2845.399465042975,0.6072245247512081
0.13580246913580246,2829.8413271514705,2.0330905481165686
0.13580246913580246,2834.089129566818,-2.2314708281753566
0.13580246913580246,2844.691052121822,1.3245760844585757
0.13580246913580246,2846.815287851688,-0.8435935173451286
0.13580246913580246,2843.2751617746117,2.7193208371754363
0.14814814814814814,2834.797113542258,-2.93231485166682
0.13580246913580246,2848.93927814158,-2.9781860234579005
0.13580246913580246,2834.0888570335437,-2.2275225320912573
0.13580246913580246,2843.2755070272365,2.745668495375768
0.13580246913580246,2843.2752614447063,2.7233924972939727
0.13580246913580246,2842.5674140465726,3.446711646330315
0.13580246913580246,2843.27550488014,2.7401654645360773
0.13580246913580246,2819.9469190855416,-2.235484465037702
0.13580246913580246,2846.107537929844,-0.12356505973779436
0.13580246913580246,2834.0892674910474,-2.2446177335846142
0.12345679012345678,2819.9466398493946,-2.243488695704686
0.12345679012345678,2843.2756019726316,2.7236098461814593
0.12345679012345678,2834.7970835037886,-2.9484975509797495
0.12345679012345678,2834.797069390082,-2.944155070580604
0.12345679012345678,2834.7968043816923,-2.9411903570412905
0.12345679012345678,2848.2311810627084,-2.23210344492138
0.12345679012345678,2834.797072962046,-2.9417189106198816
0.12345679012345678,2830.549395278206,1.3042308260682844
0.12345679012345678,2831.257215078968,0.6074766315340933
0.12345679012345678,2833.381071559573,-1.5243436740690208
0.12345679012345678,2834.7970487689163,-2.9315113586688257
0.12345679012345678,2834.796806533912,-2.9411227844177974
0.12345679012345678,2834.0891309917233,-2.2426375529885663
0.12345679012345678,2842.5676756272264,3.4031012248447885
0.12345679012345678,2830.549241879337,1.3096390997599723
0.12345679012345678,2820.6549025421846,-2.944335698631423
0.12345679012345678,2828.4254999208756,3.4129402919986043
0.12345679012345678,2848.231389633915,-2.266931739414763
0.12345679012345678,2832.672877318129,-0.8246794842490796
0.12345679012345678,2846.815458758879,-0.8290317592052221
0.12345679012345678,2834.796778450269,-2.9352896160757407
0.12345679012345678,2834.7970719287914,-2.92256604688667
0.12345679012345678,2832.673292102506,-0.8075452542853488
0.12345679012345678,2819.238690496283,-1.5275842045771824
0.12345679012345678,2829.8413134865805,2.0297907716980195
0.12345679012345678,2843.2754739661773,2.739196359641677
0.12345679012345678,2831.965211478834,-0.08559771714395333
0.12345679012345678,2833.381155733238,-1.5047216529338072
0.12345679012345678,2843.275516044721,2.733254597637454
0.12345679012345678,2843.2756318735073,2.731614013338826
0.12345679012345678,2842.567604510146,3.441603788425904
0.12345679012345678,2834.089088914893,-2.206023495179051
0.12345679012345678,2830.549414715385,1.3102586197038748
0.12345679012345678,2830.549414715385,1.3102586197038748
0.12345679012345678,2832.672905404823,-0.7937459746663479
0.12345679012345678,2847.523028005784,-1.5246923339955785
0.12345679012345678,2834.797065266711,-2.914285128650403
0.12345679012345678,2831.9649366370277,-0.08984092381677107
0.12345679012345678,2829.841331064208,2.025006625276696
0.12345679012345678,2833.381105297371,-1.507212253590003
0.12345679012345678,2833.3808190880272,-1.4904551398400048
0.12345679012345678,2830.5492829671834,1.3222658436710775
0.12345679012345678,2842.567282906992,3.4532155371703928
0.12345679012345678,2834.7971887279637,-2.938012552848915
0.12345679012345678,2834.797165106348,-2.9252863978570693
0.12345679012345678,2834.797196444645,-2.9396252542860966
0.12345679012345678,2816.4072462865556,1.281599946430957
0.12345679012345678,2820.655024105124,-2.955531477085453
0.12345679012345678,2818.5309869970088,-0.8325593560446878
0.13580246913580246,2834.7968020947555,-2.9390941611543395
0.12345679012345678,2843.275449696271,2.7435185788747543
0.12345679012345678,2846.8150111045534,-0.8466556625375496
0.12345679012345678,2833.381278309523,-1.5492958905197554
0.12345679012345678,2817.8230398929163,-0.11428840804404156
0.12345679012345678,2845.399411493846,0.6059843548465028
0.12345679012345678,2829.841425021661,2.009196004443668
0.12345679012345678,2834.797056619729,-2.930070033446538
0.12345679012345678,2830.549391583827,1.305993952784904
0.12345679012345678,2829.8413128256316,2.0289503513888367
0.12345679012345678,2848.231248265572,-2.2462294825113953
0.12345679012345678,2831.9653080524927,-0.10677369060755852
0.12345679012345678,2834.797003441634,-2.922824038984734
0.12345679012345678,2831.964960729422,-0.11851029483481741
0.12345679012345678,2846.8151455631196,-0.8314486081878425
0.12345679012345678,2831.257344820471,0.5996558674613809
0.12345679012345678,2817.823172521455,-0.130086184168187
0.12345679012345678,2820.654942790464,-2.9502222476523294
0.12345679012345678,2834.7971469510335,-2.933014197716929
0.12345679012345678,2831.2573175945176,0.5984980927725175
0.12345679012345678,2820.655038660476,-2.95471101157452
0.12345679012345678,2842.5672122371534,3.448866193910325
0.12345679012345678,2828.4250906671796,3.428484325316235
0.12345679012345678,2834.7972055083733,-2.954530383523701
0.12345679012345678,2842.5675239932734,3.4445197566881314
0.12345679012345678,2845.399486084145,0.6144450201620735
0.12345679012345678,2828.4253726647485,3.4275923844640643
0.12345679012345678,2829.8414271197253,2.0077057989944316
0.12345679012345678,2819.2391038627734,-1.5394859928232398
0.12345679012345678,2834.796876046986,-2.9278670547085386
0.12345679012345678,2831.257233627653,0.6199447585013119
0.12345679012345678,2843.2754826335995,2.742632339071774
0.12345679012345678,2844.691123094654,1.3371158809520842
0.12345679012345678,2848.231396568537,-2.2586788796383375
0.12345679012345678,2831.2572817171836,0.5881254679186042
0.12345679012345678,2843.2756019771673,2.724258897424162
0.12345679012345678,2843.2752362261444,2.7456144274156875
0.12345679012345678,2820.6549120592344,-2.933961207982913
0.12345679012345678,2832.6728570184882,-0.8010812537781272
0.12345679012345678,2834.79719410928,-2.925963525166293
0.12345679012345678,2843.275198845975,2.754830881346102
0.12345679012345678,2817.823033772461,-0.1199748056213438
0.12345679012345678,2828.425487357337,3.408541416074789
0.12345679012345678,2845.399065312044,0.6349944343059714
0.12345679012345678,2832.67314792072,-0.7963692735921247
0.12345679012345678,2833.3811544399077,-1.5288103948410423
0.12345679012345678,2842.567680989166,3.407939193034365
0.13580246913580246,2832.6730753985776,-0.8015252085575645
0.12345679012345678,2846.1074644535593,-0.12444347547358908
0.12345679012345678,2831.965222346168,-0.1207346836222712
0.12345679012345678,2843.983403699586,2.043200962693302
0.12345679012345678,2828.425389067808,3.42197468932924
0.12345679012345678,2834.0892144643444,-2.237523093553631
0.12345679012345678,2830.549378533772,1.3019969158592015
0.12345679012345678,2819.2386587445976,-1.5301081955606732
0.12345679012345678,2828.425492180057,3.4096502204325336
0.12345679012345678,2832.673125942586,-0.8085599391808297
0.13580246913580246,2843.2752646786676,2.7320702030901654
0.12345679012345678,2828.4255011804767,3.412911122541304
0.12345679012345681,2843.275175215817,2.7482662354554517
0.12345679012345678,2843.2756258622417,2.70449257284818
0.12345679012345678,2845.399320563256,0.6343259298407201
0.12345679012345678,2842.5675200124992,3.448253243450238
0.12345679012345678,2845.3994555554073,0.602049710879809
0.12345679012345678,2831.965178271677,-0.09433862150066072
0.13580246913580246,2842.567384715682,3.434197515663374
0.12345679012345678,2843.27529136229,2.7284539877924767
0.13580246913580246,2831.9649352494425,-0.11514732180212203
0.12345679012345678,2834.0892131111755,-2.2446791396417733
0.12345679012345678,2843.275498620718,2.721317199936918
0.12345679012345678,2831.2572090516587,0.6118049745765731
0.12345679012345678,2829.1334704745373,2.7191181644250055
0.12345679012345678,2834.0890818425646,-2.207859621359644
0.12345679012345678,2834.0888612252484,-2.2305094317171497
0.12345679012345678,2832.673278752633,-0.8176330932837369
0.12345679012345678,2842.5675150138145,3.452456476161414
0.12345679012345678,2842.5672783129166,3.4410898895674498
0.12345679012345678,2843.2752362261444,2.7456144274156875
0.12345679012345678,2844.691375254836,1.3285753088627725
0.12345679012345678,2834.7970816151887,-2.937546060596714
0.12345679012345678,2831.965204343517,-0.09359552155573997
0.12345679012345678,2834.7968174219636,-2.9319773258739987
0.12345679012345678,2843.2756192198153,2.7286202520561735
0.12345679012345678,2831.2572377952865,0.6199096583706948
0.12345679012345678,2846.815034116665,-0.8405972857198585
0.12345679012345678,2843.9835310140043,2.0230407100443326
0.12345679012345678,2833.3812378572675,-1.5309051326295753
0.12345679012345678,2831.257196086541,0.6058524644045723
0.12345679012345678,2833.3808148635353,-1.4837903169575246
0.12345679012345678,2843.983289747291,2.0283314793286618
0.12345679012345678,2832.673159988428,-0.8003193795795392
0.12345679012345678,2844.691253097961,1.338155892550243
0.12345679012345678,2834.7970870846825,-2.9349591200175986
0.12345679012345678,2819.2386807447606,-1.5302166563586197
0.12345679012345678,2847.5232541267974,-1.5485894448577864
0.13580246913580246,2831.9652200908345,-0.12276393167890931
0.12345679012345678,2819.2386714629015,-1.5387613821092727
0.12345679012345681,2847.5233743552776,-1.5608687523023896
0.12345679012345678,2820.654903781083,-2.9419200484203176
0.12345679012345678,2834.0890805886943,-2.2247288261287794
0.12345679012345678,2829.8412030931345,2.0274786052916416
0.12345679012345678,2830.549254321375,1.3205549407026795
0.12345679012345678,2832.6728563255265,-0.8005122253701246
0.12345679012345678,2830.549208047243,1.3040294641582966
0.12345679012345678,2845.3990265986913,0.6187787135970292
0.12345679012345678,2829.8412979101004,2.023944453000597
0.12345679012345678,2828.4254916760683,3.4122384700028348
0.13580246913580246,2829.1334251061576,2.700557983014745
0.12345679012345678,2828.425351365719,3.426734391400218
0.12345679012345678,2831.9651942880346,-0.12024003288654019
0.12345679012345678,2845.399296920505,0.6199833033533276
0.13580246913580246,2834.0890821797993,-2.224385361786285
0.12345679012345678,2833.3812710466923,-1.547188674469038
0.12345679012345678,2831.25685710483,0.6131200907796687
0.12345679012345678,2834.0890927145406,-2.2388873803970855
0.12345679012345678,2834.797199876106,-2.960939895535863
0.12345679012345678,2834.088817771668,-2.21551365664084
0.13580246913580246,2834.7970496411494,-2.9327456493064123
0.12345679012345678,2843.2755833523065,2.7184047373400144
0.12345679012345678,2842.567305704303,3.4250853492393083
0.13580246913580246,2842.5675835124753,3.4359490999295765
0.12345679012345678,2834.0888142605954,-2.2358883686762763
0.12345679012345678,2845.3993525888077,0.6228330340421441
0.12345679012345678,2848.231351737676,-2.2638881372372297
0.12345679012345678,2846.107031256257,-0.12686084212980756
0.12345679012345678,2834.7971928836023,-2.95726113566256
0.12345679012345681,2843.2752954564858,2.717237595041473
0.12345679012345678,2833.381123841626,-1.5319251955174709
0.12345679012345678,2842.567448573245,3.4318093720266543
0.12345679012345678,2842.5671781162832,3.443365813820227
0.12345679012345678,2846.8154494346127,-0.8611701378064293
0.12345679012345678,2834.7971735532824,-2.9323489941935295
0.12345679012345678,2834.0892126348276,-2.2273127635967684
0.12345679012345678,2831.9651733251217,-0.08668393373184091
0.12345679012345678,2819.2391084948677,-1.5446616414073757
0.12345679012345678,2831.9652890665325,-0.10576867842733713
0.12345679012345678,2834.089077624123,-2.237169010594056
0.12345679012345678,2831.965171806784,-0.09611107649838718
0.13580246913580246,2842.567642217614,3.4098249473974014
0.13580246913580246,2842.567459976281,3.4392715281269273
0.12345679012345678,2831.257204625447,0.6181848769633477
0.12345679012345678,2848.2314011524577,-2.2620063719865997
0.12345679012345678,2834.7968922772643,-2.952043349072417
0.12345679012345678,2843.2751807999034,2.7495045185638163
0.12345679012345678,2829.8410318179253,2.025365620081779
0.12345679012345678,2833.3808323430894,-1.5014671509137947
0.12345679012345678,2843.2755906994425,2.7082357174848792
0.12345679012345678,2830.548972307515,1.321027086650149
0.13580246913580246,2842.5676286899084,3.420986573329866
0.12345679012345678,2842.5675398486674,3.419889702818266
0.12345679012345678,2832.673115278611,-0.8078622233655802
0.12345679012345678,2828.425426435737,3.4101878673875077
0.12345679012345678,2842.5676683643956,3.405208440895506
0.12345679012345678,2848.231371883539,-2.2696068065361636
0.12345679012345678,2834.089098895292,-2.2226343166694678
0.12345679012345678,2829.841310747098,2.0233188133349036
0.12345679012345678,2846.1074637047304,-0.14100388961308866
0.12345679012345678,2829.8413230180586,2.0293166100266053
0.12345679012345678,2828.4255011804767,3.412911122541304
0.12345679012345678,2830.549402697371,1.3022082983447532
0.12345679012345678,2819.238669187323,-1.5324780736844459
0.12345679012345678,2833.3812368950253,-1.51741533766163
0.12345679012345678,2843.983439467033,2.0347486065962315
0.12345679012345678,2829.8413092229302,2.023086616549485
0.12345679012345678,2832.672881104807,-0.7946827724995686
0.12345679012345678,2829.841241894342,2.022608610105103
0.12345679012345678,2831.9648865151917,-0.08951292458514921
0.12345679012345678,2834.7966584148776,-2.912270244610061
0.12345679012345678,2829.8412892221563,2.0208859672770036
0.12345679012345678,2829.8410199323666,2.031289624319904
0.12345679012345678,2834.7970014767943,-2.912440582043571
0.12345679012345678,2843.2755473880693,2.706685553027027
0.12345679012345678,2842.5672025947647,3.4232814417975614
0.12345679012345678,2831.965180558132,-0.09212163975062844
0.12345679012345678,2843.2750999832683,2.7612543267501386
0.12345679012345678,2833.38074460218,-1.5067641853177463
0.12345679012345678,2831.9652890665325,-0.10576867842733713
0.12345679012345678,2830.5493672296225,1.304303782766185
0.12345679012345678,2846.81504126505,-0.8369866005546511
0.12345679012345678,2843.2753748969044,2.7512614394551487
0.12345679012345678,2843.2751564832142,2.743441648021607
0.12345679012345678,2831.965120204967,-0.09873751135959881
0.12345679012345678,2834.0892184131158,-2.250555120757366
0.12345679012345678,2843.9831008956335,2.035421596752448
0.12345679012345678,2834.797179331571,-2.955591351354127
0.12345679012345678,2834.7967377506666,-2.9168955301482837
0.12345679012345678,2831.96483737169,-0.0853922432941302
0.12345679012345678,2846.1073414887364,-0.12172377689649264
0.12345679012345678,2829.8413470111195,2.007512309971519
0.12345679012345678,2829.841288471427,2.0272601813701177
0.13580246913580246,2833.3809597709947,-1.5176968460749556
0.12345679012345678,2831.9653227116833,-0.10723496066047605
0.12345679012345678,2819.2391020401756,-1.538856790634947
0.12345679012345678,2830.5489844324193,1.3206615548740146
0.12345679012345678,2844.6913821227804,1.3323763479621933
0.12345679012345678,2829.841291176987,2.0246809608960508
0.12345679012345678,2831.257229237243,0.6136433575442557
0.12345679012345678,2833.3812582224723,-1.521624239785109
0.12345679012345678,2833.3810870493735,-1.5348369097316004
0.12345679012345678,2846.8152734659843,-0.8496354987650456
0.12345679012345678,2833.3811461166315,-1.534310290461957
0.12345679012345678,2832.6728111537077,-0.7951317092148272
0.12345679012345678,2831.965172597501,-0.08973568417819273
0.12345679012345678,2829.8410158254037,2.027645744543799
0.13580246913580246,2842.5676778033276,3.4115137619347755
0.12345679012345678,2831.256910520672,0.6087069270082087
0.12345679012345678,2829.1334535764995,2.7100112774525607
0.12345679012345678,2833.3812710466923,-1.547188674469038
0.12345679012345678,2829.841322708819,2.0223827945057242
0.12345679012345681,2846.815321626,-0.8194724838481353
0.12345679012345678,2845.399325571174,0.6357227737248119
0.12345679012345678,2843.2751399771782,2.740457827349209
0.12345679012345678,2832.6732519573106,-0.8184601110711299
0.12345679012345678,2819.946850280162,-2.2310814752653934
0.12345679012345678,2834.7969930499535,-2.927716530349
0.12345679012345678,2843.275514959045,2.73175679030852
0.12345679012345678,2834.796945052833,-2.914892194583542
0.12345679012345678,2833.3810648947506,-1.5063909413843863
0.12345679012345678,2842.567498721933,3.4185224367564815
0.12345679012345678,2843.275178277737,2.7274330092957433
0.12345679012345678,2846.1072856428186,-0.12121323248622876
0.12345679012345678,2830.549245488751,1.3172216149077165
0.12345679012345678,2832.673171502745,-0.8262665352181501
0.12345679012345678,2847.5233747982015,-1.5553627215116272
0.12345679012345678,2834.7969612566485,-2.916536769569218
0.12345679012345678,2831.9651800530783,-0.12138751333453125
0.12345679012345678,2829.8413878501483,2.005042787913164
0.12345679012345678,2829.8414484286855,2.012599668101695
0.12345679012345678,2820.654918492916,-2.9299833229867382
0.13580246913580246,2843.275601626828,2.729315609566682
0.13580246913580246,2833.3812703861404,-1.5269858859286838
0.13580246913580246,2817.1148268538736,0.5939954518559053
0.12345679012345678,2831.2573671614723,0.600496452134998
0.12345679012345678,2848.2313741445105,-2.255474692861512
0.12345679012345678,2834.0892427673202,-2.248864950738647
0.12345679012345678,2843.2753872831236,2.742552923240309
0.12345679012345678,2846.107458645758,-0.15636988697695312
0.12345679012345678,2829.841285771054,2.0225335291123816
0.12345679012345678,2829.8413113483975,2.0275482812239507
0.12345679012345678,2819.2391020401756,-1.538856790634947
0.13580246913580246,2843.2753683281962,2.7495229455689274
0.12345679012345678,2829.841035612243,2.034859082486243
0.12345679012345678,2833.381136154239,-1.5169688838844138
0.12345679012345678,2819.238962789569,-1.5255192659662333
0.12345679012345678,2830.5493862155827,1.3032987705859636
0.12345679012345678,2833.3812127440356,-1.5206003160827053
0.12345679012345678,2818.530994001169,-0.8233276894596951
0.12345679012345678,2817.823177954246,-0.13115078631456792
0.12345679012345678,2831.96519459442,-0.08717750538708764
0.13580246913580246,2831.9649700183954,-0.08724885312938174
0.12345679012345678,2843.2754533834113,2.752168026977554
0.12345679012345678,2834.0890653023534,-2.204156892280187
0.12345679012345678,2831.2572652195695,0.6189772433996628
0.12345679012345678,2831.2573471340374,0.5982625399892024
0.12345679012345678,2842.5676284528495,3.424898780061944
0.12345679012345678,2843.2753450866194,2.734569034012081
0.12345679012345678,2842.5676925466037,3.4102006103601914
0.12345679012345678,2843.275188717017,2.7502501639193806
0.12345679012345678,2846.1074173599395,-0.1266250021198582
0.12345679012345678,2846.8152532915215,-0.8412502083659887
0.12345679012345681,2834.7971922263673,-2.926681841414396
0.12345679012345678,2834.0892561473556,-2.2472327356011137
0.12345679012345678,2834.0891276316274,-2.2325514736783534
0.12345679012345678,2834.7968135843876,-2.932478270088706
0.12345679012345678,2843.275483109948,2.7252659630267693
0.12345679012345678,2843.2755015951248,2.7293069498831235
0.12345679012345678,2817.8230264024473,-0.12302718095367167
0.12345679012345678,2846.815437029791,-0.8551645952266382
0.12345679012345678,2842.567654812364,3.406878225203939
0.12345679012345678,2834.796698216807,-2.926610122477581
0.12345679012345678,2819.946912314612,-2.2373982241392443
0.12345679012345678,2820.6549588273365,-2.9557655038583763
0.12345679012345678,2843.2751693105342,2.749176219599603
0.12345679012345678,2831.257182469484,0.6110682913678668
0.12345679012345678,2846.8149902896907,-0.8428786621783992
0.12345679012345678,2846.1073209199776,-0.11290102039550293
0.12345679012345678,2831.9651529419366,-0.09325057949360387
0.12345679012345678,2842.5676925466037,3.4102006103601914
0.12345679012345678,2834.0890662709953,-2.213669378477829
0.12345679012345678,2845.3994572618017,0.6169712526024297
0.12345679012345678,2819.9469572675184,-2.243929262635051
0.12345679012345678,2834.089023128937,-2.2147507342294173
0.12345679012345678,2848.231368805774,-2.262447973655368
0.12345679012345678,2846.1070650364118,-0.11670279964044208
0.12345679012345678,2817.11518552231,0.5670198650076926
0.12345679012345678,2832.67312074582,-0.8086188788660617
0.12345679012345678,2834.796737412372,-2.9196328586016786
0.12345679012345678,2846.8151634567084,-0.8603679334199793
0.12345679012345678,2834.0891029741865,-2.2413203279780136
0.12345679012345678,2846.8150188453,-0.8340404008314899
0.12345679012345678,2834.0890552862706,-2.213891373563063
0.12345679012345678,2845.39930767305,0.6222479054221902
0.12345679012345678,2833.3812917723376,-1.5263099310504546
0.12345679012345678,2834.0890622682277,-2.240731887428117
0.13580246913580246,2834.0890650778692,-2.215371691918308
0.13580246913580246,2834.7971355327604,-2.9581139410481
0.12345679012345678,2848.2312231721157,-2.242745932551485
0.12345679012345678,2829.8413347779538,2.025790419175998
0.12345679012345678,2831.9651960823426,-0.09938210829390787
0.12345679012345678,2846.8150128577786,-0.8385985018923556
0.12345679012345678,2831.257366912089,0.5936468983356504
0.12345679012345678,2834.797048016039,-2.9356156154192488
0.12345679012345678,2843.275180832781,2.7384160925394365
0.12345679012345678,2834.0891040052347,-2.2103469933215765
0.12345679012345681,2832.673132010961,-0.7969812408282142
0.12345679012345678,2834.0892545935717,-2.223603614301721
0.12345679012345678,2843.2754483892245,2.7355352212736843
0.13580246913580246,2846.8152558273073,-0.8348329981089024
0.12345679012345678,2817.8230091071555,-0.12336074354408451
0.12345679012345678,2843.983366167126,2.022006769456768
0.12345679012345678,2816.4072282738584,1.2731809079113519
0.12345679012345678,2831.9649158254338,-0.12052120154583242
0.12345679012345678,2843.275436162118,2.735163998634297
0.12345679012345678,2842.5676265486454,3.4239687963341283
0.12345679012345678,2833.380822416888,-1.5138530563150903
0.12345679012345678,2817.823010673235,-0.1291226846934151
0.12345679012345678,2848.231121299081,-2.25883050134449
0.12345679012345678,2843.9831348179036,2.034978684118604
0.12345679012345678,2848.9391631255985,-2.948216609214959
0.12345679012345678,2831.965199069973,-0.09528314898277819
0.12345679012345678,2829.8413207203016,2.033494815359497
0.12345679012345678,2832.673040298512,-0.8028557152125226
0.12345679012345678,2830.549289641924,1.3244747440495688
0.13580246913580246,2842.567666746846,3.442085225366673
0.12345679012345678,2831.2572446144372,0.6165618582526391
0.12345679012345678,2834.7972061961677,-2.936992802504659
0.12345679012345678,2820.654785097751,-2.940554211502724
0.12345679012345678,2820.6549207531966,-2.9381188355016294
0.13580246913580246,2834.089071020955,-2.2158610387492677
0.12345679012345678,2817.822726013632,-0.12431957540803891
0.12345679012345678,2847.523407677629,-1.568849699689171
0.13580246913580246,2834.0892674910474,-2.2446177335846142
0.12345679012345678,2831.965167122753,-0.09806209114123492
0.12345679012345678,2830.5489674586006,1.3156458152363324
0.12345679012345678,2819.2390574259853,-1.5500347057528088
0.12345679012345678,2828.425476016953,3.410246409062624
0.12345679012345678,2831.257208121881,0.6160359537859611
0.13580246913580243,2819.2389370446167,-1.533474430317529
0.12345679012345678,2842.5674672558357,3.440557369522102
0.12345679012345678,2829.133104245214,2.729734766435699
0.13580246913580246,2834.088792356492,-2.2090061746309915
0.12345679012345678,2834.7967948603896,-2.936905165512411
0.12345679012345678,2831.2572126302343,0.6145130467577716
0.12345679012345681,2846.815420944575,-0.8591920549695307
0.12345679012345678,2829.133040858981,2.7231071710115926
0.12345679012345678,2829.841314546323,2.02863237496935
0.13580246913580246,2834.088839516726,-2.2041956322816487
0.12345679012345678,2828.425388858541,3.4330186196973087
0.12345679012345678,2819.2387144672134,-1.5210817286151883
0.12345679012345678,2819.9470390921933,-2.2583789054604626
0.12345679012345678,2843.9831538452027,2.0400445857547687
0.13580246913580246,2819.9470499110234,-2.257141218150421
0.12345679012345678,2847.5234284253825,-1.572157668799836
0.12345679012345678,2834.797056741953,-2.9350456404998058
0.12345679012345678,2842.567259344712,3.4444537558829404
0.12345679012345678,2834.0892229904607,-2.231651362556233
0.12345679012345678,2834.089254333535,-2.255468544350191
0.12345679012345678,2829.1334718425483,2.7019005005212917
0.12345679012345678,2831.965055668268,-0.10670733100265146
0.12345679012345678,2833.38114857411,-1.5387520385921643
0.12345679012345678,2831.2571204090937,0.6077461754276939
0.12345679012345678,2830.549403150041,1.29939035917336
0.12345679012345678,2834.797029634037,-2.948217340036015
0.12345679012345678,2843.275613204141,2.7236084907003417
0.12345679012345678,2843.9831412460976,2.0325446797898703
0.12345679012345678,2831.9652029409176,-0.09770746558369299
0.12345679012345678,2834.7971665064633,-2.9266353320815433
0.12345679012345678,2831.9651788276065,-0.08741108057849789
0.12345679012345678,2828.4253549554533,3.4142894772426846
0.12345679012345678,2834.797069390082,-2.944155070580604
0.12345679012345678,2834.7970029971143,-2.913538119633605
0.12345679012345678,2843.2756439345562,2.6985412724515343
0.12345679012345678,2832.6731514789567,-0.8081595725723617
0.12345679012345678,2843.9835090200695,2.023860770384962
0.12345679012345678,2834.7971714807795,-2.943022958723402
0.12345679012345678,2832.6732769388123,-0.8258689020328144
0.12345679012345678,2834.7970376119288,-2.921626865779031
0.12345679012345678,2847.5234284253825,-1.572157668799836
0.13580246913580246,2846.8154465399616,-0.8548743167129378
0.12345679012345678,2832.673201740273,-0.8301828020239953
0.12345679012345678,2843.9831393504433,2.0335861321572875
0.1111111111111111,2842.567690749065,3.4102241471757537
0.1111111111111111,2834.796738598583,-2.9202631315117085
0.1111111111111111,2846.1074668682504,-0.14258825556077934
0.1111111111111111,2834.797024019994,-2.9168971406574404
0.1111111111111111,2829.1334858150726,2.7069568591294417
0.1111111111111111,2834.79709070958,-2.946077956960863
0.1111111111111111,2832.6731295912246,-0.8101304402811617
0.1111111111111111,2830.5494157481808,1.2992295807314593
0.12345679012345678,2842.5673757830864,3.427456970718089
0.1111111111111111,2843.275564516714,2.730352756175069
0.1111111111111111,2834.7971682617467,-2.9604757840233127
0.1111111111111111,2834.797173903252,-2.9587080464338293
0.1111111111111111,2820.6548605822986,-2.9459870905464545
0.1111111111111111,2843.275420127335,2.7520106769738852
0.1111111111111111,2842.567250483637,3.421526021359986
0.1111111111111111,2847.523214583348,-1.5422515977479494
0.12345679012345678,2843.275594283575,2.7255842040361506
0.12345679012345676,2834.7970466899064,-2.919771209942821
0.12345679012345676,2833.3811606249374,-1.5346034879705543
0.12345679012345678,2832.673334310445,-0.8371602744075916
0.1111111111111111,2843.2755849899213,2.7266215901642763
0.1111111111111111,2834.797075779887,-2.938594651867927
0.1111111111111111,2843.2753192971627,2.7350179268618913
0.1111111111111111,2831.964914301442,-0.08853730843536953
0.12345679012345678,2828.425512737914,3.41517253986713
0.1111111111111111,2819.947087238407,-2.247112872040688
0.1111111111111111,2833.3811369368223,-1.4998819628246192
0.1111111111111111,2833.381245928428,-1.542758772344248
0.1111111111111111,2833.381245928428,-1.542758772344248
0.1111111111111111,2833.381245928428,-1.542758772344248
0.1111111111111111,2843.2752153472898,2.7491092715815477
0.1111111111111111,2848.2309701669597,-2.241692604731655
0.1111111111111111,2846.107478993427,-0.1187058544984479
0.1111111111111111,2834.088813422626,-2.2254102867101917
0.12345679012345678,2846.8154313050895,-0.8250209575522248
0.1111111111111111,2831.9650829627167,-0.09568481406651973
0.1111111111111111,2834.089078600405,-2.2072635931578213
0.1111111111111111,2843.9835542133987,2.0148420455199894
0.1111111111111111,2842.5676784524803,3.410183283118832
0.1111111111111111,2834.796987783104,-2.9108735555652667
0.1111111111111111,2843.9835161827527,2.007527236798259
0.12345679012345678,2819.238967744482,-1.5291106798801428
0.1111111111111111,2834.089189927506,-2.254894388456412
0.1111111111111111,2833.3811245113575,-1.511851362426492
0.1111111111111111,2834.0892319148306,-2.2428012956228507
0.1111111111111111,2831.257195910335,0.6058335084795293
0.12345679012345678,2833.381162658728,-1.5352190326207562
0.1111111111111111,2819.2389743871227,-1.5310014607574116
0.1111111111111111,2832.6731972918374,-0.7909309591486633
0.1111111111111111,2830.549122713472,1.3073214732076184
0.1111111111111111,2830.549398538256,1.303998995405006
0.12345679012345678,2818.5310008113715,-0.8193246386408026
0.12345679012345681,2842.5672381982517,3.4524038047005736
0.1111111111111111,2843.2756176663192,2.71619941335301
0.1111111111111111,2819.2390972511707,-1.538206299620529
0.1111111111111111,2848.2313618154476,-2.26848182435647
0.1111111111111111,2844.69145876152,1.3078484353421338
0.1111111111111111,2848.231228634394,-2.2596158057375266
0.1111111111111111,2848.2312353098982,-2.2526089086576606
0.1111111111111111,2845.3993121724006,0.6260095496072282
0.1111111111111111,2846.1073668585004,-0.12398365480512757
0.1111111111111111,2846.8150270187707,-0.8444450903352553
0.1111111111111111,2846.8150229134712,-0.8338788812529101
0.1111111111111111,2829.841435167313,2.0085242221439974
0.1111111111111111,2832.6731488537193,-0.8024755411981611
0.1111111111111111,2844.6913616489664,1.325828785542134
0.1111111111111111,2832.6732701476294,-0.8194161119597762
0.12345679012345676,2834.7971774615617,-2.9342383711420843
0.1111111111111111,2829.133352817024,2.7222201353211593
0.1111111111111111,2843.2754236348615,2.725825619063434
0.1111111111111111,2818.531110631723,-0.8458761781808463
0.12345679012345678,2845.399421273228,0.6228504708052525
0.12345679012345678,2828.42549017634,3.4102447002287177
0.12345679012345678,2843.275527579705,2.7352299164751583
0.1111111111111111,2817.8231499345625,-0.1369105092072132
0.1111111111111111,2842.5672299768094,3.4218549543404233
0.1111111111111111,2834.089063104569,-2.2193597289311944
0.12345679012345678,2847.5234066021435,-1.5701435673778372
0.1111111111111111,2843.275339669113,2.7245039111816087
0.1111111111111111,2844.691483495079,1.312198936784588
0.1111111111111111,2843.9835376472015,2.0157987728293474
0.1111111111111111,2843.2751908952646,2.7168187237436623
0.1111111111111111,2846.1073258371684,-0.13202047061495523
0.1111111111111111,2843.983387836436,2.0216918515293028
0.1111111111111111,2848.2312496255377,-2.2526114778769655
0.12345679012345678,2847.5233789028534,-1.5640296271817609
0.1111111111111111,2843.2756206413983,2.702029516927476
0.1111111111111111,2829.1332924072167,2.7242501693807046
0.1111111111111111,2847.5233579983333,-1.5530867633892105
0.1111111111111111,2843.2754376854805,2.7430764080349683
0.1111111111111111,2846.1074318083497,-0.1407050163346948
0.1111111111111111,2844.691328394036,1.3325789504148897
0.1111111111111111,2834.796960968221,-2.9432020042760563
0.1111111111111111,2846.8152657925198,-0.8487162878549355
0.1111111111111111,2842.567582781895,3.419896193213964
0.1111111111111111,2831.2573534648814,0.592984590572606
0.1111111111111111,2831.9649207939956,-0.09104270884310882
0.1111111111111111,2843.983534296247,2.022572661156547
0.1111111111111111,2843.983098247378,2.0416508912362215
0.1111111111111111,2831.96488409675,-0.08896389630392962
0.1111111111111111,2843.9830856488493,2.036839035379634
0.1111111111111111,2832.6731189110037,-0.80693771604788
0.12345679012345678,2843.2750937505043,2.750435448999978
0.1111111111111111,2831.2569377510413,0.6151874836157522
0.12345679012345676,2842.5676642087565,3.424457023709151
0.12345679012345678,2842.567671925438,3.4228443222719696
0.1111111111111111,2833.381251695123,-1.5250813300864614
0.12345679012345676,2834.0890704945064,-2.216336169478365
0.12345679012345678,2820.6546265147513,-2.932101723283433
0.1111111111111111,2831.9650397537794,-0.10181908346246292
0.1111111111111111,2834.797028397139,-2.9282428407040264
0.1111111111111111,2834.7971539076398,-2.933363334181788
0.1111111111111111,2845.3994677873884,0.5904922614758809
0.1111111111111111,2831.9653260188766,-0.10423928685051852
0.12345679012345678,2828.4253343632263,3.423995535146291
0.1111111111111111,2847.522974908914,-1.5491650979904048
0.12345679012345678,2843.2754384345185,2.7541883288318507
0.12345679012345678,2832.6731702605107,-0.8009222825281029
0.12345679012345678,2834.0892561473556,-2.2472327356011137
0.12345679012345678,2843.275632843893,2.7178080916752085
0.1111111111111111,2842.567524481926,3.4269520567244935
0.1111111111111111,2843.275343622122,2.7393180514177016
0.1111111111111111,2831.9652855960944,-0.10542076126218722
0.1111111111111111,2845.399012284482,0.6214494013779212
0.12345679012345678,2833.381101272305,-1.5289073771227044
0.1111111111111111,2843.9835081741367,2.018262974411263
0.1111111111111111,2847.522984554885,-1.5469665606736691
0.1111111111111111,2829.8412975015262,2.02154579747009
0.1111111111111111,2834.7971569128667,-2.9429241026267867
0.1111111111111111,2842.5674981396646,3.440605100584193
0.1111111111111111,2831.965159138211,-0.09446620719034302
0.1111111111111111,2831.2573325728813,0.6034288259916323
0.1111111111111111,2844.6913328197775,1.3333196768214617
0.1111111111111111,2832.672859354309,-0.799998208982244
0.1111111111111111,2842.567480449321,3.4376678480727736
0.1111111111111111,2831.2571995984295,0.6146946210273151
0.1111111111111111,2832.6730725684865,-0.7967417256558956
0.1111111111111111,2829.8412881921354,2.0215611803287423
0.1111111111111111,2834.0891140584686,-2.236318176995294
0.12345679012345678,2829.1334359221296,2.7068139241141167
0.1111111111111111,2843.9835042846908,2.028931325397064
0.1111111111111111,2830.549233002833,1.319864981064236
0.1111111111111111,2843.2753914595405,2.7426406993542645
0.1111111111111111,2843.275344050218,2.732277192310422
0.1111111111111111,2834.088975519547,-2.2501982108941796
0.1111111111111111,2834.7968047363734,-2.941099247602235
0.1111111111111111,2834.797189884347,-2.9575753749108196
0.1111111111111111,2830.5493978312284,1.3095260244188198
0.12345679012345676,2834.796797453362,-2.920151838567319
0.1111111111111111,2830.549259179635,1.3209259488946623
0.1111111111111111,2832.6729002007523,-0.7991613902737774
0.1111111111111111,2829.84129826118,2.0259621794914233
0.1111111111111111,2819.9467766048933,-2.247023007202538
0.12345679012345678,2829.1333217885826,2.7223708133419264
0.1111111111111111,2819.9470756809696,-2.2493742893665143
0.12345679012345678,2834.0892000427157,-2.229860465757727
0.1111111111111111,2832.6733083306985,-0.8421289070567147
0.1111111111111111,2834.797191086064,-2.957237598846998
0.1111111111111111,2844.691347197636,1.330326055422081
0.1111111111111111,2829.841416392761,2.0080181462198903
0.1111111111111111,2843.2752213888107,2.747409934956508
0.12345679012345678,2842.5676419294105,3.4333690762655054
0.1111111111111111,2846.815301000168,-0.8341882764520328
0.1111111111111111,2834.0890970977534,-2.2226107798539054
0.1111111111111111,2843.275459214805,2.741026470463995
0.1111111111111111,2829.133457309927,2.708525382958961
0.1111111111111111,2831.2572257809807,0.614892561510694
0.1111111111111111,2833.381106261435,-1.5036704556443319
0.12345679012345678,2819.2386951831527,-1.5225456018610493
0.1111111111111111,2829.8413103620783,2.0273763091963883
0.1111111111111111,2846.815444479959,-0.8505412106066315
0.1111111111111111,2831.2572361666676,0.6153810226906234
0.1111111111111111,2830.5492586577593,1.3161963140276576
0.1111111111111111,2848.231383245965,-2.2641525517741714
0.1111111111111111,2831.9653600370143,-0.13436192432109437
0.1111111111111111,2828.4255120802177,3.408059056594791
0.1111111111111111,2831.25716636491,0.6118102896958338
0.12345679012345678,2834.089244589918,-2.24949415292694
0.1111111111111111,2846.815461409055,-0.8540800905806496
0.12345679012345678,2834.7971825518425,-2.928224942492119
0.1111111111111111,2830.5492615942017,1.317329304399501
0.1111111111111111,2831.9653197452762,-0.10721367183457817
0.1111111111111111,2831.965163467557,-0.08533008489028333
0.12345679012345678,2856.7093786831015,3.4293586942408827
0.1111111111111111,2833.381077812661,-1.4839149354100085
0.1111111111111111,2819.2389238434403,-1.5264965485004431
0.12345679012345678,2842.567481973268,3.4404688482638606
0.1111111111111111,2846.1070400825242,-0.14012584047423576
0.12345679012345678,2819.9470386044263,-2.2455831912504274
0.1111111111111111,2833.3810903319236,-1.5041309765128326
0.1111111111111111,2846.8152758172064,-0.8172502376743277
0.1111111111111111,2819.9467642404556,-2.244442934916869
0.1111111111111111,2834.7967969675897,-2.9200422667101087
0.1111111111111111,2834.797170540437,-2.929891505741288
0.1111111111111111,2834.089193435848,-2.227263831005554
0.1111111111111111,2842.5673047358464,3.431034593629178
0.1111111111111111,2834.797053202924,-2.9147678534760892
0.1111111111111111,2831.257245612707,0.6183843604530715
0.1111111111111111,2829.8413413216085,2.0293501962044296
0.1111111111111111,2834.0889724411822,-2.2186251607417056
0.1111111111111111,2819.94709698993,-2.2444804202592508
0.1111111111111111,2842.5674149720835,3.420413671434036
0.1111111111111111,2829.841308339965,2.019595840000486
0.1111111111111111,2819.94709698993,-2.2444804202592508
0.1111111111111111,2843.9832749114007,2.026183014367804
0.1111111111111111,2842.5675518007342,3.449277203659662
0.1111111111111111,2832.6731894282457,-0.7991479579235622
0.1111111111111111,2830.5492853556493,1.3227341773645338
0.1111111111111111,2845.3994343584827,0.6187520844958013
0.1111111111111111,2847.5229591107295,-1.550548595712948
0.1111111111111111,2833.380849538103,-1.5051493778518328
0.1111111111111111,2829.841143893579,2.011319833437053
0.12345679012345676,2834.797006458259,-2.9424756995187926
0.1111111111111111,2842.567175576943,3.4570253737690457
0.1111111111111111,2846.1073411301677,-0.12497552014125801
0.1111111111111111,2832.6731107820465,-0.8282141805777224
0.1111111111111111,2834.0890853668093,-2.239032725733889
0.1111111111111111,2843.275421240633,2.7407650333140414
0.1111111111111111,2833.3812181468606,-1.5293127614594737
0.1111111111111111,2829.8412777672684,2.0239040548740173
0.1111111111111111,2845.3992539380256,0.6377543419841284
0.1111111111111111,2843.275141406133,2.7560490683330574
0.1111111111111111,2842.56726692301,3.425523618034944
0.1111111111111111,2843.2754528842847,2.721583546345489
0.1111111111111111,2847.523259835579,-1.5302612964457452
0.1111111111111111,2845.399059420727,0.6347427000718734
0.1111111111111111,2817.8231679472597,-0.12849147068760797
0.1111111111111111,2846.8154412557933,-0.8433692059051948
0.1111111111111111,2833.381151040764,-1.5026547741278158
0.1111111111111111,2848.2313622128236,-2.2724855544200597
0.12345679012345681,2847.5229728501326,-1.5529412367664097
0.1111111111111111,2834.0892434801744,-2.231933035092336
0.1111111111111111,2830.5492747560097,1.3137273299870968
0.1111111111111111,2846.107073499005,-0.11220895583431126
0.1111111111111111,2833.380852586618,-1.5231797925541082
0.1111111111111111,2843.2755172938027,2.72064498686926
0.1111111111111111,2831.96521918343,-0.09443963087042194
0.1111111111111111,2831.9649541618287,-0.08249245761796606
0.12345679012345676,2834.0891124875707,-2.216127746125023
0.1111111111111111,2848.2312011874938,-2.2385931221912627
0.1111111111111111,2842.567487915878,3.442316250558899
0.12345679012345676,2834.089226340417,-2.252242936870161
0.1111111111111111,2818.530713105432,-0.8236681844658823
0.1111111111111111,2847.5232458853893,-1.5515384264680196
0.1111111111111111,2834.797179746972,-2.9554678119440347
0.1111111111111111,2834.0888309248103,-2.2373111584944603
0.1111111111111111,2844.6913646485204,1.3215937172242176
0.1111111111111111,2844.6913735962103,1.3261407043089404
0.1111111111111111,2842.56760369849,3.4414252707514827
0.1111111111111111,2831.9652240769738,-0.08575849558585379
0.1111111111111111,2829.1333747202625,2.7353835835881704
0.1111111111111111,2846.107132124411,-0.11327517807367576
0.12345679012345678,2832.6732884466774,-0.8113401180387984
0.12345679012345678,2834.7968332048117,-2.931390947120957
0.1111111111111111,2842.5675958476845,3.453699043755467
0.12345679012345678,2834.7972061961677,-2.936992802504659
0.1111111111111111,2834.796774423528,-2.9332522537476304
0.12345679012345678,2831.9651984519337,-0.0936599301030981
0.1111111111111111,2832.673166245768,-0.8204088280432894
0.1111111111111111,2829.8413190482643,2.026126413731682
0.1111111111111111,2842.56751804838,3.4470225492632007
0.1111111111111111,2831.9651969289966,-0.08949518421825717
0.1111111111111111,2832.6732755868306,-0.8130706122253083
0.1111111111111111,2830.54924860026,1.319201723988565
0.1111111111111111,2831.2568992692472,0.6172818556425633
0.1111111111111111,2832.6732558456883,-0.8094180871801405
0.1111111111111111,2846.815447569001,-0.8408210623278053
0.1111111111111111,2843.27539193455,2.7462565487559982
0.1111111111111111,2830.549389579668,1.3028356983323384
0.1111111111111111,2820.655007548078,-2.955471140877634
0.1111111111111111,2847.522936251476,-1.5421623167543697
0.1111111111111111,2844.691241339163,1.3176650686643452
0.1111111111111111,2819.9470661765613,-2.2500469419049836
0.12345679012345678,2828.4254916760683,3.4122384700028348
0.1111111111111111,2847.523108105397,-1.5614628416936511
0.1111111111111111,2848.23135182036,-2.2687155693464867
0.1111111111111111,2820.654617008411,-2.9369748642198505
0.1111111111111111,2834.0890540368364,-2.238721848838102
0.1111111111111111,2831.257357418611,0.5994950890194805
0.1111111111111111,2844.6913500164746,1.3316316463694489
0.1111111111111111,2832.6731225296694,-0.8059572573653692
0.1111111111111111,2845.399466659932,0.6128950963311134
0.1111111111111111,2843.2756177627584,2.720926028173588
0.1111111111111111,2842.56753477607,3.430617614671044
0.1111111111111111,2843.2756262273065,2.7191565881864648
0.1111111111111111,2848.2311109375823,-2.273118562081179
0.1111111111111111,2842.567212682202,3.4390646811632077
0.1111111111111111,2832.6731660892024,-0.828365919414566
0.1111111111111111,2834.796747254394,-2.9265927207290154
0.1111111111111111,2846.107070030319,-0.116518715524914
0.1111111111111111,2832.6731597634243,-0.8258756285805784
0.1111111111111111,2830.5492036530773,1.3223241440785118
0.1111111111111111,2832.673125129806,-0.7952012818755271
0.1111111111111111,2831.2573493224127,0.5971499062237134
0.12345679012345678,2817.823007924638,-0.12501900099467358
0.1111111111111111,2817.8231466382995,-0.1333853397948715
0.1111111111111111,2847.523382087831,-1.5574279423362247
0.1111111111111111,2834.7970508528865,-2.9166548388622253
0.1111111111111111,2843.275412584354,2.75983879385193
0.1111111111111111,2842.5674859905234,3.45470321465556
0.1111111111111111,2829.133433603833,2.715710487761978
0.1111111111111111,2834.797031271651,-2.940000487211753
0.1111111111111111,2834.79713908734,-2.936320469499799
0.1111111111111111,2843.275234428606,2.7456379642310225
0.12345679012345678,2818.5310236128307,-0.817410512683802
0.1111111111111111,2831.257209568135,0.6081778296614379
0.12345679012345678,2834.797042443507,-2.9064441589317607
0.1111111111111111,2833.3808591901548,-1.5006096614148667
0.1111111111111111,2845.3993266111893,0.623795996662218
0.1111111111111111,2846.10747044077,-0.15743259837117515
0.1111111111111111,2817.8231579744424,-0.1350533608459173
0.1111111111111111,2830.549401493424,1.3079740850878148
0.1111111111111111,2843.2752360166432,2.721081402898321
0.1111111111111111,2843.275537059841,2.7292537126099625
0.12345679012345678,2844.6913318202633,1.3311183497691539
0.1111111111111111,2819.238667911807,-1.528837062133002
0.1111111111111111,2843.2751329480893,2.7539967556055407
0.1111111111111111,2843.9834871719117,2.0220157360178828
0.1111111111111111,2834.0890298431204,-2.224469683509758
0.1111111111111111,2833.3811331532766,-1.5334087310874587
0.1111111111111111,2829.8412830130183,2.0175574438088315
0.1111111111111111,2818.5311071744677,-0.8417335719542597
0.1111111111111111,2831.2570802782266,0.600647579688094
0.1111111111111111,2830.5492373428783,1.320553445546158
0.1111111111111111,2818.531097831052,-0.8430236613069738
0.1111111111111111,2846.1070152150864,-0.1243151824614929
0.1111111111111111,2846.1073308213004,-0.13049423639362914
0.1111111111111111,2844.6913485981695,1.3384308225829114
0.1111111111111111,2833.3809567078542,-1.526096867929416
0.1111111111111111,2830.549396500156,1.3045313196162414
0.1111111111111111,2834.7969335891125,-2.920295601375212
0.1111111111111111,2833.381204245417,-1.5330491302967653
0.1111111111111111,2820.654980513788,-2.954903178404779
0.12345679012345678,2819.946919956069,-2.231579198574702
0.1111111111111111,2830.5489963190403,1.3224640600342599
0.1111111111111111,2834.796989077808,-2.9302697755364786
0.1111111111111111,2843.275475252672,2.718339907061097
0.1111111111111111,2834.0892440714483,-2.253675567547733
0.1111111111111111,2843.2756141172586,2.721370508464562
0.1111111111111111,2844.6910878716935,1.3290245266679985
0.1111111111111111,2834.797055158722,-2.9259509399561487
0.12345679012345678,2834.089124898587,-2.2357338773931987
0.12345679012345678,2842.5672783129166,3.4410898895674498
0.1111111111111111,2842.5674970488076,3.4469283401549102
0.1111111111111111,2834.796759897288,-2.9398071319644057
0.1111111111111111,2847.523400896993,-1.5634455937597096
0.1111111111111111,2842.567538814445,3.4177082558280545
0.1111111111111111,2842.5674668122997,3.436915046125895
0.1111111111111111,2833.3810535452544,-1.5241441555956061
0.1111111111111111,2830.5490023961092,1.3284007939025928
0.1111111111111111,2842.5674902314026,3.447444502190099
0.12345679012345678,2834.796806231002,-2.934429987461539
0.1111111111111111,2842.5675172594797,3.434886421464384
0.1111111111111111,2831.257357004223,0.5984517609504755
0.1111111111111111,2831.2569580831705,0.6214291264420603
0.1111111111111111,2831.256960570256,0.6182300669408755
0.1111111111111111,2834.797201888237,-2.953877644519846
0.1111111111111111,2843.983421670175,2.0407135330849218
0.1111111111111111,2818.531011259255,-0.8189539446780741
0.1111111111111111,2829.8412929121864,2.019483707055755
0.1111111111111111,2847.5234138294077,-1.565494016068984
0.1111111111111111,2832.6730431115125,-0.8224113688001146
0.1111111111111111,2831.2573651004213,0.6007969437462425
0.1111111111111111,2829.8414271949337,2.0113781005470424
0.1111111111111111,2834.7971076782433,-2.9316646457397404
0.1111111111111111,2818.5309652025135,-0.8272258851828284
0.1111111111111111,2819.2389254277045,-1.533227227438887
0.1111111111111111,2834.0890929397906,-2.208319848545809
0.1111111111111111,2843.983141015691,2.0157927673269196
0.1111111111111111,2843.2753840395453,2.741257273566108
0.1111111111111111,2847.52338014062,-1.552061652256207
0.1111111111111111,2829.8414406792635,2.015190782681675
0.1111111111111111,2834.0891118402155,-2.222550663334598
0.1111111111111111,2848.2311842898275,-2.2273231579772195
0.1111111111111111,2833.381102787749,-1.5143542932457168
0.12345679012345678,2833.3810871727133,-1.506898987713259
0.1111111111111111,2848.2312297633566,-2.2599894950904176
0.12345679012345678,2834.7972001464336,-2.9593683517132776
0.1111111111111111,2848.231371208521,-2.275997417043614
0.1111111111111111,2833.3808380603778,-1.5297346707708834
0.12345679012345678,2842.5676756272264,3.4031012248447885
0.1111111111111111,2834.089092426446,-2.229150518108465
0.1111111111111111,2834.0892050330626,-2.2560308116900867
0.1111111111111111,2832.673172286982,-0.8270646350642002
0.1111111111111111,2847.523424339122,-1.5638892082134797
0.1111111111111111,2829.8414316279714,2.0030570517661284
0.1111111111111111,2833.3811288215916,-1.5125716140406915
0.1111111111111111,2831.257353387744,0.5996518256324819
0.1111111111111111,2834.796883734677,-2.9373745905219697
0.1111111111111111,2834.7968047363734,-2.941099247602235
0.12345679012345678,2829.1334567369922,2.7030369237549663
0.1111111111111111,2832.673139574868,-0.8301406653401296
0.1111111111111111,2828.4253407265273,3.41427221727856
0.1111111111111111,2834.0891985995167,-2.2359603191513795
0.1111111111111111,2830.549289197486,1.3120436349122673
0.1111111111111111,2843.2755831761006,2.718385781415199
0.1111111111111111,2843.9833074111402,2.01920793555581
0.1111111111111111,2843.2754355120865,2.7410153741086116
0.1111111111111111,2834.7970469713778,-2.9314878218532634
0.1111111111111111,2845.399022897292,0.6218365555118309
0.1111111111111111,2842.567682284517,3.4119935871626494
0.1111111111111111,2843.9834062161885,2.035485724468813
0.1111111111111111,2834.08883796391,-2.216387492201786
0.1111111111111111,2834.7971946471066,-2.9396017174705342
0.1111111111111111,2843.275455822554,2.748422693636407
0.1111111111111111,2829.841328949824,2.025307123324435
0.1111111111111111,2834.0892525359964,-2.255445007534629
0.1111111111111111,2831.9651911963133,-0.0959265350659095
0.1111111111111111,2843.2754364411076,2.7327843563172873
0.1111111111111111,2842.5674820643517,3.416864860117823
0.1111111111111111,2833.381099485506,-1.516467642576506
0.1111111111111111,2820.6546977840544,-2.95384399320087
0.1111111111111111,2834.0890593694694,-2.24188328271355
0.1111111111111111,2848.9391629493925,-2.9482355651397745
0.1111111111111111,2843.2756318569877,2.721483324874282
0.1111111111111111,2833.3812283591633,-1.5284745196276412
0.1111111111111111,2829.1333144519326,2.7147146894290266
0.1111111111111111,2829.8411710579708,2.0084055607679336
0.1111111111111111,2846.8152974634086,-0.8262343485950205
0.1111111111111111,2846.1074783932186,-0.14726070943531663
0.1111111111111111,2817.115063707966,0.5792948048400514
0.12345679012345678,2832.67316995884,-0.8313026495929896
0.1111111111111111,2831.9652288341995,-0.09237874045627877
0.1111111111111111,2834.089058720472,-2.2285626162956977
0.1111111111111111,2831.9652053273126,-0.11537259744652835
0.1111111111111111,2833.3810601145565,-1.5119279491306337
0.1111111111111111,2834.0890525371083,-2.240715618612219
0.1111111111111111,2843.2751574202002,2.739696948584159
0.1111111111111111,2843.2755884989556,2.7224666066106096
0.1111111111111111,2842.5675450744534,3.4411402898790384
0.1111111111111111,2833.381270869788,-1.5471008078272028
0.1111111111111111,2831.257370219282,0.596642572145608
0.1111111111111111,2832.673133084427,-0.798935468789231
0.1111111111111111,2833.3808380603778,-1.5297346707708834
0.12345679012345678,2834.7970534643023,-2.944644090630772
0.12345679012345678,2844.691331077158,1.3343921906825598
0.1111111111111111,2831.965042097895,-0.10326199184367299
0.1111111111111111,2828.425377200825,3.4208500197489933
0.1111111111111111,2845.399320135475,0.632143200050184
0.1111111111111111,2830.5492488485515,1.3196778304004755
0.09876543209876543,2843.9832435639546,2.0226816289725402
0.09876543209876544,2831.2572381627906,0.6159462174817013
0.09876543209876543,2848.2310845230077,-2.26197759706672
0.09876543209876543,2829.840957214392,2.0218710945034095
0.09876543209876543,2832.673138211885,-0.8047923147407106
0.09876543209876543,2833.3812015844364,-1.5260296208866089
0.09876543209876544,2831.9653370054757,-0.10223691852431738
0.11111111111111109,2834.797215268272,-2.9522454293823124
0.09876543209876543,2846.1071820022253,-0.13466972520648493
0.09876543209876543,2846.1070428996086,-0.11676808453187629
0.09876543209876544,2831.9651431098346,-0.09317428752090062
0.09876543209876543,2830.5492291780242,1.3228457110962795
0.09876543209876543,2834.0891939230464,-2.2378562191471914
0.09876543209876543,2845.3992417395875,0.6157331783668777
0.09876543209876543,2832.67321160309,-0.8074725101160125
0.09876543209876543,2843.2754719531076,2.7502220926507484
0.11111111111111109,2834.797174976534,-2.9250971768957963
0.09876543209876543,2843.2754495503355,2.7385567222376705
0.09876543209876543,2833.381228832845,-1.5498771137844665
0.1111111111111111,2848.231345814877,-2.270689097082701
0.09876543209876544,2845.3994733379177,0.6125286508472382
0.09876543209876543,2843.275615447196,2.725250211069766
0.09876543209876543,2834.7971470920015,-2.9325450302178027
0.09876543209876543,2845.3994753273587,0.5958870760327482
0.09876543209876543,2834.089250464631,-2.2554133546517945
0.09876543209876543,2834.089229843465,-2.2427696427400163
0.09876543209876543,2834.0892110862505,-2.23884762408892
0.09876543209876543,2843.9835439183494,2.013330594893395
0.11111111111111109,2832.672922590691,-0.8233114660303353
0.09876543209876543,2819.947038739781,-2.258416817310094
0.11111111111111109,2842.567528825694,3.42828282785284
0.09876543209876544,2829.8413038988356,2.0283531583236485
0.11111111111111109,2831.9649514990515,-0.1154561662366652
0.09876543209876544,2830.5491259637465,1.309525805334511
0.09876543209876543,2834.0890550363406,-2.238091243251054
0.09876543209876543,2817.82276495892,-0.1112494277893167
0.11111111111111109,2817.823171874919,-0.13360100880487644
0.11111111111111109,2818.5309983631114,-0.824828806926976
0.11111111111111109,2842.567673829688,3.403124761660351
0.11111111111111109,2846.815390162344,-0.8342167253692548
0.09876543209876543,2834.089100806193,-2.206190842948375
0.09876543209876544,2831.9651600206294,-0.09222177901185613
0.09876543209876543,2842.567718742708,3.4122120491080805
0.09876543209876543,2842.567668056534,3.4228995119703662
0.09876543209876543,2843.275628974989,2.7178632813736052
0.09876543209876543,2834.0892522784516,-2.247177545902717
0.11111111111111109,2842.567682284517,3.4119935871626494
0.09876543209876543,2834.0891001363307,-2.21029180362318
0.09876543209876543,2842.56721390317,3.4421874891213147
0.09876543209876543,2834.088813908183,-2.235926280526135
0.09876543209876543,2834.7970320766594,-2.9248630221829703
0.09876543209876543,2846.107059842641,-0.12203950224004881
0.09876543209876543,2828.425376645407,3.4181190021725545
0.09876543209876543,2848.2312328394146,-2.2575792772499694
0.09876543209876543,2829.8414347264006,2.0024739172534485
0.09876543209876543,2834.0892522784516,-2.247177545902717
0.09876543209876543,2842.567465747903,3.438200303024911
0.09876543209876543,2842.567593027677,3.4385875865745255
0.09876543209876543,2832.67314834008,-0.8249107513462856
0.09876543209876543,2832.6733210629336,-0.8351440753835332
0.09876543209876543,2818.530992155737,-0.8261213051073938
0.09876543209876543,2833.3812393186763,-1.5227072357303564
0.09876543209876543,2843.2756477823336,2.6969837607127496
0.09876543209876543,2842.567469269391,3.4365574459902413
0.09876543209876543,2834.7972131969063,-2.952213776499478
0.09876543209876543,2828.4251179873927,3.4329055190885853
0.09876543209876543,2834.0889179035703,-2.226432285820238
0.09876543209876543,2817.114907196574,0.5740022791237024
0.09876543209876543,2845.3990700242484,0.6265382779194674
0.09876543209876543,2818.5309996733718,-0.8198372267148283
0.11111111111111109,2834.797169797296,-2.929903724176173
0.09876543209876543,2846.8154575150916,-0.8534192355092954
0.11111111111111109,2834.0890894100735,-2.2113578741832836
0.09876543209876544,2831.2573908644695,0.59932883867989
0.09876543209876543,2833.3811720644367,-1.5125737649437028
0.09876543209876543,2843.983128389154,2.0421528922137977
0.09876543209876544,2830.5492835581526,1.3175129961244014
0.11111111111111109,2834.7971643885157,-2.926167821444947
0.09876543209876543,2834.0892117711505,-2.2368183423433705
0.09876543209876543,2817.8230061639,-0.1253496011559619
0.09876543209876544,2831.9651706523937,-0.09201278158432113
0.11111111111111109,2842.56767086293,3.407939638823322
0.09876543209876543,2844.691345768061,1.3437481510813252
0.11111111111111109,2831.2573504981233,0.5977994677355774
0.09876543209876544,2830.5492515833603,1.3180593455663487
0.09876543209876543,2828.425491713779,3.4123754434406735
0.09876543209876543,2831.9651745459296,-0.08718603008040149
0.09876543209876543,2831.965209501992,-0.11717907200653009
0.09876543209876543,2833.3811407175094,-1.5292125425254868
0.09876543209876543,2832.6731506836336,-0.8134083564809076
0.09876543209876543,2833.381127258024,-1.5297775256983015
0.09876543209876543,2843.2751779183873,2.7196522846924918
0.09876543209876543,2817.8227265005767,-0.12010768525539246
0.09876543209876543,2834.7969929223586,-2.9199563491114784
0.09876543209876543,2843.983251844273,2.0264159705333977
0.11111111111111109,2831.2572083187997,0.6106807159617993
0.09876543209876544,2829.8412981193146,2.0209179255607754
0.09876543209876543,2831.965149248538,-0.09981142672443417
0.09876543209876543,2834.7971729603955,-2.933128368623032
0.11111111111111109,2830.549388403958,1.3021861368204746
0.1111111111111111,2845.3993225787344,0.6324372031104106
0.09876543209876543,2818.5310945779597,-0.8394541033963377
0.09876543209876543,2842.56759002245,3.448148355019524
0.09876543209876543,2842.567593027677,3.4385875865745255
0.09876543209876543,2845.3990451462323,0.6253244696490209
0.09876543209876543,2842.567252121252,3.4297428741840204
0.09876543209876543,2834.7970737085216,-2.9385629989850925
0.09876543209876544,2831.9652044744835,-0.0980907818656983
0.09876543209876544,2846.8154249793342,-0.862071664236636
0.09876543209876543,2846.107076100136,-0.11312563308177129
0.09876543209876543,2842.5676224487597,3.422263099007031
0.09876543209876543,2832.6728664163033,-0.8008318101757846
0.09876543209876544,2819.9469535962025,-2.2352438606438785
0.09876543209876543,2843.275447410074,2.732679039214143
0.09876543209876543,2834.7971360842866,-2.938970431092856
0.11111111111111109,2831.965347412244,-0.13709267645995368
0.09876543209876543,2831.964893022267,-0.12311614378602605
0.09876543209876544,2844.6913371960195,1.3277019631804878
0.09876543209876543,2844.691374281559,1.3281559505562317
0.09876543209876543,2831.9651252121607,-0.0985402269223844
0.09876543209876543,2833.3812179376214,-1.518555204481573
0.09876543209876544,2829.841417125623,2.0095992686863386
0.11111111111111109,2843.275554904146,2.730679604252568
0.09876543209876544,2829.841297963913,2.0239663671084376
0.09876543209876543,2831.256902971425,0.6174578728524945
0.11111111111111109,2831.9652141930205,-0.0935910861023139
0.09876543209876543,2832.673091877259,-0.8033218913414454
0.09876543209876543,2833.381204069211,-1.5330680862215809
0.09876543209876543,2834.0889288832814,-2.2244324806652536
0.09876543209876543,2831.257182637389,0.6131904924988889
0.09876543209876543,2846.8149899372784,-0.8429165740282578
0.09876543209876543,2834.0890217600568,-2.216755812199997
0.09876543209876543,2829.1332951140485,2.723419244242677
0.09876543209876543,2829.8409891662304,2.02313758539298
0.09876543209876543,2842.567549757638,3.4414878514841383
0.09876543209876543,2828.425065683527,3.428534736651793
0.09876543209876543,2844.691340356578,1.3315592249361525
0.09876543209876543,2842.567618608322,3.4351998652595794
0.09876543209876543,2831.2572370118783,0.6145976416196122
0.09876543209876543,2834.7970239904084,-2.9145494587013885
0.09876543209876544,2828.4252130242053,3.420199667023576
0.09876543209876543,2834.088753786533,-2.208968328079664
0.09876543209876543,2847.5229536582106,-1.5482736781020128
0.09876543209876543,2845.39939943437,0.6284611346738106
0.09876543209876543,2844.691202833295,1.3160316481407417
0.09876543209876543,2843.27554329761,2.727566212373821
0.09876543209876543,2842.5672022423523,3.423243529947703
0.11111111111111109,2834.7969701241695,-2.9082166666400666
0.09876543209876543,2843.275491485684,2.73984321989334
0.09876543209876543,2829.1333480600692,2.728038932457794
0.09876543209876543,2843.275165917745,2.7482657546922304
0.09876543209876543,2832.672868985755,-0.8263336793166272
0.09876543209876544,2829.8414370489622,2.0087761770023693
0.09876543209876543,2829.841422849754,2.007298601040929
0.09876543209876543,2832.6731395266,-0.8023845683789487
0.09876543209876544,2831.965325448038,-0.10449833585014356
0.09876543209876544,2829.8414370489622,2.0087761770023693
0.11111111111111109,2843.2750767772072,2.751717962486698
0.09876543209876543,2845.399039761358,0.6354321901048259
0.09876543209876543,2830.5492445176023,1.3155998951128813
0.09876543209876544,2831.2572266053535,0.6136848001558751
0.09876543209876544,2847.5234120745918,-1.5660469270029707
0.09876543209876543,2832.673174635978,-0.8031308999483586
0.09876543209876543,2831.9652043073875,-0.09850235478613613
0.09876543209876543,2819.946929212966,-2.2312263790193647
0.09876543209876544,2829.8413062926106,2.023989458135043
0.09876543209876543,2834.0890403458548,-2.21499553911467
0.09876543209876544,2829.841027860409,2.0281005115737347
0.09876543209876544,2843.275518120696,2.7332469494956033
0.09876543209876544,2820.6550342059886,-2.9540403667743806
0.09876543209876544,2843.9834354411446,2.0388696091588363
0.09876543209876543,2833.381249802786,-1.5297980113943423
0.09876543209876543,2843.275455985183,2.7455422226989397
0.09876543209876543,2819.238968294511,-1.5261901484226041
0.09876543209876543,2818.531151549935,-0.8409367417237558
0.09876543209876543,2832.6731478538086,-0.7971764042868286
0.11111111111111109,2829.133296702862,2.721272847603196
0.09876543209876543,2831.965052540129,-0.1055890040657046
0.09876543209876543,2831.965317400493,-0.10990606709995476
0.11111111111111109,2843.275603934458,2.737102608665016
0.11111111111111109,2832.673183839158,-0.7991472834011367
0.09876543209876543,2847.523234376558,-1.5536917359408708
0.11111111111111109,2834.7971775340325,-2.955567814538565
0.09876543209876543,2834.796861255484,-2.9521543821157845
0.09876543209876544,2831.965299271236,-0.10555930368056987
0.11111111111111109,2842.5676530148253,3.4069017620195012
0.09876543209876543,2834.7967267615595,-2.939226046610136
0.11111111111111109,2819.9470338154215,-2.2449327002360095
0.09876543209876543,2846.1073323757996,-0.12680008815339744
0.09876543209876544,2848.231372993047,-2.271083157599959
0.09876543209876544,2831.965325448038,-0.10449833585014356
0.1111111111111111,2843.27543603149,2.735309749711169
0.09876543209876543,2830.549238165656,1.319578323038941
0.09876543209876543,2845.399332115178,0.6310032119885732
0.11111111111111109,2829.8413057411426,2.0193938781636196
0.09876543209876543,2848.2313811745994,-2.2641208988911097
0.09876543209876544,2831.257223889135,0.6126832751820307
0.09876543209876543,2843.275475292504,2.7164984486059494
0.11111111111111109,2842.567632708665,3.412309737658877
0.09876543209876543,2834.7971974249967,-2.957206960965935
0.09876543209876543,2820.655011936913,-2.9528017942296465
0.11111111111111109,2834.089221703061,-2.250431928263341
0.1111111111111111,2846.815254844092,-0.8411344518655123
0.09876543209876544,2831.9652995624483,-0.10300669140335639
0.11111111111111109,2834.7971569128667,-2.9429241026267867
0.09876543209876543,2834.796924859889,-2.951867571843158
0.09876543209876544,2831.965366926959,-0.10556746875110956
0.09876543209876543,2833.3808408385703,-1.5051986554257597
0.11111111111111109,2832.6731237305776,-0.7980975891290918
0.11111111111111109,2846.8152721982365,-0.8181938022461905
0.1111111111111111,2842.5675422724735,3.449473684914703
0.09876543209876543,2819.9469185569233,-2.2355413328123763
0.09876543209876543,2833.3808756531066,-1.4944431015871247
0.11111111111111109,2832.67317121634,-0.792142752191402
0.09876543209876543,2829.841265424184,2.0177364914184177
0.09876543209876544,2846.1073375101846,-0.1442213794590669
0.11111111111111109,2833.380809513277,-1.5065093233151028
0.09876543209876544,2829.8412690701334,2.02731733083308
0.09876543209876543,2842.5676748028295,3.4350927321968023
0.11111111111111109,2834.797204398629,-2.936969265689097
0.09876543209876543,2847.523373840732,-1.545891105534096
0.09876543209876543,2830.5494050771695,1.3071562395514311
0.09876543209876543,2842.5676748028295,3.4350927321968023
0.09876543209876543,2834.797062838879,-2.923286835291877
0.09876543209876543,2833.381120554471,-1.5053935220261587
0.09876543209876543,2843.275246626454,2.7248295672668186
0.09876543209876543,2843.275517912223,2.7204293783019615
0.11111111111111109,2832.672873094162,-0.800973165051263
0.09876543209876543,2846.107449561842,-0.14519588544655215
0.09876543209876543,2843.275456788681,2.7307180298884814
0.09876543209876544,2831.965174197775,-0.0913431793348759
0.09876543209876544,2829.841285759519,2.024762669242614
0.11111111111111109,2834.0891184067136,-2.217716910746642
0.09876543209876543,2834.7969337278555,-2.9329194203032087
0.09876543209876543,2834.7971962775296,-2.959313162014881
0.09876543209876543,2833.3812270005137,-1.527217811849299
0.09876543209876543,2818.531110274591,-0.8458702715517054
0.09876543209876543,2847.52340149893,-1.5551626496434798
0.09876543209876543,2833.381279802559,-1.544402732631555
0.09876543209876543,2834.0890964728883,-2.213203361142108
0.11111111111111109,2830.549257598017,1.3173547107563273
0.09876543209876544,2829.8413119363213,2.0258236370730405
0.09876543209876543,2830.5489763482424,1.3254515288778934
0.09876543209876543,2828.4253607918704,3.4257360591359927
0.09876543209876543,2830.549249617491,1.3215241441200491
0.09876543209876543,2842.567651137157,3.4158001264549633
0.09876543209876543,2819.239097362834,-1.5448365490868423
0.09876543209876543,2833.381217829884,-1.5492870879755603
0.09876543209876543,2820.654876634872,-2.9373480546740343
0.11111111111111109,2829.133047670726,2.7254683472235697
0.09876543209876543,2834.0890972835687,-2.219076763700444
0.09876543209876543,2843.9832802445017,2.0226823433360632
0.09876543209876543,2834.797078823189,-2.936756706208983
0.09876543209876544,2831.2572465879366,0.6187692885225947
0.09876543209876544,2829.8413247510266,2.028841749716344
0.09876543209876543,2842.567255439229,3.452445818504165
0.09876543209876543,2848.231398189377,-2.259214264113029
0.09876543209876543,2833.3808465926118,-1.500509109487824
0.09876543209876543,2834.7968030844654,-2.922047403050486
0.09876543209876543,2843.2751364336914,2.7533021247234712
0.09876543209876543,2819.946651062326,-2.2326583470238024
0.09876543209876544,2830.5492856694814,1.323805519119583
0.11111111111111109,2842.5675389499656,3.4482079847232256
0.09876543209876543,2828.425120139131,3.433939151133993
0.11111111111111109,2829.1333688646882,2.732506381582717
0.11111111111111109,2831.2569698999673,0.6206151292490822
0.09876543209876543,2830.5492645994746,1.3118776379900032
0.11111111111111109,2842.567676874195,3.435061079313968
0.09876543209876544,2829.8414642928456,2.0180568373248438
0.09876543209876543,2834.7972229484294,-2.9495813247180407
0.09876543209876544,2831.257385838543,0.605431763853881
0.11111111111111109,2833.381127636566,-1.4986410168798183
0.11111111111111109,2834.7970793251684,-2.922753141343403
0.11111111111111109,2834.0892434801744,-2.231933035092336
0.09876543209876544,2829.841319107316,2.0270075707783466
0.09876543209876543,2833.3811078133517,-1.5034445368241245
0.09876543209876543,2831.9651905999153,-0.08844570660176115
0.09876543209876544,2843.2751582312094,2.760995404746561
0.09876543209876543,2828.425366665921,3.425903712435451
0.09876543209876543,2847.523397182668,-1.530201406220031
0.09876543209876543,2843.2756387265117,2.7204957331550426
0.09876543209876544,2829.8413260774037,2.028651130456888
0.09876543209876543,2834.7967599658896,-2.910580549242853
0.09876543209876544,2831.9652182412706,-0.08492320482011972
0.09876543209876543,2834.0892038943803,-2.224057344907308
0.09876543209876543,2845.399214887658,0.6195686193963946
0.09876543209876543,2829.8413159621955,2.019787630957646
0.09876543209876543,2846.107472835159,-0.13431329136616296
0.09876543209876543,2820.6550112235795,-2.9525847873765674
0.09876543209876543,2847.523023299124,-1.519059809985554
0.09876543209876543,2834.0889770850417,-2.236333269605155
0.09876543209876543,2829.841026069886,2.021273476407936
0.09876543209876543,2831.9651337431246,-0.08977731306097625
0.09876543209876543,2843.2750909392935,2.7461334508361155
0.09876543209876543,2856.7095298231907,3.438472202204732
0.09876543209876543,2843.9833795342674,2.034860270972521
0.11111111111111109,2834.088800547832,-2.2048652988486803
0.09876543209876543,2846.1074274619427,-0.14933206064380827
0.09876543209876543,2818.5311308021824,-0.8376287726130908
0.09876543209876543,2834.7971494802914,-2.9304339342572376
0.09876543209876543,2831.2571867616607,0.6081723959839556
0.09876543209876543,2832.673167621431,-0.8069121917953213
0.09876543209876543,2831.2571776866257,0.6105079962471782
0.09876543209876543,2832.6731609591,-0.8284202458980177
0.09876543209876543,2831.9651271269677,-0.09525333188275992
0.09876543209876543,2832.672959021248,-0.8144277669988911
0.09876543209876543,2846.107063231091,-0.14262943000942765
0.09876543209876543,2848.2312144705083,-2.2531217748022496
0.09876543209876543,2829.1333260113224,2.7205079691909755
0.09876543209876543,2843.9833854837275,2.032282454765854
0.09876543209876543,2832.6731393331056,-0.8117602999079078
0.11111111111111109,2817.8230195075603,-0.12158705415607511
0.11111111111111109,2831.2572284884955,0.6131330228732359
0.1111111111111111,2848.2313408896707,-2.2634524867179358
0.11111111111111109,2834.7971528682,-2.9263648442021553
0.09876543209876543,2831.9651715546283,-0.09364115897365381
0.09876543209876543,2829.1334591383343,2.7079915060588107
0.09876543209876544,2829.8414411612875,2.013792170405873
0.11111111111111109,2842.567525499096,3.4327345021579134
0.09876543209876544,2819.9470714649356,-2.248374933989327
0.09876543209876543,2842.5674930595933,3.448685827606549
0.09876543209876543,2829.8414210271562,2.007927803229222
0.09876543209876543,2817.822761946805,-0.1152433834883074
0.09876543209876543,2834.7969276017425,-2.9135972815803877
0.09876543209876544,2848.231371170449,-2.270453955411666
0.09876543209876544,2829.8413016194686,2.0245770827973733
0.09876543209876544,2831.9651828022043,-0.08952630943142548
0.09876543209876544,2846.8154493335387,-0.8603814942179169
0.09876543209876543,2817.1147927723673,0.5923846241541341
0.1111111111111111,2848.2313493542188,-2.2652219267048315
0.09876543209876544,2834.7969612748525,-2.9093275839306347
0.09876543209876543,2819.947061820631,-2.2444056093057334
0.09876543209876543,2834.7968973336583,-2.9135998177322975
0.09876543209876544,2830.549269594125,1.317183202774709
0.09876543209876543,2833.381239279206,-1.5196073533656373
0.09876543209876543,2819.238963597369,-1.525560599318244
0.11111111111111109,2829.1332999135125,2.7094368723085167
0.09876543209876543,2831.96488502554,-0.09483384391092015
0.09876543209876543,2819.946913422853,-2.2360029268409853
0.11111111111111109,2834.089096773,-2.23755354425626
0.09876543209876543,2845.399419510675,0.6205495855912598
0.09876543209876544,2845.399251861251,0.629601409763788
0.11111111111111109,2844.691307350384,1.3317901482075354
0.09876543209876543,2834.089098960526,-2.2368921044084558
0.1111111111111111,2834.0892194916587,-2.2521779024808857
0.09876543209876543,2819.947017992028,-2.255108848199429
0.11111111111111109,2820.654878657774,-2.9400755271070156
0.1111111111111111,2843.2755690392873,2.7226673682054945
0.09876543209876543,2834.089157161594,-2.2279351227095328
0.1111111111111111,2834.089053269058,-2.21805820187498
0.09876543209876543,2831.9651239055297,-0.09290440828656352
0.09876543209876543,2819.9469131722053,-2.238233815874065
0.09876543209876543,2829.8414033286517,2.0046332066033297
0.09876543209876543,2844.6914690184735,1.3130387279593005
0.11111111111111109,2833.381148165668,-1.5351077389731493
0.1111111111111111,2846.815424171621,-0.8575343971250485
0.1111111111111111,2847.523387057942,-1.557813762761276
0.09876543209876543,2843.275572770675,2.7251020107919057
0.09876543209876543,2848.23135041062,-2.263430300629972
0.09876543209876543,2833.3812687984228,-1.5470691549441413
0.09876543209876543,2834.7967286993603,-2.914978766297964
0.11111111111111109,2831.9653258094163,-0.11073917528977192
0.09876543209876543,2842.567654453658,3.4264653254254682
0.09876543209876543,2834.7972049357318,-2.958000363237646
0.1111111111111111,2833.381114482698,-1.5142826342775113
0.09876543209876543,2828.4253932950583,3.4166953397321524
0.09876543209876543,2834.796750334932,-2.9440339218971783
0.09876543209876543,2829.133465546771,2.7017235611120416
0.1111111111111111,2848.2311044902285,-2.2706693400702695
0.09876543209876543,2842.567576352006,3.4327201355063797
0.11111111111111109,2842.567676339598,3.404417128409125
0.09876543209876543,2832.673041281397,-0.8390433645906804
0.09876543209876543,2832.6732765725924,-0.8435280844104706
0.09876543209876543,2846.8154192340603,-0.8448441362399344
0.09876543209876543,2843.9835374709955,2.0157798169043044
0.09876543209876543,2833.3810971512585,-1.5362077041269708
0.09876543209876543,2832.6733221803665,-0.8428916714471357
0.09876543209876543,2833.380962171934,-1.5253490887402472
0.09876543209876543,2847.522965762566,-1.5480802093692807
0.09876543209876543,2847.5233969158853,-1.5701150468361007
0.09876543209876543,2829.133394643961,2.708818180648677
0.09876543209876543,2847.5234037040864,-1.570091681200407
0.09876543209876543,2843.9835246647494,2.008821079650451
0.09876543209876543,2842.56753378678,3.4381372088768716
0.09876543209876543,2833.3811009973606,-1.5357335686812144
0.09876543209876543,2843.2755819939025,2.7213847533503737
0.09876543209876543,2846.8154263769593,-0.8527430488966156
0.09876543209876543,2834.089047266783,-2.2190572531282426
0.09876543209876543,2844.6913464021823,1.3272462241690928
0.09876543209876544,2831.9648592084395,-0.09195250727427673
0.09876543209876543,2846.8154237865533,-0.8507586739352601
0.09876543209876543,2846.815284476198,-0.8516626573465864
0.11111111111111109,2846.8152809651856,-0.8503217423370955
0.11111111111111109,2819.9470275116496,-2.253799802921899
0.09876543209876543,2818.5309741831243,-0.8291349494027728
0.11111111111111109,2842.5675934107835,3.4337024394654563
0.09876543209876543,2829.8411569347786,2.005188009811509
0.11111111111111109,2831.9651912933377,-0.09873161727971722
0.11111111111111109,2844.6913183233933,1.3415404471485763
0.09876543209876543,2831.965174650524,-0.12496104407562376
0.09876543209876543,2834.089068698581,-2.236102316280893
0.09876543209876543,2831.965282179073,-0.11561362897321266
0.09876543209876543,2834.089013217909,-2.2181961226721554
0.09876543209876543,2833.381176991208,-1.5144757276880008
0.09876543209876543,2834.796846103046,-2.9419667850033178
0.09876543209876543,2834.797143406924,-2.9578423589272713
0.11111111111111109,2829.1334463057906,2.7058589606463745
0.11111111111111109,2817.823166232722,-0.13142946292788601
0.11111111111111109,2834.0889698773503,-2.248026665017189
0.09876543209876543,2831.9651953878783,-0.10230446597613409
0.09876543209876543,2833.381153435767,-1.5289944098964712
0.09876543209876543,2833.3811342611016,-1.5069749321557298
0.1111111111111111,2843.27544054575,2.7417165666074084
0.09876543209876543,2817.8230260500354,-0.12306509280353024
0.09876543209876543,2831.965237774885,-0.12006163014500416
0.09876543209876543,2834.797062773473,-2.9186954405508216
0.09876543209876543,2842.5675162076027,3.45569654087394
0.09876543209876543,2843.275480107997,2.7334750682134255
0.1111111111111111,2845.3990703273657,0.6401205867364493
0.09876543209876543,2842.5676224487597,3.422263099007031
0.09876543209876544,2831.9653200860985,-0.10933630403972028
0.09876543209876543,2843.983110736711,2.0350643680435123
0.09876543209876543,2846.8153781276596,-0.8415913468974757
0.09876543209876543,2834.7967798916225,-2.9284914554311157
0.09876543209876543,2843.275493188393,2.7117709614608096
0.09876543209876543,2828.4254959701134,3.4054469929315676
0.09876543209876543,2834.7970505521694,-2.9244796300933316
0.09876543209876543,2834.7970345295553,-2.932701216810238
0.09876543209876543,2843.2756383765477,2.7217819016665983
0.09876543209876543,2829.1330785574983,2.727505879247751
0.09876543209876543,2842.567679299092,3.41221680938425
0.09876543209876543,2834.79713816805,-2.936525701895319
0.09876543209876543,2842.5676886776996,3.410255800058588
0.09876543209876543,2843.275485226927,2.741734089101977
0.09876543209876543,2846.107200487966,-0.12992660685011184
0.09876543209876543,2831.2572297801303,0.618047234168644
0.09876543209876543,2834.089116349149,-2.232402482396247
0.09876543209876543,2843.2752176171693,2.7537776601427195
0.09876543209876543,2834.7971469679665,-2.9402064775508077
0.09876543209876543,2833.380842658889,-1.5258312002603611
0.1111111111111111,2842.567451665899,3.464875024448691
0.11111111111111109,2834.089084924314,-2.220439436006617
0.09876543209876543,2834.7967986218405,-2.9098858090539337
0.08641975308641975,2842.567455194762,3.4658157830314194
0.08641975308641975,2833.381070909242,-1.509902843842999
0.08641975308641975,2848.231084718349,-2.268722544374471
0.08641975308641975,2846.107206901581,-0.14394390270043458
0.08641975308641975,2832.672988117983,-0.8171263574585533
0.08641975308641975,2833.3812245141703,-1.545730754058402
0.08641975308641975,2843.275522118918,2.7289408909328876
0.08641975308641975,2843.9833861309276,2.0243038553339456
0.08641975308641975,2832.6732494608577,-0.8177033461089797
0.08641975308641975,2831.257195557923,0.6057955966298981
0.09876543209876543,2842.5676587280573,3.4079030192860422
0.08641975308641975,2846.8150397801583,-0.8170503199716486
0.08641975308641975,2842.5675021047264,3.4229865413337475
0.08641975308641975,2843.2756031493846,2.7359687649664983
0.08641975308641975,2834.7972107490286,-2.9521709640236056
0.08641975308641975,2834.79679917919,-2.91940376502306
0.08641975308641975,2817.115040445701,0.5818555627692475
0.08641975308641975,2828.4254721223165,3.4022270814614988
0.09876543209876543,2834.0888252040304,-2.2251791943387373
0.09876543209876543,2842.567666242713,3.4146637032212888
0.08641975308641975,2845.399427043727,0.6224956014740292
0.09876543209876543,2843.2754740487057,2.7340904105198782
0.08641975308641975,2834.089248016753,-2.255370542175922
0.08641975308641975,2834.796762505772,-2.944158426128004
0.08641975308641975,2847.5234138140054,-1.568003686195453
0.08641975308641975,2817.8231329781947,-0.13536526435251656
0.08641975308641975,2830.5492748475795,1.3196156125067307
0.09876543209876543,2820.6550150572757,-2.9507436946292565
0.08641975308641975,2831.25692524951,0.6207845430366421
0.08641975308641975,2834.0890515210326,-2.210059373087666
0.08641975308641975,2831.965167012661,-0.09475739622801065
0.08641975308641975,2843.2756055145906,2.701711228643583
0.08641975308641975,2847.523419336255,-1.5485008133471463
0.09876543209876543,2828.425247828979,3.4275369431889473
0.08641975308641975,2830.5493938611744,1.303086109954415
0.08641975308641975,2831.2573601477325,0.6041856470702884
0.08641975308641975,2832.6728885491743,-0.8071270005762777
0.08641975308641975,2818.5307059176516,-0.8268695086742938
0.08641975308641975,2844.691356992426,1.3367775490541236
0.09876543209876543,2843.2754313958403,2.7406977558423145
0.08641975308641975,2846.1074804108807,-0.1513276313903869
0.08641975308641975,2830.549258507758,1.3148724990968719
0.09876543209876543,2832.673216072753,-0.8094394970912395
0.08641975308641975,2832.6730782238096,-0.796774018492727
0.08641975308641975,2834.0891609763667,-2.2264553133976985
0.08641975308641975,2848.2312655363025,-2.26532517050863
0.09876543209876543,2845.3994093227425,0.6152929811168413
0.09876543209876543,2846.10746012955,-0.1444009456699379
0.08641975308641975,2846.1069883206114,-0.11448262932184883
0.08641975308641975,2833.381093380703,-1.512287713239243
0.08641975308641975,2843.275409694057,2.7480962142089043
0.08641975308641975,2831.2569055779686,0.6134714573821133
0.08641975308641975,2830.5493897565266,1.303373640888957
0.08641975308641975,2829.8412939634673,2.0185330489422526
0.08641975308641975,2818.5310845299446,-0.8413728959829577
0.08641975308641975,2830.5489898666233,1.323858993584189
0.08641975308641975,2834.088767923908,-2.217047592739325
0.08641975308641975,2833.38119754133,-1.525065399966377
0.08641975308641975,2834.088832035844,-2.23388133559605
0.08641975308641975,2834.0890610910114,-2.235580233542605
0.08641975308641975,2831.965183077887,-0.10285335292509248
0.08641975308641975,2831.2569380907207,0.6141075375025127
0.08641975308641975,2832.672831828964,-0.8014224019602149
0.08641975308641975,2843.275195108304,2.7419716520612374
0.09876543209876543,2834.08919809647,-2.2375649941299622
0.08641975308641975,2828.425351844254,3.427093035234762
0.08641975308641975,2831.965220504902,-0.09374293633036482
0.09876543209876543,2833.3810543980617,-1.5087461370030029
0.08641975308641975,2817.1150532463726,0.5790030458953751
0.09876543209876543,2819.9470407697036,-2.2546299339682196
0.09876543209876543,2848.2312234957335,-2.2611596785045305
0.09876543209876543,2820.655001688159,-2.9596661645649807
0.08641975308641975,2829.13335059243,2.7218182537281104
0.08641975308641975,2833.381104059353,-1.5075331888740946
0.08641975308641975,2819.9470343919634,-2.2504350533193045
0.08641975308641975,2834.7970022084723,-2.908750944698091
0.09876543209876543,2818.531000733114,-0.820995623443498
0.08641975308641975,2847.523405464488,-1.5562121826315751
0.08641975308641975,2832.6732766165396,-0.8120225818360953
0.08641975308641975,2842.567519952217,3.422406055644321
0.08641975308641975,2819.9470686144705,-2.2479089961311622
0.08641975308641975,2834.7971741720316,-2.941002271574595
0.08641975308641975,2834.7970869953974,-2.929389028423278
0.08641975308641975,2831.25735985652,0.601633034793075
0.08641975308641975,2828.425382590081,3.4328760636674582
0.08641975308641975,2831.2569153923,0.616417382744496
0.08641975308641975,2832.673164190195,-0.8051761514221997
0.08641975308641975,2818.5308647894385,-0.8295971795993062
0.08641975308641975,2829.841432942719,2.008122340551176
0.08641975308641975,2829.1333685717805,2.733973223863721
0.08641975308641975,2830.549370671335,1.3048378167242378
0.08641975308641975,2832.672886771323,-0.791716122516483
0.08641975308641975,2829.84141836643,2.014897224144953
0.08641975308641975,2830.549235350584,1.3184534941080062
0.08641975308641975,2846.815433799832,-0.837998636519366
0.08641975308641975,2829.841432942719,2.008122340551176
0.08641975308641975,2834.089132733155,-2.2364147574807136
0.08641975308641975,2832.67313408024,-0.8055133636950248
0.08641975308641975,2830.54923101592,1.3162918218423771
0.08641975308641975,2843.27513800206,2.7310251937455714
0.08641975308641975,2844.691319017243,1.3212963380203373
0.08641975308641975,2831.256924907907,0.616355621486399
0.09876543209876543,2843.2753637964233,2.7428436650981816
0.08641975308641975,2848.230934574029,-2.2457989168306853
0.08641975308641975,2843.9835368547806,2.0254096782148765
0.08641975308641975,2834.7970766955455,-2.9467965847731095
0.08641975308641975,2846.8152814677223,-0.8393224802932118
0.08641975308641975,2831.2572273423634,0.6131781808789116
0.08641975308641975,2844.6914831426666,1.3121610249347295
0.08641975308641975,2834.089222394734,-2.230901842424271
0.08641975308641975,2845.3994460800322,0.621674899434101
0.09876543209876543,2833.3811063942167,-1.5021695554175323
0.08641975308641975,2834.797037259443,-2.9275086897349754
0.08641975308641975,2846.107460403731,-0.14822199337384415
0.08641975308641975,2831.965296303266,-0.11649133199801105
0.08641975308641975,2834.7971399770863,-2.9366362543850553
0.08641975308641975,2833.381237314841,-1.5485832709322744
0.08641975308641975,2829.133046644168,2.7291324597852276
0.09876543209876543,2820.655010877349,-2.953594162189649
0.08641975308641975,2846.1073630267942,-0.12238033350089153
0.08641975308641975,2831.2569254231407,0.6133468127328091
0.08641975308641975,2834.7970632716147,-2.9462592437961463
0.08641975308641975,2819.946944364005,-2.2361031938445306
0.08641975308641975,2847.523250614113,-1.5561548257278108
0.08641975308641975,2833.380826072742,-1.5066373623746496
0.08641975308641975,2843.275186557974,2.713380468139084
0.08641975308641975,2831.257245745495,0.6117272055156706
0.08641975308641975,2831.2572260503534,0.6117295824352811
0.08641975308641975,2831.965209759479,-0.09944581423244507
0.08641975308641975,2846.107021211625,-0.12022299356970403
0.09876543209876543,2846.107046030508,-0.1290114898640147
0.09876543209876543,2843.2754517523645,2.728191673731738
0.09876543209876544,2846.8152999058734,-0.847855539890942
0.08641975308641975,2830.5493748750728,1.3075317076483304
0.09876543209876543,2834.797175462667,-2.9555361616557305
0.09876543209876543,2843.275611861915,2.7018971843055746
0.08641975308641975,2834.088965358107,-2.2479521996584824
0.08641975308641975,2843.275144205992,2.744509445809589
0.08641975308641975,2848.2313220843457,-2.262299467366139
0.08641975308641975,2829.841005268256,2.0250267482585045
0.08641975308641975,2819.9469003420595,-2.2338357236211435
0.08641975308641975,2830.548929208751,1.3210824300002957
0.08641975308641975,2834.7971523936235,-2.94284963726808
0.09876543209876543,2846.8154050250655,-0.8492263775514832
0.09876543209876543,2847.5233522707313,-1.5522888331519922
0.08641975308641975,2833.3812170303054,-1.5210159366307232
0.08641975308641975,2830.549233468703,1.303161265884363
0.08641975308641975,2832.6731335714194,-0.7998211123209342
0.08641975308641975,2831.2573304254247,0.5963597093387076
0.08641975308641975,2844.6914891662236,1.300669419582587
0.08641975308641975,2820.654989933486,-2.9502136167510535
0.08641975308641975,2847.523371403468,-1.566879121363664
0.08641975308641975,2834.089212096334,-2.250457118583097
0.08641975308641975,2831.9651521276405,-0.0969782142924263
0.08641975308641975,2831.965165664419,-0.08988008468973144
0.08641975308641975,2846.1073432438593,-0.13721630827480033
0.08641975308641975,2831.9653082178106,-0.10867855769831784
0.08641975308641975,2834.08901862774,-2.224202904233314
0.08641975308641975,2846.1074255911026,-0.15017821452935423
0.08641975308641975,2833.3812305567135,-1.5327771760745579
0.08641975308641975,2830.5492376913817,1.3146437746410344
0.08641975308641975,2834.7970280275554,-2.922911719771653
0.08641975308641975,2843.983255580078,2.042570487256742
0.08641975308641975,2846.8151234959755,-0.8383041785281684
0.08641975308641975,2834.7967188096227,-2.9328420667377757
0.08641975308641975,2846.8152675761744,-0.8482542460278688
0.09876543209876543,2834.797035122878,-2.94317955077547
0.08641975308641975,2831.257296131191,0.597878273896706
0.08641975308641975,2830.549235333254,1.3183166200398306
0.08641975308641975,2843.2752226150237,2.727320139443881
0.08641975308641975,2842.567532910795,3.4538190941963522
0.08641975308641975,2818.5310169293307,-0.8148113623004627
0.08641975308641975,2819.946961956861,-2.2313488788136437
0.08641975308641975,2829.8413530674993,2.017929281542955
0.08641975308641975,2842.5675502867184,3.43979090057337
0.08641975308641975,2830.5494220696232,1.3109339323088067
0.08641975308641975,2834.797081012167,-2.9358877347277827
0.08641975308641975,2834.797199879386,-2.93689480033039
0.08641975308641975,2829.841316256851,2.027473508636284
0.08641975308641975,2830.5492761155633,1.3235956747681927
0.08641975308641975,2829.1333638034175,2.7372094492510755
0.08641975308641975,2843.983617818255,2.002858603122376
0.08641975308641975,2834.797053418781,-2.910408452701529
0.08641975308641975,2829.133476394293,2.7130173704731755
0.08641975308641975,2834.0891394766672,-2.2298220347244184
0.08641975308641975,2819.9468860676207,-2.243120580157269
0.08641975308641975,2817.8231350604565,-0.14001911233418834
0.08641975308641975,2831.965172889394,-0.09858434329678438
0.08641975308641975,2842.5675709078837,3.427147188661592
0.08641975308641975,2842.5675397655373,3.4419913715719788
0.08641975308641975,2831.9653388296424,-0.10272168432036359
0.08641975308641975,2846.107405033589,-0.11774490927486034
0.08641975308641975,2829.8414614423805,2.018522775182781
0.08641975308641975,2828.4250844448616,3.42798555174779
0.09876543209876543,2842.567675472692,3.439193692871607
0.08641975308641975,2829.133366640094,2.732104499989668
0.08641975308641975,2829.8413148670093,2.0262813644029833
0.08641975308641975,2833.3808698045236,-1.4928292440307371
0.08641975308641975,2842.567249551909,3.429179410960577
0.08641975308641975,2832.672880883111,-0.7974319874842218
0.08641975308641975,2848.231387395773,-2.2659334823780006
0.08641975308641975,2831.9651700847576,-0.0909086490550431
0.08641975308641975,2829.841456074277,2.0123870074701466
0.08641975308641975,2832.6731953311164,-0.7994037794645809
0.08641975308641975,2834.797042215175,-2.915484939144724
0.08641975308641975,2834.79677978223,-2.910042713978717
0.08641975308641975,2831.2570089361816,0.6272072365367409
0.08641975308641975,2847.523271635935,-1.5137823082482351
0.09876543209876543,2834.7970600659746,-2.932834687557887
0.08641975308641975,2833.3808173095804,-1.506114729487888
0.08641975308641975,2828.4254679900755,3.4120987641322467
0.08641975308641975,2834.0890671091,-2.217875489174892
0.08641975308641975,2842.5672622195143,3.4577809645226454
0.08641975308641975,2834.0888252973205,-2.225076975920663
0.08641975308641975,2834.797199879386,-2.93689480033039
0.08641975308641975,2832.6730386372706,-0.7998849536164483
0.08641975308641975,2828.4255224648073,3.4151598743035922
0.08641975308641975,2842.567648495582,3.406976227378208
0.08641975308641975,2833.380798314897,-1.5091020488029494
0.08641975308641975,2831.25693250714,0.6160235746625846
0.08641975308641975,2844.6914536696017,1.314625226516645
0.08641975308641975,2833.3808300459514,-1.5026894388782546
0.08641975308641975,2843.275381160372,2.747703099432475
0.09876543209876543,2843.275151747109,2.756338302962998
0.08641975308641975,2843.275140448622,2.7318887253874973
0.08641975308641975,2834.7971912538555,-2.9591131538642426
0.08641975308641975,2842.5674393544145,3.44520591807903
0.08641975308641975,2834.7968620906813,-2.9339133429377195
0.08641975308641975,2848.231373364782,-2.2689160546050413
0.08641975308641975,2834.088732201259,-2.204632335583036
0.08641975308641975,2834.797193829652,-2.9592703495390085
0.08641975308641975,2834.796724424455,-2.9268757961069776
0.08641975308641975,2833.380801936913,-1.51074506134403
0.09876543209876543,2843.275201712275,2.7476179478955585
0.08641975308641975,2818.53115723968,-0.8293072836978461
0.08641975308641975,2847.5234348230447,-1.554135221040623
0.08641975308641975,2842.567255830382,3.4368113773273277
0.08641975308641975,2831.9649357609405,-0.08221238691712765
0.08641975308641975,2842.5675589094685,3.4279455894953146
0.08641975308641975,2829.8414294033773,2.002655170173307
0.08641975308641975,2843.9835482464314,2.020071322738033
0.08641975308641975,2819.9470178158217,-2.255127804124472
0.08641975308641975,2843.2755620759353,2.7216558386760052
0.09876543209876543,2843.2755918334765,2.7303007797826706
0.08641975308641975,2834.089012141391,-2.1941458201320074
0.08641975308641975,2843.275561392972,2.7458417456251327
0.08641975308641975,2829.8410530055753,2.032896304873155
0.08641975308641975,2833.381160739412,-1.5263191456393885
0.08641975308641975,2829.8414555074573,2.01413598396757
0.08641975308641975,2805.8045558607955,-2.2442758495180164
0.08641975308641975,2819.947050350213,-2.24363807432775
0.09876543209876543,2834.089059582146,-2.220326373845581
0.08641975308641975,2846.107443839,-0.13896811446823346
0.08641975308641975,2843.2754413961366,2.7135721046128847
0.08641975308641975,2817.8230033122554,-0.12801188836698568
0.08641975308641975,2830.5489751041923,1.315433154604784
0.08641975308641975,2843.2752077796,2.7229134789684912
0.09876543209876544,2843.275555254861,2.7483106497956644
0.09876543209876543,2842.567559212983,3.4245865588056525
0.08641975308641975,2833.3808613955143,-1.4909933691320487
0.08641975308641975,2834.0892215850076,-2.217830376110647
0.09876543209876543,2843.2752056151066,2.73231867031492
0.09876543209876543,2834.797065028761,-2.947814303806966
0.08641975308641975,2847.5234124463273,-1.5638798240082805
0.08641975308641975,2832.6731487288494,-0.8010921956814412
0.08641975308641975,2844.691498213245,1.3107246303827278
0.08641975308641975,2833.381067608109,-1.5138508908752444
0.08641975308641975,2831.257235993767,0.6076506932198742
0.08641975308641975,2845.3994463254535,0.5987296625321131
0.08641975308641975,2842.567615457879,3.425833322173011
0.08641975308641975,2833.3812308812953,-1.5285127783935673
0.08641975308641975,2842.5675479513534,3.4534526296931736
0.08641975308641975,2834.797049915026,-2.9137085527132855
0.08641975308641975,2817.1150532463726,0.5790030458953751
0.08641975308641975,2845.3990269573696,0.6270994374839028
0.08641975308641975,2819.947032116221,-2.255986551224227
0.08641975308641975,2842.5675384802626,3.418162803310678
0.08641975308641975,2846.107458139399,-0.13982686156798887
0.08641975308641975,2817.115049447456,0.5797861165055437
0.08641975308641975,2831.965168316426,-0.09121893383670637
0.08641975308641975,2845.399044818323,0.622015004093745
0.08641975308641975,2848.231360724873,-2.275665319674841
0.08641975308641975,2842.5672756979234,3.421444794314538
0.09876543209876543,2834.7970561425705,-2.942138871556545
0.08641975308641975,2830.5493953987234,1.3012020950119665
0.08641975308641975,2829.8412952296617,2.019575850277441
0.08641975308641975,2843.275494634258,2.7145795917665994
0.08641975308641975,2834.0890280756576,-2.228572825741037
0.08641975308641975,2843.9835372947896,2.015760860979489
0.09876543209876543,2844.691474615652,1.3220182590627412
0.09876543209876543,2834.7971810183035,-2.941831481913526
0.09876543209876543,2819.947063643229,-2.245034811494026
0.08641975308641975,2831.2572299309168,0.6130110565719848
0.09876543209876543,2848.231353038778,-2.2582378709148054
0.08641975308641975,2829.841434198497,2.0092421148603066
0.08641975308641975,2834.7967600001034,-2.9146043625053424
0.09876543209876543,2834.0887332685465,-2.204390370445465
0.09876543209876543,2847.5233972047477,-1.5551498839726625
0.08641975308641975,2830.549264360601,1.3194191653962195
0.08641975308641975,2846.8153934791226,-0.8482182128255127
0.08641975308641975,2818.5309935627206,-0.825073492845259
0.08641975308641975,2831.965123799905,-0.09204171400257001
0.08641975308641975,2843.983513566009,2.0158844567542555
0.08641975308641975,2817.8231407026533,-0.14219065821117877
0.09876543209876543,2834.7970712040687,-2.945097037669187
0.08641975308641975,2847.5232396212186,-1.546350968226245
0.08641975308641975,2848.2313787267217,-2.2640780864154646
0.08641975308641975,2831.9652160293863,-0.12063668144800235
0.08641975308641975,2829.1334738468618,2.712529368959644
0.08641975308641975,2843.275484118581,2.7439876675662154
0.08641975308641975,2831.965322597573,-0.10403239799197886
0.08641975308641975,2831.257235128423,0.6138178867855901
0.09876543209876544,2831.257218062636,0.6130465400390454
0.08641975308641975,2844.6914744844644,1.3108482261574945
0.08641975308641975,2834.79706068568,-2.9405349588663134
0.08641975308641975,2848.2313660868126,-2.270827351485264
0.08641975308641975,2834.089090243145,-2.208874585375395
0.08641975308641975,2842.5672559511127,3.452520630912203
0.08641975308641975,2847.5233819505415,-1.552427677151833
0.08641975308641975,2829.8413063066064,2.0294792666490697
0.08641975308641975,2830.548957379788,1.3235200388559394
0.08641975308641975,2834.089217651971,-2.2367524388408926
0.08641975308641975,2847.523407287086,-1.556841384819868
0.08641975308641975,2832.6728679258404,-0.7970785812494572
0.08641975308641975,2832.6731408677983,-0.7980509915729284
0.09876543209876543,2834.7971810183035,-2.941831481913526
0.09876543209876544,2848.231372993047,-2.271083157599959
0.08641975308641975,2834.797036121042,-2.9135443514689774
0.09876543209876543,2848.2313811745994,-2.2641208988911097
0.08641975308641975,2819.9471000771246,-2.25127405121383
0.09876543209876543,2819.946937092534,-2.2322207573132182
0.09876543209876543,2843.2754643050894,2.7400648019431295
0.08641975308641975,2834.0887727377044,-2.2088986813293356
0.08641975308641975,2830.549260120215,1.3181854436369564
0.08641975308641975,2830.549264360601,1.3194191653962195
0.08641975308641975,2847.522954689065,-1.5324662980502748
0.08641975308641975,2819.9469216097536,-2.2340412490470847
0.08641975308641975,2847.5234023822145,-1.570786284752846
0.09876543209876543,2834.0891088083795,-2.241462877237312
0.08641975308641975,2844.6914744844644,1.3108482261574945
0.09876543209876543,2834.7971962775296,-2.959313162014881
0.09876543209876543,2843.2752181017117,2.7404481513919685
0.08641975308641975,2844.6914744844644,1.3108482261574945
0.08641975308641975,2834.7970250161984,-2.9218117477222565
0.08641975308641975,2819.9469175019485,-2.236773029060931
0.09876543209876543,2834.7967966336823,-2.939021521691005
0.08641975308641975,2842.5674663169166,3.4365941758166767
0.08641975308641975,2817.8230094538853,-0.1306918000032638
0.08641975308641975,2844.691459107994,1.3240787449893652
0.09876543209876543,2843.275559206519,2.7242504346649623
0.08641975308641975,2820.6550133241453,-2.95414781278497
0.08641975308641975,2831.2573459012738,0.5652126220810009
0.08641975308641975,2829.1334567123627,2.700391806409991
0.08641975308641975,2846.8151635943154,-0.8432019407691123
0.08641975308641975,2834.089032908636,-2.2089585606506796
0.08641975308641975,2846.8154528955506,-0.8629674555986919
0.08641975308641975,2819.9469068153735,-2.246428549267934
0.08641975308641975,2842.5676107677345,3.4174661007760987
0.08641975308641975,2819.2388090457116,-1.5493813501353215
0.08641975308641975,2834.7971883140426,-2.947763060860905
0.08641975308641975,2834.088830280451,-2.2240273758383298
0.09876543209876543,2832.6729004306007,-0.8010687660679933
0.08641975308641975,2819.23907764512,-1.5533995426383753
0.08641975308641975,2830.5489882527327,1.3193839067451105
0.09876543209876543,2843.275488901824,2.7302831259705393
0.08641975308641975,2831.9652178195397,-0.12280208675555318
0.08641975308641975,2846.107288744081,-0.12619964865523695
0.08641975308641975,2832.6731442970013,-0.8076783530770061
0.08641975308641975,2844.6913605735876,1.3303975074472065
0.08641975308641975,2829.841308501542,2.0170722388565068
0.09876543209876543,2843.275619646512,2.702866788689281
0.08641975308641975,2834.797032123197,-2.9255694891402415
0.08641975308641975,2843.2755721606745,2.7268946156373386
0.08641975308641975,2843.275622137494,2.709827480775166
0.08641975308641975,2843.275582823688,2.7183478695653402
0.08641975308641975,2834.796829218044,-2.9402846411652606
0.08641975308641975,2834.7971655991055,-2.9611049541367063
0.08641975308641975,2832.6732784391374,-0.8126517840243881
0.08641975308641975,2846.107019515617,-0.12306956518334924
0.08641975308641975,2846.1073355251556,-0.13533671075295842
0.08641975308641975,2846.107433733143,-0.1460786652689229
0.08641975308641975,2834.796755475767,-2.9189619893071974
0.08641975308641975,2833.381086375402,-1.5109186194369408
0.08641975308641975,2834.089248016753,-2.255370542175922
0.08641975308641975,2831.965207558941,-0.0932380527923227
0.08641975308641975,2843.2751268245443,2.7427008857684623
0.08641975308641975,2834.797173014789,-2.955493349179858
0.08641975308641975,2819.9467579738975,-2.2382723318037865
0.08641975308641975,2832.6731060595125,-0.8072039137402295
0.08641975308641975,2847.5233557737392,-1.5534886449822594
0.08641975308641975,2834.7970117493405,-2.921775217557422
0.11111111111111109,2843.9830853355706,2.038776555214982
0.08641975308641975,2834.0887656668983,-2.234208771938418
0.09876543209876543,2832.6728032912365,-0.8012447633047314
0.08641975308641975,2843.9830897456422,2.038822412477847
0.08641975308641975,2843.275157585482,2.7414767620131544
0.08641975308641975,2831.9648931036654,-0.08936713337809614
0.08641975308641975,2818.530703409604,-0.824996185668455
0.08641975308641975,2832.6731806024477,-0.8072236271756427
0.09876543209876543,2831.9652781522973,-0.11503575124850031
0.08641975308641975,2831.965149953824,-0.09258472052997727
0.09876543209876543,2833.3811429581333,-1.5297445617354002
0.09876543209876543,2828.4250915326634,3.430308183858692
0.09876543209876543,2818.530993167272,-0.8204895199297265
0.08641975308641975,2829.133345812806,2.732858169991367
0.08641975308641975,2828.425378049014,3.4303565627106076
0.08641975308641975,2831.2572044844824,0.6092236440959138
0.08641975308641975,2843.9835126131547,2.0180156193275334
0.08641975308641975,2844.6914703312614,1.322664456705493
0.08641975308641975,2842.5676633736393,3.4064637457828275
0.08641975308641975,2843.983528671565,2.014748033520581
0.08641975308641975,2843.2751629846016,2.7181883434261263
0.08641975308641975,2834.7970208726683,-2.918607606900321
0.08641975308641975,2834.08907129943,-2.238649619031219
0.09876543209876543,2834.796867384798,-2.9277631483757633
0.08641975308641975,2831.2571774856083,0.611746897026544
0.08641975308641975,2846.81544827751,-0.8614441298439978
0.08641975308641975,2831.2570644910047,0.6083496719970406
0.08641975308641975,2832.6732599845836,-0.8245005483618876
0.08641975308641975,2829.841040564837,2.031176689860466
0.08641975308641975,2831.965177443783,-0.09563142048702993
0.08641975308641975,2831.9651835125237,-0.0888422078859106
0.09876543209876543,2845.399294410416,0.6361535315488034
0.08641975308641975,2845.3991850524367,0.6056969363001867
0.08641975308641975,2819.239065791698,-1.546700677449305
0.08641975308641975,2834.089185432625,-2.2507669846551632
0.08641975308641975,2833.3810700187537,-1.5100955989338922
0.08641975308641975,2833.381087509651,-1.532878938104593
0.09876543209876543,2818.5309978716477,-0.8218265703643123
0.08641975308641975,2829.841248395286,2.0223707023921165
0.08641975308641975,2832.6728943408352,-0.7993952369491925
0.08641975308641975,2818.5311276020216,-0.8342242438317151
0.08641975308641975,2831.2572226332486,0.6133626869858733
0.08641975308641975,2845.399449551972,0.6008097538524138
0.08641975308641975,2846.107445338728,-0.13697434469411643
0.08641975308641975,2834.0890318276975,-2.2149390744397603
0.09876543209876543,2831.9652172124725,-0.12350406576858731
0.08641975308641975,2842.5674682269455,3.4424942715215447
0.08641975308641975,2844.691347141107,1.3430789807275372
0.08641975308641975,2843.275463065577,2.7398456490372336
0.08641975308641975,2843.2751726269903,2.7437730955388897
0.08641975308641975,2829.8413042206457,2.0089004145023157
0.08641975308641975,2843.27560865631,2.7180934061648743
0.08641975308641975,2831.9651810614764,-0.10708110673629341
0.08641975308641975,2843.2756223779256,2.7233320142202038
0.08641975308641975,2843.2756141921095,2.711870756099009
0.09876543209876544,2846.8154421425393,-0.8630630691785917
0.08641975308641975,2834.7970094199213,-2.926233660442156
0.08641975308641975,2846.815406256657,-0.8462884785570319
0.08641975308641975,2842.5675919603896,3.4383456214369543
0.08641975308641975,2833.3811417402585,-1.5166407367374974
0.09876543209876543,2847.5230382010604,-1.5385776836730427
0.08641975308641975,2817.823025873829,-0.12308404872857322
0.08641975308641975,2833.38123914247,-1.5227261916553994
0.08641975308641975,2834.089066154682,-2.235476303910607
0.08641975308641975,2843.275546903134,2.724739172532244
0.08641975308641975,2833.381057877059,-1.4865813323331247
0.08641975308641975,2814.991314169504,2.688983088068367
0.08641975308641975,2819.9469264389218,-2.2273590796006566
0.08641975308641975,2834.0890493796182,-2.2223584565530725
0.08641975308641975,2846.8152644814213,-0.8205506585302959
0.08641975308641975,2832.6728672548898,-0.7972531031746525
0.08641975308641975,2834.79679917919,-2.91940376502306
0.08641975308641975,2845.399190411403,0.617021754482911
0.08641975308641975,2834.797071260644,-2.93852018650922
0.08641975308641975,2831.9653344462226,-0.09921836838893919
0.08641975308641975,2845.399315405606,0.6279776243856839
0.08641975308641975,2831.9653344462226,-0.09921836838893919
0.08641975308641975,2834.7968171365073,-2.9339253967281254
0.09876543209876544,2846.8150691010524,-0.8405037117849032
0.08641975308641975,2834.0890748289657,-2.2076110119382752
0.09876543209876544,2834.7969746738277,-2.8979467154724166
0.08641975308641975,2830.5494126093126,1.3108540928045829
0.08641975308641975,2843.2755304236684,2.7324326553906557
0.08641975308641975,2844.6913488564865,1.3287640382058807
0.08641975308641975,2834.7970630733003,-2.9440570684063347
0.08641975308641975,2834.089077182748,-2.2285629839493373
0.08641975308641975,2834.797061612135,-2.924845990189067
0.08641975308641975,2843.275552878845,2.7333093908401933
0.09876543209876543,2843.2756495961544,2.705219569461827
0.09876543209876543,2834.0891257277567,-2.234363491721909
0.08641975308641975,2842.5676125815553,3.425701909525176
0.08641975308641975,2834.0891006936804,-2.219809759592306
0.08641975308641975,2842.567239800386,3.4265469591791398
0.08641975308641975,2833.380842482683,-1.525850156185404
0.08641975308641975,2830.5494072412093,1.3047183250919485
0.08641975308641975,2831.9651949044037,-0.08843345599743893
0.08641975308641975,2834.0891663496072,-2.2521197463860405
0.08641975308641975,2833.38115325066,-1.5130687308627673
0.08641975308641975,2829.841413355912,2.0085708306763976
0.09876543209876543,2843.2755985345357,2.7168902208347445
0.09876543209876543,2842.567569669674,3.4314950573411407
0.08641975308641975,2846.1074530210053,-0.14162032796072205
0.08641975308641975,2832.673081841635,-0.7957810558237737
0.08641975308641975,2831.2572340393826,0.6194686397222073
0.08641975308641975,2834.7972107490286,-2.9521709640236056
0.08641975308641975,2843.2752329145897,2.736151661144958
0.08641975308641975,2834.796903433257,-2.9215242874713345
0.08641975308641975,2831.2572321522725,0.6152355864120624
0.09876543209876543,2842.5672890338524,3.430547440382464
0.08641975308641975,2842.5674855069255,3.4497143046766805
0.08641975308641975,2833.3808515307237,-1.5270996442247247
0.08641975308641975,2831.2573732365554,0.6032652499306084
0.08641975308641975,2834.797187552067,-2.9393700564370615
0.08641975308641975,2842.5676757086408,3.4124990835330693
0.08641975308641975,2829.8414457559347,2.0115035321861328
0.08641975308641975,2834.7967965153416,-2.921281684816347
0.08641975308641975,2818.53111876178,-0.836198064915665
0.08641975308641975,2829.841125137884,2.011570670059973
0.08641975308641975,2834.797023974861,-2.9199468368951127
0.08641975308641975,2843.275492273116,2.7389657205023914
0.08641975308641975,2831.9653670752086,-0.13202604163656165
0.08641975308641975,2842.5675554734703,3.4255118936671343
0.07407407407407408,2820.654613180735,-2.9345423426555532
0.08641975308641975,2829.8414085885147,2.006432170532457
0.07407407407407408,2847.522954161042,-1.5274648419494303
0.07407407407407408,2834.796987474506,-2.908537092213982
0.08641975308641975,2832.6727978236045,-0.8251274510167949
0.07407407407407408,2831.965125650382,-0.10051527660282551
0.07407407407407408,2843.275446408089,2.7450286672027295
0.08641975308641975,2847.522953540802,-1.5504867014071468
0.08641975308641975,2829.8412693722753,2.018130477498084
0.08641975308641975,2832.672868877638,-0.7932051688315835
0.07407407407407408,2845.399009221473,0.618314574605355
0.07407407407407408,2848.2308794823875,-2.221050836805059
0.07407407407407408,2830.5492614934074,1.3213368502210738
0.07407407407407408,2829.1334276692605,2.702471937863786
0.07407407407407408,2844.6913411641194,1.3354504955952784
0.07407407407407408,2832.673109814581,-0.8048855691710538
0.07407407407407408,2845.399333322757,0.627057448993452
0.07407407407407408,2816.407210965079,1.27468824091619
0.07407407407407408,2829.8414178680864,2.0078028784577464
0.08641975308641975,2843.2756024600385,2.724532792430181
0.07407407407407408,2834.089226397341,-2.228544231244959
0.07407407407407408,2834.797019694014,-2.921360241800859
0.07407407407407408,2842.567216513765,3.441065704903353
0.08641975308641973,2833.3810292731346,-1.5069690063599717
0.07407407407407408,2831.9651055521217,-0.09375366439722896
0.07407407407407408,2834.0890378192603,-2.217184638303186
0.07407407407407408,2831.9653006234516,-0.10730581333253648
0.07407407407407408,2842.5676570871046,3.429223729263421
0.07407407407407408,2843.275407893743,2.754423071587713
0.07407407407407408,2834.797183782868,-2.947095508686909
0.07407407407407408,2833.381285926366,-1.5420397480787666
0.07407407407407408,2832.6732978016125,-0.8122917018343105
0.07407407407407408,2817.823157445824,-0.13511022862059147
0.07407407407407408,2843.275248397783,2.7234991313610037
0.07407407407407408,2829.133347780653,2.735180104612469
0.07407407407407408,2834.0892468448214,-2.2470759786755274
0.07407407407407408,2842.56725176884,3.429704962334389
0.07407407407407408,2834.089079367202,-2.2052643109128303
0.07407407407407408,2834.7971842183097,-2.939289884586997
0.08641975308641973,2834.0892393093927,-2.244934262428236
0.07407407407407408,2843.2754863635623,2.739203088027222
0.07407407407407408,2845.3990519649747,0.6308251655691118
0.07407407407407408,2834.7968112269537,-2.933688029203295
0.07407407407407408,2833.381283002565,-1.541861135305026
0.07407407407407408,2843.2754690575425,2.7436847448528687
0.07407407407407408,2842.5676832440695,3.4103573672857777
0.08641975308641975,2832.6732899965746,-0.8103903666985619
0.07407407407407408,2833.38124539981,-1.5428156401189221
0.07407407407407408,2846.8150426221096,-0.8414145618971358
0.07407407407407408,2845.39945214609,0.6128924251510933
0.07407407407407408,2831.96519141329,-0.08826302271671267
0.08641975308641975,2831.96532907812,-0.10535413610180093
0.07407407407407408,2832.672866063891,-0.8008697220256432
0.07407407407407408,2847.5229841648534,-1.5502831024290833
0.08641975308641975,2833.38125091503,-1.515426597295323
0.07407407407407408,2831.2573700244034,0.6064206353078003
0.07407407407407408,2830.5494088147357,1.3089042536273479
0.07407407407407408,2834.797030743033,-2.9400573549864273
0.07407407407407408,2843.9831273036757,2.0421258417090566
0.07407407407407408,2834.797206931142,-2.940022157806388
0.07407407407407408,2831.9651857695794,-0.0900972016547101
0.08641975308641975,2843.2756471482767,2.7052623819376995
0.08641975308641975,2834.089249830574,-2.2471347334268446
0.07407407407407408,2834.0892262236557,-2.2344322667637493
0.08641975308641975,2843.9830610980684,2.0409442274755363
0.07407407407407408,2831.257369733191,0.6038680230305868
0.07407407407407408,2842.5673549434396,3.435619145489417
0.08641975308641975,2834.7971901278634,-2.9395272521118274
0.08641975308641975,2843.275485305274,2.720479414781038
0.07407407407407408,2831.9649294851906,-0.08655976371416223
0.07407407407407408,2845.399047676283,0.6164791100101946
0.07407407407407408,2847.523409157783,-1.5716136002219623
0.07407407407407408,2828.4253073964037,3.4217863061767932
0.08641975308641975,2834.089212096334,-2.250457118583097
0.07407407407407408,2834.796972137203,-2.90816843438414
0.07407407407407408,2834.796726409147,-2.9392639584599944
0.07407407407407408,2843.983092393825,2.0375752416063815
0.07407407407407408,2834.0889815462883,-2.218077114851088
0.07407407407407408,2831.2571594612978,0.6106900642976801
0.08641975308641975,2845.399426458286,0.6178376693426029
0.07407407407407408,2843.275364065916,2.7474724208676244
0.07407407407407408,2820.6549907461035,-2.9499403714042307
0.07407407407407408,2830.549239831728,1.3170807266790103
0.07407407407407408,2831.965288571364,-0.09861048166045698
0.07407407407407408,2832.6731479876676,-0.8249486631961441
0.07407407407407408,2842.5676596991025,3.423179691971069
0.07407407407407408,2842.5676596991025,3.423179691971069
0.07407407407407408,2832.6732844813546,-0.8377794095221612
0.07407407407407408,2830.549321595083,1.3114674272046483
0.07407407407407408,2829.1334790389783,2.710813650879193
0.07407407407407408,2843.2756176123303,2.727704229819307
0.07407407407407408,2832.6732653066897,-0.8157599317814198
0.07407407407407408,2846.1074284901283,-0.13738161591111644
0.07407407407407408,2847.5233503270383,-1.5474540771046383
0.07407407407407408,2831.965134470919,-0.0940767424068188
0.07407407407407408,2831.964932742695,-0.1170441047460168
0.07407407407407408,2846.815438023418,-0.8462314647828215
0.07407407407407408,2846.107436088586,-0.13613601037007692
0.07407407407407408,2847.523395950196,-1.5674324498487557
0.07407407407407408,2846.8150176176005,-0.8445269735752635
0.07407407407407408,2847.523193413515,-1.5355805613040432
0.07407407407407408,2846.107023299751,-0.12863708130060228
0.07407407407407408,2834.089038190695,-2.2081215584920164
0.07407407407407408,2831.2572072167027,0.6173143744972418
0.07407407407407408,2829.841410162041,2.0106180990678566
0.07407407407407408,2828.4254803862837,3.4125274963197016
0.07407407407407408,2834.089166706423,-2.2228028204147767
0.08641975308641975,2834.0892100196643,-2.2286986366411616
0.07407407407407408,2829.8412722378116,2.0237650044771143
0.08641975308641975,2834.088848372906,-2.235078901852046
0.07407407407407408,2834.088782236446,-2.217121673715317
0.07407407407407408,2845.39938486481,0.625365203331459
0.07407407407407408,2847.5233814469384,-1.5577451618389941
0.07407407407407408,2848.230943122595,-2.2478911826799783
0.07407407407407408,2847.52322329838,-1.5533515418132344
0.07407407407407408,2845.3992598441328,0.6300402436393553
0.07407407407407408,2830.5493865346707,1.304866759228223
0.08641975308641975,2834.089007219137,-2.2036276335763967
0.07407407407407408,2817.114781988491,0.58525047235497
0.07407407407407408,2843.2755423057224,2.7389308729442385
0.07407407407407408,2848.2313526639286,-2.2638833362592194
0.07407407407407408,2829.84123409971,2.021687539841776
0.07407407407407408,2831.965188337857,-0.08821634375932667
0.08641975308641975,2830.549258573631,1.3096261635437483
0.08641975308641975,2834.797193829652,-2.9592703495390085
0.07407407407407408,2843.2752191744135,2.7393695303159595
0.07407407407407408,2830.549257768914,1.3202936138159072
0.07407407407407408,2834.797115633652,-2.929188163222661
0.07407407407407408,2829.8414363388433,2.011679066898283
0.07407407407407408,2831.2571622666046,0.6162228483278414
0.08641975308641975,2834.0892382731363,-2.2493961507526707
0.08641975308641975,2834.7971575280644,-2.937387727440209
0.07407407407407408,2829.8412968504585,2.0253298444126684
0.07407407407407408,2843.275373757701,2.753132788326952
0.07407407407407408,2842.5672646671946,3.4231214639240344
0.07407407407407408,2817.1147857271335,0.5825547944061199
0.07407407407407408,2818.5309750586407,-0.8304006525759761
0.07407407407407408,2843.9834036201996,2.0434340504324107
0.07407407407407408,2829.1333251739425,2.715149431013126
0.07407407407407408,2817.1150536184614,0.5831252111684436
0.07407407407407408,2834.7970232487005,-2.899216454488207
0.07407407407407408,2833.3812319647704,-1.5167056219875892
0.08641975308641975,2846.8152989307596,-0.8345384399149505
0.07407407407407408,2845.3994410303867,0.6028650782077046
0.07407407407407408,2831.9652111521846,-0.08824364433804881
0.07407407407407408,2819.9468472344406,-2.2303006144320277
0.07407407407407408,2829.841434807458,2.014860881363789
0.07407407407407408,2843.983382242697,2.0503139376307873
0.07407407407407408,2831.965189047095,-0.08556654850373384
0.07407407407407408,2848.2313757409693,-2.2640193316641475
0.07407407407407408,2819.9470594412105,-2.245620958884248
0.07407407407407408,2819.947005519096,-2.2504349166094912
0.07407407407407408,2819.947036255976,-2.2438407896207115
0.07407407407407408,2832.6731402899636,-0.7964561102581545
0.07407407407407408,2843.2756089786944,2.7252641997199674
0.07407407407407408,2832.673131365806,-0.7970950271528026
0.07407407407407408,2834.7970269826756,-2.9040657859389407
0.07407407407407408,2833.3810927141635,-1.5033680973188754
0.07407407407407408,2819.946631541429,-2.232895403275471
0.07407407407407408,2829.8409727049357,2.028155713625954
0.08641975308641975,2834.797193829652,-2.9592703495390085
0.07407407407407408,2848.2313776835135,-2.2762456808046667
0.07407407407407408,2843.9833787374446,2.022536612332905
0.08641975308641975,2843.9835675209624,2.0153312461823125
0.07407407407407408,2844.6914765725896,1.3024341384265963
0.07407407407407408,2842.5676654925574,3.4153480332362753
0.07407407407407408,2848.231366084847,-2.268844534182907
0.07407407407407408,2842.5676654925574,3.4153480332362753
0.07407407407407408,2844.691474308258,1.3108292702324515
0.07407407407407408,2842.567669450625,3.4258121437525064
0.07407407407407408,2846.107380004867,-0.11285292062912017
0.07407407407407408,2847.5234361314747,-1.5540892319601234
0.07407407407407408,2833.381103679074,-1.4991964853831428
0.07407407407407408,2819.239107422785,-1.5381794490258955
0.07407407407407408,2830.549245223688,1.3191467389309013
0.07407407407407408,2843.275392666765,2.744522878459024
0.07407407407407408,2819.9469375848885,-2.2280023984899833
0.07407407407407408,2831.9653172716107,-0.10280042270370764
0.07407407407407408,2817.8227857411234,-0.11245520210996193
0.08641975308641975,2831.257354779629,0.5980498793574267
0.07407407407407408,2831.9651575171256,-0.09432412460442904
0.07407407407407408,2819.2389427582316,-1.5253736976472312
0.07407407407407408,2846.815051900346,-0.8353849278643146
0.07407407407407408,2834.7967357950865,-2.91178150473987
0.07407407407407408,2818.5310058638815,-0.8209978379937214
0.08641975308641973,2834.7969092353756,-2.9174142657087336
0.07407407407407408,2848.231369624189,-2.2633773638050374
0.07407407407407408,2847.5234203044006,-1.5657422798300367
0.07407407407407408,2843.2751205640343,2.7488945076105016
0.07407407407407408,2817.823185585875,-0.1281069878323736
0.07407407407407408,2829.133402863445,2.7005080038406284
0.07407407407407408,2847.523358651877,-1.5552003063526851
0.07407407407407408,2842.5676425860283,3.4072135949030384
0.07407407407407408,2847.523378717171,-1.567495944590043
0.07407407407407408,2831.965144749533,-0.09609361832979886
0.07407407407407408,2831.257196202863,0.6129856851467295
0.07407407407407408,2832.67283821798,-0.7981080765976276
0.07407407407407408,2834.0890843278926,-2.2213832199785224
0.07407407407407408,2829.1334646314417,2.7141409637812695
0.07407407407407408,2834.0892128436208,-2.2360644819012827
0.07407407407407408,2818.5310152555617,-0.8216443602212197
0.07407407407407408,2842.5674896580417,3.4524551117362616
0.07407407407407408,2843.275592766325,2.719821408341849
0.07407407407407408,2848.2314043544134,-2.2665138435078265
0.07407407407407408,2834.797032754445,-2.9035615110245017
0.07407407407407408,2842.567261099704,3.4519868428315106
0.07407407407407408,2831.256960616493,0.621650539706313
0.07407407407407408,2830.549268593024,1.3230981530042003
0.07407407407407408,2829.841309533264,2.024969903961453
0.07407407407407408,2842.5674384075674,3.458306638315748
0.07407407407407408,2829.8414441255113,2.0050684571850272
0.07407407407407408,2831.9652043802166,-0.08151262846696632
0.07407407407407408,2829.8413094308485,2.026706924772193
0.07407407407407408,2830.5492869574205,1.3285842240816106
0.07407407407407408,2820.6549761652304,-2.9439780439181993
0.07407407407407408,2818.5307786872145,-0.8087550644213964
0.07407407407407408,2831.2572380449146,0.6171063431464219
0.07407407407407408,2834.797064676564,-2.933645889015163
0.07407407407407408,2848.2313816415817,-2.2657815702882083
0.07407407407407408,2842.5674634286815,3.453535448689167
0.07407407407407408,2829.133359247272,2.7330868926230005
0.07407407407407408,2843.2754506265196,2.745314830645574
0.07407407407407408,2834.0891124711043,-2.2316189083850326
0.07407407407407408,2834.0892091105816,-2.25039836383178
0.07407407407407408,2819.9470439870356,-2.244905849641376
0.07407407407407408,2846.815290663592,-0.8382833636626686
0.07407407407407408,2842.567194859935,3.448402054918878
0.07407407407407408,2831.257193073924,0.614796557117175
0.08641975308641975,2846.107442012385,-0.13681052370955588
0.07407407407407408,2847.523395950196,-1.5674324498487557
0.07407407407407408,2816.406797195203,1.292203348972349
0.07407407407407408,2846.815123319769,-0.838323134452984
0.07407407407407408,2846.8149932425868,-0.8224286113526695
0.07407407407407408,2842.567475640071,3.439466067043992
0.07407407407407408,2829.133430582111,2.7057151886498696
0.07407407407407408,2828.425474802839,3.409186081441087
0.07407407407407408,2847.522947671052,-1.5356315834964596
0.07407407407407408,2831.2571606090128,0.612027456085266
0.07407407407407408,2846.815399061128,-0.8548711683736985
0.07407407407407408,2832.673109742596,-0.8282499787246048
0.07407407407407408,2846.1072795039386,-0.13381336293581012
0.07407407407407408,2834.0890796360854,-2.2374056968772313
0.07407407407407408,2829.8412367448204,2.0278574273759076
0.07407407407407408,2817.114756102504,0.5843312773408215
0.07407407407407408,2831.2571335487182,0.6084403751381771
0.07407407407407408,2833.3811301341448,-1.529842572928174
0.07407407407407408,2846.8154593859454,-0.8607060492332756
0.07407407407407408,2843.9833958571107,2.04754942617392
0.08641975308641973,2842.5672424646414,3.4384007900630906
0.08641975308641975,2834.0890884205473,-2.2082453831871023
0.07407407407407408,2834.7971990996384,-2.941103770376801
0.07407407407407408,2832.6728660931726,-0.8214084266013993
0.08641975308641975,2830.5490044085313,1.3242618649482198
0.07407407407407408,2834.797110327815,-2.9341910087279555
0.07407407407407408,2846.107035373684,-0.12781524070231506
0.07407407407407408,2843.275583471754,2.728304192564346
0.07407407407407408,2831.2569134571595,0.6129847711235153
0.07407407407407408,2844.6914534933953,1.314606270591602
0.08641975308641975,2847.5232183621333,-1.5299630200405976
0.07407407407407408,2832.6732177918952,-0.812213143221859
0.07407407407407408,2831.256923601802,0.6155570601649611
0.07407407407407408,2846.815389408583,-0.8424178465078775
0.07407407407407408,2845.399391467474,0.602101671343983
0.07407407407407408,2829.8414011956925,2.0074145631657894
0.07407407407407408,2834.7970308127974,-2.943736287462914
0.07407407407407408,2833.3808337344703,-1.5309996135022006
0.07407407407407408,2846.814995677601,-0.8439954945758281
0.07407407407407408,2846.1070314848303,-0.11177432409491053
0.07407407407407408,2842.5672018899404,3.4232056180980717
0.08641975308641975,2831.965187191172,-0.09794824801782656
0.07407407407407408,2829.841253356843,2.0248073139507468
0.07407407407407408,2831.2571773094023,0.611727941101501
0.07407407407407408,2829.1330144975755,2.721039430878884
0.08641975308641975,2832.6728826725794,-0.8006026306064885
0.07407407407407408,2829.1330144975755,2.721039430878884
0.07407407407407408,2830.5492678005057,1.320960192585731
0.07407407407407408,2818.5310637722073,-0.8337863122617849
0.07407407407407408,2843.2755180899203,2.7415426023856933
0.07407407407407408,2833.3810873779325,-1.5316614712324987
0.07407407407407408,2819.2386592154835,-1.5295344577485266
0.07407407407407408,2834.089086110655,-2.236034968844961
0.07407407407407408,2845.3993029417225,0.6269197656492489
0.08641975308641975,2830.549387355074,1.3024338167395169
0.07407407407407408,2829.8410281202423,2.0321413285669094
0.07407407407407408,2831.9651678484774,-0.09424891774909412
0.07407407407407408,2819.2389509434506,-1.527270294645379
0.07407407407407408,2848.2313271474763,-2.2565046061416396
0.07407407407407408,2834.0892240348844,-2.2491818742542184
0.07407407407407408,2843.9833605459585,2.0447309156546405
0.07407407407407408,2833.3812750567236,-1.5267635843855512
0.07407407407407408,2845.3992017289993,0.6125719702926825
0.07407407407407408,2829.8410409372805,2.0291228314759495
0.07407407407407408,2846.1071252892775,-0.10904099728884728
0.07407407407407408,2805.8045752398702,-2.2449279508873428
0.08641975308641975,2846.1075172803166,-0.14407552551791844
0.07407407407407408,2818.5307609323677,-0.8118254588630892
0.08641975308641975,2831.9652325786055,-0.09315798776868892
0.07407407407407408,2819.9466560499727,-2.224249977680815
0.07407407407407408,2831.2569286298253,0.6113793166413554
0.07407407407407408,2834.7970484725147,-2.9355743876082467
0.08641975308641975,2833.3812986636417,-1.5394660510486462
0.07407407407407408,2817.1152065001866,0.5764878921344788
0.07407407407407408,2843.9834114949517,2.0423826505425122
0.07407407407407408,2834.089276385375,-2.2449971873399677
0.07407407407407408,2842.5672408991973,3.4449811260276046
0.07407407407407408,2832.6730302051255,-0.8280862983401952
0.07407407407407408,2829.841284694259,2.02115802502111
0.07407407407407408,2834.089253672543,-2.2442649141203495
0.07407407407407408,2828.4253518130467,3.4219836039952245
0.07407407407407408,2842.567600433201,3.4406836327353583
0.07407407407407408,2829.8409681946346,2.0392609585896806
0.07407407407407408,2834.797049763167,-2.9144506586250167
0.07407407407407408,2828.425536632116,3.4118834395561755
0.07407407407407408,2843.275561351656,2.7356474021385973
0.07407407407407408,2847.523371088792,-1.5490602061092238
0.07407407407407408,2848.2313720413167,-2.2740741349276763
0.07407407407407408,2830.54942640085,1.299629805440998
0.07407407407407408,2845.399026579012,0.627125540877122
0.07407407407407408,2831.965200704646,-0.12255230229323168
0.07407407407407408,2834.0887845138927,-2.2378895005983193
0.07407407407407408,2833.3807712716693,-1.5041749728350695
0.07407407407407408,2830.549327234978,1.3049222525271107
0.07407407407407408,2830.549381172731,1.3000287910386463
0.08641975308641975,2834.0892329111966,-2.2542341189422475
0.07407407407407408,2834.796778056713,-2.9189465497514697
0.07407407407407408,2843.2755291449566,2.7321382149076223
0.07407407407407408,2847.5233309106716,-1.5564779196249956
0.07407407407407408,2834.7971473505845,-2.955172609664876
0.07407407407407408,2844.6913675996148,1.3254887297346238
0.07407407407407408,2830.549358402875,1.303011198097754
0.07407407407407408,2830.548987360039,1.3212540415573288
0.07407407407407408,2831.9649105562457,-0.08452386680757122
0.07407407407407408,2829.133056789783,2.737492435354612
0.07407407407407408,2848.2313747167555,-2.2714308036416955
0.07407407407407408,2832.6728302797446,-0.8099138535332054
0.07407407407407408,2845.399343416978,0.6228922720722575
0.07407407407407408,2848.231204081138,-2.251317568250857
0.07407407407407408,2843.983568908567,1.9978010869202596
0.07407407407407408,2832.6732676791053,-0.8086439953504072
0.07407407407407408,2843.275569842943,2.724212029787354
0.07407407407407408,2834.089203487948,-2.2300486703994715
0.07407407407407408,2834.0888195576963,-2.233956794948454
0.07407407407407408,2819.239103883443,-1.543646619403765
0.07407407407407408,2847.523365904787,-1.551132083641193
0.07407407407407408,2848.231366084847,-2.268844534182907
0.07407407407407408,2847.5233448238328,-1.5561593484513134
0.08641975308641973,2834.7967923597976,-2.9369463914516323
0.07407407407407408,2832.6728747357024,-0.7963838724916376
0.07407407407407408,2831.96512510757,-0.0996383485843831
0.07407407407407408,2833.380806829247,-1.5120303180673795
0.08641975308641975,2833.3811355941934,-1.5318130613358223
0.07407407407407408,2829.133488790501,2.7134461026606305
0.07407407407407408,2834.0891186721146,-2.2312966214848324
0.07407407407407408,2814.991192496053,2.7030954421326765
0.07407407407407408,2830.549030678022,1.3266830314656248
0.07407407407407408,2832.67321396785,-0.8123393242623275
0.08641975308641975,2832.6731841402584,-0.7986019102364824
0.07407407407407408,2844.691104000691,1.3270561854792131
0.07407407407407408,2834.796988495962,-2.9229446472563065
0.08641975308641975,2834.089227269,-2.252062573065257
0.07407407407407408,2817.823184372459,-0.1315896033859772
0.08641975308641973,2834.0892254345226,-2.2200973302900215
0.08641975308641975,2847.5234068041304,-1.56170827813129
0.08641975308641975,2831.964896941103,-0.09463930658896551
0.07407407407407408,2848.231328682491,-2.2624908939894146
0.08641975308641975,2831.2573455980905,0.5947542548565476
0.07407407407407408,2834.797001237081,-2.9248936324583408
0.07407407407407408,2819.2390830685804,-1.5398696190446146
0.07407407407407408,2834.7971672989324,-2.9463892701024
0.07407407407407408,2831.9650355377175,-0.10743541875907321
0.08641975308641975,2842.567662047614,3.405306443069775
0.07407407407407408,2846.815302653796,-0.8407917139553582
0.07407407407407408,2831.2571730133295,0.6090202799892471
0.07407407407407408,2819.2389556041053,-1.5279230385738658
0.07407407407407408,2844.691467045427,1.312936486283169
0.08641975308641975,2834.0892256483658,-2.25212690289153
0.07407407407407408,2829.841027149001,2.0291685415727314
0.07407407407407408,2832.6731599895706,-0.8306697874301386
0.08641975308641975,2843.2755914025256,2.7068716254690672
0.07407407407407408,2843.2755480390906,2.7153790689806963
0.07407407407407408,2834.08904564237,-2.2400132938543518
0.07407407407407408,2846.1072594979387,-0.1447533127962227
0.07407407407407408,2829.8414261128137,1.9966494186654222
0.08641975308641973,2845.3994578124066,0.6127648848605022
0.07407407407407408,2843.9834002018933,2.0308081483639935
0.07407407407407408,2843.9834002018933,2.0308081483639935
0.07407407407407408,2834.0890418779063,-2.218767163759301
0.07407407407407408,2818.5311516231905,-0.8372975900297691
0.07407407407407408,2831.96515609972,-0.10219881299542756
0.07407407407407408,2834.0889315021805,-2.2255255422522127
0.07407407407407408,2846.107460227525,-0.14824094929888712
0.07407407407407408,2834.089061052571,-2.2407866415000424
0.07407407407407408,2831.965172627219,-0.09835083065453072
0.07407407407407408,2815.699266650579,1.9781413148083957
0.07407407407407408,2815.699266650579,1.9781413148083957
0.07407407407407408,2842.5674974518192,3.4166467044612627
0.07407407407407408,2845.399448836062,0.6018997068282119
0.07407407407407408,2842.5676114998078,3.4301003295390355
0.07407407407407408,2831.9653035214897,-0.10634983949911621
0.07407407407407408,2828.4250721221842,3.42937744933018
0.07407407407407408,2843.983524312337,2.0087831678005923
0.07407407407407408,2848.231086126804,-2.27108762245018
0.07407407407407408,2846.8152812915164,-0.8393414362180274
0.07407407407407408,2833.3809685392266,-1.5445840343540362
0.07407407407407408,2833.381181540658,-1.5265127788284913
0.07407407407407408,2848.2311823815253,-2.255626153521699
0.07407407407407408,2834.0891980570905,-2.2536384574538513
0.07407407407407408,2843.9834001140644,2.0285937210082547
0.07407407407407408,2846.815280858341,-0.8413278270044693
0.07407407407407408,2833.3808378958365,-1.5337120171013134
0.07407407407407408,2844.6912112732857,1.3189003920670639
0.07407407407407408,2832.6731353563714,-0.8096870712469605
0.07407407407407408,2831.2573525056678,0.594877900390352
0.07407407407407408,2847.5233745824576,-1.5482946484782592
0.07407407407407408,2833.38120766557,-1.5461380252751746
0.07407407407407408,2832.6728832227377,-0.8243386094921156
0.07407407407407408,2846.8149842182056,-0.8336733118973634
0.07407407407407408,2842.5675118296767,3.422426876035712
0.07407407407407408,2830.5489312568966,1.32486323874035
0.07407407407407408,2832.6731290536127,-0.7927580866962802
0.07407407407407408,2843.2754693646198,2.718723226171148
0.07407407407407408,2830.5493547141577,1.3019716124597993
0.07407407407407408,2817.115159014424,0.570533055196789
0.07407407407407408,2846.1074021720597,-0.14230988689864107
0.07407407407407408,2832.6730660826533,-0.8249234474317567
0.07407407407407408,2843.98356453521,2.0153900009334023
0.07407407407407408,2834.089041632962,-2.2085866960690828
0.07407407407407408,2830.5492138909217,1.3163144366902246
0.07407407407407408,2834.08914796286,-2.2385305439601577
0.07407407407407408,2845.399009491532,0.6297876654088749
0.07407407407407408,2834.796986351161,-2.9254263955908097
0.07407407407407408,2842.5675032913405,3.4297310839700517
0.07407407407407408,2830.548926330272,1.3202543769179629
0.07407407407407408,2818.531142964988,-0.8386103888070041
0.07407407407407408,2846.107460227525,-0.14824094929888712
0.08641975308641975,2833.3812576944138,-1.5215796485366697
0.07407407407407408,2847.523242848196,-1.5466151035267819
0.07407407407407408,2834.797114725421,-2.9241635462125095
0.07407407407407408,2834.0891980570905,-2.2536384574538513
0.07407407407407408,2847.5229643050125,-1.5486685425454914
0.07407407407407408,2831.965165619243,-0.0958649003106828
0.07407407407407408,2842.5675803579425,3.4359799218639155
0.07407407407407408,2834.7971380263166,-2.9239867520728167
0.07407407407407408,2817.115188487489,0.5680688536148736
0.07407407407407408,2834.089178882425,-2.23161897971311
0.07407407407407408,2834.089178882425,-2.23161897971311
0.08641975308641975,2843.983542690455,2.0163238791198412
0.07407407407407408,2832.673073370495,-0.800893155535735
0.07407407407407408,2833.3810340178334,-1.501552265775028
0.08641975308641975,2845.3993269810026,0.6272987891446583
0.07407407407407408,2828.4254757571407,3.410924431630595
0.07407407407407408,2828.425509908107,3.4043224736139
0.07407407407407408,2844.6913430380837,1.3309166281578282
0.07407407407407408,2831.2573251095237,0.5953306147765189
0.07407407407407408,2831.2573382052688,0.5957366474901075
0.07407407407407408,2843.2754182634,2.7398585897194234
0.07407407407407408,2831.257201726439,0.6098244932969166
0.07407407407407408,2843.9833726072875,2.040163288053169
0.08641975308641975,2834.089078726767,-2.2190185328426084
0.07407407407407408,2846.1071854122597,-0.14193896272011192
0.07407407407407408,2819.947049115127,-2.255117333695866
0.07407407407407408,2847.523396200032,-1.5674517958790413
0.08641975308641975,2830.5493989800348,1.2989317383537806
0.07407407407407408,2834.0887924538915,-2.235011355136228
0.07407407407407408,2848.2310916066112,-2.2718833904110856
0.07407407407407408,2846.8152836906106,-0.8536869599828869
0.07407407407407408,2847.5234221269984,-1.5663714820183294
0.08641975308641975,2834.7971865668205,-2.957163133488291
0.08641975308641975,2834.797045482538,-2.945192797006837
0.07407407407407408,2819.947057539067,-2.246575633949809
0.07407407407407408,2829.1334716417127,2.6992364272512734
0.07407407407407408,2834.7971663991725,-2.9603432448722082
0.07407407407407408,2833.3811203130817,-1.5337983419112624
0.07407407407407408,2831.965311354511,-0.11260652434233161
0.07407407407407408,2845.3994661769257,0.6158071280593064
0.07407407407407408,2848.2313811904037,-2.2699809574165815
0.07407407407407408,2848.2313700762384,-2.276649830818723
0.07407407407407408,2848.231385484586,-2.2699937230873988
0.07407407407407408,2831.25714172538,0.6057831162514252
0.07407407407407408,2820.655001572064,-2.961448602944755
0.07407407407407408,2834.089081997649,-2.2288386852247006
0.08641975308641975,2846.8154283300782,-0.8445597069005332
0.07407407407407408,2832.673276233988,-0.8259447257325315
0.07407407407407408,2842.5676665162428,3.4048085216031305
0.07407407407407408,2846.1070343141387,-0.1312074114381893
0.07407407407407408,2829.8412711865913,2.0052396115738027
0.07407407407407408,2831.257230437294,0.6071099403022028
0.07407407407407408,2834.797079398761,-2.947533963840558
0.07407407407407408,2845.39920818023,0.6129507200441702
0.07407407407407408,2817.11505951752,0.5765348679594225
0.07407407407407408,2845.399450332269,0.6046566164020158
0.08641975308641973,2846.1073483518885,-0.12322221885559428
0.07407407407407408,2848.2313700762384,-2.276649830818723
0.07407407407407408,2848.9392817662992,-2.96736823287851
0.07407407407407408,2833.381237152443,-1.5309809563292924
0.07407407407407408,2834.797144801734,-2.9484801981497437
0.07407407407407408,2846.815430425603,-0.8680855348849754
0.08641975308641975,2846.8154268542567,-0.8368631697543317
0.07407407407407408,2834.088788495455,-2.2203745177748058
0.07407407407407408,2832.6731418037252,-0.8121362932578701
0.07407407407407408,2832.673159291141,-0.7966743535021255
0.08641975308641975,2843.2756032497323,2.705828457183284
0.07407407407407408,2842.567232725423,3.420130099530942
0.08641975308641975,2842.567512532446,3.413874055047926
0.07407407407407408,2830.5493980345664,1.2974649089762036
0.07407407407407408,2846.107438092479,-0.14722331049146606
0.07407407407407408,2847.5232903898464,-1.559784327345941
0.07407407407407408,2843.983474663024,2.024514073900893
0.07407407407407408,2845.399343956136,0.6270907516425349
0.07407407407407408,2834.79702508311,-2.9487672991812612
0.08641975308641975,2842.5675536596495,3.417276084918057
0.07407407407407408,2831.2572465302287,0.6076001738431256
0.07407407407407408,2819.9470555624807,-2.2575665557067754
0.07407407407407408,2848.231226652478,-2.237964276600706
0.07407407407407408,2847.5232197106448,-1.5230781115239158
0.07407407407407408,2832.673141592636,-0.8280751958968107
0.07407407407407408,2834.0892045044443,-2.256087679464761
0.07407407407407408,2848.231385484586,-2.2699937230873988
0.07407407407407408,2842.5672135507575,3.4421495772716835
0.08641975308641973,2834.0892168744062,-2.240526359265535
0.07407407407407408,2818.5311337255703,-0.8474940945132531
0.07407407407407408,2842.5674872987643,3.437173576711947
0.08641975308641975,2834.7971883140426,-2.947763060860905
0.07407407407407408,2819.239077468914,-1.553418498563191
0.08641975308641973,2846.815456112247,-0.8577795456463582
0.07407407407407408,2831.9653288378254,-0.10940401631525169
0.07407407407407408,2845.399047326765,0.623817571766457
0.07407407407407408,2830.549286796713,1.3091399698283912
0.07407407407407408,2833.3811455716464,-1.5349531523543463
0.07407407407407408,2842.567237810359,3.4182921945052467
0.07407407407407408,2847.5233570429623,-1.5545563321524503
0.07407407407407408,2847.523391785276,-1.5661713204613559
0.07407407407407408,2843.9833751804204,2.0345652267039522
0.07407407407407408,2843.983249664165,2.0249412085604117
0.07407407407407408,2842.5676030013196,3.4276224593861198
0.07407407407407408,2846.107444811133,-0.1317944998957479
0.07407407407407408,2843.983133369239,2.0387179090170857
0.07407407407407408,2830.5493713865517,1.3023599277517564
0.07407407407407408,2846.814979649669,-0.8126816945425127
0.07407407407407408,2848.2310976290382,-2.2587080000239026
0.07407407407407408,2831.2569320839298,0.6174655890610349
0.07407407407407408,2829.841286815298,2.0280549480344106
0.07407407407407408,2834.089183378817,-2.2224145051228197
0.07407407407407408,2819.9469875765635,-2.2520907864884943
0.07407407407407408,2817.1148121604992,0.5925871324165232
0.07407407407407408,2843.275600144148,2.728692507856303
0.07407407407407408,2848.2309540652413,-2.2442508934919085
0.07407407407407408,2845.399282438138,0.6372694629379513
0.07407407407407408,2843.275182446733,2.7493646092323374
0.07407407407407408,2834.089164635254,-2.2381422286682007
0.07407407407407408,2829.1334240692704,2.707883673205136
0.08641975308641975,2834.088856218052,-2.2288891661313643
0.07407407407407408,2834.088779598539,-2.208700862350204
0.08641975308641975,2834.7972107490286,-2.9521709640236056
0.07407407407407408,2844.691088222131,1.3370896111122956
0.07407407407407408,2831.965330942858,-0.09861559528896073
0.08641975308641975,2843.2756241917464,2.7315678229692812
0.07407407407407408,2818.531118585574,-0.8362170208404806
0.08641975308641975,2843.2756471482767,2.7052623819376995
0.07407407407407408,2844.691088222131,1.3370896111122956
0.08641975308641975,2834.797187122636,-2.9299664836668287
0.07407407407407408,2831.96514676926,-0.09143752767743792
0.07407407407407408,2833.3812667517013,-1.5200202703380252
0.07407407407407408,2832.6728935326814,-0.8176559224333938
0.08641975308641975,2843.2755778504943,2.7085414097775002
0.07407407407407408,2845.3994144118506,0.6095700399948408
0.08641975308641975,2834.089066401708,-2.223597282325625
0.07407407407407408,2844.6914554918344,1.3190664435615076
0.07407407407407408,2843.2751525185768,2.7463199358534975
0.08641975308641973,2842.567614348008,3.4313811787335937
0.07407407407407408,2846.8150262341132,-0.8444952262046199
0.06172839506172839,2833.381224161758,-1.5457686659082606
0.06172839506172839,2831.9651906447907,-0.09236073676202326
0.06172839506172839,2843.275466966075,2.717357035049835
0.06172839506172839,2819.94708795733,-2.2477848379493093
0.06172839506172839,2843.9831271274697,2.042106885784241
0.06172839506172839,2834.7972269869892,-2.952678855206577
0.06172839506172839,2834.797167060514,-2.9529070572374874
0.06172839506172839,2832.6732843051486,-0.8377983654469768
0.06172839506172839,2842.5674736224114,3.443935032270322
0.06172839506172839,2846.815068056412,-0.8333572176848356
0.06172839506172839,2833.3811536725343,-1.5275337866631091
0.06172839506172839,2834.089266068534,-2.2476426246095884
0.06172839506172839,2834.797206365824,-2.9400351432947986
0.06172839506172839,2834.7971395651225,-2.9357706345630756
0.06172839506172839,2843.983387225016,2.0336417093130503
0.06172839506172839,2843.983121136202,2.037736421367944
0.06172839506172839,2833.381263467068,-1.532896751965345
0.06172839506172839,2834.796879533331,-2.9255577329327505
0.06172839506172839,2831.9651764077594,-0.09519547047031734
0.06172839506172839,2842.5676008582955,3.4192721613680614
0.06172839506172839,2843.9833886116394,2.0348686532615456
0.06172839506172839,2817.8231590074706,-0.13025268388510172
0.06172839506172839,2819.2386578635674,-1.5302029751854334
0.06172839506172839,2844.6911031165027,1.3356342606354783
0.06172839506172839,2833.3808421302706,-1.5258880680352627
0.06172839506172839,2846.8150542378944,-0.8346757860013276
0.06172839506172839,2845.399314173718,0.6184988854799566
0.06172839506172839,2845.3990489643797,0.6320344245907189
0.06172839506172839,2831.9651959925945,-0.09045441911277591
0.06172839506172839,2816.4072356540023,1.278872715024987
0.06172839506172839,2843.275193336424,2.7466692535533266
0.06172839506172839,2843.275444259148,2.7364043534809834
0.06172839506172839,2834.089197894692,-2.2360361428510966
0.06172839506172839,2832.6732651304833,-0.8157788877062354
0.06172839506172839,2830.549404128632,1.304096047047958
0.06172839506172839,2842.5674830268526,3.443938607941581
0.06172839506172839,2829.841314694449,2.0238135395674792
0.06172839506172839,2847.5231608476865,-1.5605297230636386
0.07407407407407406,2846.8150580304573,-0.8347584541658115
0.06172839506172839,2817.822760746127,-0.12058613407799752
0.06172839506172839,2847.523428078052,-1.5722632052770966
0.06172839506172839,2842.5673821547593,3.419073646937563
0.06172839506172839,2829.8413025938694,2.0172643826044316
0.06172839506172839,2843.275442131487,2.7306665685957423
0.06172839506172839,2842.5675457341495,3.417092657529424
0.06172839506172839,2834.088819004151,-2.229060751229385
0.06172839506172839,2833.3811640856516,-1.5375046780931914
0.06172839506172839,2843.2754201117755,2.748182880897776
0.06172839506172839,2846.8153420861363,-0.8530108503346419
0.06172839506172839,2820.6550275184036,-2.9557000196793535
0.06172839506172839,2817.8230151454486,-0.12886907189710112
0.06172839506172839,2843.2755824712763,2.7183099577154817
0.06172839506172839,2828.4253697501476,3.416061201475097
0.06172839506172839,2834.089197894692,-2.2360361428510966
0.06172839506172839,2846.107506241142,-0.1621907440835747
0.06172839506172839,2831.2572940301984,0.577080543209186
0.06172839506172839,2843.275196637794,2.7142936780330356
0.07407407407407406,2834.0892450310007,-2.255311787424605
0.06172839506172839,2847.5233933813965,-1.5660363801483006
0.06172839506172839,2846.815266814911,-0.8385016450430876
0.06172839506172839,2831.2573334731187,0.5874167486468399
0.06172839506172839,2846.1074153527456,-0.1279165715071478
0.06172839506172839,2831.2571927884755,0.6078588878064662
0.06172839506172839,2818.530989119985,-0.8201203405460101
0.06172839506172839,2846.1074244510996,-0.12303750175019634
0.06172839506172839,2846.107426753013,-0.14162207256944162
0.06172839506172839,2829.84129372851,2.0200177657281504
0.06172839506172839,2820.654949816422,-2.954301582853363
0.06172839506172839,2843.2755354416195,2.7399411479753333
0.06172839506172839,2828.425471769904,3.40218916961164
0.06172839506172839,2834.089204328238,-2.256106635389804
0.06172839506172839,2848.2310500770745,-2.2691688163558217
0.06172839506172839,2831.2571955646463,0.6077446552621468
0.06172839506172839,2831.9651452231587,-0.0905316586411603
0.06172839506172839,2846.8152731980454,-0.8622944778005894
0.06172839506172839,2832.6727939606535,-0.7958869317961247
0.06172839506172839,2846.1073920918016,-0.12172160670988813
0.06172839506172839,2829.841300985856,2.0178173599465747
0.07407407407407406,2847.522966556095,-1.5319119227446514
0.06172839506172839,2834.7969011925165,-2.930837028893811
0.06172839506172839,2846.1070231235444,-0.12865603722541788
0.06172839506172839,2842.567624380556,3.410243675217619
0.06172839506172839,2832.6731324029074,-0.8033353259047928
0.06172839506172839,2831.9651483861153,-0.08877334360248089
0.06172839506172839,2832.6732643064433,-0.8182237567330327
0.06172839506172839,2847.5233848531493,-1.5599614007333291
0.06172839506172839,2843.275369983702,2.7500662030380196
0.06172839506172839,2842.5675615158125,3.432893026893943
0.06172839506172839,2833.381113923339,-1.5345967000380754
0.06172839506172839,2831.2571894159146,0.6138248963060929
0.06172839506172839,2834.7971557795317,-2.9441708297552323
0.06172839506172839,2843.9833666188615,2.024279724166309
0.06172839506172839,2817.8231530125636,-0.13231043656942434
0.06172839506172839,2842.567640998113,3.423278620353726
0.06172839506172839,2831.964923255153,-0.11735887591866431
0.06172839506172839,2833.3812674158394,-1.5459287791690801
0.06172839506172839,2846.1074305782536,-0.14579570364178732
0.07407407407407406,2847.52338435153,-1.560031303226996
0.06172839506172839,2843.983082823291,2.0352662144147953
0.06172839506172839,2848.2310500770745,-2.2691688163558217
0.06172839506172839,2830.5493749029743,1.3016368594774388
0.07407407407407408,2843.275445738227,2.7409277065279247
0.06172839506172839,2846.814992669126,-0.8316553175222261
0.06172839506172839,2834.08918513896,-2.221710114568369
0.07407407407407408,2846.8154157370527,-0.8524994880083626
0.07407407407407408,2831.256938677642,0.621343817447028
0.06172839506172839,2829.8409959004944,2.0214525616397143
0.06172839506172839,2832.67283704403,-0.8041037300558197
0.06172839506172839,2848.231072449437,-2.259706329636162
0.06172839506172839,2831.9651095708186,-0.09396037057631779
0.06172839506172839,2847.5233518046466,-1.5635744426618887
0.06172839506172839,2846.815404405043,-0.8440422569148531
0.06172839506172839,2830.5493618436394,1.2979640768484817
0.06172839506172839,2843.2755611933762,2.731014693386725
0.06172839506172839,2816.4070650012754,1.3010760019238
0.06172839506172839,2842.567607385916,3.433025854868978
0.06172839506172839,2829.8412172979,2.0255715744778593
0.06172839506172839,2829.1332656874906,2.7269785627683403
0.06172839506172839,2847.5231186480737,-1.5558382616557371
0.06172839506172839,2831.257341237858,0.6003522586533533
0.06172839506172839,2831.9653149027067,-0.10006898665231521
0.07407407407407408,2843.275201223749,2.745950544684644
0.06172839506172839,2847.5234110299516,-1.5589004329029028
0.06172839506172839,2818.531106630636,-0.8424268324682217
0.06172839506172839,2834.089233889931,-2.2372603300236364
0.06172839506172839,2842.567670289179,3.4201730159374413
0.06172839506172839,2847.5234183344355,-1.5662888138538453
0.06172839506172839,2843.275605855994,2.729447828559029
0.06172839506172839,2846.1072977277813,-0.11121743969900102
0.06172839506172839,2843.2753690342165,2.7535605770697664
0.06172839506172839,2820.654906561996,-2.9398692047392228
0.06172839506172839,2828.425243592905,3.411564292946677
0.06172839506172839,2819.9469498491976,-2.2372322010943275
0.06172839506172839,2831.2572425684816,0.6137118999947954
0.06172839506172839,2842.567642391374,3.4260107279739302
0.06172839506172839,2833.381163670753,-1.5134242774841697
0.07407407407407408,2843.275504406313,2.731805162202815
0.06172839506172839,2833.381282588505,-1.54753423365124
0.06172839506172839,2845.3992946504477,0.6011271084812132
0.07407407407407408,2833.3811206182368,-1.5292459562918155
0.07407407407407406,2847.523403818378,-1.5616495233799732
0.06172839506172839,2820.6550121856994,-2.9497249537336767
0.06172839506172839,2831.9653149027067,-0.10006898665231521
0.06172839506172839,2806.512909492108,-2.974376949483469
0.06172839506172839,2843.275143559612,2.740000849386851
0.06172839506172839,2845.3994600436918,0.6160758881304296
0.06172839506172839,2833.3812362450153,-1.5183102926651397
0.06172839506172839,2829.8412889358083,2.028190613256762
0.06172839506172839,2819.9470292263195,-2.250716603532459
0.06172839506172839,2842.5672598896026,3.423964932012809
0.06172839506172839,2831.965159403975,-0.09534317028879136
0.06172839506172839,2846.8152606666263,-0.8256514900162337
0.06172839506172839,2847.523392157633,-1.5673497816842716
0.06172839506172839,2843.275602635722,2.702081419697021
0.06172839506172839,2845.3990112301403,0.6287120394344664
0.06172839506172839,2846.8153884559247,-0.8501065527965184
0.06172839506172839,2820.654512556664,-2.9413866967432245
0.06172839506172839,2834.7969390328954,-2.9103924195511226
0.06172839506172839,2846.8153501683714,-0.8403794007220775
0.06172839506172839,2834.7970744651097,-2.942492867502817
0.06172839506172839,2819.2386732233135,-1.5205899732818133
0.06172839506172839,2847.5232495323976,-1.5463457233495608
0.06172839506172839,2834.0890807445694,-2.223997990938215
0.06172839506172839,2831.964928226172,-0.11487634788253873
0.06172839506172839,2834.089178303818,-2.2279040464050395
0.06172839506172839,2830.5489323503643,1.3195747135241884
0.06172839506172839,2831.9652882313026,-0.1092987993020441
0.07407407407407408,2830.548928819099,1.3260723347950585
0.06172839506172839,2842.567585632402,3.4282596119050677
0.06172839506172839,2833.380804396031,-1.5292104531915152
0.06172839506172839,2842.567585632402,3.4282596119050677
0.06172839506172839,2834.7970754514326,-2.9308687046054462
0.06172839506172839,2834.088765314486,-2.2342466837882764
0.06172839506172839,2820.6548515786344,-2.9369774890894416
0.06172839506172839,2847.5233532345105,-1.5568606438105301
0.06172839506172839,2834.797168631584,-2.943357528451051
0.06172839506172839,2842.567448627883,3.4411114278588766
0.06172839506172839,2831.257159285092,0.6106711083728645
0.06172839506172839,2834.088765314486,-2.2342466837882764
0.06172839506172839,2829.8414157404973,2.009361034617265
0.06172839506172839,2814.9908819588186,2.705029843634007
0.06172839506172839,2843.2753426945555,2.718584456852037
0.06172839506172839,2847.5231994311443,-1.5400060441147787
0.06172839506172839,2834.0892578073594,-2.2534292113477563
0.06172839506172839,2832.6732701058572,-0.8167982036057337
0.06172839506172839,2834.089263396447,-2.253429885870182
0.07407407407407408,2846.107484291663,-0.14992745899351692
0.06172839506172839,2846.815283895082,-0.8355552829570562
0.06172839506172839,2845.399306792019,0.6221531257976575
0.06172839506172839,2834.796730049231,-2.921031497083666
0.06172839506172839,2847.523393732893,-1.5639762712299252
0.07407407407407408,2846.8154298933023,-0.8494392771169254
0.06172839506172839,2831.964974870879,-0.1203877791394549
0.06172839506172839,2846.10705796327,-0.1404014127880863
0.06172839506172839,2834.089056877271,-2.2401266036408085
0.06172839506172839,2833.381251310155,-1.5255170200062296
0.06172839506172839,2846.107460051319,-0.14825990522370272
0.06172839506172839,2846.107454912443,-0.13986442650178002
0.06172839506172839,2844.691485054586,1.3037279812790157
0.06172839506172839,2843.2755314802794,2.7246597758603084
0.06172839506172839,2831.9651758329,-0.09378736859727793
0.06172839506172839,2846.8153105767556,-0.8386281665876077
0.06172839506172839,2834.089024969754,-2.2182709033044627
0.06172839506172839,2833.3810644591167,-1.52287908632142
0.07407407407407406,2843.275609744385,2.718400911928492
0.07407407407407406,2848.2312206377155,-2.2610923804617418
0.06172839506172839,2834.797065923998,-2.9247483317605742
0.06172839506172839,2834.797150768854,-2.95977108421649
0.07407407407407408,2829.841291502382,2.0208935970688215
0.06172839506172839,2828.425104492822,3.425513612245661
0.06172839506172839,2834.7972100676125,-2.9597782407219797
0.06172839506172839,2848.2309153007836,-2.2278023117696897
0.06172839506172839,2829.133286562588,2.713564275293292
0.06172839506172839,2844.691081305118,1.3341778267133668
0.06172839506172839,2830.548979980867,1.3183601633614028
0.06172839506172839,2830.548969510904,1.3182826843039464
0.06172839506172839,2832.6732903917004,-0.8204807894094686
0.06172839506172839,2833.3812369624293,-1.548621182782133
0.06172839506172839,2846.1070570458146,-0.12909894985926154
0.06172839506172839,2843.983132022059,2.0359405745436643
0.06172839506172839,2842.567634280132,3.403775932582411
0.06172839506172839,2834.0890575932453,-2.2417080604877153
0.06172839506172839,2834.089138889607,-2.219319255180686
0.06172839506172839,2833.381092714303,-1.5123855806956976
0.06172839506172839,2834.0890864912813,-2.240873733982464
0.06172839506172839,2842.567475889228,3.4374937172887794
0.06172839506172839,2829.8413069278763,2.026195797648614
0.06172839506172839,2843.2754475081942,2.7354404416491516
0.06172839506172839,2817.1147851085475,0.5817063470178127
0.06172839506172839,2847.523240407658,-1.5382389276457422
0.06172839506172839,2829.1333253999105,2.717292474012575
0.06172839506172839,2845.399445973041,0.5986917506822546
0.06172839506172839,2833.38082095344,-1.512908021092178
0.06172839506172839,2828.4255040996977,3.4067029239341284
0.06172839506172839,2846.815427361197,-0.8646846847792881
0.06172839506172839,2832.673256483838,-0.8204766972192303
0.06172839506172839,2848.231329677128,-2.2614422199710758
0.06172839506172839,2843.275560953344,2.722195574278393
0.06172839506172839,2834.088962803867,-2.248554535840678
0.06172839506172839,2843.983397726138,2.0274212560952574
0.06172839506172839,2831.965176881132,-0.09742017665353418
0.07407407407407406,2848.23137474305,-2.267531735405672
0.06172839506172839,2833.381217787764,-1.5266017050413916
0.06172839506172839,2845.3993056854024,0.6106411035734335
0.06172839506172839,2847.523238786947,-1.5435864369156604
0.06172839506172839,2831.9653148298235,-0.11176265396789208
0.06172839506172839,2845.399458458426,0.6177391166558048
0.06172839506172839,2829.1334355450877,2.704130894919283
0.06172839506172839,2831.9648977772313,-0.08100646739397409
0.06172839506172839,2842.5676855484053,3.4026913358360864
0.06172839506172839,2833.3810901224797,-1.5178562650534582
0.06172839506172839,2847.5233552870345,-1.538098205563781
0.06172839506172839,2832.673307721148,-0.8395791470363482
0.06172839506172839,2834.7972044254157,-2.9576066948449893
0.06172839506172839,2845.399023039639,0.6173214110590005
0.06172839506172839,2842.5674589740916,3.432856200257266
0.07407407407407406,2848.2313445711457,-2.2742337068658802
0.06172839506172839,2843.2755882899487,2.706249347425077
0.06172839506172839,2834.0890122617957,-2.209664305365484
0.06172839506172839,2831.257327807449,0.6039062761142469
0.06172839506172839,2829.133282097796,2.7211433457945855
0.06172839506172839,2848.2313133336193,-2.2609043954322976
0.06172839506172839,2842.5676647335426,3.406468336195237
0.06172839506172839,2831.965329473245,-0.11544455881248014
0.06172839506172839,2848.2311000780255,-2.2612194001396873
0.06172839506172839,2846.815152084206,-0.8501514020921868
0.06172839506172839,2818.531002899298,-0.8237075756891212
0.06172839506172839,2843.2755464432416,2.715005915479697
0.06172839506172839,2834.089209926984,-2.239989713808163
0.06172839506172839,2831.257296166776,0.602241945913891
0.06172839506172839,2834.797202804781,-2.9576710246712623
0.06172839506172839,2846.815289706516,-0.830102082384591
0.06172839506172839,2834.089186300346,-2.226869983840336
0.06172839506172839,2844.69107978475,1.3312840684493121
0.06172839506172839,2847.522975727473,-1.5560886450920668
0.06172839506172839,2843.983397726138,2.0274212560952574
0.06172839506172839,2847.523381888229,-1.5583323664172246
0.06172839506172839,2848.2313825491533,-2.2748502138629476
0.06172839506172839,2844.691482790254,1.312123113084871
0.06172839506172839,2834.797143506023,-2.9576638681657728
0.06172839506172839,2833.3808574486507,-1.5280426260476745
0.06172839506172839,2834.797176400697,-2.9568145416670104
0.06172839506172839,2834.797202804781,-2.9576710246712623
0.07407407407407406,2843.275619980316,2.700328967224331
0.06172839506172839,2844.691300922022,1.3409732938576222
0.07407407407407406,2848.230952267216,-2.246772085951878
0.06172839506172839,2848.231342087174,-2.264934985082874
0.06172839506172839,2834.089222745073,-2.253885527120967
0.06172839506172839,2834.0890248534542,-2.2184556925159793
0.06172839506172839,2831.9648674657124,-0.09619352743771482
0.06172839506172839,2834.7971836635284,-2.958921757717728
0.06172839506172839,2834.0887982740087,-2.234846725067362
0.06172839506172839,2842.5676855484053,3.4026913358360864
0.06172839506172839,2834.089048479847,-2.240660172872756
0.06172839506172839,2832.6731308920844,-0.8320670046363626
0.06172839506172839,2848.2313413263005,-2.274830949221019
0.06172839506172839,2845.3993037803325,0.6258614416362515
0.06172839506172839,2831.257362280003,0.5946578074595247
0.06172839506172839,2834.7971836635284,-2.958921757717728
0.06172839506172839,2834.089189222682,-2.2549702121561293
0.06172839506172839,2842.5674661074754,3.436839222426178
0.06172839506172839,2818.531101268696,-0.8472648006577984
0.06172839506172839,2847.523405668012,-1.5637384010924795
0.06172839506172839,2834.7969828741616,-2.931660375226036
0.06172839506172839,2831.2572836832646,0.6016840802632611
0.06172839506172839,2830.5493928236233,1.297960338010805
0.06172839506172839,2829.841398499266,2.0000057393180537
0.06172839506172839,2843.275532981269,2.7310180981813224
0.06172839506172839,2834.7970127507388,-2.945827672908697
0.06172839506172839,2834.088780487152,-2.2358521382704364
0.06172839506172839,2819.9470346385215,-2.2542775425211534
0.06172839506172839,2844.6913223248944,1.3475826539564515
0.06172839506172839,2830.549253980747,1.3251936646475024
0.06172839506172839,2831.965159715575,-0.09461753737928379
0.06172839506172839,2833.381082217578,-1.5182588644756139
0.07407407407407406,2846.1074428283932,-0.1449549071186845
0.06172839506172839,2830.549232638921,1.3171730474716963
0.06172839506172839,2819.2386590392775,-1.5295534136735696
0.06172839506172839,2830.5492313502564,1.3175107786589222
0.06172839506172839,2843.275520885648,2.7161187234764177
0.06172839506172839,2846.8154350429913,-0.8450683965841399
0.06172839506172839,2817.8231376047775,-0.13348425452096674
0.06172839506172839,2833.3811608733095,-1.50969020344897
0.06172839506172839,2817.114785737649,0.5916754631645617
0.06172839506172839,2842.5674960680126,3.434657185429473
0.06172839506172839,2819.946888390647,-2.240515160721147
0.06172839506172839,2829.8412718216427,2.0237391534889833
0.06172839506172839,2834.7970835169176,-2.9469641865411718
0.06172839506172839,2844.691308884345,1.341113198543426
0.06172839506172839,2842.5676855484053,3.4026913358360864
0.06172839506172839,2834.088839573714,-2.2390993409737434
0.06172839506172839,2833.3810851719895,-1.5295644542812643
0.06172839506172839,2829.1334563599503,2.7003538945601324
0.07407407407407406,2844.6913508239827,1.3381612146595687
0.06172839506172839,2830.549267146021,1.316007773427172
0.06172839506172839,2843.275489306425,2.713724869376251
0.06172839506172839,2831.965296794373,-0.10952194013298444
0.06172839506172839,2842.5676649272395,3.4153350477478646
0.06172839506172839,2842.5676855484053,3.4026913358360864
0.06172839506172839,2829.1330749182735,2.735361454634147
0.06172839506172839,2817.8231405715355,-0.13829913168393798
0.06172839506172839,2845.399451293944,0.6114450888463324
0.06172839506172839,2843.983513213597,2.015846544904397
0.06172839506172839,2818.5310137014712,-0.8203476213619691
0.06172839506172839,2843.983554294243,2.020901805803899
0.06172839506172839,2829.8413617343836,2.0268409934790537
0.06172839506172839,2842.567712219305,3.4124231731329266
0.06172839506172839,2820.6549278709563,-2.9349753356319592
0.06172839506172839,2828.4254028593327,3.423779818001348
0.06172839506172839,2819.9470977088527,-2.245152386167872
0.06172839506172839,2819.946958458246,-2.231814861499158
0.06172839506172839,2829.8413211599327,2.027123848409273
0.06172839506172839,2845.3994460427466,0.6286577488327657
0.06172839506172839,2847.5234396433957,-1.5613949447465818
0.06172839506172839,2844.691240634338,1.317589244964628
0.06172839506172839,2829.841380353313,2.028951564673916
0.06172839506172839,2846.8153019602773,-0.8433004866016554
0.06172839506172839,2831.965123067376,-0.08583972052800733
0.06172839506172839,2832.672900752759,-0.7971354810678036
0.06172839506172839,2844.691334313308,1.3328596758613764
0.06172839506172839,2847.523398407071,-1.558910758258691
0.06172839506172839,2846.107428313922,-0.13740057183593204
0.06172839506172839,2842.5675228366354,3.4236036634753564
0.06172839506172839,2829.8413405632973,2.027276160130695
0.06172839506172839,2834.0891301254305,-2.218150336570679
0.07407407407407408,2829.1333685048326,2.7388430408022812
0.06172839506172839,2846.8154787249405,-0.856358714149821
0.06172839506172839,2843.275615602297,2.7083076944387856
0.06172839506172839,2834.0892197783146,-2.2490706499579955
0.06172839506172839,2831.9652349113057,-0.12013717924897686
0.07407407407407408,2831.9648919999713,-0.08265146559416685
0.06172839506172839,2831.9653442523686,-0.11279896343099576
0.06172839506172839,2843.275643500102,2.7024699824022966
0.07407407407407406,2848.230967231156,-2.2461096822727344
0.06172839506172839,2829.1334430983798,2.7200552345011766
0.06172839506172839,2846.1074491287845,-0.14117757219508245
0.07407407407407406,2843.9835805872594,2.0263732301662087
0.07407407407407406,2842.567625877621,3.4368749309437177
0.06172839506172839,2848.2312141581933,-2.218565622276653
0.06172839506172839,2831.2573747986103,0.601692268232634
0.06172839506172839,2833.3811769773724,-1.5268270368221326
0.06172839506172839,2833.380837238825,-1.5088589779249355
0.06172839506172839,2833.3811662017483,-1.5035533375289194
0.06172839506172839,2831.9653149027067,-0.10006898665231521
0.06172839506172839,2834.796999064226,-2.909335537474213
0.06172839506172839,2829.8412688819676,2.0228090550473974
0.06172839506172839,2831.256942976353,0.6123716019003014
0.06172839506172839,2844.691513074139,1.3181932627088326
0.06172839506172839,2843.2752468230133,2.7179467455632014
0.06172839506172839,2819.9470231056066,-2.2573372618513208
0.06172839506172839,2842.5675450488084,3.4184242460352525
0.06172839506172839,2846.1075105020013,-0.14393410260211736
0.06172839506172839,2848.2314005618505,-2.2664311753433424
0.06172839506172839,2834.088842477668,-2.2153889148928188
0.06172839506172839,2831.9653442256467,-0.10248076477839346
0.06172839506172839,2828.4255117433295,3.417638157888801
0.06172839506172839,2830.5494280324474,1.309425875353126
0.06172839506172839,2834.0891507465963,-2.230794048482457
0.06172839506172839,2842.5675046024367,3.448895710765518
0.06172839506172839,2832.673209735021,-0.7987021095481938
0.06172839506172839,2848.2313932573666,-2.2590427943924
0.06172839506172839,2829.841326905607,2.0327476284262667
0.06172839506172839,2846.107448061973,-0.1367282034621781
0.06172839506172839,2829.8412059467387,2.027324516947628
0.06172839506172839,2843.275215829066,2.7473527201327297
0.06172839506172839,2833.3808414491536,-1.5025061299308413
0.06172839506172839,2829.8410213406387,2.0268767740989784
0.06172839506172839,2831.9652020097024,-0.09272640076685162
0.06172839506172839,2819.2389859965215,-1.5252956944117326
0.06172839506172839,2829.1333485724126,2.729074982480169
0.06172839506172839,2829.841277825902,2.0192366678234333
0.07407407407407406,2847.523390842106,-1.5539664004817801
0.06172839506172839,2830.5492608229933,1.3138418536893344
0.06172839506172839,2834.089233889931,-2.2372603300236364
0.07407407407407408,2829.1333702928114,2.734478133026401
0.06172839506172839,2834.089122865278,-2.2313396356433186
0.06172839506172839,2831.965323465273,-0.0997901028361442
0.06172839506172839,2834.089247922252,-2.2391724607918895
0.06172839506172839,2832.672948763872,-0.8132598901922582
0.06172839506172839,2831.2573747986103,0.601692268232634
0.06172839506172839,2842.567171266228,3.4666603680996566
0.06172839506172839,2829.841324445972,2.0264459913489166
0.06172839506172839,2834.7967858633638,-2.9301511183672826
0.06172839506172839,2832.6728620800372,-0.7860636227344943
0.06172839506172839,2847.523432338912,-1.5540065637956393
0.06172839506172839,2829.8414439493054,2.0050495012602116
0.06172839506172839,2846.8154714204566,-0.8489703331988785
0.06172839506172839,2828.425381315491,3.426929462005612
0.06172839506172839,2833.3811521833536,-1.5246469441868087
0.06172839506172839,2843.2752182255963,2.7470332803990063
0.06172839506172839,2828.4253548195197,3.4277386920649153
0.06172839506172839,2819.2389724071427,-1.5214210987641772
0.06172839506172839,2831.9650516338443,-0.0973344759091136
0.06172839506172839,2846.107448061973,-0.1367282034621781
0.06172839506172839,2829.841345484307,2.0279742092197433
0.06172839506172839,2846.1074542540846,-0.11312436993906663
0.06172839506172839,2831.965230346443,-0.11457448299305925
0.06172839506172839,2829.1333295835584,2.7270981827322753
0.06172839506172839,2834.797041466656,-2.9103419793421406
0.06172839506172839,2833.3810702240903,-1.4967955481111732
0.06172839506172839,2832.673209906282,-0.8270593750380245
0.06172839506172839,2832.673030312024,-0.8354830588645742
0.06172839506172839,2831.2572278951147,0.6132718832466518
0.06172839506172839,2818.5311294303337,-0.8346162619433936
0.06172839506172839,2828.4255127991405,3.4073870906861696
0.06172839506172839,2842.5674890268074,3.45293313016242
0.06172839506172839,2846.107457857124,-0.12757625588669286
0.06172839506172839,2834.7972125404326,-2.9534576452183883
0.06172839506172839,2833.3811210633753,-1.5068885553883142
0.06172839506172839,2831.965171581894,-0.09407781954523929
0.06172839506172839,2817.823003579234,-0.12226547828555707
0.06172839506172839,2831.9653267377994,-0.1049112527593668
0.07407407407407406,2847.5233847253257,-1.55332443262267
0.06172839506172839,2820.6550367671857,-2.949952234549636
0.06172839506172839,2831.96490672153,-0.08976075651098912
0.06172839506172839,2832.6731333822822,-0.8037716637390327
0.06172839506172839,2833.380845042488,-1.5249018556259466
0.06172839506172839,2831.9653259655424,-0.1059764141457916
0.06172839506172839,2842.567239447974,3.426509047329281
0.07407407407407406,2845.3993212910523,0.6267219399002935
0.06172839506172839,2833.381127213799,-1.5315775263490738
0.06172839506172839,2844.6914799357255,1.3078823528796502
0.06172839506172839,2829.1334689116866,2.7125362931039465
0.06172839506172839,2832.673138322041,-0.80042224611457
0.06172839506172839,2848.231367654224,-2.263923897828846
0.06172839506172839,2831.9653140049622,-0.09986994234036806
0.06172839506172839,2834.0891997085128,-2.227800334102019
0.06172839506172839,2834.089108415682,-2.235287283397649
0.06172839506172839,2832.6731583682695,-0.7963313828197924
0.06172839506172839,2834.797130838393,-2.9372280921112157
0.06172839506172839,2843.2752295511136,2.7225379727379684
0.06172839506172839,2846.1074664986727,-0.1507091272346123
0.06172839506172839,2834.088794801359,-2.219089614842394
0.06172839506172839,2819.9469286843673,-2.2346684409599806
0.07407407407407408,2829.8413174311413,2.0317063776339963
0.06172839506172839,2817.823004673344,-0.12506309271731336
0.06172839506172839,2847.523409207354,-1.55827123071461
0.06172839506172839,2819.9470494446464,-2.244059520948623
0.06172839506172839,2831.2571902402565,0.6119633853979364
0.06172839506172839,2833.3811196297456,-1.5002695181486185
0.06172839506172839,2831.2572377645693,0.6220148643835243
0.06172839506172839,2843.2751758727086,2.7475611408067007
0.07407407407407406,2845.3990293670804,0.6358524350426266
0.06172839506172839,2817.8231554557974,-0.14336499329448454
0.06172839506172839,2834.089237850629,-2.2550219503546414
0.06172839506172839,2817.8231554557974,-0.14336499329448454
0.06172839506172839,2832.673276057782,-0.8259636816573471
0.06172839506172839,2846.107448061973,-0.1367282034621781
0.06172839506172839,2848.2311736313627,-2.2267528248544544
0.06172839506172839,2831.2572373689823,0.6230080184611944
0.06172839506172839,2834.797023207109,-2.914446695240647
0.06172839506172839,2848.2312686111163,-2.248328437569196
0.07407407407407408,2848.231342365393,-2.262781392435755
0.06172839506172839,2834.796941290242,-2.945692246956507
0.06172839506172839,2843.275416896116,2.7587707607602177
0.06172839506172839,2830.5492522608456,1.3163305511195151
0.06172839506172839,2820.6550334946596,-2.944831084626413
0.06172839506172839,2817.8227677783425,-0.11760652300819315
0.06172839506172839,2831.257250219751,0.6240772373976307
0.06172839506172839,2846.8154714204566,-0.8489703331988785
0.06172839506172839,2832.67317988867,-0.797380488967103
0.06172839506172839,2828.425381315491,3.426929462005612
0.06172839506172839,2834.79717576436,-2.933627352490979
0.06172839506172839,2843.9831370252823,2.040293968902196
0.06172839506172839,2833.381098450269,-1.5104074926249973
0.06172839506172839,2834.089104145163,-2.2295839439325023
0.06172839506172839,2842.567621552821,3.4233461883122427
0.06172839506172839,2829.8414700497315,2.0090619153568405
0.06172839506172839,2845.399424552793,0.619065233667278
0.06172839506172839,2846.815467159597,-0.8672269746803358
0.06172839506172839,2834.7969623405097,-2.9267936464883424
0.06172839506172839,2831.9653267377994,-0.1049112527593668
0.06172839506172839,2819.9468059778865,-2.245398860583789
0.06172839506172839,2847.523409207354,-1.55827123071461
0.06172839506172839,2831.965312585507,-0.10760862928332503
0.06172839506172839,2832.673132863514,-0.8004994794446729
0.06172839506172839,2845.399430993152,0.626643763029789
0.06172839506172839,2832.673134701475,-0.796276946171068
0.06172839506172839,2842.567595507557,3.4422654045024963
0.06172839506172839,2846.8154158509133,-0.8491417642198293
0.06172839506172839,2842.567344846009,3.4314711841839856
0.06172839506172839,2843.9833994674937,2.0418437948217925
0.06172839506172839,2829.1334689116866,2.7125362931039465
0.06172839506172839,2842.5675139838095,3.4454355939206787
0.06172839506172839,2831.25733941526,0.600981460841646
0.06172839506172839,2832.672899439358,-0.8203426974912802
0.06172839506172839,2832.6731469532674,-0.7998308056992782
0.06172839506172839,2829.8414175783496,2.0110539220351678
0.07407407407407408,2834.0891985180515,-2.2198944024887894
0.06172839506172839,2832.6733116769237,-0.8171829008128585
0.06172839506172839,2832.673132863514,-0.8004994794446729
0.06172839506172839,2830.549253318969,1.3237795821389846
0.06172839506172839,2831.965204040665,-0.1196588874382016
0.06172839506172839,2829.133446762349,2.708337594415921
0.06172839506172839,2843.9832565843253,2.0183608086424183
0.06172839506172839,2834.0892061420586,-2.2478708266407263
0.06172839506172839,2831.9651868930064,-0.11993138852419867
0.06172839506172839,2834.088961313863,-2.2216029050525408
0.07407407407407408,2847.523410095565,-1.5542005677780535
0.06172839506172839,2844.691072377593,1.3471422375363182
0.06172839506172839,2828.4253708594138,3.419584285581946
0.06172839506172839,2846.1075011445405,-0.1414364792993018
0.06172839506172839,2846.1074755230534,-0.13946442668991846
0.06172839506172839,2833.381130526049,-1.528585936183818
0.06172839506172839,2833.381116666106,-1.5069615214438656
0.06172839506172839,2842.5674973098576,3.4485244573623586
0.06172839506172839,2831.965340117835,-0.10327903762183338
0.06172839506172839,2831.965194711943,-0.08580034535928636
0.06172839506172839,2829.841302569729,2.021277658080132
0.06172839506172839,2831.2573537538606,0.5999254038299834
0.06172839506172839,2846.1072064016003,-0.13836294507876015
0.06172839506172839,2845.3993030856923,0.6279955481826559
0.06172839506172839,2834.0892131635133,-2.2245813143327196
0.06172839506172839,2832.6732778716027,-0.8177278729082696
0.06172839506172839,2831.257352795295,0.6026136759791795
0.06172839506172839,2842.567676063698,3.410647204355741
0.06172839506172839,2842.567542358232,3.436085210777653
0.06172839506172839,2846.8150615423783,-0.8420641669522702
0.06172839506172839,2832.6731478114616,-0.8249676191209597
0.06172839506172839,2817.8232046595795,-0.1364109057741356
0.06172839506172839,2829.8413242998804,2.015092703627287
0.06172839506172839,2819.9469704294766,-2.255236338885256
0.06172839506172839,2831.965338304014,-0.11151484637091086
0.06172839506172839,2834.7970640524063,-2.93253804184471
0.06172839506172839,2842.5676396798094,3.4179739635365722
0.06172839506172839,2834.089068982857,-2.2161740092758944
0.06172839506172839,2834.089185153573,-2.2340871576490624
0.06172839506172839,2834.0890305847965,-2.215169741380512
0.06172839506172839,2819.947019721911,-2.251389256070928
0.06172839506172839,2834.797158899894,-2.942112730154842
0.06172839506172839,2816.4068236434837,1.296062132249459
0.06172839506172839,2834.7971459986684,-2.955841127101783
0.06172839506172839,2833.3810832979493,-1.511889740894892
0.06172839506172839,2833.381204987093,-1.5237491881675191
0.06172839506172839,2833.3812840882333,-1.545540463877123
0.06172839506172839,2846.8152840802304,-0.8409894264589475
0.06172839506172839,2832.6731392329825,-0.8040076323873387
0.06172839506172839,2831.257116049897,0.6107983269748244
0.06172839506172839,2834.0886893353213,-2.2129221393627136
0.06172839506172839,2830.548914409912,1.3204301750899474
0.06172839506172839,2818.5310935442376,-0.8404394067991362
0.06172839506172839,2817.8230186971214,-0.1157567624877183
0.06172839506172839,2829.841159187835,2.017864051541681
0.06172839506172839,2843.275542654664,2.7306286381729485
0.06172839506172839,2843.2755341376983,2.7306296660479354
0.06172839506172839,2846.107464234341,-0.14231399542875703
0.06172839506172839,2846.815459855113,-0.8598385937293933
0.06172839506172839,2831.2573632332665,0.5908240077021192
0.06172839506172839,2834.797044964189,-2.9306126022788335
0.06172839506172839,2831.9651695341213,-0.09451612976997309
0.06172839506172839,2834.0890327108464,-2.226153960626041
0.06172839506172839,2834.797020287179,-2.9204799538185195
0.06172839506172839,2842.5676425413067,3.4095625193205787
0.06172839506172839,2848.2311213035177,-2.265283533555049
0.06172839506172839,2831.9653259655424,-0.1059764141457916
0.06172839506172839,2834.0892036006617,-2.226242344643418
0.06172839506172839,2842.567676063698,3.410647204355741
0.06172839506172839,2842.567676063698,3.410647204355741
0.06172839506172839,2843.2754834566454,2.7394834479635906
0.06172839506172839,2848.231353076088,-2.272386012281032
0.06172839506172839,2834.7969731470903,-2.9213581486991895
0.06172839506172839,2843.983508642171,2.025294550399005
0.06172839506172839,2832.6731236797673,-0.8195170916090452
0.06172839506172839,2847.5231063373576,-1.5650064967419648
0.06172839506172839,2834.7966839954893,-2.920571998738003
0.06172839506172839,2833.381201055818,-1.5260864886615104
0.06172839506172839,2846.8150016935065,-0.8204106169775323
0.06172839506172839,2834.089101598687,-2.240685441183095
0.06172839506172839,2843.275618582864,2.712406033201821
0.06172839506172839,2845.3992983038065,0.6114933919229396
0.06172839506172839,2820.654884383228,-2.9433173166133724
0.06172839506172839,2832.6730181824073,-0.8359256921615199
0.06172839506172839,2846.815123143563,-0.8383420903777996
0.06172839506172839,2842.5676048070673,3.4062401341643262
0.06172839506172839,2828.425359872771,3.4116959186914624
0.06172839506172839,2846.1074330911297,-0.1266189655168183
0.06172839506172839,2834.7971101514736,-2.9327320852789196
0.06172839506172839,2844.691469057494,1.3187297601636683
0.06172839506172839,2843.983511920904,2.019480027469589
0.06172839506172839,2843.983499114658,2.0125212902157354
0.07407407407407406,2848.231194605352,-2.2611864890688143
0.06172839506172839,2846.8151254136183,-0.8480080739872655
0.06172839506172839,2834.0891111299743,-2.2374215129416
0.06172839506172839,2818.5309796155766,-0.8207929930844794
0.06172839506172839,2834.7967178309773,-2.919218795057466
0.06172839506172839,2843.275158215104,2.741614894658559
0.06172839506172839,2843.983121136202,2.037736421367944
0.06172839506172839,2833.3810679825738,-1.5108973722137102
0.06172839506172839,2833.381263467068,-1.532896751965345
0.06172839506172839,2834.089241886326,-2.252634794074274
0.06172839506172839,2834.0891948610765,-2.2391345991584712
0.04938271604938271,2833.381063875093,-1.5132536286325171
0.04938271604938271,2834.0890474972857,-2.213527013849042
0.04938271604938271,2832.6728448870267,-0.8001496115656915
0.04938271604938271,2847.523401733908,-1.5587908436351392
0.04938271604938271,2843.2755907417813,2.7161310855286303
0.04938271604938271,2846.107475780882,-0.14873013311043545
0.04938271604938271,2831.964914165357,-0.08813654795901403
0.04938271604938271,2848.231365840731,-2.271227205851888
0.04938271604938271,2831.9651448203426,-0.08707601023645302
0.04938271604938271,2830.549363515456,1.3061010144494303
0.04938271604938271,2847.5230804017124,-1.5502463375861015
0.04938271604938271,2833.381229538277,-1.5298044887117368
0.04938271604938271,2846.107215698257,-0.12190322572517986
0.04938271604938271,2847.522944784249,-1.5387474543439827
0.04938271604938271,2842.5674171618275,3.4528932522130056
0.04938271604938271,2846.1074304020476,-0.1458146595668303
0.04938271604938271,2830.5493775304017,1.3065853732200838
0.04938271604938271,2828.4254818441023,3.4119636025327633
0.04938271604938271,2832.6728567308664,-0.8230555353009571
0.04938271604938271,2846.8152544038126,-0.8357846468540437
0.04938271604938271,2831.257205260101,0.6025917830235611
0.04938271604938271,2830.549283956906,1.325151201546012
0.04938271604938271,2817.8230253452107,-0.12314091650324739
0.04938271604938271,2817.1151963962516,0.5738175285031829
0.04938271604938271,2843.9835299567676,2.0229269744949843
0.04938271604938271,2842.567644173662,3.4296744745436882
0.04938271604938271,2828.4255195783417,3.415285987689016
0.04938271604938271,2831.965305238502,-0.10168693839166017
0.04938271604938271,2832.6731476352556,-0.8249865750460027
0.04938271604938271,2834.7971084965416,-2.9157298749904825
0.04938271604938271,2843.275168857197,2.745895945509764
0.04938271604938271,2846.1073893389243,-0.12218072245547179
0.04938271604938271,2829.841384748897,2.0100993682423707
0.04938271604938271,2843.275579365522,2.7222093254355153
0.04938271604938271,2843.2755220780846,2.719051544549918
0.04938271604938271,2833.3812450473974,-1.5428535519687807
0.04938271604938271,2856.7096203657,3.440239543486413
0.04938271604938271,2833.3812386138516,-1.5227830594300735
0.04938271604938271,2845.3991921471165,0.6085697549021541
0.04938271604938271,2846.8154261557165,-0.8621926214621872
0.04938271604938271,2847.5233870741718,-1.5672288520589484
0.04938271604938271,2833.3812839635957,-1.5299756675894602
0.04938271604938271,2842.567239271768,3.4264900914044656
0.04938271604938271,2834.089265503216,-2.247655610097999
0.06172839506172839,2834.7971342262017,-2.9374352610169225
0.04938271604938271,2833.3812185876045,-1.5414178239210032
0.04938271604938271,2845.39941632377,0.601136996339127
0.04938271604938271,2844.6913178202317,1.3281840361255117
0.04938271604938271,2847.523379769688,-1.5598404711080058
0.04938271604938271,2843.275158456889,2.718810469435729
0.04938271604938271,2829.133300938619,2.7179203714691287
0.04938271604938271,2848.231332356542,-2.2646167885434894
0.04938271604938271,2834.7970903512764,-2.941009593013052
0.04938271604938271,2830.549229258677,1.3193113394892662
0.04938271604938271,2833.381122370437,-1.5286602300182575
0.04938271604938271,2829.8409474017412,2.0265288180012497
0.04938271604938271,2832.673239961157,-0.8210692139895651
0.04938271604938271,2830.5493775304017,1.3065853732200838
0.04938271604938271,2831.2571978472956,0.6134924517434929
0.04938271604938271,2846.814993971657,-0.8452772827239905
0.04938271604938271,2828.425483314843,3.4068878453829505
0.04938271604938271,2820.6550063633094,-2.950505974025303
0.04938271604938271,2833.381134064593,-1.5025359463145913
0.04938271604938271,2833.381262143281,-1.526312839105284
0.04938271604938271,2834.79671321561,-2.8976752206825935
0.04938271604938271,2834.089094983048,-2.207572176911352
0.04938271604938271,2842.5676800821498,3.413440564347482
0.04938271604938271,2842.567626078825,3.4330714043267574
0.04938271604938271,2831.2569697638824,0.6210158897254378
0.04938271604938271,2843.2755553171746,2.7484368834270647
0.04938271604938271,2829.841443773099,2.0050305453351687
0.04938271604938271,2846.815408361992,-0.8225135080505093
0.04938271604938271,2834.797183980191,-2.936385300298806
0.04938271604938271,2819.238992761555,-1.521141151225377
0.04938271604938271,2846.107444912965,-0.12081539583288164
0.04938271604938271,2846.8152989518017,-0.8309603095482807
0.04938271604938271,2843.275405987214,2.750033475250032
0.04938271604938271,2829.841291150377,2.0280245416615146
0.04938271604938271,2833.3810704522907,-1.499855298570038
0.04938271604938271,2842.5674307023282,3.41586102661557
0.04938271604938271,2846.107051178504,-0.11396401831614536
0.04938271604938271,2834.0887741055235,-2.2136400090429813
0.04938271604938271,2834.089031299079,-2.2149959422144345
0.04938271604938271,2831.96486779286,-0.09108878543445605
0.04938271604938271,2832.673128117823,-0.8059996367748478
0.04938271604938271,2842.567528698498,3.4437294082785477
0.04938271604938271,2834.7970053797653,-2.9202266238627796
0.04938271604938271,2818.5311710937062,-0.8294424452973298
0.04938271604938271,2829.1330354660386,2.7437719892508796
0.04938271604938271,2831.257364230795,0.602962613889193
0.04938271604938271,2832.6731775978656,-0.7976847183338657
0.04938271604938271,2847.523356453714,-1.5396642305446344
0.04938271604938271,2848.2313204303837,-2.2607817437113376
0.04938271604938271,2848.231365840731,-2.271227205851888
0.06172839506172839,2844.6913705126717,1.3446382770399044
0.04938271604938271,2847.523379769688,-1.5598404711080058
0.04938271604938271,2846.107036002673,-0.1404477417547049
0.04938271604938271,2848.231340688143,-2.2648767017047664
0.04938271604938271,2848.231347992627,-2.272265082655709
0.04938271604938271,2831.9651742938513,-0.0892709636277441
0.04938271604938271,2830.5493433300385,1.3022019932361917
0.04938271604938271,2845.3990719216185,0.6344073516539214
0.04938271604938271,2831.2573443200467,0.6033492922051008
0.04938271604938271,2847.523404922276,-1.5661909752551275
0.04938271604938271,2830.549389443583,1.3032364588086938
0.04938271604938271,2830.5492646221546,1.3228365311565784
0.04938271604938271,2843.2754187365517,2.7342348563664567
0.04938271604938271,2832.673179532045,-0.8036320551704735
0.04938271604938271,2828.4254390429783,3.4079332191718343
0.04938271604938271,2831.96504196181,-0.1028612313673175
0.04938271604938271,2829.133451837771,2.7131543455458345
0.04938271604938271,2834.089245617081,-2.249940118450431
0.04938271604938271,2829.8414127562264,2.008118114948846
0.04938271604938271,2848.2313542420648,-2.2638260592301283
0.04938271604938271,2833.3808540987243,-1.5227300648800133
0.04938271604938271,2829.841261402154,2.0275362172089246
0.04938271604938271,2829.8414329931284,2.009457306831589
0.04938271604938271,2843.2755293637388,2.7319357515423817
0.04938271604938271,2832.67291407189,-0.8233687677900067
0.04938271604938271,2833.3808167596185,-1.5102122318627857
0.04938271604938271,2842.567649268781,3.4078740427017493
0.04938271604938271,2829.1330073872577,2.7203691497882776
0.04938271604938271,2817.822736788768,-0.12319200057896891
0.04938271604938271,2842.567560049035,3.428875407437251
0.04938271604938271,2842.5673527038466,3.4106276860345215
0.04938271604938271,2830.549248779488,1.3162376748112155
0.04938271604938271,2818.5310969500215,-0.8431184409315066
0.04938271604938271,2834.797117215873,-2.922411044163584
0.04938271604938271,2846.815002723061,-0.8229064877013379
0.04938271604938271,2846.8150049873925,-0.8313016195071932
0.04938271604938271,2846.107304190665,-0.11485074808548631
0.04938271604938271,2834.797065020037,-2.943269299678795
0.04938271604938271,2846.8154179490325,-0.8592344748291953
0.04938271604938271,2833.381207313158,-1.5461759371250332
0.04938271604938271,2820.6550230357034,-2.9501176587333457
0.04938271604938271,2843.275422043432,2.737123550413534
0.04938271604938271,2832.673122203288,-0.8068724662229466
0.04938271604938271,2829.8409839623873,2.0129568574753396
0.04938271604938271,2819.947063587989,-2.2501571852863975
0.04938271604938271,2828.425499987237,3.4072761606749076
0.04938271604938271,2833.3808042198248,-1.5292294091163308
0.04938271604938271,2818.5310167133803,-0.8222082540083856
0.04938271604938271,2829.1333262935254,2.7229603661851467
0.04938271604938271,2843.275445699574,2.740742444533751
0.04938271604938271,2831.9651912358986,-0.09336965498912196
0.04938271604938271,2819.2389271947113,-1.5330509150667821
0.04938271604938271,2842.5675740254405,3.431387534290778
0.04938271604938271,2831.257330940012,0.6017170770675674
0.04938271604938271,2831.257330940012,0.6017170770675674
0.04938271604938271,2831.257246249068,0.599892437991164
0.04938271604938271,2819.9470697990587,-2.2437795734098227
0.04938271604938271,2829.1333314625645,2.7157396999132946
0.04938271604938271,2843.2754908954894,2.7288999074500473
0.04938271604938271,2819.946944725598,-2.2295634490641287
0.04938271604938271,2844.691461665432,1.329371011082103
0.04938271604938271,2843.2755972478813,2.7167833787435285
0.04938271604938271,2834.0888150171795,-2.2277662954767745
0.04938271604938271,2830.549383692804,1.3109381350790754
0.04938271604938271,2832.6728599461303,-0.7977946455729831
0.04938271604938271,2830.5492621050093,1.319373708475975
0.06172839506172839,2829.8413516316105,2.0195008238010335
0.04938271604938271,2833.3810395002556,-1.499128889105485
0.04938271604938271,2844.69151758641,1.3126864201254116
0.04938271604938271,2818.53071157113,-0.8230297113719317
0.04938271604938271,2842.5676380314794,3.4352341909696333
0.04938271604938271,2830.5492708370425,1.3209362120942632
0.04938271604938271,2842.5676648960366,3.4303500010825494
0.04938271604938271,2833.381220680696,-1.5215425566726317
0.04938271604938271,2834.0890643718794,-2.2311131069846595
0.04938271604938271,2843.275531515754,2.740071255833289
0.04938271604938271,2842.5674542247752,3.455984136915493
0.04938271604938271,2831.2573625118494,0.6006867003648285
0.04938271604938271,2834.7971701316224,-2.9532923107749944
0.04938271604938271,2831.9651839419193,-0.090698752717547
0.04938271604938271,2818.5309542331274,-0.8198915232361496
0.04938271604938271,2831.965172148138,-0.10284395516617002
0.04938271604938271,2847.5232457517077,-1.5306407938049567
0.04938271604938271,2831.9652597554536,-0.0978449512984084
0.04938271604938271,2833.381239011723,-1.5305775060242548
0.04938271604938271,2846.815450509921,-0.8605024514434682
0.04938271604938271,2848.231375885687,-2.2604761968643503
0.04938271604938271,2818.5309654155926,-0.8301182792391174
0.04938271604938271,2817.823015418943,-0.11816965530835118
0.04938271604938271,2829.841409394314,2.0143421505383032
0.04938271604938271,2834.7971426591726,-2.9311809006086222
0.04938271604938271,2843.275456932318,2.7347609738686196
0.04938271604938271,2846.1073984729433,-0.14318213472997696
0.04938271604938271,2832.673305932067,-0.8409055340607298
0.04938271604938271,2820.6550063633094,-2.950505974025303
0.04938271604938271,2843.2752258438813,2.716309329866069
0.04938271604938271,2843.9830973663475,2.0415561116116887
0.04938271604938271,2847.5233870741718,-1.5672288520589484
0.04938271604938271,2834.7971680662663,-2.9433705139392345
0.04938271604938271,2834.0887959737624,-2.2373411582802216
0.04938271604938271,2834.7967015782538,-2.9192174982871872
0.04938271604938271,2831.2569371812406,0.6150394645378828
0.04938271604938271,2834.7971680662663,-2.9433705139392345
0.04938271604938271,2843.275177286923,2.7362941998489614
0.04938271604938271,2834.089227768977,-2.2509779952542517
0.04938271604938271,2842.567621376615,3.423327232387427
0.04938271604938271,2846.8152001652425,-0.8629956716482375
0.04938271604938271,2848.2313839130456,-2.277178506248534
0.04938271604938271,2842.567237457947,3.418254282655388
0.04938271604938271,2843.275546374651,2.723204425383491
0.04938271604938271,2831.9648906789503,-0.09102827796002476
0.04938271604938271,2846.815122967357,-0.8383610463028426
0.04938271604938271,2844.691050135479,1.3337293141061846
0.04938271604938271,2842.567175880753,3.4438833251315
0.06172839506172839,2831.9651556784283,-0.0956834559611278
0.04938271604938271,2834.797028065968,-2.9483100059575715
0.04938271604938271,2842.5676175947497,3.4276131956782674
0.04938271604938271,2834.088794576589,-2.2404829221633715
0.04938271604938271,2846.107327141445,-0.12726670804425236
0.04938271604938271,2833.3808522849035,-1.5309658736290908
0.06172839506172839,2832.6731121452385,-0.8014832139449963
0.04938271604938271,2832.673098957544,-0.8075384042514794
0.04938271604938271,2842.5673360314527,3.4102393707425644
0.04938271604938271,2843.983089217024,2.038765544703173
0.04938271604938271,2843.9833665945503,2.037520401387118
0.04938271604938271,2834.797188687432,-2.9560142258510127
0.06172839506172839,2832.673111225528,-0.8011881244895476
0.04938271604938271,2829.8412700365757,2.0193801930370476
0.04938271604938271,2833.381002104287,-1.5168113912904662
0.04938271604938271,2834.79683280915,-2.93444627339928
0.04938271604938271,2846.8152830229315,-0.81964781184321
0.04938271604938271,2847.523411428376,-1.5655386820402293
0.06172839506172839,2848.2313561769065,-2.2603886052932403
0.04938271604938271,2834.089105393666,-2.2213611206718356
0.04938271604938271,2834.0892059658527,-2.247889782565542
0.04938271604938271,2832.673152380741,-0.8258100974048171
0.04938271604938271,2832.673207828479,-0.8013485618198134
0.04938271604938271,2846.815164879518,-0.835022999794709
0.04938271604938271,2843.2756145580024,2.7092654460030325
0.04938271604938271,2842.5677019024643,3.409777735863306
0.04938271604938271,2834.7969573774853,-2.9491941672303796
0.04938271604938271,2816.4072354777963,1.278853759099944
0.04938271604938271,2834.796974736141,-2.8978204818410163
0.04938271604938271,2830.5493472097496,1.3055284641461884
0.04938271604938271,2832.6731476352556,-0.8249865750460027
0.04938271604938271,2831.965205062138,-0.0907100911271964
0.04938271604938271,2843.275607622689,2.7279763623260607
0.04938271604938271,2834.089265503216,-2.247655610097999
0.04938271604938271,2834.797205800506,-2.940048128782982
0.04938271604938271,2830.549201854928,1.3170290247512884
0.04938271604938271,2843.2754433225064,2.7436645897843928
0.06172839506172839,2846.815329254071,-0.8262293302637154
0.04938271604938271,2843.275333466107,2.701422906154411
0.04938271604938271,2834.7970079556344,-2.935687363673585
0.04938271604938271,2848.2313839130456,-2.277178506248534
0.04938271604938271,2834.089197718486,-2.2360550987759122
0.04938271604938271,2832.6731541014638,-0.8099172872562656
0.04938271604938271,2818.5310282795945,-0.8288118476199297
0.04938271604938271,2846.815285550275,-0.8258009107714901
0.04938271604938271,2834.7970636468963,-2.935927326651799
0.04938271604938271,2842.5672259394646,3.4401626802197907
0.06172839506172839,2843.9834354127815,2.0168428086313432
0.04938271604938271,2817.8231552795914,-0.14338394921952752
0.04938271604938271,2833.3808522849035,-1.5309658736290908
0.04938271604938271,2828.4251175834056,3.424982919357957
0.04938271604938271,2832.673310280648,-0.8447885809508159
0.04938271604938271,2846.8154620761356,-0.8671060450550122
0.04938271604938271,2834.797193036013,-2.959897272741099
0.04938271604938271,2843.2755785132044,2.7225769650815064
0.06172839506172839,2848.231235917072,-2.2573367431564577
0.04938271604938271,2846.8154547716517,-0.8597176641040697
0.04938271604938271,2834.797120531288,-2.9308161173628617
0.04938271604938271,2845.3994867539122,0.6105886131514581
0.06172839506172839,2829.8414413963565,2.0008964688956414
0.04938271604938271,2843.9834254714997,2.0063015367627113
0.04938271604938271,2843.27558229507,2.718291001790666
0.04938271604938271,2848.231093827367,-2.2527262550029747
0.04938271604938271,2842.567683397564,3.405035491147977
0.06172839506172839,2847.5232792927995,-1.5523132782305145
0.04938271604938271,2831.257249866422,0.6042165468975572
0.04938271604938271,2843.27561093386,2.7069863886189407
0.06172839506172839,2846.1074849877555,-0.1518835071145013
0.04938271604938271,2843.275637511389,2.709149755345313
0.04938271604938271,2847.5234156901065,-1.5647538947008308
0.04938271604938271,2832.672884932903,-0.8058591504936227
0.06172839506172839,2847.5232792927995,-1.5523132782305145
0.04938271604938271,2834.089197718486,-2.2360550987759122
0.04938271604938271,2832.6731221368436,-0.8105028426422701
0.04938271604938271,2843.27558229507,2.718291001790666
0.04938271604938271,2843.275196461588,2.71427472210822
0.06172839506172839,2834.7968567488447,-2.9289753582441462
0.04938271604938271,2844.691086055898,1.3288158905133596
0.04938271604938271,2834.089232117558,-2.254861042144338
0.04938271604938271,2829.841291845458,2.022210122853156
0.04938271604938271,2848.231108915573,-2.2577742229787834
0.04938271604938271,2847.5229935626685,-1.5500336588267407
0.04938271604938271,2834.7969929073092,-2.9263884923656946
0.04938271604938271,2817.1147987772206,0.5887013654491383
0.04938271604938271,2845.3993171413194,0.6195256248049271
0.04938271604938271,2831.965331166629,-0.10455149403239648
0.04938271604938271,2846.8150702774346,-0.8406246690104545
0.06172839506172839,2834.089217221184,-2.220687522563394
0.04938271604938271,2834.089199532307,-2.2278192900268348
0.04938271604938271,2844.691443128741,1.3285825621190035
0.04938271604938271,2832.673095816241,-0.8096844175209378
0.04938271604938271,2832.673288468076,-0.8143482918449615
0.04938271604938271,2834.0890738218286,-2.2203307439690967
0.04938271604938271,2831.257117612009,0.6195632432967867
0.04938271604938271,2819.947057023889,-2.2493686588075565
0.04938271604938271,2817.8231573147064,-0.13121870209357805
0.04938271604938271,2831.965138330778,-0.09032719174294744
0.04938271604938271,2842.5676497094614,3.423451824477823
0.04938271604938271,2834.0892059658527,-2.247889782565542
0.04938271604938271,2846.81541358842,-0.8589824937536131
0.04938271604938271,2834.797177930457,-2.9587608495074242
0.04938271604938271,2842.567564527385,3.4363021976730472
0.04938271604938271,2833.381052726199,-1.5228158992334997
0.04938271604938271,2848.2313615030057,-2.268653702063917
0.04938271604938271,2834.0890779874353,-2.239247197693178
0.04938271604938271,2831.2569444692226,0.5997324927623798
0.04938271604938271,2846.107464058135,-0.1423329513538
0.04938271604938271,2842.567621376615,3.423327232387427
0.04938271604938271,2829.1334525277716,2.69479264780791
0.04938271604938271,2831.9652558605694,-0.12656660271087242
0.06172839506172839,2848.231381692023,-2.2699110549229147
0.04938271604938271,2834.797098057156,-2.9481135952630297
0.04938271604938271,2831.9649400744115,-0.0942298199595125
0.04938271604938271,2817.8231555008856,-0.13945451084265553
0.04938271604938271,2842.5674869463523,3.4371356648620885
0.04938271604938271,2833.3812432335767,-1.5510893607178582
0.04938271604938271,2842.567621376615,3.423327232387427
0.04938271604938271,2834.7971586369413,-2.9410913293726733
0.04938271604938271,2842.5675415432484,3.4273325444352642
0.04938271604938271,2847.5234229945904,-1.5721422756517733
0.04938271604938271,2848.2310879267693,-2.262758709245376
0.06172839506172839,2842.5676685118024,3.4239857058592813
0.04938271604938271,2834.7971041521487,-2.9273038021186935
0.04938271604938271,2843.9833715703567,2.0421136873506933
0.04938271604938271,2831.2572285817378,0.6087664179895246
0.04938271604938271,2818.531159528363,-0.8403107058278446
0.04938271604938271,2842.567683397564,3.405035491147977
0.04938271604938271,2820.6550256821547,-2.9545438543712947
0.06172839506172839,2831.257345160952,0.596775308098765
0.04938271604938271,2833.381167209682,-1.5160949176912695
0.04938271604938271,2842.567632790084,3.41635243896242
0.04938271604938271,2828.425234506679,3.4197394239316976
0.04938271604938271,2830.549205593686,1.3130395320452612
0.04938271604938271,2846.8154132684504,-0.8414539029248403
0.06172839506172839,2834.796956934333,-2.9093545491837958
0.04938271604938271,2832.6731641565366,-0.794657412839545
0.04938271604938271,2832.6731703940227,-0.8031662301977663
0.04938271604938271,2817.1150410927935,0.5824482565062098
0.04938271604938271,2829.841307618144,2.0229209225242606
0.04938271604938271,2844.691489026424,1.3093549638305912
0.04938271604938271,2834.08882339948,-2.235479051615183
0.04938271604938271,2842.567668292008,3.406171914381652
0.06172839506172839,2831.2572073308065,0.603767930487672
0.04938271604938271,2831.964872002485,-0.0914735613191743
0.06172839506172839,2848.2313665864667,-2.26877463168924
0.04938271604938271,2842.567289218346,3.42085634501989
0.06172839506172839,2847.523112059217,-1.5541178651057097
0.04938271604938271,2833.381127218554,-1.528024213656384
0.04938271604938271,2848.231391100655,-2.260338957869507
0.06172839506172839,2843.2755275491077,2.731765061406623
0.04938271604938271,2848.2313688074896,-2.2760420830148593
0.04938271604938271,2842.5675584323926,3.415492404528711
0.04938271604938271,2842.5672913705657,3.420923917643383
0.04938271604938271,2834.7970830682893,-2.9377588038127755
0.04938271604938271,2848.2313572088233,-2.2686409363930995
0.04938271604938271,2843.2755254458402,2.731265967076286
0.04938271604938271,2844.6910874101472,1.3322969600617025
0.04938271604938271,2829.8414252281245,2.0052451566869274
0.04938271604938271,2847.5234078890344,-1.5710058524180988
0.04938271604938271,2829.841380512502,2.0101133438900227
0.04938271604938271,2848.2313126719073,-2.257762663855345
0.04938271604938271,2834.0892485838394,-2.254754995613402
0.04938271604938271,2830.5493677613604,1.299773211449747
0.04938271604938271,2848.2313486023795,-2.2722152020793107
0.04938271604938271,2842.5676849830875,3.402678350347903
0.04938271604938271,2843.275252289021,2.715887687046622
0.04938271604938271,2830.5493983452643,1.3028083728609334
0.04938271604938271,2848.23118462942,-2.2316938793808525
0.04938271604938271,2831.256981094882,0.595011078691707
0.04938271604938271,2848.2309215383143,-2.258601717813625
0.04938271604938271,2848.2313698941725,-2.268985041172854
0.04938271604938271,2844.6913347908635,1.3310169167213726
0.04938271604938271,2846.8150234615478,-0.837080943327097
0.04938271604938271,2844.6914678419116,1.3252130139942573
0.04938271604938271,2833.3811024968395,-1.4981898687318531
0.04938271604938271,2844.6913720609946,1.3373085080958926
0.04938271604938271,2829.133340678525,2.7298788052315817
0.06172839506172839,2848.2313932573666,-2.2590427943924
0.04938271604938271,2832.673155636252,-0.8221196030674124
0.04938271604938271,2820.6549434951644,-2.938439196348414
0.04938271604938271,2829.8413296470585,2.0278709114620845
0.04938271604938271,2817.822756830415,-0.11068754893250483
0.04938271604938271,2833.3808657233894,-1.530133084285089
0.04938271604938271,2820.654658062523,-2.933277073053036
0.04938271604938271,2846.815329698191,-0.8455015397583757
0.04938271604938271,2843.9835304072785,2.0062960339400515
0.04938271604938271,2843.2755694888237,2.7113322645368125
0.04938271604938271,2846.10733985863,-0.12239544496910279
0.04938271604938271,2856.709757180361,3.383941418391903
0.04938271604938271,2846.107464932091,-0.13661156931479676
0.04938271604938271,2831.9653251492496,-0.10207361670756789
0.04938271604938271,2818.530859385276,-0.829604288405848
0.04938271604938271,2828.425104316616,3.4254946563208453
0.04938271604938271,2848.2313615030057,-2.268653702063917
0.04938271604938271,2848.2313688074896,-2.2760420830148593
0.04938271604938271,2843.275159644453,2.7365589556490786
0.04938271604938271,2834.0892485838394,-2.254754995613402
0.06172839506172839,2843.2753416996547,2.7445862720929206
0.04938271604938271,2834.0891079433914,-2.242609615177989
0.04938271604938271,2843.983513037391,2.0158275889795814
0.04938271604938271,2833.3812384456664,-1.533628323564441
0.04938271604938271,2834.089196390836,-2.241080906998885
0.04938271604938271,2834.797115203557,-2.9450337408626623
0.04938271604938271,2834.089100578489,-2.2411031902240297
0.04938271604938271,2848.2313569000166,-2.2760889175084134
0.04938271604938271,2842.5676849830875,3.402678350347903
0.04938271604938271,2831.96506608743,-0.11358974750324673
0.04938271604938271,2834.7971573092914,-2.946117137595646
0.04938271604938271,2829.133065235071,2.7204584257240843
0.04938271604938271,2848.2313412978956,-2.264826821128368
0.04938271604938271,2834.796758211805,-2.934982074750971
0.06172839506172839,2833.380963314006,-1.519149613923019
0.06172839506172839,2832.673113829006,-0.8007193525150369
0.04938271604938271,2819.946642683185,-2.219384262896595
0.06172839506172839,2829.8410620130267,2.0318882165149237
0.04938271604938271,2842.5672547344047,3.452369994804675
0.04938271604938271,2834.089220056509,-2.221788301257046
0.04938271604938271,2820.65487229157,-2.9368060240304743
0.04938271604938271,2834.796744103857,-2.908345451198036
0.04938271604938271,2831.965210247698,-0.08561434827240465
0.04938271604938271,2818.531030453258,-0.8172970648619166
0.04938271604938271,2829.133356933982,2.7327218015334687
0.04938271604938271,2829.8410640712027,2.031948955443138
0.04938271604938271,2843.275484519351,2.7218210465032
0.04938271604938271,2834.797183980191,-2.936385300298806
0.04938271604938271,2832.673334243164,-0.8129312193822985
0.04938271604938271,2834.089012549356,-2.1935040058384514
0.04938271604938271,2829.841332058296,2.0270310524445243
0.04938271604938271,2843.275192501095,2.752192352890247
0.04938271604938271,2828.4255293298647,3.417918439470453
0.04938271604938271,2830.5492996514913,1.3242037222262542
0.04938271604938271,2842.5676910328216,3.4250538995565214
0.04938271604938271,2820.6546436132576,-2.926652435707977
0.06172839506172839,2843.2751661432853,2.7535198159330783
0.04938271604938271,2845.39933297945,0.6322722774991315
0.04938271604938271,2819.2391320121615,-1.5344786758940907
0.04938271604938271,2847.5234272554503,-1.553885634170316
0.04938271604938271,2829.8413274064346,2.028402930671998
0.04938271604938271,2816.407245229319,1.2814862108813814
0.04938271604938271,2842.5674930874948,3.4481312365955628
0.04938271604938271,2830.549328145616,1.3270059649223884
0.04938271604938271,2829.8414581627862,2.013189649539324
0.04938271604938271,2831.2572122212914,0.6109775235520619
0.04938271604938271,2845.399437938679,0.6021084641805464
0.04938271604938271,2817.8231331324982,-0.13621087155826356
0.04938271604938271,2817.8231762415203,-0.13203083594669154
0.06172839506172839,2830.5492446256726,1.3127195549670407
0.04938271604938271,2831.2568996828804,0.6154623651744463
0.06172839506172839,2843.2754057004067,2.72931595476307
0.04938271604938271,2834.7970817837613,-2.9240601628343015
0.04938271604938271,2829.133329763894,2.7180716418083772
0.04938271604938271,2845.3993071519812,0.6227191365425905
0.06172839506172839,2832.673140853956,-0.8070417250876568
0.04938271604938271,2830.5493707578235,1.292369693492285
0.04938271604938271,2834.796722838136,-2.9303842609594337
0.04938271604938271,2834.7970981629005,-2.9275724780784698
0.06172839506172839,2843.2755464432416,2.715005915479697
0.04938271604938271,2833.3812597813876,-1.5349678370541457
0.04938271604938271,2832.6732879122605,-0.8415449416664239
0.04938271604938271,2843.2754035971393,2.728816860432733
0.04938271604938271,2833.38122820955,-1.5339374603514069
0.04938271604938271,2846.8154324032644,-0.8564740248196777
0.04938271604938271,2834.797170667626,-2.956653633456707
0.04938271604938271,2832.673146827978,-0.8295746051849698
0.04938271604938271,2833.38087151693,-1.495528562423463
0.04938271604938271,2829.841261652022,2.0225948915287613
0.04938271604938271,2834.0889895194737,-2.238031920818205
0.04938271604938271,2834.79706093672,-2.9207752075585383
0.04938271604938271,2848.230959805655,-2.231564102120125
0.04938271604938271,2817.1147791128556,0.5897785766454312
0.04938271604938271,2829.133333718545,2.7364584705894033
0.04938271604938271,2832.6731497535407,-0.7926393322637719
0.04938271604938271,2830.549197649033,1.3203868310932663
0.04938271604938271,2847.523413250974,-1.566167884228522
0.06172839506172839,2834.089136917476,-2.221443693925335
0.04938271604938271,2832.6731234530475,-0.8299787445106882
0.04938271604938271,2833.3810893162613,-1.512205083642183
0.04938271604938271,2830.5493910824334,1.3049155889116508
0.04938271604938271,2830.549285474345,1.323325122549274
0.06172839506172839,2833.3812575539755,-1.5134164235578762
0.04938271604938271,2842.5676910328216,3.4250538995565214
0.04938271604938271,2834.0890807681017,-2.210505576322637
0.04938271604938271,2834.7970920479543,-2.9372347704042654
0.04938271604938271,2831.2573859346194,0.6075039795610128
0.04938271604938271,2829.8413220877896,2.032047643190733
0.04938271604938271,2832.673168229711,-0.791783569241009
0.04938271604938271,2831.256983141525,0.6237116881893844
0.04938271604938271,2842.5676461484186,3.4058159431013593
0.04938271604938271,2843.275607066874,2.7007797125045983
0.04938271604938271,2832.6731509077417,-0.828693125712615
0.04938271604938271,2833.3811397621052,-1.5354661685305107
0.04938271604938271,2842.5676517375064,3.405815268578934
0.04938271604938271,2829.8412994076266,2.025165100641086
0.04938271604938271,2829.8412906755934,2.0236025970227978
0.04938271604938271,2830.5493032790664,1.3005386780376074
0.04938271604938271,2834.797170667626,-2.956653633456707
0.04938271604938271,2831.965170560372,-0.09135843832789124
0.04938271604938271,2832.6728467884145,-0.8028442573266227
0.04938271604938271,2818.530962081458,-0.833169316564694
0.04938271604938271,2843.275500714482,2.712896241211117
0.04938271604938271,2829.133311122991,2.72883248098872
0.04938271604938271,2829.8413005466186,2.025473016853019
0.04938271604938271,2834.089149056948,-2.229192689981053
0.04938271604938271,2832.6731774163386,-0.8262242721379695
0.04938271604938271,2845.3990216753073,0.62523540000935
0.04938271604938271,2831.257160281821,0.6114370835055728
0.04938271604938271,2832.673012449336,-0.8357647839512162
0.04938271604938271,2832.673055586084,-0.7922745471062828
0.04938271604938271,2832.6728310103863,-0.809917440926082
0.04938271604938271,2834.088915111581,-2.2238177674039967
0.04938271604938271,2831.2573832436824,0.5989910891112477
0.04938271604938271,2831.2569351624693,0.6150772402343382
0.04938271604938271,2846.81526049042,-0.8256704459412767
0.04938271604938271,2830.5492369288404,1.3185286823402538
0.04938271604938271,2843.2751741360644,2.728956793488512
0.04938271604938271,2844.6913326026556,1.3284453890073191
0.04938271604938271,2843.9833716842004,2.0334816196043075
0.04938271604938271,2843.9834190594775,2.033825619812731
0.04938271604938271,2847.52340594649,-1.5587795032775795
0.04938271604938271,2829.8412732926818,2.026859853759268
0.04938271604938271,2846.107206836779,-0.12876200711966343
0.04938271604938271,2844.6914726631535,1.314424840947785
0.04938271604938271,2843.9835117446983,2.0194610715447734
0.04938271604938271,2843.983374828008,2.034527314854321
0.04938271604938271,2845.399151889794,0.6055746068254474
0.04938271604938271,2843.9833716842004,2.0334816196043075
0.04938271604938271,2845.3992807148643,0.6164504211567045
0.04938271604938271,2846.8153957720947,-0.849558013405548
0.04938271604938271,2844.691066562034,1.3225962802482254
0.04938271604938271,2832.6731562889054,-0.8025785874411292
0.04938271604938271,2831.965200179441,-0.09076260807453128
0.04938271604938271,2831.257364334447,0.6000574981765358
0.06172839506172839,2847.5234110299516,-1.5589004329029028
0.04938271604938271,2829.133460166469,2.71317743657244
0.04938271604938271,2830.5493721353664,1.3086767177532492
0.04938271604938271,2831.9651945357305,-0.0925967870125287
0.06172839506172839,2842.567456245872,3.4536065387956576
0.04938271604938271,2848.231104740415,-2.267601248531806
0.04938271604938271,2834.7970167577582,-2.911899127069202
0.04938271604938271,2847.523373955131,-1.5572272766524209
0.04938271604938271,2843.275170839569,2.738743421859871
0.04938271604938271,2843.275455806142,2.7104190530264614
0.04938271604938271,2829.8412989295966,2.0214426858413184
0.04938271604938271,2848.231362827527,-2.2635685863838804
0.04938271604938271,2830.5492631056427,1.31958965017068
0.04938271604938271,2834.7971942430686,-2.9423095461088082
0.04938271604938271,2818.531018535978,-0.8228374561966784
0.04938271604938271,2843.983481725822,2.0357343165622845
0.04938271604938271,2846.8150280411883,-0.8368795466927587
0.04938271604938271,2847.5233681146856,-1.541630416954832
0.04938271604938271,2846.107034677379,-0.12125406896614446
0.04938271604938271,2828.4250874413246,3.4260008172018512
0.04938271604938271,2843.2754230962973,2.7250750210261767
0.04938271604938271,2832.6731128390315,-0.7964377274943873
0.04938271604938271,2833.381240834321,-1.5312067082125476
0.04938271604938271,2820.6549911645684,-2.958248499845981
0.04938271604938271,2842.567265160668,3.426792262535699
0.04938271604938271,2834.0888343769966,-2.2333161653453395
0.04938271604938271,2832.6731337567317,-0.8032897434812328
0.04938271604938271,2832.6731029207504,-0.7947245780962005
0.04938271604938271,2828.4255080209045,3.4130245703631896
0.04938271604938271,2829.8410432413048,2.026541347727541
0.04938271604938271,2847.5229950128078,-1.542502389203579
0.04938271604938271,2848.2313574783498,-2.2677105507913065
0.04938271604938271,2833.3812614554863,-1.5438504201243257
0.04938271604938271,2829.1333423886645,2.7208023939472366
0.06172839506172839,2829.8414316527396,2.0068708603188927
0.04938271604938271,2846.8152681544498,-0.8167834499977542
0.04938271604938271,2834.7971459801515,-2.9377856053723206
0.04938271604938271,2828.4255080209045,3.4130245703631896
0.04938271604938271,2819.9470454664515,-2.2516300761333827
0.04938271604938271,2847.5229799466665,-1.540305205257872
0.04938271604938271,2848.231384582144,-2.2635921863675983
0.06172839506172839,2842.567642027921,3.426634892780751
0.04938271604938271,2831.2573676307097,0.596532328764194
0.04938271604938271,2830.5494067122545,1.301568559360955
0.04938271604938271,2843.275365093162,2.745729422973671
0.04938271604938271,2833.3811650748185,-1.5369071080314913
0.06172839506172839,2845.3994679709735,0.6136947897026782
0.04938271604938271,2830.549295649755,1.3149446036771013
0.04938271604938271,2833.380820777234,-1.5129269770169935
0.04938271604938271,2848.2313692776934,-2.275653016930338
0.04938271604938271,2843.275575847716,2.7207402238015757
0.04938271604938271,2847.5232297834427,-1.551359608891679
0.04938271604938271,2832.6728578191933,-0.7976301844442983
0.04938271604938271,2829.841285699904,2.0106320548750976
0.04938271604938271,2845.399445796835,0.5986727947572116
0.04938271604938271,2833.3810911364376,-1.5168713392026143
0.04938271604938271,2843.2754542795465,2.7130307853442073
0.04938271604938271,2847.5234092427527,-1.5623046726899212
0.04938271604938271,2846.1073200206492,-0.13434311747112485
0.04938271604938271,2844.6910937216453,1.332886466316685
0.04938271604938271,2846.1074576107812,-0.13988372934289042
0.04938271604938271,2819.9468855390023,-2.2431774479319433
0.04938271604938271,2833.381072017095,-1.517265344789645
0.04938271604938271,2848.2313741694293,-2.2712041148252826
0.04938271604938271,2834.796737444905,-2.905762670593866
0.04938271604938271,2846.815245280562,-0.8352080446051328
0.04938271604938271,2832.6732647587446,-0.8120037164115925
0.04938271604938271,2843.275586309486,2.7104975927109547
0.06172839506172839,2829.8412999045386,2.0188780842860954
0.04938271604938271,2834.797203860098,-2.9576196803331727
0.04938271604938271,2834.7971870738456,-2.958474675722036
0.04938271604938271,2847.522985301494,-1.5558202455649086
0.04938271604938271,2846.1074274806265,-0.12591249992149436
0.04938271604938271,2846.1070717769244,-0.14099093207036825
0.04938271604938271,2846.8152756630857,-0.8272759004234367
0.04938271604938271,2833.3812400500747,-1.524125702487894
0.04938271604938271,2833.380826753544,-1.5241175059911232
0.04938271604938271,2829.13304835978,2.72096458660509
0.04938271604938271,2834.089253945779,-2.2499170274238254
0.04938271604938271,2831.257321758473,0.5984214525666883
0.04938271604938271,2842.567634103926,3.4037569766575952
0.04938271604938271,2834.089065956477,-2.241669145336507
0.04938271604938271,2845.3994803065584,0.6130378351623677
0.04938271604938271,2814.991305379712,2.683139633555525
0.04938271604938271,2847.523393619496,-1.5583044878487136
0.04938271604938271,2831.965188017141,-0.09160846532492815
0.04938271604938271,2817.115052717754,0.5789461781204736
0.04938271604938271,2816.407227216622,1.2730671723617761
0.04938271604938271,2829.841305233918,2.0228302035154933
0.04938271604938271,2831.965173716742,-0.09074971822517273
0.04938271604938271,2834.089222320477,-2.2399397378246335
0.06172839506172839,2820.654830512006,-2.929141381656766
0.04938271604938271,2842.5675983288047,3.4384689832740953
0.04938271604938271,2830.549407003467,1.3041211716381684
0.04938271604938271,2831.257230238798,0.6067053737933993
0.04938271604938271,2845.3990442897048,0.6219581363188434
0.06172839506172839,2829.8413069642725,2.015042642390833
0.06172839506172839,2848.2313752446694,-2.267461832912005
0.04938271604938271,2847.523249963822,-1.546344098375065
0.04938271604938271,2830.5492677872276,1.3158194786037956
0.04938271604938271,2830.5493530546287,1.2997401750106081
0.04938271604938271,2847.523393619496,-1.5583044878487136
0.04938271604938271,2846.1073200206492,-0.13434311747112485
0.04938271604938271,2834.7971586231333,-2.958712599900471
0.04938271604938271,2834.0889770182976,-2.2502960947533297
0.04938271604938271,2846.1074947103266,-0.1596205924471142
0.04938271604938271,2833.3810911364376,-1.5168713392026143
0.06172839506172839,2831.2571961608683,0.6076184437362799
0.04938271604938271,2843.2755518744225,2.722348632473827
0.04938271604938271,2842.5676149292613,3.4257764543983367
0.04938271604938271,2844.6913423264095,1.324053510051007
0.04938271604938271,2847.5234165472366,-1.5696930536408638
0.04938271604938271,2832.6731441195666,-0.831596684142985
0.04938271604938271,2834.7970789442575,-2.946780120467301
0.04938271604938271,2834.797021618614,-2.945860783946662
0.04938271604938271,2845.3990489233906,0.606577364190288
0.04938271604938271,2830.5492147440386,1.3160804200420233
0.04938271604938271,2830.549262331709,1.3170640652547507
0.04938271604938271,2829.841317424076,2.024346083715752
0.04938271604938271,2846.8154079462233,-0.8568109478766227
0.06172839506172839,2848.23136094427,-2.2666030858122497
0.04938271604938271,2834.7969866970493,-2.9323583249351284
0.04938271604938271,2832.6730999425904,-0.8165706393605684
0.04938271604938271,2833.381217611558,-1.5266206609662072
0.04938271604938271,2832.673093230979,-0.7938060750187671
0.06172839506172839,2831.25735348965,0.5967983991253705
0.04938271604938271,2830.549256346007,1.3117243110473407
0.04938271604938271,2846.815289963485,-0.8281346475231921
0.04938271604938271,2846.1074751869774,-0.14376789543494797
0.04938271604938271,2831.9652540309744,-0.10470965772051223
0.04938271604938271,2846.815442476558,-0.8510645432377149
0.04938271604938271,2829.133333019383,2.716161477319714
0.04938271604938271,2834.0890574170394,-2.241727016412531
0.04938271604938271,2832.6731278774605,-0.8056352080450858
0.04938271604938271,2846.8154207935677,-0.8533150917455068
0.04938271604938271,2834.0890134050815,-2.2336352271877984
0.04938271604938271,2834.08877728294,-2.231088680633027
0.04938271604938271,2843.9833681904893,2.0360698354613387
0.04938271604938271,2834.08876513828,-2.234265639713092
0.04938271604938271,2848.231347992627,-2.272265082655709
0.04938271604938271,2818.5311414560483,-0.8343594054311988
0.04938271604938271,2834.7971749636986,-2.953945972344453
0.04938271604938271,2844.6913845000036,1.3298355171255731
0.04938271604938271,2820.6550242114135,-2.949468097221482
0.037037037037037035,2847.5233975797423,-1.5660030880727092
0.037037037037037035,2831.9653125368327,-0.10160013463437403
0.037037037037037035,2843.9836067686147,2.0211911029406813
0.037037037037037035,2830.5494200463686,1.3108366744158035
0.037037037037037035,2830.549300489614,1.3223369622677625
0.037037037037037035,2832.673158676494,-0.7914473988656494
0.037037037037037035,2843.2756081242233,2.725899883718673
0.037037037037037035,2815.6991186993637,1.9923463106544532
0.037037037037037035,2819.946938083478,-2.232073901028402
0.037037037037037035,2833.3812546227146,-1.540240056112159
0.037037037037037035,2843.983465173947,2.037353839828872
0.037037037037037035,2819.9470841387674,-2.2378037679324096
0.037037037037037035,2820.6549429298466,-2.9384521818365976
0.037037037037037035,2828.4254184106394,3.4240173947214685
0.037037037037037035,2843.275483824071,2.7282346287469657
0.037037037037037035,2829.8412676674507,2.0143898020756064
0.037037037037037035,2848.2313461818812,-2.263343822350939
0.037037037037037035,2832.6730805483444,-0.7932923650160786
0.037037037037037035,2817.1147817161154,0.590545563702959
0.037037037037037035,2843.275188687994,2.7373246404687754
0.037037037037037035,2846.10742796151,-0.13743848368579062
0.037037037037037035,2846.815271176115,-0.8406935605774696
0.037037037037037035,2833.3811196734405,-1.5054883016506915
0.037037037037037035,2844.691116278319,1.3339580549583925
0.037037037037037035,2833.380804043619,-1.5292483650411464
0.037037037037037035,2833.3812662852038,-1.5459547501456743
0.037037037037037035,2846.8151292334037,-0.8467594726816323
0.037037037037037035,2846.8153618804286,-0.8337747160174473
0.037037037037037035,2845.3993793832597,0.6195219002314641
0.037037037037037035,2834.797109799197,-2.934247876502857
0.04938271604938271,2834.088891100169,-2.21916237441803
0.037037037037037035,2831.2573512725426,0.5990486302247506
0.037037037037037035,2834.08921621936,-2.2337300732469516
0.037037037037037035,2843.9832470503743,2.0150272722916807
0.037037037037037035,2819.9469020577803,-2.2369296099510505
0.037037037037037035,2832.6731452432296,-0.7910296512830214
0.04938271604938271,2833.3810758971713,-1.4987155319166945
0.037037037037037035,2847.523394904304,-1.56864641935869
0.037037037037037035,2844.6913425094654,1.330859760383154
0.037037037037037035,2843.275653994427,2.6989419330401936
0.037037037037037035,2847.523379731638,-1.56704096487653
0.037037037037037035,2842.567199446508,3.424205420372763
0.037037037037037035,2834.7966640238524,-2.9030126514558345
0.037037037037037035,2848.9392767319314,-2.978337670857335
0.037037037037037035,2833.381002031961,-1.511777287792447
0.037037037037037035,2847.5233445647887,-1.5432044737872526
0.037037037037037035,2844.6910499592727,1.333710358181369
0.037037037037037035,2834.797177137815,-2.9387663038437126
0.037037037037037035,2834.796718850524,-2.9141243894140896
0.037037037037037035,2833.3808505587513,-1.524875820204535
0.037037037037037035,2843.983099662191,2.0352889052780565
0.037037037037037035,2848.230961424523,-2.2487853902268493
0.037037037037037035,2833.380819474599,-1.508798883224371
0.037037037037037035,2831.2571884527524,0.609552539413721
0.037037037037037035,2832.6731539892317,-0.8130615265044613
0.037037037037037035,2832.673043455856,-0.8368081461421385
0.037037037037037035,2831.9651538654925,-0.08829518720776955
0.037037037037037035,2846.10742796151,-0.13743848368579062
0.037037037037037035,2846.815122258729,-0.8477251123601299
0.037037037037037035,2831.964903448843,-0.08506713662664092
0.037037037037037035,2831.965159076765,-0.09157494633164001
0.037037037037037035,2848.231060733531,-2.261177776416011
0.037037037037037035,2845.3993876062204,0.6138099355201666
0.04938271604938271,2831.9651381751023,-0.09437767613087224
0.037037037037037035,2848.2313193874757,-2.2675057481207466
0.037037037037037035,2833.3810621315174,-1.500413683345764
0.037037037037037035,2847.5233740999593,-1.5642907933015147
0.037037037037037035,2819.2389411393256,-1.5318933793542888
0.037037037037037035,2833.3810903233452,-1.5153132083871679
0.037037037037037035,2842.567658154407,3.417480622648488
0.037037037037037035,2834.08908398542,-2.2188786505182265
0.037037037037037035,2833.3810886232222,-1.5143279097635591
0.037037037037037035,2848.2313553360955,-2.274601432781307
0.037037037037037035,2828.4250645662123,3.4229905397508213
0.037037037037037035,2843.2755677096497,2.7234551383254813
0.037037037037037035,2833.380817874589,-1.5055038891948038
0.037037037037037035,2845.3993177283196,0.6249647826866375
0.037037037037037035,2846.107457434575,-0.13990268526770602
0.037037037037037035,2818.531109795781,-0.8420604753533226
0.037037037037037035,2843.9831192840616,2.0357047397439683
0.037037037037037035,2834.797146224646,-2.937476101595242
0.037037037037037035,2831.965170081797,-0.09314530068318286
0.037037037037037035,2834.796949656793,-2.9095020426564053
0.037037037037037035,2834.7970804131446,-2.924715323789079
0.037037037037037035,2842.5676019569637,3.4249958583191558
0.037037037037037035,2846.8154234496315,-0.86569318064874
0.037037037037037035,2831.2572572439626,0.6146125621002272
0.037037037037037035,2834.797021358395,-2.923120552560325
0.037037037037037035,2834.7970783789397,-2.9467931059554844
0.037037037037037035,2842.567230834387,3.4206845487412547
0.037037037037037035,2834.089256676724,-2.2534551823243505
0.037037037037037035,2847.523142988432,-1.5415028883508004
0.037037037037037035,2843.9835365899653,2.0156850372797717
0.037037037037037035,2846.8154206173617,-0.8533340476703224
0.037037037037037035,2831.965309570182,-0.10679607819756834
0.04938271604938271,2834.08898494354,-2.197210484073956
0.04938271604938271,2843.9835616909872,2.0245325275878185
0.037037037037037035,2842.5675829359357,3.4471303176350014
0.037037037037037035,2843.9835328081,2.019971000570612
0.037037037037037035,2847.5234362118545,-1.5631008873903838
0.037037037037037035,2832.672904567673,-0.8219680167915917
0.037037037037037035,2845.399015243803,0.635303265945029
0.037037037037037035,2830.549140122778,1.306528009302973
0.037037037037037035,2848.230933461246,-2.2488036545602688
0.037037037037037035,2833.3810717711685,-1.5034814905108005
0.037037037037037035,2847.5232172420338,-1.5240360385762666
0.037037037037037035,2829.133430624252,2.7039686472055786
0.037037037037037035,2846.1070345011726,-0.12127302489096006
0.037037037037037035,2834.7971211899976,-2.9315673676941767
0.037037037037037035,2842.5672100518777,3.4202394369835556
0.037037037037037035,2832.673192645947,-0.8092995166312072
0.037037037037037035,2833.381215876072,-1.5277298549933016
0.037037037037037035,2833.3812606535244,-1.543204578570659
0.037037037037037035,2830.5491877692552,1.3210189644014223
0.037037037037037035,2831.965309570182,-0.10679607819756834
0.037037037037037035,2820.6545697484116,-2.943035176703974
0.037037037037037035,2846.1070300228143,-0.12699353360419888
0.037037037037037035,2846.1070358825746,-0.11877851846908402
0.037037037037037035,2847.522934890985,-1.5465249909925012
0.037037037037037035,2834.7967153964196,-2.920210661833769
0.037037037037037035,2828.4254938089252,3.4061314674360332
0.037037037037037035,2831.2572758208694,0.600465829194726
0.037037037037037035,2833.3808281036545,-1.5331374575025603
0.037037037037037035,2819.946624710666,-2.238672785219764
0.037037037037037035,2844.691328282979,1.3268796920123886
0.04938271604938271,2834.797111563169,-2.923999231366132
0.037037037037037035,2834.797137712982,-2.9378023161870512
0.037037037037037035,2831.9651096061657,-0.08905349679232719
0.037037037037037035,2832.673171728438,-0.8056926935423322
0.037037037037037035,2831.2569491425666,0.6164797774867099
0.037037037037037035,2842.5676691585436,3.4201470449610745
0.037037037037037035,2842.5676691585436,3.4201470449610745
0.037037037037037035,2832.6732814927736,-0.8091658864819704
0.04938271604938271,2844.6914892272835,1.3264834250585544
0.037037037037037035,2831.257281813173,0.6034393668749011
0.037037037037037035,2847.5233935921237,-1.5582845007275725
0.037037037037037035,2847.5230360307387,-1.5451681469723653
0.037037037037037035,2843.9832684721937,2.0204489222546353
0.037037037037037035,2843.9835237837187,2.008726300025918
0.037037037037037035,2831.965285817887,-0.10969798198168752
0.037037037037037035,2834.089176935539,-2.233623123855912
0.037037037037037035,2847.5233792714853,-1.549975146461228
0.037037037037037035,2846.1074596989065,-0.1482978170735613
0.037037037037037035,2847.5234329155915,-1.559575717978042
0.037037037037037035,2846.107319844443,-0.13436207339594045
0.037037037037037035,2843.275306785942,2.7238660016048097
0.037037037037037035,2846.1074596989065,-0.1482978170735613
0.037037037037037035,2846.8154206173617,-0.8533340476703224
0.037037037037037035,2846.814964579423,-0.8141476953287498
0.037037037037037035,2848.231164385074,-2.2475817694492917
0.037037037037037035,2848.2313600736043,-2.2757056061163885
0.037037037037037035,2831.2572338180994,0.6127484186735261
0.037037037037037035,2834.7971584469274,-2.958731555825514
0.037037037037037035,2828.425484006196,3.408146130702584
0.037037037037037035,2846.815280556864,-0.8393134996107883
0.037037037037037035,2817.823148877326,-0.13702424475656155
0.037037037037037035,2846.8153046730863,-0.8447397353992442
0.037037037037037035,2833.381236610017,-1.5486590946317642
0.037037037037037035,2846.107068542172,-0.11912037611084894
0.037037037037037035,2846.8154206173617,-0.8533340476703224
0.037037037037037035,2846.107026499164,-0.12575630569920473
0.037037037037037035,2844.691332426449,1.3284264330825035
0.037037037037037035,2846.8153650422023,-0.8438100545707452
0.037037037037037035,2843.9835115684923,2.0194421156197304
0.037037037037037035,2845.3991706289053,0.6183175002426113
0.037037037037037035,2843.2754141131777,2.7314688938259772
0.037037037037037035,2846.8153955958887,-0.8495769693303636
0.037037037037037035,2843.983507786627,2.0237280789105707
0.037037037037037035,2846.107421816297,-0.14230634424750757
0.037037037037037035,2846.8150280031387,-0.8440800404612832
0.037037037037037035,2848.231189449268,-2.2607597977107585
0.037037037037037035,2843.2755413238187,2.738755968659107
0.037037037037037035,2844.69134061784,1.3462377501904121
0.037037037037037035,2817.8231455810633,-0.13349907534421984
0.037037037037037035,2844.6914687050817,1.3186918483138097
0.037037037037037035,2846.81540462027,-0.8383322687856698
0.037037037037037035,2842.5675110629645,3.4301451327108254
0.037037037037037035,2834.0887761270233,-2.2220595096045397
0.037037037037037035,2845.3994769046,0.5974288616085418
0.037037037037037035,2842.567445411862,3.4556937951869218
0.037037037037037035,2834.0887893640106,-2.2172896216665574
0.037037037037037035,2842.5676212004087,3.423308276462384
0.037037037037037035,2846.1074661462603,-0.15074703908447087
0.037037037037037035,2834.08890015979,-2.2280011727402123
0.037037037037037035,2832.6731598163396,-0.8014752239533676
0.037037037037037035,2833.381281584457,-1.5382244618267211
0.037037037037037035,2834.7971558007835,-2.931655548517559
0.037037037037037035,2832.6731315314905,-0.806218769609293
0.037037037037037035,2829.841296995717,2.025321860135726
0.037037037037037035,2847.5231439975473,-1.561869623639329
0.037037037037037035,2832.672846349144,-0.795673381010579
0.037037037037037035,2834.089232576116,-2.245574386854834
0.037037037037037035,2834.7970055213746,-2.9450853225982225
0.037037037037037035,2834.7971426389727,-2.9352823219540154
0.037037037037037035,2832.6732839527363,-0.8378362772968354
0.037037037037037035,2834.0888026963135,-2.2309622104818825
0.04938271604938271,2829.1334717239065,2.715438853898266
0.04938271604938271,2834.0890075051134,-2.1922826444355437
0.037037037037037035,2843.2755999756037,2.732325178060185
0.037037037037037035,2832.6731798891897,-0.801017162142051
0.037037037037037035,2832.6727965603327,-0.8016721053772559
0.037037037037037035,2842.5676771549383,3.404772580910437
0.037037037037037035,2832.6732405958633,-0.8208089690207795
0.037037037037037035,2834.7972016741455,-2.957696995647629
0.037037037037037035,2834.089220134525,-2.24001705313909
0.037037037037037035,2848.231217349346,-2.241266142006516
0.037037037037037035,2834.0891793830133,-2.22934972314359
0.037037037037037035,2846.8154323652147,-0.8636745185882022
0.037037037037037035,2844.6913317883914,1.3337580916233573
0.037037037037037035,2833.381256210843,-1.5254200540973304
0.037037037037037035,2833.3811324821954,-1.530454854216124
0.037037037037037035,2842.567635546248,3.413483833024787
0.037037037037037035,2833.3810637051724,-1.5242366294481753
0.037037037037037035,2843.98338534818,2.0300951319370224
0.037037037037037035,2845.3990135672557,0.6235140262410449
0.037037037037037035,2846.8154323652147,-0.8636745185882022
0.037037037037037035,2845.399420599156,0.6024109171723547
0.037037037037037035,2846.1072946169356,-0.13052019067406842
0.037037037037037035,2843.9833715079944,2.0334626636792645
0.037037037037037035,2845.399160737969,0.6168003514453256
0.037037037037037035,2843.983108562988,2.0386030709841716
0.037037037037037035,2843.983103390223,2.0382265486541282
0.037037037037037035,2834.797151349056,-2.9314705459015236
0.037037037037037035,2831.9652615667724,-0.10156988710227902
0.037037037037037035,2846.107328868824,-0.1231173728512466
0.04938271604938271,2846.107412024975,-0.14485191903840997
0.037037037037037035,2843.2756380733936,2.699736350313676
0.037037037037037035,2828.425353395989,3.4212678618324137
0.04938271604938271,2843.2755181830094,2.7333731831270036
0.037037037037037035,2842.5676378314706,3.406063798160679
0.037037037037037035,2828.4250586134385,3.4282512913371415
0.037037037037037035,2833.3811422918693,-1.524304299601075
0.037037037037037035,2842.567474898591,3.4396932421509145
0.037037037037037035,2848.2312055375814,-2.2483402655542966
0.037037037037037035,2846.815280762898,-0.8393983039927015
0.037037037037037035,2843.9833823031477,2.0288197387974005
0.037037037037037035,2847.523304463653,-1.5510936634231811
0.037037037037037035,2843.2754358170464,2.7346570115541535
0.037037037037037035,2834.7970048419993,-2.922903645610111
0.037037037037037035,2833.381230176471,-1.528588602093057
0.037037037037037035,2842.5672101202117,3.4438752415073477
0.037037037037037035,2832.673131830093,-0.8059674123617017
0.037037037037037035,2843.9835328081,2.019971000570612
0.037037037037037035,2846.81541835303,-0.8449389158644671
0.037037037037037035,2848.231357806842,-2.266845900736675
0.037037037037037035,2845.399308703939,0.6137200821419436
0.037037037037037035,2829.840993590798,2.0247214531696702
0.037037037037037035,2848.9393062049967,-2.98080187243925
0.037037037037037035,2848.2309936662623,-2.245410766599171
0.037037037037037035,2842.567307724625,3.4280103176706027
0.037037037037037035,2834.0892057896467,-2.247908738490585
0.037037037037037035,2847.5234362118545,-1.5631008873903838
0.037037037037037035,2845.3994794816267,0.6111227841641452
0.037037037037037035,2848.2313701231583,-2.274541397055206
0.037037037037037035,2832.6731391978747,-0.8307921177089862
0.037037037037037035,2848.2309585640432,-2.2519556909808984
0.037037037037037035,2831.2573712133008,0.6031679920376052
0.037037037037037035,2818.5311350107727,-0.8393151535388498
0.037037037037037035,2832.6731594043263,-0.8082122152363441
0.037037037037037035,2829.1333504161175,2.729484846276044
0.037037037037037035,2820.654607689682,-2.936604747002195
0.037037037037037035,2832.67283750253,-0.803862441012077
0.037037037037037035,2834.797162350678,-2.95640577839716
0.037037037037037035,2834.089201432223,-2.2513695478003988
0.037037037037037035,2831.9653230342815,-0.13280004670007434
0.037037037037037035,2831.965332422968,-0.09931562628194238
0.037037037037037035,2842.5677013371464,3.4097647503751225
0.04938271604938271,2843.983268930992,2.0266467458432227
0.037037037037037035,2834.7972258563536,-2.9527048261829436
0.037037037037037035,2832.6732839527363,-0.8378362772968354
0.037037037037037035,2843.9835320448933,2.014512886764086
0.037037037037037035,2843.983195316292,2.041393728769824
0.037037037037037035,2833.3810782191126,-1.5149413099253957
0.037037037037037035,2842.56763392772,3.4037380207325523
0.037037037037037035,2848.9393062049967,-2.98080187243925
0.037037037037037035,2834.7970783789397,-2.9467931059554844
0.037037037037037035,2833.3808417778587,-1.5259259798848939
0.037037037037037035,2834.0891242974503,-2.2355232151507693
0.037037037037037035,2834.088805608531,-2.2299759980725664
0.037037037037037035,2817.8230251690047,-0.12315987242806299
0.037037037037037035,2834.7971209251677,-2.9394064404282068
0.037037037037037035,2846.1073989252905,-0.12451002966782643
0.037037037037037035,2834.0892407556903,-2.252660765050868
0.037037037037037035,2833.3812384376456,-1.5228020153548891
0.037037037037037035,2834.797009593249,-2.9274705108495507
0.037037037037037035,2834.796729696819,-2.9210694089335245
0.037037037037037035,2847.5232416813533,-1.5444345345894623
0.037037037037037035,2834.089178353807,-2.2316758474880114
0.037037037037037035,2834.0890590163117,-2.215481635071617
0.037037037037037035,2834.7969847338068,-2.9044087360091693
0.037037037037037035,2842.5677013371464,3.4097647503751225
0.037037037037037035,2833.380845628393,-1.5279822981378197
0.037037037037037035,2847.52338753266,-1.54418855972306
0.037037037037037035,2846.1074656957494,-0.13411609852953812
0.037037037037037035,2834.797039361026,-2.925955842839888
0.037037037037037035,2830.5492798297064,1.3259701160442534
0.037037037037037035,2831.257172484711,0.608963412214573
0.037037037037037035,2834.7970621857608,-2.9440462181332436
0.037037037037037035,2834.7970946177156,-2.9146098224225545
0.037037037037037035,2846.1070091250426,-0.1107955850691359
0.037037037037037035,2820.65488827085,-2.9338555971945537
0.037037037037037035,2832.6732647780714,-0.815816799556094
0.037037037037037035,2831.9652033706807,-0.11761790903104474
0.037037037037037035,2842.5675018491056,3.421881218350981
0.037037037037037035,2832.6728771448447,-0.7909482655357818
0.037037037037037035,2832.673175364367,-0.8049862580239365
0.04938271604938271,2842.567429100332,3.454526276025934
0.037037037037037035,2833.3810518388923,-1.4971060579007611
0.037037037037037035,2820.6546357197476,-2.9354261195139664
0.037037037037037035,2828.4255048130617,3.4087978897486195
0.04938271604938271,2820.6550199153407,-2.952175758333736
0.037037037037037035,2834.089139202367,-2.23001458377427
0.04938271604938271,2829.841421084924,2.0081412059754515
0.037037037037037035,2834.0887650715667,-2.20144490933989
0.037037037037037035,2830.548991597581,1.3254224165647417
0.037037037037037035,2834.0891948823287,-2.226619317920798
0.037037037037037035,2844.6914893176936,1.3098171454879413
0.037037037037037035,2830.5489882241113,1.321516008083471
0.037037037037037035,2833.381271840841,-1.5322500704034698
0.037037037037037035,2830.549258427059,1.3204387267059234
0.037037037037037035,2834.088779561231,-2.212906638205757
0.037037037037037035,2834.797193677751,-2.9423225315969916
0.037037037037037035,2830.5489882241113,1.321516008083471
0.037037037037037035,2834.0890086257996,-2.1953574674800995
0.037037037037037035,2843.2751739405944,2.737056478900021
0.037037037037037035,2843.2755535980073,2.736119695614989
0.037037037037037035,2832.6732821389155,-0.8460720860459129
0.037037037037037035,2848.2314035776635,-2.270586339998054
0.037037037037037035,2843.2751739405944,2.737056478900021
0.037037037037037035,2843.275164751969,2.743299994299639
0.037037037037037035,2834.088926471012,-2.224660756537326
0.037037037037037035,2842.5676212004087,3.423308276462384
0.037037037037037035,2842.5676212004087,3.423308276462384
0.037037037037037035,2843.275582118864,2.718272045865623
0.037037037037037035,2845.3995067440205,0.591474007698186
0.037037037037037035,2834.08919754228,-2.236074054700955
0.04938271604938271,2843.275562256731,2.742310867611879
0.037037037037037035,2829.8410672865907,2.0340372773224757
0.037037037037037035,2845.399202020465,0.6097150080385207
0.037037037037037035,2831.965205872273,-0.08650157210113443
0.037037037037037035,2833.381095144296,-1.5039631653362222
0.037037037037037035,2833.3812531385383,-1.5436025650647784
0.037037037037037035,2846.1074661462603,-0.15074703908447087
0.037037037037037035,2845.3994802472857,0.6048797168460196
0.037037037037037035,2843.2754323684194,2.7407749954927194
0.037037037037037035,2831.96519128608,-0.12079282273287169
0.037037037037037035,2832.6731474590492,-0.8250055309708183
0.037037037037037035,2817.823291470771,-0.13084418663751976
0.037037037037037035,2832.6731303478086,-0.8020083670814325
0.037037037037037035,2834.7972052351884,-2.9400611142711655
0.037037037037037035,2842.5677013371464,3.4097647503751225
0.037037037037037035,2843.9835410692745,2.02575758730878
0.037037037037037035,2831.96518907048,-0.09402851376873986
0.037037037037037035,2829.1332813397207,2.7144239900170053
0.037037037037037035,2833.3809539687786,-1.528133832227089
0.037037037037037035,2830.549240974218,1.3123030473468815
0.037037037037037035,2832.6731194528256,-0.8078480386686148
0.037037037037037035,2832.673129340136,-0.7988209020046282
0.037037037037037035,2832.673129340136,-0.7988209020046282
0.037037037037037035,2846.1070510022982,-0.11398297424096096
0.037037037037037035,2818.5310931918257,-0.8404773186487674
0.037037037037037035,2848.2313745131833,-2.263984697509008
0.037037037037037035,2818.5310967738155,-0.8431373968563222
0.037037037037037035,2833.3812163962393,-1.5198490990073652
0.037037037037037035,2831.965175749159,-0.09118663103968297
0.037037037037037035,2848.2313573224874,-2.2716888801813337
0.037037037037037035,2843.2755790382207,2.7221510240072897
0.037037037037037035,2832.6731798010833,-0.8027520381428618
0.037037037037037035,2843.9834384128458,2.03737369963226
0.037037037037037035,2819.9469303936776,-2.2346268468283945
0.037037037037037035,2848.231078228747,-2.2693554157781355
0.037037037037037035,2833.3812173758,-1.5257360852191846
0.037037037037037035,2846.815005728642,-0.8426230383608335
0.037037037037037035,2843.9835489116927,2.0188426282218805
0.037037037037037035,2842.5671974125503,3.4361807775269053
0.04938271604938271,2845.3994411841627,0.6024490443240252
0.037037037037037035,2833.38113278051,-1.5105479003161324
0.037037037037037035,2819.947035785837,-2.252321684596895
0.037037037037037035,2834.089165553136,-2.228823330614139
0.037037037037037035,2830.549389233,1.3052701527700707
0.037037037037037035,2843.9833868726037,2.0336037974631918
0.037037037037037035,2831.2572035041317,0.611930552973398
0.037037037037037035,2846.814999591483,-0.8235224822166665
0.037037037037037035,2843.9834377429834,2.033272738957455
0.037037037037037035,2842.5675010527243,3.4360562904174032
0.037037037037037035,2834.0891983765405,-2.221951259739831
0.037037037037037035,2832.6732757053696,-0.8260015935072057
0.037037037037037035,2848.2312350897437,-2.264429072970476
0.037037037037037035,2834.089225614431,-2.2463773783357133
0.037037037037037035,2846.1070658720323,-0.13465273789977697
0.037037037037037035,2834.7971592949953,-2.9269874903365922
0.037037037037037035,2834.0892057896467,-2.247908738490585
0.037037037037037035,2833.381164531059,-1.5289815874750363
0.037037037037037035,2842.5672477799917,3.441945246832623
0.037037037037037035,2845.3990514363563,0.6307682977944377
0.037037037037037035,2846.1073292020624,-0.12128535220352102
0.037037037037037035,2832.673231912822,-0.8095430769351665
0.037037037037037035,2817.822895006313,-0.13105672298849097
0.037037037037037035,2831.9651820306685,-0.11926923696198861
0.037037037037037035,2842.567634775788,3.435482086221474
0.037037037037037035,2848.2312830284886,-2.2592197605354087
0.037037037037037035,2846.815025093325,-0.8376523482149232
0.04938271604938271,2831.25722091725,0.6041015773258809
0.037037037037037035,2834.7970837027437,-2.9485840240517605
0.037037037037037035,2848.2312620968946,-2.2580247939024143
0.037037037037037035,2834.7971426389727,-2.9352823219540154
0.037037037037037035,2846.1072037848567,-0.13000572512276345
0.037037037037037035,2832.673143805952,-0.8024779398495716
0.037037037037037035,2843.275283508786,2.755631430059471
0.04938271604938271,2847.5233876839243,-1.5671789714825501
0.037037037037037035,2829.133456007538,2.700315982710274
0.037037037037037035,2847.523400546501,-1.5708179652356804
0.037037037037037035,2848.231372448675,-2.2658823596391
0.037037037037037035,2848.231345441524,-2.2722866387071616
0.037037037037037035,2845.3994186746627,0.6093037289862958
0.037037037037037035,2846.107273722428,-0.13129701456431797
0.037037037037037035,2832.6733261816116,-0.8446955199080636
0.037037037037037035,2848.231361464956,-2.275854195832441
0.037037037037037035,2847.523354632432,-1.5382148084204597
0.037037037037037035,2833.3811777257206,-1.5134428842982528
0.037037037037037035,2843.275395219044,2.7482280397529033
0.037037037037037035,2843.27556256158,2.719593471715333
0.037037037037037035,2848.231361464956,-2.275854195832441
0.037037037037037035,2832.6728181877825,-0.800494564174748
0.037037037037037035,2848.231337786067,-2.271498222859199
0.037037037037037035,2829.1333262698427,2.7195427720580545
0.037037037037037035,2834.7967524065057,-2.919850374975274
0.037037037037037035,2833.3812279518147,-1.5499718934089992
0.037037037037037035,2833.3810511750257,-1.5006288301174449
0.037037037037037035,2834.797208936977,-2.9598042116983465
0.037037037037037035,2834.0887979215963,-2.2348846369172204
0.037037037037037035,2833.381061899939,-1.5157340988182202
0.037037037037037035,2848.2308460129993,-2.2332749452107326
0.037037037037037035,2848.2313541685876,-2.2645814345965705
0.037037037037037035,2848.2312830284886,-2.2592197605354087
0.037037037037037035,2848.231345441524,-2.2722866387071616
0.037037037037037035,2833.3810845931066,-1.5341082707922646
0.037037037037037035,2834.797208936977,-2.9598042116983465
0.037037037037037035,2829.840974513962,2.0196503582125236
0.037037037037037035,2848.2311890001924,-2.2304369848364125
0.037037037037037035,2843.275582118864,2.718272045865623
0.037037037037037035,2843.2751739405944,2.737056478900021
0.037037037037037035,2842.567249426401,3.42141228581041
0.037037037037037035,2843.2754439067357,2.736366441631125
0.037037037037037035,2846.815450611765,-0.8558098984455782
0.037037037037037035,2844.691344982685,1.3187590145709178
0.037037037037037035,2846.1073071249625,-0.11973211487127525
0.037037037037037035,2843.9831069880124,2.0381574210418503
0.037037037037037035,2819.9470550338624,-2.257623423481677
0.037037037037037035,2834.797027889762,-2.9483289618826145
0.037037037037037035,2848.2314035776635,-2.270586339998054
0.037037037037037035,2843.983527966741,2.014672209820864
0.037037037037037035,2834.0890465890325,-2.216030673733419
0.037037037037037035,2818.5309937208635,-0.818932245929647
0.037037037037037035,2831.256952540383,0.5878788530479345
0.037037037037037035,2834.797047044501,-2.937762831418089
0.037037037037037035,2828.4253494499367,3.4192277184297604
0.037037037037037035,2846.8154270647155,-0.855783269681232
0.037037037037037035,2834.088796883399,-2.238519025446683
0.037037037037037035,2834.0891848011606,-2.234125069498921
0.037037037037037035,2834.089203975826,-2.2561445472396624
0.037037037037037035,2819.239093135847,-1.5467002066728688
0.037037037037037035,2832.6732912363905,-0.8151402779052217
0.037037037037037035,2842.5676212004087,3.423308276462384
0.037037037037037035,2843.2755949613484,2.7166502902571694
0.037037037037037035,2834.796750282466,-2.9223258522633184
0.037037037037037035,2848.231376570512,-2.2769906190661158
0.037037037037037035,2833.3810430633866,-1.5061448581307182
0.037037037037037035,2831.2571603080214,0.6089638336595647
0.037037037037037035,2834.0891587651327,-2.238138587012534
0.037037037037037035,2834.08919754228,-2.236074054700955
0.037037037037037035,2834.0892425029124,-2.243260692423482
0.037037037037037035,2834.0888430103746,-2.23676478304329
0.037037037037037035,2842.5676844177697,3.4026653648597196
0.037037037037037035,2833.3810511750257,-1.5006288301174449
0.037037037037037035,2842.5676212004087,3.423308276462384
0.037037037037037035,2833.3811027175816,-1.5387517057624132
0.037037037037037035,2834.7971412678885,-2.9389762974796465
0.037037037037037035,2834.796736144173,-2.923518630944434
0.037037037037037035,2843.983406120629,2.0283020585784097
0.037037037037037035,2847.5232458643754,-1.5384886247945166
0.037037037037037035,2846.8152870042177,-0.8417627216216979
0.037037037037037035,2845.399046798147,0.6237607039917828
0.037037037037037035,2842.5675771656574,3.428530748959818
0.037037037037037035,2842.567450090996,3.44726033783913
0.04938271604938271,2846.107473967633,-0.1314788528674151
0.037037037037037035,2829.133451372005,2.7006606780949136
0.037037037037037035,2834.0892238006104,-2.2546131870847907
0.037037037037037035,2817.8231571729407,-0.1413783084574916
0.037037037037037035,2846.107039635861,-0.11253311561224813
0.037037037037037035,2846.815017978036,-0.8242411905384224
0.037037037037037035,2831.2570836606965,0.5939935641227064
0.037037037037037035,2843.2751790255306,2.7352185738743255
0.037037037037037035,2832.6732757053696,-0.8260015935072057
0.037037037037037035,2847.523415652057,-1.571954388469355
0.037037037037037035,2846.1074661462603,-0.15074703908447087
0.037037037037037035,2833.381088352639,-1.5127956516438894
0.037037037037037035,2843.275442058366,2.732292593925157
0.037037037037037035,2846.8154270647155,-0.855783269681232
0.037037037037037035,2842.5676212004087,3.423308276462384
0.037037037037037035,2820.65506251047,-2.9493755400282042
0.037037037037037035,2832.673237611611,-0.8127622797586671
0.037037037037037035,2846.1074510407043,-0.1496106158507963
0.037037037037037035,2833.381108288214,-1.5347897557399697
0.037037037037037035,2817.823174092318,-0.1342789229420887
0.037037037037037035,2843.9831610203005,2.0186131016416393
0.037037037037037035,2846.815437491299,-0.8421679560563778
0.037037037037037035,2842.5676620136787,3.4110559676253644
0.037037037037037035,2831.25735470272,0.5981936626472132
0.037037037037037035,2843.2755605190987,2.7190866152003563
0.037037037037037035,2832.6728847566965,-0.8058781064184383
0.037037037037037035,2831.9653303179352,-0.11010404730823334
0.037037037037037035,2834.089203975826,-2.2561445472396624
0.037037037037037035,2820.6548955676494,-2.940561353650428
0.037037037037037035,2842.567690467504,3.425040914068338
0.037037037037037035,2846.8154203848767,-0.8234467405268586
0.037037037037037035,2834.089108815259,-2.230930872373468
0.037037037037037035,2830.5494200463686,1.3108366744158035
0.037037037037037035,2832.673155522512,-0.8031261090094882
0.037037037037037035,2834.797027322731,-2.92298754347137
0.037037037037037035,2842.567645094302,3.4039565821099615
0.037037037037037035,2834.797082386282,-2.9469901575175386
0.037037037037037035,2834.797145719616,-2.939161300095682
0.037037037037037035,2842.567213022139,3.442092709496782
0.037037037037037035,2831.2572210806543,0.607780975107197
0.037037037037037035,2832.673147189642,-0.8113203315844454
0.037037037037037035,2834.797145719616,-2.939161300095682
0.037037037037037035,2845.3994498036514,0.6045997486273417
0.037037037037037035,2834.797145719616,-2.939161300095682
0.037037037037037035,2834.797076687493,-2.9437709546940383
0.037037037037037035,2817.8231571729407,-0.1413783084574916
0.037037037037037035,2846.107432795522,-0.12814234722693776
0.037037037037037035,2819.2389467815224,-1.5340649252312792
0.037037037037037035,2847.5233706132826,-1.551287945238463
0.037037037037037035,2842.567575043424,3.4389542310662913
0.037037037037037035,2846.1074510407043,-0.1496106158507963
0.037037037037037035,2832.6732341980446,-0.8169631117992747
0.037037037037037035,2843.275180147473,2.736402967331932
0.037037037037037035,2842.567486770146,3.4371167089370456
0.04938271604938271,2834.7971041521487,-2.9273038021186935
0.037037037037037035,2831.9653306091473,-0.10755143503101985
0.037037037037037035,2847.523387983171,-1.5608195002779928
0.037037037037037035,2846.8154270647155,-0.855783269681232
0.037037037037037035,2843.275582118864,2.718272045865623
0.037037037037037035,2834.0892309366977,-2.236657098811938
0.037037037037037035,2831.9653187517206,-0.10350045369668928
0.037037037037037035,2843.2756488755667,2.703096304640828
0.04938271604938271,2844.6914874046856,1.3271126272468472
0.04938271604938271,2847.523411428376,-1.5655386820402293
0.037037037037037035,2816.407322399297,1.277600145172213
0.037037037037037035,2829.841288282217,2.0278126557601794
0.04938271604938271,2832.6731222956987,-0.7992291337878865
0.037037037037037035,2842.567553661418,3.4178786459923933
0.037037037037037035,2831.257354293924,0.5960686065222023
0.037037037037037035,2844.691449710511,1.3284350495911077
0.037037037037037035,2843.27561917926,2.716495496240602
0.037037037037037035,2834.089080179326,-2.238795501928356
0.037037037037037035,2831.9653076731397,-0.10772978799935551
0.037037037037037035,2842.567524842334,3.4439877931087515
0.037037037037037035,2834.797191855153,-2.941693329408699
0.037037037037037035,2848.231399283481,-2.2705735743272366
0.037037037037037035,2818.5311160218403,-0.8484391357411042
0.037037037037037035,2833.381281584457,-1.5382244618267211
0.037037037037037035,2843.2751739405944,2.737056478900021
0.037037037037037035,2847.523385718839,-1.5524243684721375
0.037037037037037035,2846.815392320567,-0.8538512797008412
0.037037037037037035,2843.2754183086126,2.7364523788316193
0.037037037037037035,2834.7971497887247,-2.960044354602749
0.037037037037037035,2817.1148030596482,0.5902292465038371
0.037037037037037035,2833.3812744474985,-1.538708695957515
0.037037037037037035,2848.231375819539,-2.25842686221707
0.037037037037037035,2833.380856568861,-1.4956799510419692
0.037037037037037035,2834.0891227842885,-2.2435477934549994
0.04938271604938271,2847.523411087118,-1.5721891101450998
0.037037037037037035,2831.965314786915,-0.12096536291044464
0.037037037037037035,2834.088813027153,-2.236021060150895
0.037037037037037035,2831.2572003190717,0.6100922572477655
0.037037037037037035,2830.5493969148106,1.3065720074968328
0.037037037037037035,2848.2313452054027,-2.2701399458130838
0.04938271604938271,2847.5233995209032,-1.5655855165335557
0.037037037037037035,2833.3811247652457,-1.5301593086956777
0.037037037037037035,2845.399411960425,0.6155001055388857
0.037037037037037035,2847.523391769526,-1.5576552985392798
0.037037037037037035,2819.2389530539044,-1.5254153511385644
0.037037037037037035,2843.9833465798024,2.0449002088274737
0.037037037037037035,2819.239081569632,-1.5400966130613247
0.037037037037037035,2848.231365004298,-2.2703870254545717
0.037037037037037035,2832.673165324025,-0.8237210079340307
0.037037037037037035,2834.0892122343957,-2.2480095934732467
0.037037037037037035,2833.3807534045263,-1.5145100588798264
0.037037037037037035,2830.5494214647597,1.3034528555967946
0.037037037037037035,2829.841436287568,2.014160850370807
0.037037037037037035,2817.823178251844,-0.12695974306086966
0.037037037037037035,2829.841436287568,2.014160850370807
0.037037037037037035,2847.5234310929936,-1.5589465157897493
0.037037037037037035,2842.5676051824667,3.4300968726899637
0.037037037037037035,2846.8150181496553,-0.843606068630087
0.037037037037037035,2832.673279670176,-0.8085366842936776
0.04938271604938271,2845.3994584966185,0.6206857707969782
0.037037037037037035,2831.965177667438,-0.09153011721523521
0.037037037037037035,2831.2573464938,0.5997022853574878
0.037037037037037035,2834.0892337045752,-2.23665743285479
0.037037037037037035,2833.3812321412756,-1.5209538851357443
0.037037037037037035,2834.0892309366977,-2.236657098811938
0.04938271604938271,2847.523411428376,-1.5655386820402293
0.04938271604938271,2834.796967222955,-2.909975598881724
0.04938271604938271,2847.523411428376,-1.5655386820402293
0.04938271604938271,2829.133458343871,2.7138066387607327
0.037037037037037035,2843.983414748199,2.0380398194769977
0.037037037037037035,2829.841459419126,2.018425517289778
0.037037037037037035,2828.4251110702203,3.436688656310957
0.037037037037037035,2834.797096149065,-2.927716177532383
0.037037037037037035,2832.6728661299267,-0.8103589243559578
0.037037037037037035,2843.2751931152593,2.7150370011592795
0.037037037037037035,2833.380849773122,-1.4984939132886894
0.037037037037037035,2848.2312006661637,-2.2179527886328216
0.037037037037037035,2843.275546644229,2.7439235473385706
0.037037037037037035,2846.1074491702607,-0.1271868834483282
0.037037037037037035,2829.84105264822,2.0251350764991205
0.037037037037037035,2848.231388135856,-2.266122358535601
0.037037037037037035,2842.567651144036,3.42633213131858
0.037037037037037035,2829.841328410742,2.028254850420261
0.037037037037037035,2842.5676488588133,3.433752166182688
0.037037037037037035,2830.549275152051,1.3223400201465199
0.037037037037037035,2845.3993237788627,0.6210086210296221
0.037037037037037035,2845.3994288891777,0.609004867332392
0.04938271604938271,2834.7971041521487,-2.9273038021186935
0.037037037037037035,2829.841332868431,2.0312395714705858
0.04938271604938271,2830.5490123636664,1.3281223315747215
0.037037037037037035,2832.6732133641267,-0.8213129050968379
0.037037037037037035,2843.275149882691,2.7551685233478524
0.037037037037037035,2848.231375819539,-2.25842686221707
0.04938271604938271,2832.673160994244,-0.792893722958635
0.037037037037037035,2831.257381256036,0.608353056096256
0.04938271604938271,2831.9653251492496,-0.10207361670756789
0.037037037037037035,2832.6730866647936,-0.8306738767461953
0.04938271604938271,2846.815473641479,-0.8562377845244974
0.037037037037037035,2843.2755545445007,2.74823934808147
0.037037037037037035,2843.2756485114146,2.7200050303876444
0.037037037037037035,2831.257380964824,0.6058004438190425
0.04938271604938271,2843.27555211674,2.7409978043731265
0.037037037037037035,2833.3811375920272,-1.5014325828268296
0.037037037037037035,2832.6732086043853,-0.7987280805247879
0.037037037037037035,2831.965325372698,-0.10421011616811046
0.037037037037037035,2834.7972126376203,-2.9191617426856675
0.037037037037037035,2831.257381256036,0.608353056096256
0.037037037037037035,2829.841443596893,2.005011589410353
0.037037037037037035,2843.275552325924,2.747717392646014
0.037037037037037035,2831.965166920388,-0.09485910570331288
0.037037037037037035,2842.5672194084436,3.454105169434987
0.037037037037037035,2834.79713921271,-2.935808546412934
0.04938271604938271,2833.3812161727915,-1.5177125995468228
0.037037037037037035,2833.380948331614,-1.522238411754804
0.037037037037037035,2845.399067737389,0.6385352033107291
0.037037037037037035,2829.841260027295,2.0287278254617362
0.037037037037037035,2843.9835491713743,2.030176064627459
0.037037037037037035,2829.84133937288,2.0283735763583977
0.037037037037037035,2832.6732597902237,-0.8029442435995647
0.037037037037037035,2842.5674895588168,3.4428351092222518
0.037037037037037035,2834.7972124763187,-2.954337041320477
0.037037037037037035,2820.6548811024286,-2.932761841217716
0.037037037037037035,2834.0890542278644,-2.2174632371222085
0.037037037037037035,2847.5232400313776,-1.5199345988635538
0.037037037037037035,2834.7970969268285,-2.9530366246877597
0.037037037037037035,2847.5234272174007,-1.5610861279388402
0.037037037037037035,2829.8414127835244,1.9994450677646205
0.037037037037037035,2831.9653418832786,-0.09923578677771852
0.037037037037037035,2846.107502548221,-0.13865453376690068
0.037037037037037035,2817.8227674259306,-0.11764443485805172
0.037037037037037035,2829.841041095011,2.023771910315938
0.037037037037037035,2829.1334814564707,2.7145933474321344
0.037037037037037035,2842.5674861887283,3.4493799710337982
0.037037037037037035,2834.0892065824933,-2.238347268830657
0.04938271604938271,2831.965277663487,-0.10802845364525772
0.037037037037037035,2834.797128973862,-2.9562673542435984
0.04938271604938271,2831.2573167450323,0.5970077769515032
0.037037037037037035,2829.841411510674,2.015508125412656
0.04938271604938271,2846.1074046650547,-0.1195783012068655
0.037037037037037035,2847.5229343033293,-1.5462612087382501
0.037037037037037035,2834.089227203659,-2.250990980742435
0.037037037037037035,2834.0891161440263,-2.2192455264837094
0.037037037037037035,2846.10718687843,-0.13070292619061444
0.037037037037037035,2829.133433970708,2.7086385104944446
0.037037037037037035,2832.673246218497,-0.8411586624530879
0.037037037037037035,2834.089168055407,-2.2512311236468374
0.037037037037037035,2846.8154458203344,-0.8556004552117074
0.037037037037037035,2847.5233381229477,-1.5583297127619522
0.037037037037037035,2846.8153743722232,-0.8409343491867737
0.037037037037037035,2845.399262649188,0.6297497691358421
0.037037037037037035,2833.3808003488098,-1.499995585705484
0.04938271604938271,2847.5233703830922,-1.5637352880249722
0.037037037037037035,2848.230967476129,-2.2477401759872104
0.037037037037037035,2829.133451014908,2.717506910948849
0.037037037037037035,2843.9834965727487,2.0337367933462795
0.037037037037037035,2819.239123220312,-1.5327675373354208
0.04938271604938271,2846.815406877161,-0.8422635283890482
0.037037037037037035,2832.672916616249,-0.8149128189775943
0.037037037037037035,2818.531140908191,-0.8307953686295256
0.037037037037037035,2832.6731302983885,-0.7960207033512939
0.04938271604938271,2848.2313835709165,-2.266357080211573
0.037037037037037035,2834.089224430598,-2.237309392026836
0.037037037037037035,2831.2573513271655,0.6008834836851735
0.037037037037037035,2846.107401673804,-0.12029779198814361
0.037037037037037035,2844.691431180871,1.3247920150861496
0.037037037037037035,2846.8150456392186,-0.8376677147936888
0.037037037037037035,2846.8149999875623,-0.8216924051256946
0.037037037037037035,2834.089227203659,-2.250990980742435
0.04938271604938271,2846.8153219537717,-0.8586884961281244
0.037037037037037035,2833.3811208234697,-1.5115803574853632
0.037037037037037035,2843.27556537311,2.7011659917177067
0.037037037037037035,2829.8412670580938,2.026689194490608
0.037037037037037035,2830.5493570295857,1.2940205218759024
0.037037037037037035,2834.089224430598,-2.237309392026836
0.037037037037037035,2829.8410289244375,2.025845069824662
0.037037037037037035,2846.815418813183,-0.8620047342797692
0.037037037037037035,2832.6732553159713,-0.8102268543123967
0.037037037037037035,2847.5229805041527,-1.5264257562916956
0.037037037037037035,2834.7970501978843,-2.9428803059299384
0.037037037037037035,2846.1070541737727,-0.11766155623566626
0.037037037037037035,2834.7969203247403,-2.907894879340339
0.037037037037037035,2831.257185220279,0.6068785014581634
0.037037037037037035,2846.815006315751,-0.8363764975432194
0.037037037037037035,2846.107403892381,-0.11977583655268767
0.037037037037037035,2834.7970257331153,-2.9216507758021266
0.037037037037037035,2846.8149927139684,-0.8224854791273437
0.037037037037037035,2842.5674065979592,3.4508589123751294
0.037037037037037035,2834.796938689784,-2.910295815126111
0.037037037037037035,2846.815122791151,-0.8383800022276582
0.037037037037037035,2830.5491498323972,1.321822114925361
0.037037037037037035,2848.231385505349,-2.264635039601408
0.04938271604938271,2847.523404922276,-1.5661909752551275
0.037037037037037035,2817.823137252365,-0.1335221663708253
0.037037037037037035,2834.7967258805293,-2.939320826234896
0.037037037037037035,2832.6729057229018,-0.8206268792250372
0.037037037037037035,2846.1072933091514,-0.13076737218209825
0.037037037037037035,2818.5311148160945,-0.8336861436763497
0.037037037037037035,2845.3990009558565,0.6265939758791335
0.037037037037037035,2847.5230878875273,-1.5434005714725378
0.037037037037037035,2834.7967199808363,-2.941664499940023
0.037037037037037035,2846.1073989973365,-0.13365240574035842
0.037037037037037035,2847.5233674153214,-1.5593454685579988
0.037037037037037035,2832.6729843076037,-0.8370482890463132
0.037037037037037035,2830.5493570295857,1.2940205218759024
0.037037037037037035,2846.1074302258417,-0.1458336154916459
0.037037037037037035,2829.8412868599025,2.026686804697782
0.037037037037037035,2834.089079513266,-2.2142902410789334
0.037037037037037035,2846.814988490569,-0.8324494333982593
0.037037037037037035,2846.1074578947278,-0.15696850368300813
0.037037037037037035,2847.523379731638,-1.56704096487653
0.037037037037037035,2829.132986179714,2.7199271521374815
0.037037037037037035,2830.549348267585,1.3074081669678812
0.037037037037037035,2829.8410183208416,2.030716247647568
0.037037037037037035,2831.965155472489,-0.09093970447256775
0.037037037037037035,2846.1074480739458,-0.14479573868782505
0.037037037037037035,2831.257192104169,0.6149383654016207
0.037037037037037035,2848.231385505349,-2.264635039601408
0.037037037037037035,2828.425496484364,3.408774798722014
0.037037037037037035,2830.549252775693,1.3216192319684057
0.037037037037037035,2829.841423846545,2.009121765940698
0.037037037037037035,2830.549252775693,1.3216192319684057
0.037037037037037035,2848.2309040336945,-2.247967553220568
0.037037037037037035,2844.6913659357647,1.3294829252231948
0.037037037037037035,2831.9652778869354,-0.1101649531058003
0.037037037037037035,2832.672818646682,-0.8041277624217197
0.037037037037037035,2829.133467888839,2.7175048745085846
0.037037037037037035,2832.6731345568846,-0.7945293730659626
0.037037037037037035,2829.8412811770118,2.0276839614847617
0.037037037037037035,2848.2309099757026,-2.2417813519174876
0.024691358024691357,2834.79698408352,-2.9212317590075827
0.024691358024691357,2848.2313221535596,-2.2713483313478955
0.024691358024691357,2834.7970538374047,-2.92386309116061
0.024691358024691357,2846.107028284279,-0.12780645433229335
0.024691358024691357,2834.797128797656,-2.956286310168414
0.024691358024691357,2845.399242826845,0.6260978003076519
0.024691358024691357,2846.107427785304,-0.1374574396108336
0.024691358024691357,2834.089167879201,-2.251250079571653
0.024691358024691357,2844.691300711656,1.3339031342364798
0.024691358024691357,2846.1074141839304,-0.12108552991687951
0.024691358024691357,2844.6910566225747,1.3345196820473202
0.024691358024691357,2846.8151290571977,-0.8467784286066753
0.024691358024691357,2848.2313105548933,-2.2639471847261357
0.024691358024691357,2843.2751413893957,2.7412842565676865
0.024691358024691357,2846.1070225949265,-0.12871290500031943
0.024691358024691357,2830.5493851261986,1.3088558573863502
0.024691358024691357,2833.380783246247,-1.5166236090544112
0.024691358024691357,2846.814990794856,-0.8440869796274264
0.024691358024691357,2843.27540901772,2.7360183294874414
0.024691358024691357,2846.8150199681527,-0.8433564342311481
0.024691358024691357,2817.1147480737854,0.5883559328767077
0.024691358024691357,2843.983362149177,2.0306718964331676
0.024691358024691357,2830.5493594961345,1.3044714430907498
0.024691358024691357,2846.815388703759,-0.8424936702075947
0.024691358024691357,2830.548965415137,1.3282487241358631
0.024691358024691357,2832.672861609907,-0.819082066451642
0.024691358024691357,2834.797128797656,-2.956286310168414
0.024691358024691357,2831.2571613075847,0.6103454736718076
0.024691358024691357,2830.5492261804507,1.3221957589746745
0.024691358024691357,2834.089010492408,-2.21113620606541
0.024691358024691357,2846.8153449970737,-0.8496910779617071
0.024691358024691357,2832.6731653130464,-0.8272807275227111
0.024691358024691357,2829.1334473542925,2.7057066689881304
0.024691358024691357,2847.5233678709615,-1.5667191625803778
0.024691358024691357,2847.523378513683,-1.5548572752004322
0.024691358024691357,2834.796947171699,-2.9082977883531624
0.024691358024691357,2847.523353930621,-1.5589237197999646
0.024691358024691357,2843.275428192385,2.7139988517467
0.024691358024691357,2846.1070402464334,-0.11543125415567271
0.024691358024691357,2834.0890787595627,-2.2188251517299427
0.024691358024691357,2834.796972618472,-2.9214150164738637
0.024691358024691357,2817.1151583096,0.5704572314970718
0.024691358024691357,2834.796985359591,-2.923364001675898
0.024691358024691357,2831.9648941751625,-0.11601790069260239
0.024691358024691357,2832.673304801431,-0.8409315050370966
0.024691358024691357,2833.3808067796303,-1.5282811085568733
0.024691358024691357,2819.238908359556,-1.5252470023602052
0.024691358024691357,2818.531128199679,-0.8366179851828914
0.024691358024691357,2848.23131563727,-2.2733203961853894
0.024691358024691357,2820.6549618268436,-2.9533047778987735
0.024691358024691357,2842.567375354597,3.4245046047569097
0.024691358024691357,2834.0890695394464,-2.2158375830806194
0.024691358024691357,2833.3810038089932,-1.541857362227083
0.024691358024691357,2834.797128797656,-2.956286310168414
0.024691358024691357,2842.5676114363946,3.4252988124600754
0.024691358024691357,2834.0890493220295,-2.235061890388465
0.024691358024691357,2832.6731070719743,-0.7944602455311105
0.024691358024691357,2848.23130256718,-2.2714303691280127
0.024691358024691357,2829.1333170434523,2.731744749680518
0.024691358024691357,2847.523338816455,-1.5540350055528342
0.024691358024691357,2834.7967198046304,-2.9416834558648386
0.024691358024691357,2833.380803867413,-1.5292673209661893
0.024691358024691357,2844.6914472804456,1.3218143653408625
0.024691358024691357,2846.1072865798974,-0.11020752395031899
0.024691358024691357,2830.549382304988,1.3088561978659237
0.024691358024691357,2846.8149835133813,-0.8337491355970805
0.024691358024691357,2843.2753942827626,2.7353326576160377
0.024691358024691357,2830.5491640911046,1.3240800338621903
0.024691358024691357,2845.3990077930885,0.6198835175236662
0.024691358024691357,2847.5230830009777,-1.5527802988819337
0.024691358024691357,2846.8154452550166,-0.8556134406998908
0.024691358024691357,2830.549237119458,1.3178069313194265
0.024691358024691357,2834.088995451943,-2.2104031258778805
0.024691358024691357,2846.815388703759,-0.8424936702075947
0.024691358024691357,2834.7967295548574,-2.9413961004126374
0.024691358024691357,2846.814989202734,-0.8328426849290544
0.037037037037037035,2830.5488989733894,1.3209885769018899
0.024691358024691357,2833.3812316265517,-1.520104846998931
0.024691358024691357,2828.4254864358372,3.4107428995848914
0.024691358024691357,2846.8149965687157,-0.8455218842013246
0.024691358024691357,2833.381053355818,-1.510385938759489
0.024691358024691357,2844.6913158718808,1.3295966902016598
0.024691358024691357,2842.5671589791527,3.4593962338809527
0.024691358024691357,2846.1074141839304,-0.12108552991687951
0.037037037037037035,2843.983465758616,2.036726325111336
0.024691358024691357,2832.6728677129213,-0.7989879065139411
0.024691358024691357,2818.53098788933,-0.822122063785508
0.024691358024691357,2846.8154069525062,-0.8616829319836168
0.024691358024691357,2856.7096162221014,3.413344683180511
0.024691358024691357,2834.089007961701,-2.2149205625475386
0.024691358024691357,2846.1070363905415,-0.12973497404271153
0.037037037037037035,2846.8154042009496,-0.8340452746994825
0.024691358024691357,2834.7969373361843,-2.9078263100796233
0.024691358024691357,2846.8149835133813,-0.8337491355970805
0.024691358024691357,2848.231183889069,-2.2613131722181867
0.024691358024691357,2831.257210946957,0.6081507502006098
0.024691358024691357,2834.0892074636763,-2.228984488489877
0.024691358024691357,2834.088764785868,-2.2343035515629506
0.024691358024691357,2831.257186842061,0.6129676983976133
0.024691358024691357,2834.0887769305277,-2.2311265924828856
0.024691358024691357,2847.523349622214,-1.5475299008043555
0.024691358024691357,2848.231033681612,-2.2682856353997356
0.024691358024691357,2842.567171746475,3.4481313765724817
0.024691358024691357,2847.523430527676,-1.5589595012779327
0.024691358024691357,2834.7970058195147,-2.9028972747267074
0.024691358024691357,2830.5493690517587,1.3080376592859744
0.024691358024691357,2819.239061229488,-1.5382380942642464
0.024691358024691357,2832.673272249415,-0.8071128997428167
0.024691358024691357,2832.6730641874756,-0.7955653711436929
0.024691358024691357,2834.0887776583395,-2.2072319421073896
0.024691358024691357,2831.9653113309596,-0.10207666914605572
0.024691358024691357,2819.2387225236653,-1.519840558672166
0.024691358024691357,2819.2391134723384,-1.5399640457609334
0.024691358024691357,2847.5233855893093,-1.564621930732188
0.024691358024691357,2832.6730091745085,-0.7903274731890924
0.024691358024691357,2818.5311042794197,-0.8418544980546031
0.024691358024691357,2830.5489027707085,1.3199503038174218
0.024691358024691357,2833.3810936326363,-1.5129543282095506
0.024691358024691357,2831.9652819009957,-0.10661626429000268
0.024691358024691357,2842.5675603082586,3.4398895935867047
0.024691358024691357,2820.6549830663985,-2.9483105554577684
0.024691358024691357,2842.5671534912867,3.4582293958341936
0.024691358024691357,2844.69129207466,1.3449844948478222
0.024691358024691357,2846.8152569555577,-0.830486446240392
0.024691358024691357,2842.5672133297758,3.4263067534784195
0.024691358024691357,2844.691370066943,1.3273381063285585
0.024691358024691357,2834.7971875567964,-2.9560401968273795
0.024691358024691357,2846.1070316193072,-0.11746820445562559
0.024691358024691357,2846.1071681387425,-0.1417421980099142
0.024691358024691357,2845.3992601531404,0.6201716856154326
0.024691358024691357,2818.530934232993,-0.8221155882389379
0.024691358024691357,2832.67314480353,-0.8045692030659298
0.024691358024691357,2831.9652872679676,-0.1012142268875613
0.024691358024691357,2829.841104813842,2.011874147968749
0.024691358024691357,2843.983182196935,2.039933560519264
0.024691358024691357,2831.9652872679676,-0.1012142268875613
0.024691358024691357,2833.380783246247,-1.5166236090544112
0.024691358024691357,2831.964859747584,-0.08296456740184287
0.024691358024691357,2843.9832393404486,2.02133420567562
0.037037037037037035,2843.2753624234874,2.746021783620013
0.024691358024691357,2847.5233650386917,-1.5543600296019602
0.024691358024691357,2846.8153909680905,-0.85088880201345
0.024691358024691357,2846.8151220825225,-0.8477440682851729
0.024691358024691357,2831.2572078675735,0.6085346545294379
0.024691358024691357,2833.3810159431087,-1.4975788049319148
0.024691358024691357,2848.231312805001,-2.2609612632069718
0.037037037037037035,2846.1072582191605,-0.117734060058176
0.024691358024691357,2848.2313459792413,-2.265755508045792
0.024691358024691357,2834.0889647274485,-2.246893592823844
0.024691358024691357,2829.1334473542925,2.7057066689881304
0.024691358024691357,2831.9652347466467,-0.09965172417380605
0.024691358024691357,2847.5233678709615,-1.5667191625803778
0.024691358024691357,2832.6730803622163,-0.7925456322139112
0.024691358024691357,2846.10740356508,-0.11983413798091327
0.024691358024691357,2848.231319640506,-2.264169393630824
0.024691358024691357,2848.93888116604,-2.9606333295980027
0.024691358024691357,2847.523324322456,-1.5445218701890084
0.024691358024691357,2845.399412990331,0.6165686915102309
0.024691358024691357,2848.231371883357,-2.265895345127283
0.024691358024691357,2845.399260438268,0.6321154773047414
0.024691358024691357,2848.231333580847,-2.2719648364110094
0.024691358024691357,2830.5492743827062,1.31487715081609
0.037037037037037035,2831.9653187517206,-0.10350045369668928
0.024691358024691357,2842.567666770628,3.4207632616609565
0.024691358024691357,2848.231333580847,-2.2719648364110094
0.024691358024691357,2848.2313204287007,-2.2735298394192602
0.024691358024691357,2844.691326124252,1.3210499790908308
0.024691358024691357,2844.691279948303,1.3383545936826222
0.024691358024691357,2846.107434841066,-0.1460620146505597
0.037037037037037035,2845.3993492893055,0.6294932801104737
0.024691358024691357,2834.797129525468,-2.932391659792918
0.024691358024691357,2843.9835749834606,2.0215029608483994
0.024691358024691357,2819.947079666,-2.25193342192148
0.024691358024691357,2834.797185754036,-2.935483664831017
0.024691358024691357,2829.8410379181337,2.0357081220104356
0.024691358024691357,2834.089138981672,-2.2130698990293025
0.037037037037037035,2830.5492886735215,1.3199477113334057
0.024691358024691357,2831.257350703717,0.6055121737279188
0.024691358024691357,2831.9651408973828,-0.09308545455191694
0.024691358024691357,2842.5676050062607,3.430077916765148
0.024691358024691357,2845.3993301229098,0.6261211835612919
0.024691358024691357,2830.549337263941,1.3121109070384351
0.037037037037037035,2830.5491546398544,1.3175651678756355
0.024691358024691357,2819.2391134723384,-1.5399640457609334
0.024691358024691357,2834.796976223977,-2.9052924223615504
0.024691358024691357,2843.275373977779,2.7485111090584184
0.024691358024691357,2834.089087387551,-2.2147997062767986
0.024691358024691357,2833.381015665384,-1.5033281164161483
0.024691358024691357,2831.9649238031216,-0.08086900508076898
0.024691358024691357,2845.3994193118206,0.6094943603975596
0.024691358024691357,2820.654959926473,-2.952264517738621
0.037037037037037035,2843.9835326545603,2.0157862705694107
0.024691358024691357,2831.2572924416504,0.6038260958994379
0.024691358024691357,2829.841288406686,2.023881719678928
0.024691358024691357,2848.2309217055927,-2.24694863234179
0.024691358024691357,2845.3994315551304,0.6105320930989445
0.024691358024691357,2846.815421968341,-0.8482859222013783
0.024691358024691357,2843.275397460784,2.7467619654215563
0.024691358024691357,2846.1073014363246,-0.12533440161567136
0.024691358024691357,2829.8412151099315,2.0285912971649105
0.024691358024691357,2831.2572134412653,0.6200731616456943
0.024691358024691357,2831.965178274165,-0.08991490818014601
0.024691358024691357,2843.9833447090036,2.0516139660856973
0.024691358024691357,2831.9651671918423,-0.0870294446744828
0.024691358024691357,2832.6733226495353,-0.8398936282332757
0.024691358024691357,2831.257344197617,0.6048598805130205
0.024691358024691357,2848.2313806458487,-2.264635259418774
0.024691358024691357,2830.5493832791617,1.3098961111097815
0.024691358024691357,2831.9653051160717,-0.10017635008374047
0.037037037037037035,2829.133323066903,2.7317233822106104
0.024691358024691357,2844.691464077284,1.3173800156309508
0.024691358024691357,2848.231325326273,-2.2530504672263354
0.024691358024691357,2848.2313806458487,-2.264635259418774
0.024691358024691357,2829.1333739313864,2.719979133603618
0.024691358024691357,2834.796974271836,-2.9144014861073146
0.024691358024691357,2831.965299181149,-0.10456314129895138
0.024691358024691357,2846.1072963397232,-0.10458013683139847
0.024691358024691357,2832.672835677739,-0.7966315304287465
0.024691358024691357,2834.7971325408844,-2.940632656615321
0.024691358024691357,2834.797013673665,-2.939625591012714
0.024691358024691357,2830.5489681253034,1.3297004422813403
0.024691358024691357,2847.523424021576,-1.559611794492831
0.024691358024691357,2831.2571749690032,0.6184796500870271
0.024691358024691357,2831.9651642928357,-0.08583352585331515
0.024691358024691357,2830.5493829879492,1.307343498832568
0.024691358024691357,2834.7971339873848,-2.931256890786358
0.024691358024691357,2831.9649077097233,-0.08402950793513984
0.024691358024691357,2846.815424800611,-0.860645055179796
0.024691358024691357,2818.531093804933,-0.8338541568823835
0.024691358024691357,2817.822986943243,-0.12096596546787006
0.024691358024691357,2832.672821589435,-0.7955790944248721
0.024691358024691357,2848.231340001664,-2.2703104545440747
0.024691358024691357,2833.381210703974,-1.5305601954217989
0.024691358024691357,2843.983229700472,2.0156091561693383
0.024691358024691357,2843.98349858604,2.0124644224410613
0.024691358024691357,2845.3992931686985,0.6233712465606994
0.024691358024691357,2856.7097564881105,3.3854058265339586
0.024691358024691357,2843.9835076104205,2.023709122985755
0.024691358024691357,2846.815398251952,-0.8619550582338242
0.024691358024691357,2848.9392810073173,-2.977063750024107
0.024691358024691357,2843.9831032140164,2.0382075927293126
0.024691358024691357,2843.98349858604,2.0124644224410613
0.024691358024691357,2846.1071720682826,-0.1391174694926384
0.024691358024691357,2843.983496321708,2.0208595542469165
0.024691358024691357,2848.231065123237,-2.2656986314442316
0.024691358024691357,2843.9833744755956,2.0344894030044625
0.024691358024691357,2845.399429447331,0.6136366617920056
0.024691358024691357,2843.983371331788,2.033443707754449
0.024691358024691357,2844.6913322502432,1.328407477157688
0.024691358024691357,2846.815395419683,-0.8495959252554066
0.024691358024691357,2843.983608630518,2.021099204914369
0.024691358024691357,2844.691472310741,1.3143869290981538
0.024691358024691357,2843.983371331788,2.033443707754449
0.024691358024691357,2834.796723932224,-2.921046406980329
0.024691358024691357,2843.9833075725446,2.035651497326389
0.024691358024691357,2844.691472310741,1.3143869290981538
0.024691358024691357,2844.6914685288757,1.318672892388994
0.024691358024691357,2843.983511392286,2.019423159694915
0.024691358024691357,2844.691203425173,1.3175316628264309
0.024691358024691357,2843.983371537822,2.0333589033725357
0.024691358024691357,2845.3990122446803,0.6211763942817096
0.024691358024691357,2834.7971804876624,-2.9450662692240344
0.037037037037037035,2843.2755359961034,2.7282980662885508
0.024691358024691357,2843.2755545287114,2.717100553114151
0.024691358024691357,2834.0891572110086,-2.2352965622501655
0.024691358024691357,2833.381197795377,-1.5171863657722082
0.024691358024691357,2831.9649507241706,-0.12298376599456755
0.024691358024691357,2843.2755821885,2.7113081570179314
0.024691358024691357,2843.2756375080758,2.699723364825265
0.024691358024691357,2848.2313806439583,-2.2673556862018454
0.024691358024691357,2832.6731580945147,-0.8086114751233341
0.024691358024691357,2833.3811962925533,-1.5302603316534045
0.024691358024691357,2831.2572004131594,0.6158029969151522
0.024691358024691357,2831.965300819999,-0.10288401119599432
0.024691358024691357,2834.0892210157076,-2.23065427279831
0.024691358024691357,2856.7096297741327,3.411674898872078
0.024691358024691357,2843.275496765241,2.7140334041086382
0.024691358024691357,2834.089240190373,-2.2526737505390515
0.024691358024691357,2834.7971804876624,-2.9450662692240344
0.024691358024691357,2833.3812792719177,-1.5476375199422907
0.024691358024691357,2846.815420504538,-0.8633527162920498
0.024691358024691357,2843.275503788684,2.731900470492262
0.024691358024691357,2842.5676765896205,3.404759595422026
0.024691358024691357,2831.9653382603424,-0.11554558100802718
0.024691358024691357,2829.8414405863077,2.0034065216766686
0.024691358024691357,2830.5493786918764,1.3046358377203142
0.024691358024691357,2834.089153854188,-2.2250849104074377
0.024691358024691357,2843.9833501212693,2.0223079172012306
0.024691358024691357,2833.381068603795,-1.5105545660363757
0.024691358024691357,2831.257169326508,0.6158067486260443
0.024691358024691357,2834.089081527323,-2.2170034952839246
0.024691358024691357,2833.3810826227395,-1.512466363643134
0.024691358024691357,2831.9651289101116,-0.08853743525467682
0.024691358024691357,2848.9392785090904,-2.9726252644688236
0.037037037037037035,2834.089171423725,-2.2197498856919458
0.024691358024691357,2843.9835054221476,2.01789689318044
0.024691358024691357,2843.9833744755956,2.0344894030044625
0.024691358024691357,2844.6913322502432,1.328407477157688
0.024691358024691357,2845.39942042295,0.6023919612473118
0.024691358024691357,2844.691069305237,1.333547884462595
0.024691358024691357,2844.6914517825594,1.302961647320869
0.024691358024691357,2843.275585265225,2.701449316321952
0.024691358024691357,2833.381227029067,-1.5459115684458309
0.024691358024691357,2842.5674658461867,3.440405722122895
0.024691358024691357,2846.107305367838,-0.133522282221228
0.024691358024691357,2842.5675444908634,3.437001030915296
0.024691358024691357,2832.673248556581,-0.818791530281828
0.024691358024691357,2845.3994152783184,0.6242606715069178
0.024691358024691357,2832.673049250186,-0.797508037898678
0.024691358024691357,2833.3808247511924,-1.5076253238295771
0.024691358024691357,2847.5229596045024,-1.5403908206760013
0.024691358024691357,2829.1333816624297,2.7148212991315455
0.024691358024691357,2832.6730597040105,-0.7975457996716789
0.024691358024691357,2842.5676002764494,3.4265972896482335
0.024691358024691357,2845.3993103225207,0.624076950996379
0.024691358024691357,2832.673254781411,-0.8227125803215837
0.024691358024691357,2848.2313061411796,-2.265634676988413
0.024691358024691357,2830.5491655751102,1.3178957433470537
0.024691358024691357,2832.6731862547053,-0.8103598538524869
0.024691358024691357,2833.381200989913,-1.540054842523111
0.024691358024691357,2847.5233830436273,-1.5683246170625378
0.024691358024691357,2833.38114717316,-1.515396084449248
0.024691358024691357,2834.797174802591,-2.927200959812812
0.024691358024691357,2819.947065209255,-2.2482959008585737
0.024691358024691357,2834.088767042878,-2.217142372363858
0.024691358024691357,2844.6913333088783,1.3195961039136446
0.024691358024691357,2847.5229624367716,-1.552749953654419
0.024691358024691357,2834.797156531287,-2.940259520820027
0.024691358024691357,2845.399303251714,0.6258045738613499
0.024691358024691357,2819.9470169347915,-2.2552225837490045
0.024691358024691357,2832.6730790895663,-0.7942861852855244
0.024691358024691357,2831.257341230966,0.5996639369498262
0.024691358024691357,2847.5229496598117,-1.544717560172038
0.024691358024691357,2833.3811717562226,-1.511329639849488
0.024691358024691357,2833.3812156998656,-1.5277488109183446
0.024691358024691357,2817.8231344007204,-0.1361844535818491
0.024691358024691357,2819.947065209255,-2.2482959008585737
0.024691358024691357,2832.6731230332093,-0.810705356354381
0.024691358024691357,2830.549244991759,1.3183158449303556
0.024691358024691357,2843.2754069080875,2.7346957605691014
0.024691358024691357,2842.56746182543,3.430073339773079
0.024691358024691357,2830.549350882547,1.3001605724026402
0.024691358024691357,2830.5493562411757,1.3088118841794527
0.024691358024691357,2834.796955668903,-2.9082551956339797
0.024691358024691357,2831.9652752568754,-0.10126023653472335
0.024691358024691357,2831.9652499193126,-0.10125717865596603
0.024691358024691357,2834.0887746547173,-2.237844111763186
0.024691358024691357,2833.381242881165,-1.5511272725677168
0.024691358024691357,2829.841431855343,1.9941243729550229
0.024691358024691357,2848.231049518664,-2.2571874246290724
0.024691358024691357,2848.2312942195235,-2.256017968032463
0.024691358024691357,2844.691470661626,1.3127731788631163
0.024691358024691357,2847.523321702402,-1.5435805908139424
0.024691358024691357,2845.399418773835,0.6007782110122742
0.024691358024691357,2848.231282620857,-2.248616821410703
0.024691358024691357,2843.9831067185073,2.036985582506494
0.024691358024691357,2834.0887734764237,-2.237212864902565
0.024691358024691357,2819.947008927789,-2.233509371633466
0.024691358024691357,2843.275467872412,2.7360387419031307
0.024691358024691357,2846.8154097549836,-0.862003805460611
0.024691358024691357,2847.5234046817664,-1.5609577791028286
0.024691358024691357,2842.567569073926,3.4410674755148287
0.024691358024691357,2846.1070585675643,-0.12166936843935511
0.024691358024691357,2847.5229322691544,-1.5377378158397539
0.024691358024691357,2848.2308956332345,-2.251580177514305
0.024691358024691357,2847.5229347147792,-1.5465439469175442
0.024691358024691357,2843.2752885274713,2.72899175607059
0.024691358024691357,2843.983490910836,2.0309950143213067
0.037037037037037035,2834.797083613579,-2.917276244735141
0.024691358024691357,2819.9469259930156,-2.2365975938929465
0.024691358024691357,2829.1330003233093,2.7178487962797337
0.037037037037037035,2832.673231458974,-0.8096107113158189
0.024691358024691357,2844.691328106773,1.326860736087573
0.024691358024691357,2843.275406269863,2.736933197281095
0.024691358024691357,2834.796967042438,-2.9085880468624294
0.037037037037037035,2842.5675558939374,3.437754252768987
0.024691358024691357,2847.522979628695,-1.542054023168638
0.024691358024691357,2848.231350769495,-2.268873373989778
0.024691358024691357,2832.6728845804905,-0.8058970623434812
0.024691358024691357,2847.5233898510396,-1.5638371433927896
0.024691358024691357,2847.52336479488,-1.5491353552865155
0.024691358024691357,2843.275529992381,2.7360312449180677
0.024691358024691357,2848.2313822645924,-2.2672913563755723
0.024691358024691357,2833.3810856397245,-1.5349885571310347
0.037037037037037035,2848.2313558227593,-2.2736826499554508
0.024691358024691357,2830.549375989651,1.3088095008231209
0.024691358024691357,2833.381228127103,-1.511336443002416
0.024691358024691357,2831.965325002207,-0.09789184173130881
0.024691358024691357,2831.965237491342,-0.09788128043099452
0.024691358024691357,2834.7970261921064,-2.940607314131901
0.024691358024691357,2848.231348289133,-2.260624799569883
0.024691358024691357,2834.0889899103545,-2.2011944361242235
0.024691358024691357,2846.815038899128,-0.8171450995961813
0.024691358024691357,2843.9834944251465,2.025633759294321
0.024691358024691357,2834.0890652736516,-2.23557108353514
0.024691358024691357,2842.5674292432204,3.4576235998131026
0.024691358024691357,2834.0890041024945,-2.2026904212267886
0.024691358024691357,2844.6914573548966,1.3309291465933348
0.024691358024691357,2846.1074655195434,-0.1341350544545811
0.024691358024691357,2842.5671620442904,3.459932068612004
0.024691358024691357,2846.107077980673,-0.11210886899942021
0.024691358024691357,2834.0890241232973,-2.2235149010017974
0.024691358024691357,2834.797173048185,-2.9509918601746676
0.024691358024691357,2844.6915018115233,1.3207024007872032
0.024691358024691357,2833.381106513238,-1.5108137473127294
0.024691358024691357,2832.6731363129243,-0.8143222424666215
0.024691358024691357,2846.815160835211,-0.8650166248564155
0.024691358024691357,2847.52340379138,-1.5716325861732028
0.024691358024691357,2847.523260898613,-1.545252905135251
0.024691358024691357,2842.5676210242027,3.4232893205375685
0.024691358024691357,2847.5233898510396,-1.5638371433927896
0.024691358024691357,2847.5233971555235,-1.571225524343732
0.024691358024691357,2843.275581942658,2.7182530899408075
0.024691358024691357,2846.1074659700544,-0.15076599500951385
0.024691358024691357,2846.1074659700544,-0.15076599500951385
0.024691358024691357,2834.0887339172614,-2.20701698027271
0.024691358024691357,2846.8150242347815,-0.8373818129161272
0.024691358024691357,2846.8151649776164,-0.8516918521995003
0.024691358024691357,2846.8151649776164,-0.8516918521995003
0.024691358024691357,2843.9835132324915,2.0047542386334656
0.024691358024691357,2834.0891801732273,-2.233959022807701
0.024691358024691357,2834.089057026285,-2.22373639974551
0.024691358024691357,2847.522986041608,-1.5427923391186402
0.024691358024691357,2832.6732755291637,-0.8260205494322487
0.024691358024691357,2843.2751737643885,2.7370375229752053
0.024691358024691357,2818.5311158456343,-0.8484580916661472
0.024691358024691357,2847.5233878069644,-1.5608384562030357
0.024691358024691357,2842.5676210242027,3.4232893205375685
0.024691358024691357,2834.089063459831,-2.2438068922842174
0.024691358024691357,2842.5676401988676,3.401269842796827
0.024691358024691357,2846.8150249171185,-0.8376713041399662
0.024691358024691357,2843.2751737643885,2.7370375229752053
0.024691358024691357,2817.8231394458203,-0.14072569833917734
0.024691358024691357,2834.797164718075,-2.961199733761239
0.024691358024691357,2843.9835428611127,2.0132168593440465
0.024691358024691357,2842.5676401988676,3.401269842796827
0.024691358024691357,2848.2313464753124,-2.2688606083189606
0.024691358024691357,2846.1074659700544,-0.15076599500951385
0.024691358024691357,2842.567212845933,3.4420737535719663
0.024691358024691357,2831.257361978719,0.5963559678391612
0.024691358024691357,2834.7971198766854,-2.9309327202197677
0.024691358024691357,2846.8151649776164,-0.8516918521995003
0.024691358024691357,2834.797164718075,-2.961199733761239
0.024691358024691357,2843.2751737643885,2.7370375229752053
0.024691358024691357,2846.8151649776164,-0.8516918521995003
0.024691358024691357,2829.133483274711,2.7007932453953054
0.024691358024691357,2834.797223477215,-2.9609536204202045
0.024691358024691357,2834.79720285605,-2.9483099085084263
0.024691358024691357,2843.275581942658,2.7182530899408075
0.024691358024691357,2834.7970179447398,-2.928772630342271
0.024691358024691357,2843.275581942658,2.7182530899408075
0.024691358024691357,2842.5676210242027,3.4232893205375685
0.024691358024691357,2846.107447573777,-0.12933707188883795
0.024691358024691357,2846.107057791785,-0.13198156197511604
0.024691358024691357,2848.2310845644192,-2.264750234912186
0.024691358024691357,2829.8413886662006,2.006474041545362
0.024691358024691357,2847.522979628695,-1.542054023168638
0.024691358024691357,2834.089197366074,-2.236093010625771
0.024691358024691357,2846.8150249171185,-0.8376713041399662
0.024691358024691357,2843.275581942658,2.7182530899408075
0.024691358024691357,2834.7970897578234,-2.928776514753435
0.024691358024691357,2843.275581942658,2.7182530899408075
0.024691358024691357,2834.0891230703755,-2.242266612309058
0.024691358024691357,2834.797164718075,-2.961199733761239
0.024691358024691357,2834.0891288393686,-2.223740284156674
0.024691358024691357,2832.6732755291637,-0.8260205494322487
0.037037037037037035,2843.275537560146,2.729410053061561
0.024691358024691357,2842.5672241898787,3.436983004486782
0.024691358024691357,2843.2755523140363,2.7097904692302266
0.024691358024691357,2819.9470376825443,-2.2585305528596695
0.024691358024691357,2843.275581942658,2.7182530899408075
0.024691358024691357,2834.08920379962,-2.256163503164478
0.024691358024691357,2842.5674806844136,3.435645931417829
0.024691358024691357,2820.6548872603835,-2.9479973480804933
0.024691358024691357,2846.8151649776164,-0.8516918521995003
0.024691358024691357,2834.0887891878047,-2.217308577591373
0.024691358024691357,2842.5676712982195,3.407308352234081
0.024691358024691357,2848.2313647098354,-2.2766688167699636
0.024691358024691357,2845.399425407221,0.622204094332219
0.024691358024691357,2834.0891846249547,-2.2341440254237366
0.024691358024691357,2848.2313433985873,-2.259001767622981
0.024691358024691357,2834.797164718075,-2.961199733761239
0.024691358024691357,2834.7967737694016,-2.9410762466724716
0.024691358024691357,2834.0892419375946,-2.2432736779116653
0.024691358024691357,2846.8150249171185,-0.8376713041399662
0.024691358024691357,2842.5672255870522,3.440124768369932
0.024691358024691357,2843.2751737643885,2.7370375229752053
0.024691358024691357,2834.797158284529,-2.941129241222532
0.024691358024691357,2847.5229828866463,-1.5406208307890017
0.024691358024691357,2844.6914725770444,1.3226508146138805
0.024691358024691357,2847.52340379138,-1.5716325861732028
0.024691358024691357,2834.0887891878047,-2.217308577591373
0.024691358024691357,2834.08920379962,-2.256163503164478
0.024691358024691357,2846.107076166852,-0.12034467774849769
0.024691358024691357,2833.3811708839535,-1.535667878094009
0.024691358024691357,2834.7970170276817,-2.9244989940977373
0.024691358024691357,2845.399043713507,0.6149700939308412
0.024691358024691357,2832.6732755291637,-0.8260205494322487
0.024691358024691357,2846.1074749944355,-0.13952129446482
0.024691358024691357,2846.1074659700544,-0.15076599500951385
0.024691358024691357,2834.7967654752765,-2.9463095240054624
0.024691358024691357,2834.0892625587603,-2.2559173898234435
0.024691358024691357,2817.8231721022908,-0.14253368761620916
0.024691358024691357,2830.5492885523986,1.3087423291790565
0.024691358024691357,2834.79720285605,-2.9483099085084263
0.024691358024691357,2846.1074659700544,-0.15076599500951385
0.037037037037037035,2848.231376570512,-2.2769906190661158
0.024691358024691357,2843.2751750674593,2.7394855812403502
0.024691358024691357,2832.6731416229204,-0.8337344310906952
0.037037037037037035,2834.797101160898,-2.928023292899744
0.024691358024691357,2843.983136073743,2.036663777999328
0.024691358024691357,2834.089063459831,-2.2438068922842174
0.024691358024691357,2833.381163716075,-1.537734253817425
0.024691358024691357,2843.275581942658,2.7182530899408075
0.024691358024691357,2834.089068850346,-2.2214117487030105
0.024691358024691357,2846.1073261155907,-0.136830251331893
0.024691358024691357,2820.6549132483115,-2.944942468122798
0.024691358024691357,2843.9831398556084,2.0323778147084877
0.024691358024691357,2817.822755684381,-0.1285316513136095
0.024691358024691357,2833.381096387121,-1.5170362319694755
0.024691358024691357,2842.567616572475,3.423474323153604
0.024691358024691357,2834.797164718075,-2.961199733761239
0.024691358024691357,2846.815368928708,-0.8341962480496576
0.024691358024691357,2843.2756337194983,2.7153460875185167
0.024691358024691357,2843.2755781607925,2.722539053231648
0.024691358024691357,2834.08920379962,-2.256163503164478
0.024691358024691357,2834.797114340886,-2.9247100701539024
0.024691358024691357,2842.5674806844136,3.435645931417829
0.024691358024691357,2842.5676210242027,3.4232893205375685
0.024691358024691357,2847.5234420938905,-1.5655630948894768
0.024691358024691357,2834.089197366074,-2.236093010625771
0.024691358024691357,2831.9653231883863,-0.10612765048038629
0.024691358024691357,2846.8151580029416,-0.8526574918779979
0.024691358024691357,2834.0892089314175,-2.225224750095256
0.024691358024691357,2833.3811053096147,-1.5129340382026635
0.037037037037037035,2846.1074401351857,-0.12558765559514762
0.037037037037037035,2831.965211166107,-0.08685384137002197
0.024691358024691357,2831.965151636796,-0.08210703043253663
0.024691358024691357,2834.0892153649634,-2.245295242633963
0.024691358024691357,2818.531189738161,-0.8306648442058926
0.024691358024691357,2834.089093843601,-2.2102029837298773
0.024691358024691357,2846.8154200575755,-0.8235050419550842
0.024691358024691357,2846.107461669693,-0.11513069297918968
0.024691358024691357,2832.6728141230697,-0.781525759779226
0.024691358024691357,2834.0892153649634,-2.245295242633963
0.024691358024691357,2834.7967602744293,-2.914618311540769
0.037037037037037035,2829.841324968475,2.0287199879973272
0.024691358024691357,2831.9651738913867,-0.09523997618337664
0.024691358024691357,2832.67320358734,-0.7985560633969359
0.024691358024691357,2834.0892228379225,-2.2170522528399323
0.024691358024691357,2842.567689902186,3.425027928579927
0.024691358024691357,2848.231267646232,-2.271550618076277
0.024691358024691357,2847.5233660265353,-1.566521543984778
0.024691358024691357,2834.7967475333103,-2.912669326338735
0.024691358024691357,2829.133387050889,2.7288814277003604
0.024691358024691357,2842.567206464915,3.4653510708186426
0.024691358024691357,2847.523438826179,-1.5367879463653782
0.024691358024691357,2846.107461669693,-0.11513069297918968
0.024691358024691357,2830.54925078506,1.3221266363075466
0.024691358024691357,2846.107462339555,-0.11102973230438487
0.024691358024691357,2842.567523248483,3.4268193652501022
0.024691358024691357,2833.3811008415805,-1.504431101821799
0.024691358024691357,2828.425518701261,3.415115543406744
0.024691358024691357,2843.275565505912,2.751030615391856
0.024691358024691357,2831.257373835275,0.6097768406468895
0.024691358024691357,2831.9653344625176,-0.09781200222708496
0.024691358024691357,2846.1073376809345,-0.12596199080137818
0.024691358024691357,2832.673295380973,-0.802848232823846
0.024691358024691357,2833.381162368598,-1.504185322523617
0.024691358024691357,2843.983142290527,2.05145960401225
0.024691358024691357,2832.6728736241603,-0.7862106428951189
0.024691358024691357,2832.6731280791464,-0.7935033836578692
0.024691358024691357,2846.815392482836,-0.8437362410240172
0.024691358024691357,2846.107346705315,-0.11471729025668434
0.024691358024691357,2843.275304559389,2.7306240782179536
0.024691358024691357,2829.8413231914246,2.0319779514861858
0.024691358024691357,2843.275459361551,2.73341595644548
0.037037037037037035,2829.841319877307,2.029210429681278
0.024691358024691357,2843.2754138774103,2.760537657533278
0.024691358024691357,2829.8413460043107,2.0257124048455517
0.037037037037037035,2831.9651941855095,-0.08685179205676954
0.024691358024691357,2834.796748709086,-2.925486572071284
0.024691358024691357,2844.6914725770444,1.3226508146138805
0.024691358024691357,2834.08920379962,-2.256163503164478
0.024691358024691357,2842.567586640251,3.4515933395596137
0.024691358024691357,2846.815007336352,-0.8065274959315301
0.024691358024691357,2842.567671350592,3.412220141107687
0.024691358024691357,2834.797128436802,-2.910503691244254
0.024691358024691357,2833.3813132056484,-1.5400128986961679
0.024691358024691357,2846.107461669693,-0.11513069297918968
0.024691358024691357,2834.089063892705,-2.204308539679621
0.024691358024691357,2846.81542325801,-0.816065962901146
0.024691358024691357,2817.8231569622944,-0.13125661394343663
0.024691358024691357,2842.56737341328,3.4135238440489584
0.024691358024691357,2842.567642424404,3.431607167066991
0.024691358024691357,2832.67328562945,-0.8054806846052833
0.024691358024691357,2833.3808733326928,-1.5226859389495273
0.024691358024691357,2832.672869871327,-0.7914263051015292
0.024691358024691357,2843.275638063891,2.7269200146467276
0.024691358024691357,2848.231114665818,-2.259203968024813
0.024691358024691357,2843.2751979229965,2.722472619007439
0.024691358024691357,2834.796991081246,-2.902258137059131
0.024691358024691357,2843.2751979229965,2.722472619007439
0.024691358024691357,2831.9651855138222,-0.08424106421692333
0.024691358024691357,2833.3808473127665,-1.5026974841911647
0.024691358024691357,2846.8150327070166,-0.8407489331192928
0.024691358024691357,2842.5674424584654,3.462769320252838
0.024691358024691357,2834.7969669776726,-2.8997002563052283
0.024691358024691357,2847.5229875327364,-1.5447441550183418
0.024691358024691357,2834.0890520085127,-2.2120997841999976
0.024691358024691357,2847.522990687698,-1.5469156633479804
0.024691358024691357,2843.275443013644,2.740798937973258
0.024691358024691357,2817.8231569622944,-0.13125661394343663
0.024691358024691357,2843.275175578209,2.745273331724283
0.024691358024691357,2829.133081802036,2.7275198993896286
0.024691358024691357,2843.9834039763778,2.040804874693512
0.024691358024691357,2847.522990687698,-1.5469156633479804
0.024691358024691357,2834.089264372581,-2.247681581074366
0.024691358024691357,2834.7970261921064,-2.940607314131901
0.024691358024691357,2843.2754392317784,2.7450849012640983
0.024691358024691357,2834.796674298789,-2.90429435938965
0.024691358024691357,2831.9652059507684,-0.11990621851875548
0.024691358024691357,2843.275606370708,2.716300326482617
0.024691358024691357,2842.5673071593073,3.427997332182192
0.024691358024691357,2842.567478313323,3.4501211318608593
0.024691358024691357,2843.9831378875638,2.0448995867484054
0.024691358024691357,2819.9470877708286,-2.243368061220161
0.024691358024691357,2834.089017023989,-2.19378987314533
0.024691358024691357,2842.5674567157153,3.435893254902082
0.024691358024691357,2843.2756410691186,2.717359246201729
0.024691358024691357,2842.5676420126883,3.4095056515459046
0.024691358024691357,2834.089264372581,-2.247681581074366
0.024691358024691357,2833.3812382614396,-1.522820971279932
0.024691358024691357,2847.5229806277594,-1.5379997931503828
0.024691358024691357,2832.6732646018654,-0.815835755481137
0.024691358024691357,2842.567477003472,3.440515063338908
0.024691358024691357,2834.0891813932167,-2.23030439278548
0.024691358024691357,2818.531117880749,-0.8362928445401977
0.024691358024691357,2842.5676801506634,3.42239547679849
0.024691358024691357,2842.567470620604,3.452586719268184
0.024691358024691357,2832.6732837765303,-0.8378552332218784
0.024691358024691357,2833.3812446949855,-1.5428914638186393
0.024691358024691357,2834.089064870606,-2.2336176551320275
0.024691358024691357,2832.6733233610057,-0.8155896421401027
0.024691358024691357,2834.797201664643,-2.93051333131435
0.024691358024691357,2843.9832834392228,2.032935804430064
0.024691358024691357,2829.8410666387795,2.039972114406981
0.024691358024691357,2842.567579334532,3.4478994407142793
0.024691358024691357,2830.549012444492,1.3301931993844556
0.024691358024691357,2832.672919282155,-0.7858751065968881
0.024691358024691357,2829.8413370255785,2.034342165359265
0.024691358024691357,2843.9835018413046,2.041927940195562
0.024691358024691357,2845.3990465209476,0.6330342268654102
0.024691358024691357,2817.114793131919,0.5875778387973568
0.024691358024691357,2842.5675916355,3.445995315153241
0.024691358024691357,2843.983622608739,1.9996793036931895
0.024691358024691357,2818.531117659455,-0.8402222829170697
0.024691358024691357,2833.381303454126,-1.5426453504776052
0.024691358024691357,2833.381303454126,-1.5426453504776052
0.024691358024691357,2834.089199179895,-2.2278572018766933
0.024691358024691357,2843.983540893068,2.0257386313839643
0.024691358024691357,2829.8412992389012,2.0161686141787616
0.024691358024691357,2833.3812382614396,-1.522820971279932
0.024691358024691357,2848.23139254427,-2.2698339354684474
0.024691358024691357,2834.797225291036,-2.952717811671127
0.024691358024691357,2848.2313417728437,-2.262596864407377
0.024691358024691357,2842.56749124177,3.4399430073564057
0.024691358024691357,2843.275407158786,2.7534471263652365
0.024691358024691357,2832.6731832878404,-0.8031697975431685
0.024691358024691357,2848.231393268729,-2.264624934062986
0.024691358024691357,2843.275488768846,2.7294078681592757
0.037037037037037035,2846.1074188262255,-0.13048152470241114
0.037037037037037035,2834.7970946177156,-2.9146098224225545
0.024691358024691357,2843.2755409965175,2.738697667230654
0.024691358024691357,2832.6732773429844,-0.8177847406831712
0.024691358024691357,2832.673163567067,-0.7975277171073976
0.024691358024691357,2830.5492453625875,1.3200283323185595
0.024691358024691357,2830.548951583959,1.3234692435294328
0.024691358024691357,2843.275548705262,2.73145065202096
0.024691358024691357,2847.5233940477638,-1.5656581947499515
0.024691358024691357,2834.089229188751,-2.2277385180434153
0.024691358024691357,2848.231393268729,-2.264624934062986
0.024691358024691357,2830.5493602172955,1.3013280804221472
0.024691358024691357,2831.96517552054,-0.08700635364787733
0.024691358024691357,2831.25738116014,0.6013547442487543
0.024691358024691357,2842.5675813076145,3.4361395664163568
0.024691358024691357,2848.231351259468,-2.2664127417891686
0.024691358024691357,2847.5233907081697,-1.5687763023328225
0.024691358024691357,2832.6730804566314,-0.8041051482904523
0.024691358024691357,2832.6732258926672,-0.8112216588307722
0.024691358024691357,2847.523379095279,-1.5499941023862709
0.024691358024691357,2832.673315099831,-0.8213762288782706
0.024691358024691357,2832.6732139036653,-0.8129451792264597
0.024691358024691357,2846.1074296984993,-0.15886791669999004
0.024691358024691357,2842.567558791263,3.4361422838155407
0.024691358024691357,2848.2313451103355,-2.275784597767305
0.024691358024691357,2834.7967295206126,-2.92108836485834
0.024691358024691357,2834.796870210488,-2.933586300281311
0.024691358024691357,2843.275170862461,2.738820054985771
0.024691358024691357,2848.2313451103355,-2.275784597767305
0.037037037037037035,2831.9653205743184,-0.10412965588498205
0.024691358024691357,2847.5232954335834,-1.5445224601566778
0.024691358024691357,2830.5493913166474,1.3073665898591735
0.024691358024691357,2846.1074378301605,-0.12336268046558665
0.024691358024691357,2833.3810309143273,-1.5119265619277005
0.024691358024691357,2832.6732446420488,-0.8122816970750565
0.024691358024691357,2847.5233940477638,-1.5656581947499515
0.024691358024691357,2819.2391152949363,-1.5405932479492261
0.024691358024691357,2833.3811419656718,-1.5076740089300162
0.037037037037037035,2832.672870979477,-0.7935926837070395
0.024691358024691357,2833.3812101810177,-1.5188474401128838
0.024691358024691357,2848.2311238397147,-2.261022067769509
0.037037037037037035,2830.5492527833485,1.318604547767926
0.024691358024691357,2829.1334612539836,2.7199926912051233
0.024691358024691357,2834.089173434838,-2.2375453998294486
0.024691358024691357,2848.2313889745465,-2.2646121683921687
0.024691358024691357,2834.7972137335987,-2.954979228996953
0.037037037037037035,2830.5492524532497,1.3162540068059558
0.024691358024691357,2848.2313889745465,-2.2646121683921687
0.024691358024691357,2843.275488768846,2.7294078681592757
0.024691358024691357,2832.6729087102353,-0.8009045314572264
0.024691358024691357,2828.4253639606522,3.424641740612353
0.024691358024691357,2834.796975879073,-2.9038987021436027
0.024691358024691357,2848.2313889745465,-2.2646121683921687
0.024691358024691357,2848.230987571966,-2.2535472491717523
0.024691358024691357,2833.381079318958,-1.523203592319012
0.024691358024691357,2846.8151585302626,-0.8492426301885907
0.024691358024691357,2848.231396564992,-2.2681501034753278
0.024691358024691357,2831.964906214006,-0.0883323393670543
0.024691358024691357,2834.0887627176267,-2.220233127976533
0.037037037037037035,2846.8154482862483,-0.8644689358616846
0.024691358024691357,2845.399443180091,0.6070300147132083
0.024691358024691357,2843.9835052112353,2.0301362672215513
0.024691358024691357,2832.6731100664488,-0.8019224221774744
0.024691358024691357,2831.9652897877336,-0.1107709699334892
0.024691358024691357,2834.089064380171,-2.238091438801689
0.024691358024691357,2842.567614576849,3.425738542548478
0.024691358024691357,2830.5493863871566,1.3063950605992596
0.024691358024691357,2833.381139013767,-1.5135606435212228
0.024691358024691357,2848.2313451103355,-2.275784597767305
0.024691358024691357,2848.2312328299654,-2.2542836319072346
0.024691358024691357,2843.275170862461,2.738820054985771
0.024691358024691357,2842.5676337515138,3.4037190648077367
0.024691358024691357,2818.5311055701623,-0.843368446559056
0.024691358024691357,2829.841433694455,2.00887765104382
0.024691358024691357,2842.567614576849,3.425738542548478
0.024691358024691357,2832.6728653920177,-0.8014988551305374
0.024691358024691357,2843.2754362790647,2.732400618917344
0.024691358024691357,2848.9391659682924,-2.9668002803045317
0.024691358024691357,2848.2312125739395,-2.2544169280116657
0.024691358024691357,2832.6732755153557,-0.8436418199600463
0.024691358024691357,2844.691484525968,1.3036711135043415
0.024691358024691357,2843.275170862461,2.738820054985771
0.024691358024691357,2833.3808333404777,-1.5317315225481047
0.024691358024691357,2834.089178177601,-2.231694803412827
0.024691358024691357,2820.65505971368,-2.9452025271406375
0.024691358024691357,2834.797158270721,-2.9587505117503294
0.024691358024691357,2833.3808333404777,-1.5317315225481047
0.024691358024691357,2832.673256340691,-0.8216223422193049
0.024691358024691357,2831.965086710726,-0.08728590247504318
0.024691358024691357,2842.5675196004327,3.43311218444858
0.024691358024691357,2818.530964849408,-0.8311491288141625
0.024691358024691357,2834.796991865122,-2.920070084661054
0.024691358024691357,2832.6731073438964,-0.8030548615378644
0.024691358024691357,2833.381276018286,-1.5264124594750317
0.024691358024691357,2843.275326070561,2.7027010267140295
0.024691358024691357,2833.381186056622,-1.5121883869492434
0.024691358024691357,2831.257209115638,0.6061594127834433
0.024691358024691357,2829.1330510191874,2.730551471569308
0.024691358024691357,2845.39928246618,0.6374840626691457
0.024691358024691357,2848.9388970357645,-2.9662179740604904
0.024691358024691357,2817.1151877826646,0.5679930299151564
0.037037037037037035,2842.5674384461354,3.4489027296364343
0.024691358024691357,2834.797139096056,-2.936731034009588
0.024691358024691357,2817.1151877826646,0.5679930299151564
0.037037037037037035,2843.275600508127,2.7219455126638157
0.024691358024691357,2848.231396564992,-2.2681501034753278
0.037037037037037035,2848.2312435724634,-2.2617273428743982
0.037037037037037035,2846.8151149231717,-0.8342790397366503
0.024691358024691357,2834.089022364188,-2.2159483695774522
0.024691358024691357,2832.6731236079563,-0.8085543372330536
0.024691358024691357,2819.9470312351905,-2.25608133084876
0.024691358024691357,2842.567614576849,3.425738542548478
0.024691358024691357,2848.231364611021,-2.262344941708291
0.024691358024691357,2844.691484525968,1.3036711135043415
0.024691358024691357,2833.3809483735777,-1.5235138390877887
0.024691358024691357,2817.8231320971645,-0.1354600439770493
0.024691358024691357,2817.115031002523,0.5842494805746682
0.024691358024691357,2834.7967353467116,-2.913755030046948
0.024691358024691357,2830.5490032544653,1.3199586871329052
0.024691358024691357,2818.5310141157215,-0.8210163887582607
0.024691358024691357,2834.0892150452946,-2.2506122397073427
0.024691358024691357,2833.381144673432,-1.5235456360269015
0.024691358024691357,2834.089047547076,-2.238009948325887
0.024691358024691357,2819.946618253404,-2.235296073556869
0.024691358024691357,2834.7968563697186,-2.9279253570507575
0.024691358024691357,2844.691345428926,1.3313840083066761
0.024691358024691357,2834.797139036504,-2.93582750233775
0.024691358024691357,2830.549381812239,1.3066939373207043
0.024691358024691357,2846.1070558952047,-0.1417057917291721
0.024691358024691357,2842.5674655762487,3.4407832860055887
0.024691358024691357,2847.5232344745186,-1.5528296069871237
0.024691358024691357,2842.56759732445,3.428776062038386
0.024691358024691357,2842.5676017761775,3.4285910594223505
0.024691358024691357,2848.231054622184,-2.261436222216779
0.024691358024691357,2846.107062087316,-0.11810195820606065
0.024691358024691357,2833.3812171995937,-1.5257550411442276
0.024691358024691357,2832.673256281139,-0.8207188105474666
0.024691358024691357,2846.815410472754,-0.8628596196999105
0.024691358024691357,2829.8413900856444,2.008244270757652
0.024691358024691357,2842.5676017761775,3.4285910594223505
0.024691358024691357,2817.115057179861,0.5874740051331071
0.024691358024691357,2834.089178118049,-2.230791271740989
0.024691358024691357,2831.965303649149,-0.10337852387281775
0.024691358024691357,2817.8231836676346,-0.13166542708569434
0.024691358024691357,2832.673173119528,-0.7883794137439799
0.024691358024691357,2843.9835041766696,2.0282662110757586
0.024691358024691357,2831.257367900352,0.6053900494316786
0.024691358024691357,2833.381254446508,-1.540259012037202
0.024691358024691357,2817.822756478003,-0.11072546078236341
0.024691358024691357,2832.6731564834763,-0.785824758590008
0.024691358024691357,2833.3811024174024,-1.5124963298786722
0.024691358024691357,2832.673265951009,-0.807387827967793
0.024691358024691357,2842.5676376593356,3.426753880076614
0.024691358024691357,2848.230976026801,-2.2471479271147254
0.024691358024691357,2834.088791650465,-2.2157050027134826
0.024691358024691357,2818.5311234425913,-0.8289371967485145
0.024691358024691357,2832.673265951009,-0.807387827967793
0.024691358024691357,2832.6731399231253,-0.7993948712250382
0.024691358024691357,2843.9833829145323,2.0378708048292165
0.024691358024691357,2834.7972137335987,-2.954979228996953
0.024691358024691357,2833.3812918966883,-1.5449067678034314
0.024691358024691357,2834.7971045972695,-2.918735678730651
0.024691358024691357,2829.8412884403174,2.0250391565587216
0.024691358024691357,2846.1074275339993,-0.13213905398381734
0.024691358024691357,2830.5493916078594,1.309919202136387
0.024691358024691357,2819.238976078697,-1.528894940983599
0.024691358024691357,2830.5492520660405,1.3207041145278873
0.024691358024691357,2829.1333332207455,2.72126355821594
0.024691358024691357,2831.2572117030786,0.6192257957700513
0.024691358024691357,2842.567668593226,3.4201340594726637
0.024691358024691357,2834.797088660138,-2.9407631046512592
0.024691358024691357,2844.691481229705,1.3071962829166832
0.024691358024691357,2845.399297201188,0.6364030296211786
0.037037037037037035,2845.3994553810194,0.6190035796338895
0.024691358024691357,2830.5492544241683,1.317031269129091
0.024691358024691357,2834.089119095752,-2.2177658927334227
0.024691358024691357,2832.6731707192857,-0.8058807229844748
0.024691358024691357,2828.425439207828,3.4118127263179923
0.024691358024691357,2829.841032676229,2.0312612846394296
0.037037037037037035,2848.2313668268957,-2.2710162276428645
0.024691358024691357,2819.9470762133915,-2.2456294785459874
0.024691358024691357,2844.691200416779,1.3184164356484498
0.024691358024691357,2846.1071355104136,-0.12881678745943403
0.024691358024691357,2831.965303649149,-0.10337852387281775
0.024691358024691357,2819.238914297071,-1.5262024243222947
0.024691358024691357,2834.089037375214,-2.2164812324576157
0.024691358024691357,2828.425460369789,3.4135298189117775
0.024691358024691357,2834.0891799511273,-2.2355733349919547
0.024691358024691357,2834.0892005722926,-2.248217046903733
0.024691358024691357,2830.549272083017,1.3251311277879432
0.024691358024691357,2842.5675816519647,3.420801091250239
0.024691358024691357,2831.2573525263147,0.604882971539626
0.024691358024691357,2829.841422111727,2.000098764378274
0.024691358024691357,2829.8412801419354,2.0190681979973015
0.024691358024691357,2847.523422652732,-1.5627065018735502
0.024691358024691357,2843.983255970063,2.0237906279730478
0.024691358024691357,2843.275413691066,2.724787386800889
0.024691358024691357,2834.088982485044,-2.2111050027150845
0.024691358024691357,2829.841025801114,2.0153842832774647
0.024691358024691357,2834.7971355076425,-2.9454475337782924
0.024691358024691357,2848.2313429684223,-2.275125331707046
0.024691358024691357,2834.0887913118445,-2.214833100303329
0.024691358024691357,2832.6728694749345,-0.8047606391098067
0.024691358024691357,2834.7969505317724,-2.912833872216557
0.024691358024691357,2842.567683852452,3.402652379371309
0.024691358024691357,2832.6728694749345,-0.8047606391098067
0.024691358024691357,2834.7971355076425,-2.9454475337782924
0.024691358024691357,2834.7970801880665,-2.9338627415856258
0.024691358024691357,2829.133455831332,2.7002970267854582
0.024691358024691357,2832.673186127909,-0.8310577278818615
0.024691358024691357,2848.2313496042793,-2.275532393536289
0.024691358024691357,2842.567683852452,3.402652379371309
0.024691358024691357,2832.673098483205,-0.805312165712755
0.024691358024691357,2834.0891886940635,-2.2550270799308034
0.024691358024691357,2834.797156128808,-2.9580912456900705
0.024691358024691357,2834.7970019183253,-2.9394847954128154
0.024691358024691357,2833.3812342918977,-1.5480187844965483
0.024691358024691357,2834.0887791186206,-2.2393844107795555
0.024691358024691357,2842.567505058906,3.4171923850488035
0.024691358024691357,2834.7971355076425,-2.9454475337782924
0.024691358024691357,2844.6914736034337,1.3107534465329618
0.024691358024691357,2833.3812277756083,-1.5499908493340422
0.024691358024691357,2846.8153933866756,-0.8332368792519245
0.024691358024691357,2831.257346873163,0.5974923910728358
0.024691358024691357,2843.2755110515154,2.7297932544415446
0.024691358024691357,2833.380779570439,-1.5080279020316059
0.024691358024691357,2834.0891745891877,-2.2404113031815314
0.024691358024691357,2842.567505058906,3.4171923850488035
0.024691358024691357,2832.6732915229595,-0.8188456167613203
0.024691358024691357,2843.9835126849785,2.015789677129723
0.024691358024691357,2842.567449642662,3.4531120539835323
0.037037037037037035,2832.67280239527,-0.7964460534849342
0.024691358024691357,2834.7971496125188,-2.9600633105275644
0.024691358024691357,2843.275422045585,2.731931126670778
0.024691358024691357,2842.5672341446384,3.422529753119269
0.024691358024691357,2844.6910705979294,1.329914401897403
0.024691358024691357,2848.231387906789,-2.2694629022525628
0.024691358024691357,2848.231387906789,-2.2694629022525628
0.024691358024691357,2834.797208371659,-2.95981719718653
0.024691358024691357,2846.8153933866756,-0.8332368792519245
0.024691358024691357,2804.3885732214453,-0.8245739628317091
0.024691358024691357,2842.5676561926634,3.4084447754677556
0.024691358024691357,2834.0887913118445,-2.214833100303329
0.024691358024691357,2848.231387906789,-2.2694629022525628
0.024691358024691357,2848.2313496042793,-2.275532393536289
0.024691358024691357,2843.983119053373,2.0388568712825954
0.024691358024691357,2830.5492071739045,1.3194577908413736
0.024691358024691357,2843.275394891743,2.7481697383244503
0.024691358024691357,2842.5672773916854,3.4284686105013034
0.024691358024691357,2834.089107964819,-2.2411301890753834
0.024691358024691357,2842.5672341446384,3.422529753119269
0.024691358024691357,2846.815274760759,-0.8530891916733971
0.024691358024691357,2832.673167212879,-0.8130274018423821
0.024691358024691357,2845.3991679006526,0.6004668178583951
0.024691358024691357,2834.089247453204,-2.254780966589769
0.024691358024691357,2834.0887977453904,-2.234903592842036
0.024691358024691357,2832.6732164799646,-0.8084649551297175
0.024691358024691357,2833.3808303933893,-1.5097968697065676
0.024691358024691357,2831.9651498459257,-0.09740217274511184
0.024691358024691357,2834.796824480578,-2.9340036898924406
0.024691358024691357,2846.8152488047103,-0.8158166226108077
0.024691358024691357,2847.523092349537,-1.56316736702263
0.024691358024691357,2832.6730954596856,-0.8040391703904104
0.024691358024691357,2848.2313105406693,-2.2525661314011165
0.024691358024691357,2832.6732735239852,-0.8062535153628523
0.024691358024691357,2846.8149889967,-0.8327578805471412
0.024691358024691357,2834.7971669356307,-2.9433964849156014
0.024691358024691357,2833.381126231501,-1.5323169581194722
0.024691358024691357,2848.231093912176,-2.262528402494318
0.024691358024691357,2831.965147779583,-0.08756344937317583
0.012345679012345678,2844.6914593282886,1.3074092359192573
0.012345679012345678,2847.5233589942013,-1.5670102447554006
0.012345679012345678,2843.2755502976247,2.724440434366633
0.012345679012345678,2843.983371155582,2.033424751829406
0.012345679012345678,2843.2755458458973,2.7246254369826683
0.012345679012345678,2846.1072942645237,-0.130558102523927
0.012345679012345678,2843.98351121608,2.019404203769872
0.012345679012345678,2843.98351121608,2.019404203769872
0.012345679012345678,2846.1072942645237,-0.130558102523927
0.012345679012345678,2845.399420246744,0.6023730053224962
0.012345679012345678,2846.1071654394536,-0.14143391685518406
0.012345679012345678,2844.691472134535,1.3143679731731108
0.012345679012345678,2832.67310242802,-0.8082742658104304
0.012345679012345678,2847.523405608154,-1.5606626567848352
0.012345679012345678,2843.275480981905,2.738946960840527
0.012345679012345678,2846.107040070227,-0.11545021008048831
0.012345679012345678,2846.1071679625366,-0.1417611539347298
0.012345679012345678,2846.107170794806,-0.15412028691314741
0.012345679012345678,2848.231366526609,-2.265698887381823
0.012345679012345678,2846.8149855220486,-0.8233516707679691
0.012345679012345678,2830.5490521292672,1.3140912041683739
0.012345679012345678,2848.231366526609,-2.265698887381823
0.012345679012345678,2832.672806250603,-0.7893369319910629
0.012345679012345678,2846.1071769869172,-0.13051645339003595
0.012345679012345678,2833.381200350994,-1.5261623123610002
0.012345679012345678,2829.840959912934,2.028930070602921
0.012345679012345678,2819.238934531582,-1.5242977397923636
0.012345679012345678,2834.796937452718,-2.9077095675538898
0.012345679012345678,2846.107411326057,-0.12448194972446594
0.012345679012345678,2846.8151288809913,-0.8467973845314909
0.012345679012345678,2834.797047503094,-2.942402404801405
0.012345679012345678,2842.5675849275776,3.4281837882053505
0.012345679012345678,2842.5672010089097,3.4231108384733115
0.012345679012345678,2831.9652359896086,-0.10697680076028278
0.012345679012345678,2832.6728401897403,-0.8062358720084627
0.012345679012345678,2829.8412942266973,2.0106916598129305
0.012345679012345678,2846.1074010298958,-0.13325832324269662
0.012345679012345678,2846.1071769869172,-0.13051645339003595
0.012345679012345678,2847.5230054270382,-1.5427299163668167
0.012345679012345678,2847.5229497389487,-1.5378130670687176
0.012345679012345678,2833.3811243655755,-1.5325946109589583
0.012345679012345678,2833.3808158358665,-1.52610931781094
0.012345679012345678,2834.0889412661236,-2.2005964579798514
0.012345679012345678,2846.8151288809913,-0.8467973845314909
0.012345679012345678,2842.5676035902934,3.4519075838855864
0.012345679012345678,2829.8413446421846,2.024338390963558
0.012345679012345678,2833.3808382613133,-1.5045648062720625
0.012345679012345678,2834.0890878303367,-2.203178780658839
0.012345679012345678,2834.0892529376206,-2.2324184028695613
0.012345679012345678,2833.3812920191654,-1.5273821722728005
0.012345679012345678,2817.8230345681154,-0.12056533249648423
0.012345679012345678,2831.9652515871812,-0.11825511602520204
0.012345679012345678,2848.2313629468267,-2.267384515172515
0.012345679012345678,2842.5676893368686,3.425014943091744
0.012345679012345678,2832.6731618038207,-0.7867903174879088
0.012345679012345678,2832.673108079662,-0.7915876793787969
0.012345679012345678,2848.231343235238,-2.2645370114059538
0.012345679012345678,2842.5676893368686,3.425014943091744
0.012345679012345678,2829.1335067141868,2.704273931225353
0.012345679012345678,2843.2755645087486,2.7468713532888254
0.012345679012345678,2847.5230054270382,-1.5427299163668167
0.012345679012345678,2846.1071679625366,-0.1417611539347298
0.012345679012345678,2843.983094858051,2.0354359960442334
0.012345679012345678,2834.0892151887574,-2.245314198558779
0.012345679012345678,2848.231332133458,-2.272951036818248
0.012345679012345678,2832.6731551701,-0.8031640208593468
0.012345679012345678,2819.9470465170757,-2.2378706221792344
0.012345679012345678,2829.841272204278,2.0287679898906776
0.012345679012345678,2845.399220208673,0.6334683825347324
0.012345679012345678,2834.7969691069957,-2.9219291774722276
0.012345679012345678,2831.257353152771,0.5954640098475833
0.012345679012345678,2846.8149888204935,-0.8327768364719568
0.012345679012345678,2846.8150577053448,-0.8372999284356055
0.012345679012345678,2832.6733042361134,-0.84094449052528
0.012345679012345678,2846.1071679625366,-0.1417611539347298
0.012345679012345678,2832.6730833077922,-0.8005056626563992
0.012345679012345678,2831.964895700176,-0.0968208377448655
0.012345679012345678,2834.089169343192,-2.2330265581148776
0.012345679012345678,2848.2310585884466,-2.265620493792702
0.012345679012345678,2830.5492068466033,1.3193994894129206
0.012345679012345678,2834.7971250649935,-2.942498310326097
0.012345679012345678,2845.3994456343953,0.6085478287499962
0.012345679012345678,2842.5675743888214,3.4388376282096127
0.012345679012345678,2846.1074484239602,-0.1412533958947996
0.012345679012345678,2842.5676249171056,3.4023873101054587
0.012345679012345678,2834.0891885178576,-2.255046035855619
0.012345679012345678,2832.672869298728,-0.8047795950346223
0.012345679012345678,2833.38104582235,-1.5020606289470164
0.012345679012345678,2832.673325050976,-0.8447214908844304
0.012345679012345678,2842.567683287134,3.4026393938831254
0.012345679012345678,2843.983118877167,2.0388379153575524
0.012345679012345678,2846.815411606747,-0.854684758297416
0.012345679012345678,2830.549294825761,1.3179584231127504
0.012345679012345678,2829.8413317281074,2.0285729594352295
0.012345679012345678,2833.381202408681,-1.5135625450334613
0.012345679012345678,2848.2310650905115,-2.252267375630189
0.012345679012345678,2842.5676249171056,3.4023873101054587
0.012345679012345678,2843.2755353072766,2.7338013976128517
0.012345679012345678,2843.9835237974853,2.0186202899435184
0.012345679012345678,2829.133308377869,2.7105534651894434
0.012345679012345678,2848.2314140123713,-2.2597440504441333
0.012345679012345678,2834.0887672239874,-2.193075216381909
0.012345679012345678,2830.549398640617,1.317673625833556
0.012345679012345678,2829.8410213292586,2.042836414271057
0.012345679012345678,2834.089273558786,-2.2450621147813394
0.012345679012345678,2829.841333907306,2.0229946537095116
0.012345679012345678,2846.1074588118195,-0.1185271127867761
0.012345679012345678,2846.1074485156582,-0.1273034863050068
0.012345679012345678,2829.841413849517,2.0029557296545653
0.012345679012345678,2833.3810990836746,-1.5353285433360975
0.012345679012345678,2847.5233753574717,-1.5720801218725944
0.012345679012345678,2817.8231358844196,-0.1396490216328075
0.012345679012345678,2844.6914571441866,1.323728936419102
0.012345679012345678,2834.089246887886,-2.2547939520781797
0.012345679012345678,2832.6732602474012,-0.8249030821233897
0.012345679012345678,2843.2755408430758,2.7275787475469864
0.012345679012345678,2848.231304965672,-2.266867702081034
0.012345679012345678,2829.1333748494444,2.7105873802404488
0.012345679012345678,2846.8152717522835,-0.8407490146197951
0.012345679012345678,2846.8154655045614,-0.8594034265472246
0.012345679012345678,2842.5674846294664,3.4143366629966376
0.012345679012345678,2834.7971044438277,-2.9298545984143187
0.012345679012345678,2847.5233556458834,-1.569232618106033
0.012345679012345678,2831.9651286835133,-0.09067297178060149
0.012345679012345678,2834.089246887886,-2.2547939520781797
0.012345679012345678,2830.549333397298,1.3065854352321127
0.012345679012345678,2831.2573384104912,0.5851693790701323
0.012345679012345678,2848.231316564338,-2.274268848702794
0.012345679012345678,2846.815280776664,-0.8295043140751013
0.012345679012345678,2834.796860680538,-2.953737089221438
0.012345679012345678,2842.567563834843,3.413900750046556
0.012345679012345678,2833.381206978237,-1.5373660933470796
0.012345679012345678,2842.567683287134,3.4026393938831254
0.012345679012345678,2831.965255234208,-0.10348702596140943
0.012345679012345678,2846.8154655045614,-0.8594034265472246
0.012345679012345678,2842.567662665969,3.4152831057949036
0.012345679012345678,2843.983118877167,2.0388379153575524
0.012345679012345678,2832.672869298728,-0.8047795950346223
0.012345679012345678,2832.672869298728,-0.8047795950346223
0.024691358024691357,2831.2572115524113,0.6111080684566041
0.012345679012345678,2828.4254929744966,3.409826453815419
0.012345679012345678,2833.3807645291927,-1.4911378451379194
0.012345679012345678,2832.6731135173964,-0.7895210128967762
0.012345679012345678,2817.115205619156,0.5763931125099461
0.012345679012345678,2848.231409718189,-2.259731284773316
0.012345679012345678,2843.9835254272034,2.0418351226920644
0.012345679012345678,2843.2755675139756,2.7373105848438266
0.012345679012345678,2842.567590505743,3.423632587343396
0.012345679012345678,2847.5231855186853,-1.5323947034951215
0.012345679012345678,2845.3994456343953,0.6085478287499962
0.012345679012345678,2848.2312751936643,-2.2656029125284856
0.012345679012345678,2846.107300892151,-0.11676009187570138
0.012345679012345678,2834.0890477750227,-2.240735996572246
0.012345679012345678,2832.672844412949,-0.806007568912653
0.012345679012345678,2832.6731286065938,-0.8145876376763597
0.012345679012345678,2847.5233069707256,-1.5531783009805549
0.012345679012345678,2846.107292232552,-0.1293574612432419
0.012345679012345678,2834.089164146538,-2.237462079729336
0.012345679012345678,2834.0890067408054,-2.2070968595437774
0.012345679012345678,2834.0891885178576,-2.255046035855619
0.012345679012345678,2848.231304965672,-2.266867702081034
0.012345679012345678,2843.275524753298,2.708864519449795
0.012345679012345678,2842.5675845843516,3.4178785257840256
0.012345679012345678,2834.088789275059,-2.2401558260998424
0.012345679012345678,2832.6730481929517,-0.8030949145354414
0.012345679012345678,2833.3808302171833,-1.5098158256313832
0.012345679012345678,2833.3808302171833,-1.5098158256313832
0.012345679012345678,2832.672856618631,-0.8018570683416265
0.012345679012345678,2833.381285969431,-1.5497577214814189
0.012345679012345678,2834.7969894647435,-2.9262552891597604
0.012345679012345678,2848.2313538622752,-2.2695891639587624
0.012345679012345678,2843.2753945644417,2.7481114368962247
0.012345679012345678,2834.7969787107854,-2.924366474174113
0.012345679012345678,2846.8153203275588,-0.8433003504835525
0.012345679012345678,2848.2313103276115,-2.2620297338914575
0.012345679012345678,2846.815361710371,-0.8345277286759866
0.012345679012345678,2834.796995598279,-2.9387460169818564
0.012345679012345678,2833.381072165471,-1.5303539968212656
0.012345679012345678,2832.673223084866,-0.8109520635266175
0.012345679012345678,2831.965200046442,-0.1059083359447935
0.012345679012345678,2829.841272204278,2.0287679898906776
0.012345679012345678,2832.673286918301,-0.8151712448265495
0.012345679012345678,2833.3813126403306,-1.5400258841845786
0.012345679012345678,2844.6913625079956,1.3260069397765246
0.012345679012345678,2833.3808217383285,-1.498329857779188
0.012345679012345678,2834.089054734334,-2.2281566555088443
0.012345679012345678,2846.1074162769296,-0.1284032504627176
0.012345679012345678,2848.231335930754,-2.2571486304550112
0.012345679012345678,2829.841004127622,2.0323760361186873
0.012345679012345678,2832.6731694873934,-0.7924447923999133
0.012345679012345678,2842.5676893368686,3.425014943091744
0.012345679012345678,2818.531123652782,-0.8349487088528932
0.012345679012345678,2842.567709958034,3.4123712311799657
0.012345679012345678,2832.6729081529147,-0.7880752302025876
0.012345679012345678,2831.9653908034206,-0.12995342299082915
0.012345679012345678,2834.0887672239874,-2.193075216381909
0.012345679012345678,2834.0892151887574,-2.245314198558779
0.012345679012345678,2829.841010062545,2.0367628273338982
0.012345679012345678,2829.8412546587147,2.0294557842187646
0.012345679012345678,2829.841263328094,2.0242597729971226
0.012345679012345678,2832.6731193203655,-0.79184207007366
0.012345679012345678,2842.567564348778,3.4424989493210396
0.012345679012345678,2829.8409987243685,2.036764195688231
0.012345679012345678,2833.3813126403306,-1.5400258841845786
0.012345679012345678,2833.3811351521863,-1.5100484595972918
0.012345679012345678,2844.6913406331,1.350222108008311
0.012345679012345678,2842.5676886490737,3.407477362072702
0.012345679012345678,2830.5493603510586,1.3127818060397722
0.012345679012345678,2834.796943383877,-2.906821253884597
0.012345679012345678,2832.673221514603,-0.8036852883685938
0.012345679012345678,2847.5232111104033,-1.5219925355661668
0.012345679012345678,2833.38106420397,-1.4955769904757075
0.012345679012345678,2831.965262166411,-0.10591583292985647
0.012345679012345678,2848.2313884092287,-2.2646251538805795
0.012345679012345678,2847.5234317849563,-1.5596016889544089
0.012345679012345678,2832.672811001306,-0.7881120855936629
0.012345679012345678,2834.7967432284136,-2.9224770992622577
0.012345679012345678,2830.549280867357,1.314221935732385
0.012345679012345678,2830.5493998533307,1.303961597808445
0.012345679012345678,2833.3812435271507,-1.5161833245785992
0.012345679012345678,2844.6914289956176,1.329935467477431
0.012345679012345678,2844.691454417848,1.3331564149237785
0.012345679012345678,2833.381192628588,-1.5296806213909415
0.012345679012345678,2847.523361007823,-1.5643946499164563
0.012345679012345678,2832.6730920723508,-0.8032982884837633
0.012345679012345678,2842.567549160689,3.4211281395870876
0.012345679012345678,2834.7969512573877,-2.9508818410785893
0.012345679012345678,2847.5230336780073,-1.5312100829830442
0.012345679012345678,2833.381226527796,-1.5251013445305739
0.012345679012345678,2834.0891488873126,-2.219980399627981
0.012345679012345678,2829.8409801548137,2.0256042472181366
0.012345679012345678,2844.691468041926,1.3223442545428135
0.012345679012345678,2846.815261504624,-0.8133909691812531
0.012345679012345678,2830.5492024052714,1.3173035336731507
0.012345679012345678,2842.567198997618,3.4428399810623698
0.012345679012345678,2830.549340329501,1.304156628263893
0.012345679012345678,2831.2573736858626,0.5946907987400122
0.012345679012345678,2832.673143358089,-0.7978095693131245
0.012345679012345678,2847.523089910755,-1.5298905767940847
0.012345679012345678,2820.6548610163845,-2.936104117315044
0.024691358024691357,2829.841059619724,2.0305238752321366
0.024691358024691357,2831.96531344477,-0.100153259057135
0.012345679012345678,2843.2754468328544,2.7380608188454003
0.012345679012345678,2830.549183037265,1.316819739077612
0.012345679012345678,2848.231400007895,-2.2720263005023393
0.012345679012345678,2843.275628946363,2.7150848433877193
0.024691358024691357,2829.841430398192,2.012402820456162
0.012345679012345678,2847.5234317849563,-1.5596016889544089
0.012345679012345678,2833.380771919761,-1.4931483161904238
0.024691358024691357,2831.2573522351026,0.6023303592624125
0.012345679012345678,2830.5493788595454,1.2997311215270113
0.012345679012345678,2847.5230141114666,-1.5345056781318007
0.012345679012345678,2834.797073094824,-2.9310871464101553
0.012345679012345678,2832.673223084866,-0.8109520635266175
0.012345679012345678,2846.1073904957548,-0.13826787159745624
0.012345679012345678,2834.797165364061,-2.9262557857721214
0.012345679012345678,2831.2572956042454,0.5972862187289071
0.012345679012345678,2833.381192628588,-1.5296806213909415
0.012345679012345678,2829.8413794110456,2.009192858860654
0.012345679012345678,2833.381213786677,-1.5231523593285397
0.012345679012345678,2834.7971098057674,-2.925016630224742
0.012345679012345678,2846.815398421314,-0.8284572124908007
0.012345679012345678,2830.5490182300027,1.319493948692789
0.012345679012345678,2830.5492781007692,1.316057129672154
0.012345679012345678,2829.841041212912,2.0278562925884733
0.012345679012345678,2848.231314621794,-2.2620424995622748
0.012345679012345678,2831.257221555546,0.6106236741773109
0.012345679012345678,2831.2568524534527,0.6158898594146733
0.012345679012345678,2848.2313905034866,-2.2726989530408086
0.012345679012345678,2832.673291662075,-0.8142201360539817
0.012345679012345678,2832.6731360997683,-0.7989679305664986
0.012345679012345678,2846.1073109521644,-0.11060692771323169
0.012345679012345678,2834.0892522498257,-2.249955983888603
0.012345679012345678,2834.089204445606,-2.2212195551753604
0.012345679012345678,2834.0890905443775,-2.2253419354953707
0.012345679012345678,2830.5493828539757,1.2950435778564702
0.012345679012345678,2832.673291662075,-0.8142201360539817
0.012345679012345678,2834.089163754223,-2.2382370082927334
0.012345679012345678,2834.0887606608903,-2.221290480284031
0.012345679012345678,2833.3812170233878,-1.5257739970690432
0.024691358024691357,2830.549381812239,1.3066939373207043
0.012345679012345678,2834.0891652007235,-2.22886124246377
0.012345679012345678,2819.9466219338233,-2.2233133162566263
0.012345679012345678,2833.3812170233878,-1.5257739970690432
0.012345679012345678,2832.6732561049325,-0.8207377664722822
0.012345679012345678,2831.965124146275,-0.09190722354556542
0.012345679012345678,2846.8154102965477,-0.8628785756247261
0.012345679012345678,2828.425088650912,3.431924509884545
0.012345679012345678,2831.9651989954186,-0.09717668149001805
0.012345679012345678,2817.1151748057873,0.5708265908642133
0.012345679012345678,2843.9830919021474,2.0508632230852166
0.012345679012345678,2844.69134525272,1.3313650523816332
0.012345679012345678,2842.5674274259754,3.4291253164985185
0.012345679012345678,2819.239122327693,-1.5328388242520572
0.012345679012345678,2834.0888242400843,-2.2251907114700114
0.012345679012345678,2831.257150739935,0.611978554866521
0.012345679012345678,2844.6913474386465,1.3285296550165722
0.012345679012345678,2833.3812170233878,-1.5257739970690432
0.012345679012345678,2846.815416488659,-0.8392747421016147
0.012345679012345678,2834.089177941843,-2.2308102276658044
0.012345679012345678,2843.275167787888,2.7479453232801543
0.012345679012345678,2848.23134210186,-2.2634444207137028
0.012345679012345678,2848.2313868851325,-2.2684088697437153
0.012345679012345678,2848.231392703411,-2.264637919551397
0.012345679012345678,2834.0892316286604,-2.237312271976825
0.012345679012345678,2830.5492791605116,1.3148987329434842
0.012345679012345678,2832.6731456041766,-0.7982952780280294
0.012345679012345678,2846.107300656003,-0.11938330123146237
0.012345679012345678,2843.2756502553234,2.719978712494983
0.012345679012345678,2832.673303917656,-0.8062532248745747
0.012345679012345678,2834.0889259681835,-2.228652294143947
0.012345679012345678,2833.381174716101,-1.526878978775321
0.012345679012345678,2846.107455820142,-0.1346918672559493
0.012345679012345678,2848.231066044644,-2.2688563247633544
0.012345679012345678,2829.841000433124,2.02181800965264
0.012345679012345678,2846.8154102965477,-0.8628785756247261
0.012345679012345678,2829.8413480452714,2.026704589111469
0.012345679012345678,2847.5233703525687,-1.5373759474985287
0.012345679012345678,2831.257261422294,0.6131171537509003
0.012345679012345678,2829.8410330086667,2.0228723789401304
0.012345679012345678,2817.8231663163165,-0.13257255646368687
0.012345679012345678,2831.9651690275214,-0.09102238460439145
0.012345679012345678,2831.965181510526,-0.0961788050605515
0.024691358024691357,2829.841060758479,2.037420176652193
0.012345679012345678,2830.5491954351837,1.3156599739946093
0.012345679012345678,2843.2754141185214,2.7514534199832363
0.012345679012345678,2830.5492781007692,1.316057129672154
0.012345679012345678,2834.797189541888,-2.932787734128587
0.012345679012345678,2843.9833605033887,2.0455734716871214
0.012345679012345678,2819.238700292369,-1.512711585452625
0.024691358024691357,2833.381084955031,-1.5099333666969814
0.012345679012345678,2843.2751687440073,2.7650493479608125
0.012345679012345678,2834.089178001395,-2.2317137593376426
0.012345679012345678,2843.2755753190977,2.720683356026674
0.012345679012345678,2848.9393058525843,-2.9808397842888814
0.012345679012345678,2832.6731468234216,-0.8289795139621016
0.012345679012345678,2843.2755753190977,2.720683356026674
0.012345679012345678,2831.964911516156,-0.08069438679080398
0.012345679012345678,2832.6732248108656,-0.8072104577809355
0.012345679012345678,2834.089146647776,-2.2172829189744574
0.012345679012345678,2834.797077248304,-2.9468190769320786
0.012345679012345678,2831.9652638924103,-0.10217422718417443
0.012345679012345678,2847.523122104781,-1.5666569496885847
0.012345679012345678,2848.2313625204774,-2.2682763651815274
0.012345679012345678,2843.2755753190977,2.720683356026674
0.012345679012345678,2843.983536237553,2.015647125429913
0.012345679012345678,2844.6914933741427,1.3148968581239924
0.012345679012345678,2848.231403304158,-2.275551469914681
0.012345679012345678,2834.0889285766516,-2.2497150445753302
0.012345679012345678,2843.2755738725973,2.711307590197711
0.012345679012345678,2831.965125968181,-0.08902732177491676
0.012345679012345678,2842.5672887695564,3.4237044571097406
0.012345679012345678,2848.231173559839,-2.2638504490902767
0.012345679012345678,2842.5676106187775,3.4300055499142754
0.012345679012345678,2834.089178001395,-2.2317137593376426
0.012345679012345678,2832.6731345159137,-0.8293179516544366
0.012345679012345678,2834.7971042699683,-2.9187939801588767
0.012345679012345678,2819.238985295761,-1.537718727264409
0.012345679012345678,2847.52343908944,-1.5669900699053514
0.012345679012345678,2829.133464313328,2.7015908696376503
0.024691358024691357,2830.5492415284957,1.3180940485238062
0.024691358024691357,2830.5492415284957,1.3180940485238062
0.012345679012345678,2829.8414027101094,2.005372797958737
0.012345679012345678,2847.5229819406063,-1.5435179803611652
0.012345679012345678,2848.23134210186,-2.2634444207137028
0.012345679012345678,2829.8412437822813,2.0199186086911527
0.012345679012345678,2834.089178001395,-2.2317137593376426
0.012345679012345678,2848.2313333354628,-2.2684024070703606
0.012345679012345678,2828.425501632699,3.411139252592654
0.012345679012345678,2833.381229824059,-1.5286265139429156
0.012345679012345678,2834.797001915331,-2.9238981739805947
0.012345679012345678,2847.5229750226486,-1.556164468791784
0.012345679012345678,2848.9393058525843,-2.9808397842888814
0.012345679012345678,2832.6731122241986,-0.7940666102502077
0.024691358024691357,2848.231103798861,-2.2650746418565784
0.012345679012345678,2843.983536237553,2.015647125429913
0.012345679012345678,2846.107457082163,-0.1399405971175646
0.012345679012345678,2843.983504883934,2.0300779657933257
0.012345679012345678,2833.3808305812604,-1.513736304187139
0.012345679012345678,2842.567490137243,3.43662241737521
0.012345679012345678,2834.089149415653,-2.2172832530173094
0.012345679012345678,2856.7096633056385,3.413308716582567
0.012345679012345678,2832.6728559338594,-0.8046065311227063
0.012345679012345678,2842.5674112149322,3.4533014245863436
0.012345679012345678,2834.7971389198497,-2.9367499899344036
0.024691358024691357,2832.6731384432483,-0.7970163521006106
0.012345679012345678,2829.8414064702542,1.9921487714471573
0.012345679012345678,2846.1071994853073,-0.13394629465044897
0.012345679012345678,2843.983536237553,2.015647125429913
0.012345679012345678,2833.3812170829397,-1.5266775287408814
0.012345679012345678,2844.691224488575,1.3180415918522694
0.012345679012345678,2848.938885260892,-2.958835783363546
0.012345679012345678,2848.231269448979,-2.2553490347829306
0.012345679012345678,2846.8154814672475,-0.8654790087209321
0.012345679012345678,2846.8154741627636,-0.8580906277699896
0.012345679012345678,2843.983521166975,2.017083519981915
0.012345679012345678,2848.9393058525843,-2.9808397842888814
0.012345679012345678,2848.231325222541,-2.272956049925559
0.012345679012345678,2832.6728427197313,-0.8068534412245095
0.012345679012345678,2847.5233626360323,-1.5370186124999032
0.012345679012345678,2848.2310488384373,-2.261444182980957
0.012345679012345678,2833.3811941396193,-1.512247703379468
0.012345679012345678,2829.8412437822813,2.0199186086911527
0.012345679012345678,2847.5233811834046,-1.5584081901169418
0.012345679012345678,2846.1071871494037,-0.11704919116143878
0.012345679012345678,2843.2755835802723,2.726469942764842
0.012345679012345678,2834.7971471810242,-2.9309634031962357
0.012345679012345678,2834.089033894055,-2.204904928121347
0.012345679012345678,2817.823156564794,-0.13520500824512421
0.012345679012345678,2846.815023256288,-0.8200292856117166
0.024691358024691357,2843.9831740909135,2.0454022309369564
0.012345679012345678,2842.567633575308,3.4037001088826937
0.012345679012345678,2834.089043571132,-2.217905326862981
0.012345679012345678,2847.523435081219,-1.5631268583667506
0.012345679012345678,2834.797107566231,-2.9223191495712184
0.012345679012345678,2834.797017806876,-2.946820114783966
0.012345679012345678,2820.6550344130806,-2.945543737227017
0.012345679012345678,2847.5233871802475,-1.5442264715729186
0.012345679012345678,2833.381276731843,-1.5237919739883725
0.012345679012345678,2842.5675014966932,3.4218433065011222
0.012345679012345678,2842.567624417698,3.431484490812312
0.012345679012345678,2847.5233840156743,-1.5707673230953594
0.012345679012345678,2834.0887914997156,-2.2187725347839002
0.012345679012345678,2834.089146647776,-2.2172829189744574
0.012345679012345678,2846.815401717577,-0.8319823819031424
0.012345679012345678,2833.3810544805524,-1.5007478301697814
0.012345679012345678,2829.841442225816,2.0142881005115276
0.012345679012345678,2848.2313713180392,-2.265908330615694
0.012345679012345678,2848.230921009696,-2.2586585855882992
0.012345679012345678,2846.8153740442654,-0.8458923780242711
0.012345679012345678,2843.9833620407885,2.030627058240915
0.012345679012345678,2843.2755547572256,2.744238901507388
0.012345679012345678,2834.089065097445,-2.2355900394599555
0.012345679012345678,2843.27516681378,2.7548016201511567
0.012345679012345678,2843.275555427088,2.748339862182193
0.012345679012345678,2845.399270809381,0.6435077744762202
0.012345679012345678,2846.8153933189833,-0.8427220693662811
0.012345679012345678,2846.1072898798107,-0.12901734246311994
0.012345679012345678,2845.399398610662,0.6121133209029986
0.012345679012345678,2845.3993708640655,0.6099670966965693
0.012345679012345678,2846.8153692493274,-0.8546823067739326
0.012345679012345678,2846.814998234469,-0.8455435937325355
0.012345679012345678,2848.2313713180392,-2.265908330615694
0.012345679012345678,2834.7971389198497,-2.9367499899344036
0.012345679012345678,2832.673128845106,-0.8095697352866206
0.012345679012345678,2819.2389698847333,-1.527449430297001
0.012345679012345678,2831.965193238302,-0.0976288088302163
0.012345679012345678,2843.2755715372323,2.7249693193175144
0.012345679012345678,2842.5672234519698,3.4458430737122026
0.012345679012345678,2834.7968700342817,-2.9336052562061266
0.012345679012345678,2832.6728652158113,-0.801517811055353
0.012345679012345678,2833.3812387238954,-1.5264210122936308
0.012345679012345678,2832.6732753391498,-0.8436607758848619
0.012345679012345678,2848.23134210186,-2.2634444207137028
0.012345679012345678,2834.0890122175133,-2.203474486499796
0.012345679012345678,2834.7971389198497,-2.9367499899344036
0.012345679012345678,2832.673134335537,-0.8301299661467761
0.012345679012345678,2845.399426720844,0.6200055045995759
0.012345679012345678,2842.5672113073097,3.4426661146321376
0.012345679012345678,2833.381302888808,-1.542658335966016
0.012345679012345678,2844.6912778580504,1.3176493462230399
0.012345679012345678,2834.7971419843702,-2.935398924810694
0.012345679012345678,2842.5674823220284,3.4438627842418637
0.012345679012345678,2833.381106337032,-1.510832703237545
0.012345679012345678,2832.673181972452,-0.8012598033978607
0.012345679012345678,2843.275557762453,2.7346781330623893
0.012345679012345678,2845.3992687287036,0.6163708748641927
0.012345679012345678,2842.567618879952,3.4357921366524433
0.012345679012345678,2833.381106337032,-1.510832703237545
0.012345679012345678,2834.0887964442086,-2.2333437960366407
0.012345679012345678,2833.3812550845882,-1.513921907252773
0.012345679012345678,2833.381223897614,-1.5302667078316767
0.012345679012345678,2834.089016696688,-2.193848174573783
0.012345679012345678,2831.965162683968,-0.09647565657876618
0.012345679012345678,2833.3812253441142,-1.5208909420027135
0.012345679012345678,2833.3812822676423,-1.5300146240542378
0.012345679012345678,2833.3811037218757,-1.5311029201915767
0.012345679012345678,2831.965171237619,-0.08138050962701804
0.012345679012345678,2843.983137711358,2.0448806308233625
0.012345679012345678,2843.983137711358,2.0448806308233625
0.012345679012345678,2830.549424324845,1.3019884466625993
0.012345679012345678,2832.673264425659,-0.8158547114059526
0.012345679012345678,2843.2756027549376,2.7044504650241006
0.012345679012345678,2845.3994535293914,0.6044025137207053
0.012345679012345678,2842.567457355613,3.4533651411735358
0.012345679012345678,2832.6731299953963,-0.8020462789312911
0.012345679012345678,2832.6728651828607,-0.800964501650176
0.012345679012345678,2848.2313999666662,-2.2623637365547533
0.012345679012345678,2834.0892054372343,-2.247946650340216
0.012345679012345678,2831.964952562667,-0.09135962583714867
0.012345679012345678,2818.531117483249,-0.8402412388418853
0.012345679012345678,2846.815489728422,-0.8596924219827642
0.012345679012345678,2846.8154262617923,-0.8391902409761578
0.012345679012345678,2834.7971471810242,-2.9309634031962357
0.012345679012345678,2846.815157217606,-0.8356925675117772
0.012345679012345678,2832.6732349335157,-0.8061380339235779
0.012345679012345678,2844.6915054171827,1.31639748157132
0.012345679012345678,2834.0891862625695,-2.2259271725994747
0.012345679012345678,2834.0889829909715,-2.209479459204195
0.012345679012345678,2832.6732349335157,-0.8061380339235779
0.012345679012345678,2843.9835294281497,2.0228701067200827
0.012345679012345678,2832.673144384085,-0.8261758821810669
0.012345679012345678,2834.797224725718,-2.952730797159538
0.012345679012345678,2832.67287336451,-0.8199754877670581
0.012345679012345678,2846.1074490602964,-0.12115956456821345
0.012345679012345678,2831.9652737238484,-0.10365441560403028
0.012345679012345678,2847.5229876792228,-1.5345754862943783
0.012345679012345678,2843.2755835802723,2.726469942764842
0.012345679012345678,2834.0888027835067,-2.2295262376500684
0.012345679012345678,2843.9835294281497,2.0228701067200827
0.012345679012345678,2842.5672387431496,3.426433223629564
0.012345679012345678,2833.380820804281,-1.5133201798229743
0.012345679012345678,2846.8150283528894,-0.8407835503959895
0.012345679012345678,2844.691070199462,1.32978273165434
0.012345679012345678,2843.9832099554405,2.038795226149366
0.012345679012345678,2834.0892054372343,-2.247946650340216
0.012345679012345678,2847.5229876792228,-1.5345754862943783
0.012345679012345678,2831.965241563513,-0.11893509725788103
0.012345679012345678,2844.6912040643924,1.3395282056563793
0.012345679012345678,2834.0888022614545,-2.228194385890836
0.012345679012345678,2843.2755547572256,2.744238901507388
0.012345679012345678,2843.2751964840527,2.755864605656728
0.012345679012345678,2833.3812445187796,-1.5429104197434549
0.012345679012345678,2832.673294166133,-0.8088856766560121
0.012345679012345678,2845.3994349820186,0.6257920913377438
0.012345679012345678,2842.5672387431496,3.426433223629564
0.012345679012345678,2834.0892054372343,-2.247946650340216
0.012345679012345678,2834.089135291535,-2.2330133046400165
0.012345679012345678,2830.549221421799,1.3241839389996064
0.012345679012345678,2832.6732771667785,-0.8178036966079868
0.012345679012345678,2843.9832788059693,2.029830048865696
0.012345679012345678,2831.257312805393,0.6013818149927307
0.012345679012345678,2834.088806194436,-2.2330564405844395
0.012345679012345678,2843.275461965945,2.7178365751874107
0.012345679012345678,2842.5676354029365,3.429557188159569
0.012345679012345678,2842.5675053427954,3.4223174419468787
0.012345679012345678,2833.3810977454445,-1.510483316324487
0.012345679012345678,2846.10731990196,-0.12587025113810238
0.012345679012345678,2833.381054767688,-1.4992039280388847
0.012345679012345678,2842.5676226618175,3.431506173361603
0.012345679012345678,2843.2755685096945,2.7279063373168437
0.012345679012345678,2848.2313415966373,-2.2626158203321927
0.012345679012345678,2834.0891862625695,-2.2259271725994747
0.012345679012345678,2832.6732836003243,-0.837874189146694
0.012345679012345678,2833.3812445187796,-1.5429104197434549
0.012345679012345678,2831.965175425087,-0.09842464178080042
0.012345679012345678,2834.0890769215066,-2.233265388417456
0.012345679012345678,2843.2754363437634,2.73331963798565
0.012345679012345678,2832.6732638887356,-0.8350266853801326
0.012345679012345678,2833.3812380852337,-1.5228399272047477
0.012345679012345678,2834.7971663556896,-2.952982880936977
0.012345679012345678,2831.257372329223,0.60118678453751
0.012345679012345678,2846.1073288496505,-0.12132326405337959
0.012345679012345678,2842.5676418364824,3.4094866956208616
0.012345679012345678,2834.797146644101,-2.9501353771704157
0.012345679012345678,2846.8150240585755,-0.8374007688409428
0.012345679012345678,2833.3808517562857,-1.531022741403765
0.012345679012345678,2842.5676335891158,3.4213213794104913
0.012345679012345678,2842.5672126697273,3.4420547976469233
0.012345679012345678,2847.5233544930425,-1.5482314423582262
0.012345679012345678,2843.983511331288,2.027628743782416
0.012345679012345678,2842.5674786468235,3.4316866589521036
0.012345679012345678,2846.107010256038,-0.1276843105710476
0.024691358024691357,2831.257361978719,0.5963559678391612
0.012345679012345678,2843.2755504128327,2.732664974379177
0.012345679012345678,2842.5672407798634,3.4161410966275607
0.012345679012345678,2846.8150247409126,-0.8376902600647818
0.012345679012345678,2832.6732753529577,-0.8260395053570643
0.012345679012345678,2832.6732753529577,-0.8260395053570643
0.012345679012345678,2834.797140915476,-2.9390142093292777
0.012345679012345678,2848.2310866383204,-2.2617832693178377
0.012345679012345678,2843.275577314724,2.7184191366318
0.012345679012345678,2842.5676208479967,3.4232703646125255
0.012345679012345678,2843.275173588182,2.7370185670501623
0.012345679012345678,2843.2755817664515,2.7182341340157645
0.012345679012345678,2847.52317961768,-1.5614657069708855
0.012345679012345678,2832.6732753529577,-0.8260395053570643
0.012345679012345678,2834.7972229118973,-2.9609666059086153
0.012345679012345678,2843.275173588182,2.7370185670501623
0.012345679012345678,2843.9832825878348,2.0255440855748557
0.012345679012345678,2834.088783071918,-2.226678733883507
0.012345679012345678,2832.6728537653976,-0.7928837205506237
0.012345679012345678,2842.5674805082076,3.435626975492786
0.012345679012345678,2834.0891971898677,-2.2361119665505864
0.012345679012345678,2833.381236271413,-1.5310757359538252
0.012345679012345678,2834.796744677905,-2.9336847680185
0.012345679012345678,2846.8151648014104,-0.8517108081243159
0.012345679012345678,2842.5676335891158,3.4213213794104913
0.024691358024691357,2843.2755359933626,2.735688848432338
0.012345679012345678,2846.8151648014104,-0.8517108081243159
0.012345679012345678,2843.2754358269626,2.7281086516849067
0.012345679012345678,2834.0891971898677,-2.2361119665505864
0.012345679012345678,2831.965349991645,-0.11448564434200274
0.012345679012345678,2834.7967357917605,-2.9235565427940653
0.012345679012345678,2834.0888062411946,-2.215988479461819
0.012345679012345678,2833.381236271413,-1.5310757359538252
0.012345679012345678,2847.5234415285727,-1.5655760803776602
0.012345679012345678,2834.0891971898677,-2.2361119665505864
0.012345679012345678,2846.8150247409126,-0.8376902600647818
0.012345679012345678,2832.6728657775143,-0.8103968362058164
0.012345679012345678,2842.5676208479967,3.4232703646125255
0.012345679012345678,2846.8154586932146,-0.8708819220179784
0.012345679012345678,2846.815024946947,-0.837775064446695
0.012345679012345678,2846.8151648014104,-0.8517108081243159
0.012345679012345678,2842.5676208479967,3.4232703646125255
0.012345679012345678,2834.7971675632543,-2.9247748342554827
0.012345679012345678,2846.107436950315,-0.1381717468355216
0.012345679012345678,2843.9835374882528,2.008762381804772
0.012345679012345678,2846.8151648014104,-0.8517108081243159
0.012345679012345678,2834.797141585338,-2.934913248654473
0.012345679012345678,2831.9650806729614,-0.1105108733244921
0.012345679012345678,2847.5233573450864,-1.5686239949904381
0.012345679012345678,2848.2311762150325,-2.2496027856431544
0.012345679012345678,2848.231332975345,-2.2661326901605388
0.012345679012345678,2848.2311762150325,-2.2496027856431544
0.012345679012345678,2834.797164541869,-2.9612186896860546
0.012345679012345678,2843.275437241751,2.736830136589978
0.012345679012345678,2842.5676983926905,3.401502970649451
0.012345679012345678,2843.2755817664515,2.7182341340157645
0.012345679012345678,2848.2313890037585,-2.2746927228149256
0.012345679012345678,2834.7969389523755,-2.90898638382762
0.012345679012345678,2829.841366836646,2.0137932117060915
0.012345679012345678,2848.2313816992746,-2.267304341863983
0.012345679012345678,2834.089241245689,-2.2526224062011893
0.012345679012345678,2848.2313890037585,-2.2746927228149256
0.012345679012345678,2847.523369715275,-1.569908575995604
0.012345679012345678,2834.0890010986086,-2.204925313666787
0.012345679012345678,2846.815007534222,-0.8241288454593623
0.012345679012345678,2834.7969526253837,-2.9093150220360497
0.012345679012345678,2832.6732105104666,-0.8063517106811801
0.012345679012345678,2834.7971760071796,-2.938792274820307
0.012345679012345678,2832.673047142007,-0.7932017345199497
0.012345679012345678,2843.9833498406997,2.045246752176454
0.012345679012345678,2832.6728323923617,-0.8014718076832902
0.012345679012345678,2834.7969615176303,-2.9094531785042603
0.012345679012345678,2846.8154598623646,-0.8572318806702341
0.012345679012345678,2844.6914828556087,1.3114696419329075
0.012345679012345678,2828.4254873323,3.4119979996924092
0.012345679012345678,2816.40728674956,1.274281607573497
0.012345679012345678,2831.2573541647603,0.5920254043024128
0.012345679012345678,2834.797093265832,-2.921460402471463
0.012345679012345678,2848.2313816992746,-2.267304341863983
0.012345679012345678,2834.7971194227966,-2.9403267644491065
0.012345679012345678,2834.797164541869,-2.9612186896860546
0.012345679012345678,2843.983514531722,2.0350678228363543
0.012345679012345678,2847.523415715115,-1.5683719112127719
0.012345679012345678,2847.5233573450864,-1.5686239949904381
0.012345679012345678,2845.3990193548307,0.6156494648432352
0.012345679012345678,2845.399024616506,0.6311649109965937
0.012345679012345678,2848.2313890037585,-2.2746927228149256
0.012345679012345678,2843.9834905835346,2.030936712893081
0.012345679012345678,2843.983358064422,2.0273310236745683
0.012345679012345678,2848.2313255371287,-2.254190541808092
0.012345679012345678,2833.381087007932,-1.5130865049203999
0.012345679012345678,2842.5675320356813,3.43493865790119
0.012345679012345678,2829.8413714963767,1.99905675934637
0.012345679012345678,2844.6910798501044,1.3306305972973487
0.012345679012345678,2843.2754929541366,2.729902427304429
0.012345679012345678,2830.5493320919522,1.2996550120113104
0.012345679012345678,2820.654969518943,-2.9386039036584526
0.012345679012345678,2834.0890533001434,-2.2164146320128806
0.012345679012345678,2834.0891323473766,-2.216424171874702
0.012345679012345678,2847.523347171417,-1.554701939250625
0.012345679012345678,2834.0890239478326,-2.23832867924644
0.012345679012345678,2846.8153874171776,-0.831123634803387
0.012345679012345678,2833.3808123817626,-1.5321955902306195
0.012345679012345678,2834.7970979255624,-2.9361968548311848
0.012345679012345678,2834.7972021641444,-2.9576586367979503
0.012345679012345678,2846.1071831352024,-0.14336660841688978
0.012345679012345678,2834.796966715137,-2.908646348290655
0.012345679012345678,2843.9834905835346,2.030936712893081
0.012345679012345678,2832.6728426212867,-0.8058923412885884
0.012345679012345678,2832.67318240426,-0.829698129053631
0.012345679012345678,2834.796958109479,-2.9083138311050574
0.012345679012345678,2831.9652495920113,-0.10131548008441901
0.012345679012345678,2832.673120632372,-0.8035187886475733
0.012345679012345678,2842.5676776449372,3.404810939760116
0.012345679012345678,2832.6731516123564,-0.8035225274852501
0.012345679012345678,2847.5234280853037,-1.5696564922179377
0.012345679012345678,2834.7969162672493,-2.9155815657656974
0.024691358024691357,2834.797082628227,-2.9227224917091426
0.012345679012345678,2834.7971373605696,-2.9378402280366824
0.024691358024691357,2834.797154448508,-2.939209543301542
0.012345679012345678,2842.567480105162,3.4375804038958986
0.012345679012345678,2833.3810510923918,-1.502725573907152
0.012345679012345678,2833.381236271413,-1.5310757359538252
0.012345679012345678,2834.7971140135846,-2.924768371582128
0.012345679012345678,2847.523416815773,-1.5607313702390182
0.012345679012345678,2846.815408164931,-0.834431603914052
0.012345679012345678,2846.8151648014104,-0.8517108081243159
0.012345679012345678,2842.5672126697273,3.4420547976469233
0.012345679012345678,2834.0887854934417,-2.212680510351154
0.012345679012345678,2843.2754421542145,2.735983504789929
0.012345679012345678,2848.2313816992746,-2.267304341863983
0.012345679012345678,2847.5233426992027,-1.5596726912781
0.012345679012345678,2843.2754929541366,2.729902427304429
0.012345679012345678,2834.79720054351,-2.9577229666242233
0.012345679012345678,2843.2751863293015,2.735069581848128
0.012345679012345678,2833.381236271413,-1.5310757359538252
0.012345679012345678,2843.983521937154,2.0165058725296685
0.012345679012345678,2843.275421164235,2.7354778468040504
0.012345679012345678,2830.5491871146533,1.3209023615445163
0.012345679012345678,2843.275416897044,2.7381846772975305
0.012345679012345678,2847.52342078082,-1.5622681112669952
0.012345679012345678,2834.797093265832,-2.921460402471463
0.012345679012345678,2829.841405409065,2.015149565010467
0.012345679012345678,2833.3810306860864,-1.497077901994568
0.012345679012345678,2842.567595648516,3.426763336339226
0.012345679012345678,2834.0890010986086,-2.204925313666787
0.012345679012345678,2830.5492011660635,1.305519386957524
0.012345679012345678,2842.5675320356813,3.43493865790119
0.012345679012345678,2842.5675320356813,3.43493865790119
0.012345679012345678,2847.523348335633,-1.5361598654001478
0.012345679012345678,2834.08899589527,-2.2012102033463874
0.012345679012345678,2847.52342078082,-1.5622681112669952
0.012345679012345678,2833.3811191921454,-1.5132744168096994
0.012345679012345678,2834.79720054351,-2.9577229666242233
0.012345679012345678,2832.6733177881447,-0.842614274833713
0.012345679012345678,2845.3992863869603,0.615265712944355
0.012345679012345678,2834.797054934254,-2.9275952484831493
0.012345679012345678,2846.1072759179438,-0.13086003080996203
0.012345679012345678,2847.523341078568,-1.559737021104373
0.012345679012345678,2831.9652498328524,-0.1060939727915023
0.012345679012345678,2842.5676208479967,3.4232703646125255
0.012345679012345678,2831.2571012871995,0.5969866860130032
0.012345679012345678,2842.5676170661313,3.427556327903366
0.012345679012345678,2847.523369083386,-1.5394678345108128
0.012345679012345678,2831.257383429479,0.5887164073167609
0.012345679012345678,2846.8150185340337,-0.8370367484966927
0.012345679012345678,2843.2754134585753,2.7313522909692987
0.012345679012345678,2833.381153633139,-1.5334343810850075
0.012345679012345678,2832.673140922695,-0.8122310728824028
0.012345679012345678,2834.79698746289,-2.91195431740132
0.012345679012345678,2846.8151648014104,-0.8517108081243159
0.012345679012345678,2845.3994517155706,0.5961667049716278
0.012345679012345678,2834.7971453672035,-2.939199211945313
0.012345679012345678,2834.0891971898677,-2.2361119665505864
0.012345679012345678,2843.275173588182,2.7370185670501623
0.012345679012345678,2831.9651324155348,-0.09147654378582634
0.012345679012345678,2846.1074657938484,-0.15078495093432945
0.012345679012345678,2843.275173588182,2.7370185670501623
0.012345679012345678,2842.567476335771,3.437475915288095
0.012345679012345678,2842.567589494378,3.437701204975938
0.012345679012345678,2834.0891971898677,-2.2361119665505864
0.012345679012345678,2842.5676983926905,3.401502970649451
0.012345679012345678,2846.107057615579,-0.13200051789993164
0.012345679012345678,2832.6732753529577,-0.8260395053570643
0.012345679012345678,2843.27555420141,2.7170422516859256
0.012345679012345678,2843.9835151198654,2.012006021089164
0.012345679012345678,2833.381159254309,-1.5363891492672708
0.012345679012345678,2828.425511862001,3.401685540575991
0.012345679012345678,2832.6729908187076,-0.8388481661083257
0.012345679012345678,2818.531093522335,-0.8413039699296988
0.012345679012345678,2832.673269983925,-0.8138778461206976
0.012345679012345678,2834.7971799223446,-2.945079254712445
0.012345679012345678,2834.7971799223446,-2.945079254712445
0.012345679012345678,2847.5234264646692,-1.5697208220442107
0.012345679012345678,2843.9834944986997,2.0246497330009428
0.012345679012345678,2829.1334466301205,2.706897439269375
0.012345679012345678,2844.6914417930775,1.3304256627849191
0.012345679012345678,2847.523332124655,-1.5449878030738342
0.012345679012345678,2843.2755280444453,2.735908613663569
0.012345679012345678,2846.815451501923,-0.8484773137478996
0.012345679012345678,2842.567547508575,3.419427871856603
0.012345679012345678,2833.3810411105283,-1.510678996820577
0.012345679012345678,2834.08922045039,-2.230667258286721
0.012345679012345678,2846.8150813507605,-0.8369537288988268
0.012345679012345678,2829.1334061590323,2.714050949595769
0.012345679012345678,2842.5676554031375,3.417390321845621
0.012345679012345678,2843.9835772400475,2.007317860652099
0.012345679012345678,2833.3810389195346,-1.5204410370483468
0.012345679012345678,2834.7968124918107,-2.942443417957739
0.012345679012345678,2847.5232265043524,-1.536387894711587
0.012345679012345678,2842.567676024303,3.404746609933843
0.012345679012345678,2842.5675304150473,3.4348743280749168
0.012345679012345678,2833.3812006249827,-1.545055085441579
0.012345679012345678,2843.9833996907687,2.022460663292184
0.012345679012345678,2848.231317414429,-2.267607989796878
0.012345679012345678,2834.797159172836,-2.949057030449688
0.012345679012345678,2842.5676983926905,3.401502970649451
0.012345679012345678,2834.0892036234136,-2.2561824590892936
0.012345679012345678,2829.8414316791373,1.99410541702998
0.012345679012345678,2846.8151648014104,-0.8517108081243159
0.012345679012345678,2834.08903850926,-2.2242884636796374
0.012345679012345678,2846.107338745631,-0.12989047000285506
0.012345679012345678,2842.5676208479967,3.4232703646125255
0.012345679012345678,2846.8150247409126,-0.8376902600647818
0.012345679012345678,2843.2754134585753,2.7313522909692987
0.012345679012345678,2843.275610785793,2.7185767413147253
0.012345679012345678,2820.6550102308724,-2.9505359066917025
0.012345679012345678,2834.0890161408724,-2.2210448243952454
0.012345679012345678,2846.8150185340337,-0.8370367484966927
0.012345679012345678,2847.522979452489,-1.5420729790934535
0.012345679012345678,2843.2754414266624,2.730590744896025
0.012345679012345678,2846.8150247409126,-0.8376902600647818
0.012345679012345678,2834.0892190038894,-2.240043024115684
0.012345679012345678,2848.2313800786405,-2.267368671690256
0.012345679012345678,2842.5675671259905,3.44094484426033
0.012345679012345678,2832.6733177881447,-0.842614274833713
0.012345679012345678,2847.523414866003,-1.5623196754224509
0.012345679012345678,2829.8412932180777,2.016529116587472
0.012345679012345678,2833.3812787066,-1.5476505054307015
0.012345679012345678,2817.8231286215882,-0.13754180558209012
0.012345679012345678,2842.567676024303,3.404746609933843
0.012345679012345678,2833.380801919108,-1.5109929017116224
0.012345679012345678,2832.673208889832,-0.8064160405074531
0.012345679012345678,2847.5234264646692,-1.5697208220442107
0.012345679012345678,2843.275636942758,2.699710379337082
0.012345679012345678,2832.67329861348,-0.8205947970929716
0.012345679012345678,2843.275574950919,2.721020027423168
0.012345679012345678,2843.2755280444453,2.735908613663569
0.012345679012345678,2846.8153952434764,-0.8496148811802222
0.012345679012345678,2843.98351121608,2.019404203769872
0.012345679012345678,2843.9831030378105,2.0381886368042696
0.012345679012345678,2843.983371155582,2.033424751829406
0.012345679012345678,2843.98351121608,2.019404203769872
0.012345679012345678,2844.6913320740373,1.328388521232645
0.012345679012345678,2844.6914676828073,1.3145529757891463
0.012345679012345678,2843.2755465157593,2.728726397657473
0.012345679012345678,2843.2751927628474,2.714999089309421
0.012345679012345678,2834.089012454682,-2.2075867605499537
0.012345679012345678,2819.9470375063383,-2.258549508784485
0.012345679012345678,2846.1075325183956,-0.143389127286774
0.012345679012345678,2844.691472134535,1.3143679731731108
0.012345679012345678,2845.399429271125,0.61361770586719
0.012345679012345678,2848.939269232445,-2.969681559327163
0.012345679012345678,2848.2313490976708,-2.2719204334633285
0.012345679012345678,2829.841303366268,2.01143162356903
0.012345679012345678,2843.2755817664515,2.7182341340157645
0.012345679012345678,2842.567677771525,3.414146682561229
0.012345679012345678,2842.5672126697273,3.4420547976469233
0.012345679012345678,2832.6731350131686,-0.8136828944768036
0.012345679012345678,2846.107057615579,-0.13200051789993164
0.012345679012345678,2832.6732753529577,-0.8260395053570643
0.012345679012345678,2845.3990563435477,0.6219098752598792
0.012345679012345678,2842.567640988905,3.4188317851195373
0.012345679012345678,2842.5676208479967,3.4232703646125255
0.012345679012345678,2848.2310866383204,-2.2617832693178377
0.012345679012345678,2834.0892619934425,-2.2559303753118543
0.012345679012345678,2847.5233876307584,-1.5608574121278513
0.012345679012345678,2842.5676400226616,3.401250886871784
0.012345679012345678,2834.088800530081,-2.239235931080591
0.012345679012345678,2846.8151648014104,-0.8517108081243159
0.012345679012345678,2848.939290920296,-2.9495402957043346
0.012345679012345678,2831.2572801961337,0.5957023702317589
0.012345679012345678,2847.522985659368,-1.5427264906615425
0.012345679012345678,2842.5675583192337,3.4254080387246595
0.012345679012345678,2842.567480105162,3.4375804038958986
0.012345679012345678,2848.2313316698946,-2.2754052719364686
0.012345679012345678,2846.107436950315,-0.1381717468355216
0.012345679012345678,2832.6732753529577,-0.8260395053570643
0.012345679012345678,2846.1074657938484,-0.15078495093432945
0.012345679012345678,2833.381236271413,-1.5310757359538252
0.012345679012345678,2829.8414316791373,1.99410541702998
0.012345679012345678,2846.8151648014104,-0.8517108081243159
0.012345679012345678,2818.5311498438946,-0.8386708541858111
0.012345679012345678,2834.7971140135846,-2.924768371582128
0.012345679012345678,2833.381242704959,-1.5511462284925324
0.012345679012345678,2834.7971196026724,-2.9247690461045535
0.012345679012345678,2843.98351121608,2.019404203769872
0.012345679012345678,2846.8153952434764,-0.8496148811802222
0.012345679012345678,2846.1074343250216,-0.14457865058346112
0.012345679012345678,2831.964860516404,-0.08514074438376824
0.012345679012345678,2832.673102918318,-0.8253408572511102
0.012345679012345678,2848.23131359758,-2.2694539715398228
0.012345679012345678,2833.3812049210555,-1.5423474243293251
0.012345679012345678,2834.089243921128,-2.2499790749152084
0.012345679012345678,2844.691472134535,1.3143679731731108
0.012345679012345678,2844.6913322800715,1.3283037168507317
0.012345679012345678,2843.983371155582,2.033424751829406
0.012345679012345678,2848.2309089021173,-2.240902909339346
0.012345679012345678,2846.8153952434764,-0.8496148811802222
0.012345679012345678,2846.1074343250216,-0.14457865058346112
0.012345679012345678,2844.6914593282886,1.3074092359192573
0.012345679012345678,2843.2755465157593,2.728726397657473
0.012345679012345678,2848.9390137433893,-2.9667918255531083
0.012345679012345678,2848.23139131204,-2.2646496003883025
0.012345679012345678,2831.9649845190297,-0.1019641529389513
0.012345679012345678,2843.98310653651,2.0397465537320922
0.012345679012345678,2843.9833742993897,2.0344704470794195
0.012345679012345678,2847.5233561619316,-1.554651111776983
0.012345679012345678,2843.9835074342145,2.023690167060712
0.012345679012345678,2848.2313083139898,-2.264645328730402
0.012345679012345678,2830.5491930414087,1.3200236741832148
0.012345679012345678,2848.2313843747133,-2.2646610105780023
0.012345679012345678,2830.5493263570925,1.30229935829929
0.012345679012345678,2847.523425664141,-1.546258896147684
0.012345679012345678,2843.2756412388308,2.7024180404493356
0.012345679012345678,2829.1334471660484,2.7228291268932088
0.012345679012345678,2832.6732403721358,-0.8111660928182055
0.012345679012345678,2831.2573524430877,0.5989022761850783
0.012345679012345678,2834.0891971898677,-2.2361119665505864
0.012345679012345678,2842.5676208479967,3.4232703646125255
0.012345679012345678,2846.8151648014104,-0.8517108081243159
0.012345679012345678,2847.5229827104404,-1.5406397867138173
0.012345679012345678,2842.5676400226616,3.401250886871784
0.012345679012345678,2834.0891971898677,-2.2361119665505864
0.012345679012345678,2846.815408164931,-0.834431603914052
0.012345679012345678,2847.5233876307584,-1.5608574121278513
0.012345679012345678,2843.275552943405,2.7360030927583106
0.012345679012345678,2833.3812235302935,-1.529126750751791
0.012345679012345678,2830.5493500731177,1.2981822368406417
0.012345679012345678,2843.98351386186,2.0309668621615495
0.012345679012345678,2842.5672126697273,3.4420547976469233
0.012345679012345678,2842.567480787499,3.4372909126720597
0.012345679012345678,2842.5676208479967,3.4232703646125255
0.012345679012345678,2842.5676208479967,3.4232703646125255
0.012345679012345678,2834.0891163841866,-2.2258026571707803
0.012345679012345678,2842.5672254108463,3.440105812444889
0.012345679012345678,2842.5676208479967,3.4232703646125255
0.012345679012345678,2833.381071161779,-1.5081045062736633
0.012345679012345678,2833.3812235302935,-1.529126750751791
0.012345679012345678,2842.5676335891158,3.4213213794104913
0.012345679012345678,2846.815426712303,-0.8558211815310905
0.012345679012345678,2842.5674805082076,3.435626975492786
0.012345679012345678,2834.0889675555204,-2.2046380756414607
0.012345679012345678,2833.3809356928527,-1.5383117141047544
0.012345679012345678,2831.9651148326525,-0.09819395167092566
0.012345679012345678,2832.673071188228,-0.7996624280819628
0.012345679012345678,2845.3992381307307,0.6274398777840322
0.012345679012345678,2843.2755425360483,2.717657172350236
0.012345679012345678,2832.6731363557683,-0.7980232795991861
0.012345679012345678,2831.2572932104704,0.6016499189175125
0.012345679012345678,2844.6913320740373,1.328388521232645
0.012345679012345678,2843.98351121608,2.019404203769872
0.012345679012345678,2844.691472134535,1.3143679731731108
0.012345679012345678,2848.2313916791973,-2.272049391528945
0.024691358024691357,2831.9651655742528,-0.08939143769224021
0.012345679012345678,2829.841277414386,2.0183773022595295
0.012345679012345678,2834.089223299962,-2.2373353630034303
0.024691358024691357,2829.8412928467756,2.0280782321140287
0.012345679012345678,2844.691472134535,1.3143679731731108
0.012345679012345678,2843.9831030378105,2.0381886368042696
0.012345679012345678,2847.5233589942013,-1.5670102447554006
0.012345679012345678,2846.107429852807,-0.14954940261093622
0.012345679012345678,2843.9835074342145,2.023690167060712
0.012345679012345678,2844.6913320740373,1.328388521232645
0.012345679012345678,2843.983496145502,2.0208405983218736
0.012345679012345678,2843.9835067643526,2.0195892063859073
0.012345679012345678,2834.7970450921916,-2.921931791313645
0.012345679012345678,2834.0890099493545,-2.199564716243027
0.012345679012345678,2834.7970656233433,-2.9433169985463423
0.012345679012345678,2848.2313916791973,-2.272049391528945
0.012345679012345678,2848.9390253420556,-2.974192972174868
0.012345679012345678,2829.8414435202544,2.004740168906929
0.012345679012345678,2832.6731649853227,-0.80474023057146
0.012345679012345678,2833.3811063280173,-1.5118572872431375
0.012345679012345678,2833.381236271413,-1.5310757359538252
0.012345679012345678,2843.2755817664515,2.7182341340157645
0.012345679012345678,2832.673142570264,-0.8344116909301443
0.012345679012345678,2846.8151648014104,-0.8517108081243159
0.012345679012345678,2847.5233876307584,-1.5608574121278513
0.012345679012345678,2830.5492219521593,1.318263066179246
0.012345679012345678,2832.6732626118383,-0.82409052015503
0.012345679012345678,2847.5233876307584,-1.5608574121278513
0.012345679012345678,2842.5676208479967,3.4232703646125255
0.012345679012345678,2834.7971453672035,-2.939199211945313
0.012345679012345678,2829.8414316791373,1.99410541702998
0.012345679012345678,2832.6732923523123,-0.8171214854050896
0.012345679012345678,2833.381236271413,-1.5310757359538252
0.012345679012345678,2842.5676400226616,3.401250886871784
0.012345679012345678,2842.5676335891158,3.4213213794104913
0.012345679012345678,2833.381095931624,-1.5187191250735645
0.012345679012345678,2842.567616396269,3.423455367228561
0.012345679012345678,2848.2313981528455,-2.270599545303831
0.012345679012345678,2834.0892036234136,-2.2561824590892936
0.012345679012345678,2842.5676208479967,3.4232703646125255
0.012345679012345678,2833.381236271413,-1.5310757359538252
0.012345679012345678,2845.3994517155706,0.5961667049716278
0.012345679012345678,2819.23911076235,-1.543707084782572
0.012345679012345678,2843.2755817664515,2.7182341340157645
0.012345679012345678,2847.5229851853114,-1.5345295399039776
0.012345679012345678,2834.797158108323,-2.9411481971473474
0.012345679012345678,2846.8153911289623,-0.8343890806836751
0.012345679012345678,2845.3994517155706,0.5961667049716278
0.012345679012345678,2834.79714483028,-2.958371185919493
0.012345679012345678,2842.567616396269,3.423455367228561
0.012345679012345678,2847.522979452489,-1.5420729790934535
0.012345679012345678,2847.5233876307584,-1.5608574121278513
0.012345679012345678,2833.381236271413,-1.5310757359538252
0.012345679012345678,2832.673140032206,-0.8124238279732959
0.012345679012345678,2834.797158108323,-2.9411481971473474
0.012345679012345678,2843.275600941117,2.696214656275023
0.012345679012345678,2834.0887762704792,-2.2153785483141544
0.012345679012345678,2845.399043537301,0.6149511380060256
0.012345679012345678,2834.0891971898677,-2.2361119665505864
0.012345679012345678,2833.381236271413,-1.5310757359538252
0.012345679012345678,2834.0891971898677,-2.2361119665505864
0.012345679012345678,2846.1074657938484,-0.15078495093432945
0.012345679012345678,2842.5672126697273,3.4420547976469233
0.012345679012345678,2834.0891844487487,-2.234162981348552
0.012345679012345678,2834.0891163841866,-2.2258026571707803
0.012345679012345678,2834.7970109369408,-2.9253907794706517
0.012345679012345678,2831.2572839418754,0.5943409097351462
0.012345679012345678,2847.522979452489,-1.5420729790934535
0.012345679012345678,2844.6910968159923,1.331608591477524
0.012345679012345678,2846.815024946947,-0.837775064446695
0.012345679012345678,2842.5676208479967,3.4232703646125255
0.012345679012345678,2834.0890632836245,-2.243825848209033
0.012345679012345678,2842.5676208479967,3.4232703646125255
0.012345679012345678,2846.8151648014104,-0.8517108081243159
0.012345679012345678,2847.5233876307584,-1.5608574121278513
0.012345679012345678,2845.3994517155706,0.5961667049716278
0.012345679012345678,2842.5676208479967,3.4232703646125255
0.012345679012345678,2834.0890107725636,-2.197915266241149
0.012345679012345678,2843.275647744931,2.703070333664234
0.012345679012345678,2842.5675779281632,3.444304798587482
0.012345679012345678,2829.1334574322937,2.7102573935965273
0.012345679012345678,2831.2572254220695,0.6084679342125495
0.012345679012345678,2832.6730804413983,-0.7897185615115873
0.024691358024691357,2831.257361935226,0.6055108182468012
0.012345679012345678,2831.96533842543,-0.10788205073045869
0.012345679012345678,2831.2572978550947,0.607016375013221
0.012345679012345678,2845.3990467952526,0.6163843303856619
0.012345679012345678,2834.797158108323,-2.9411481971473474
0.012345679012345678,2842.5676335891158,3.4213213794104913
0.012345679012345678,2842.5674805082076,3.435626975492786
0.012345679012345678,2833.3808280931435,-1.5122913029194274
0.012345679012345678,2847.5233876307584,-1.5608574121278513
0.012345679012345678,2834.0890306931988,-2.2226251142825983
0.012345679012345678,2846.8153936070394,-0.8439927647716812
0.012345679012345678,2847.5231257198657,-1.5567470387210767
0.012345679012345678,2846.8151648014104,-0.8517108081243159
0.012345679012345678,2834.7968965382406,-2.956067307581568
0.012345679012345678,2834.7971293492615,-2.9324106157177336
0.012345679012345678,2831.96525877355,-0.09801985558353996
0.012345679012345678,2831.96517161952,-0.1029008229408442
0.012345679012345678,2830.549311791911,1.2993784958132522
0.012345679012345678,2847.5234372668424,-1.5663608677170586
0.012345679012345678,2834.088746606808,-2.196405243489859
0.012345679012345678,2834.088983891569,-2.20031074148235
0.024691358024691357,2831.257350703717,0.6055121737279188
0.012345679012345678,2843.2755413771906,2.7426066863698546
0.024691358024691357,2831.9653113309596,-0.10207666914605572
0.024691358024691357,2831.9651706905115,-0.08993128871064247
0.012345679012345678,2831.965125023062,-0.09167095335779536
0.012345679012345678,2848.231193362166,-2.2236843471503356
0.012345679012345678,2847.5234299623585,-1.558972486766116
0.012345679012345678,2845.399362233902,0.6210866514276648
0.012345679012345678,2830.5492005826736,1.3179327358614434
0.012345679012345678,2832.6733094156525,-0.8172348427658195
0.012345679012345678,2843.27557075284,2.721942830708874
0.012345679012345678,2830.549338506903,1.3047858304521858
0.012345679012345678,2847.523333162967,-1.5345544109179878
0.012345679012345678,2847.523211855876,-1.5420082448574055
0.012345679012345678,2842.5674412912485,3.4464054951738117
0.012345679012345678,2831.9652391561344,-0.11953682798703961
0.012345679012345678,2831.2570600976264,0.6166569595809893
0.024691358024691357,2829.841049149643,2.0357067665290907
0.012345679012345678,2834.0892298060626,-2.236683069788532
0.012345679012345678,2831.2571587129573,0.6158330218704965
0.012345679012345678,2843.275613499688,2.726526205956977
0.012345679012345678,2843.9835311186926,2.0198014970305476
0.024691358024691357,2833.3810293324073,-1.4972090255793284
0.012345679012345678,2828.4254965138384,3.4152936241932883
0.012345679012345678,2843.2755413771906,2.7426066863698546
0.012345679012345678,2844.691440773016,1.3292389769434159
0.012345679012345678,2843.275157928271,2.7187536016608274
0.012345679012345678,2842.5673532768233,3.450163200998437
0.012345679012345678,2846.8154690439032,-0.8539362561693551
0.012345679012345678,2832.6731587034374,-0.8007729008918064
0.012345679012345678,2834.7971907245173,-2.941719300385293
0.012345679012345678,2845.3992903532153,0.6356587344081254
0.012345679012345678,2833.3810877006795,-1.5116203263884722
0.012345679012345678,2818.5311041032137,-0.8418734539794187
0.012345679012345678,2831.257371863265,0.595320000928305
0.012345679012345678,2831.9651618588628,-0.08380712959594935
0.024691358024691357,2831.9651349666183,-0.08759650019031316
0.012345679012345678,2842.567604102243,3.406164310464609
0.012345679012345678,2843.275545846033,2.7231475576085895
0.012345679012345678,2846.8149906186495,-0.844105935552242
0.012345679012345678,2848.2310437432266,-2.2578354854035103
0.012345679012345678,2834.7971907245173,-2.941719300385293
0.012345679012345678,2843.2755657485095,2.725022730243344
0.012345679012345678,2834.089053875452,-2.2175011489718397
0.012345679012345678,2848.231386586631,-2.2639959516922867
0.012345679012345678,2834.0891488103093,-2.2493145180025835
0.012345679012345678,2829.1334742918207,2.7221179231714574
0.012345679012345678,2834.0887646096617,-2.234322507487766
0.012345679012345678,2846.8151288809913,-0.8467973845314909
0.012345679012345678,2846.8149888204935,-0.8327768364719568
0.012345679012345678,2847.523318572624,-1.5433180187654012
0.012345679012345678,2842.5675804758503,3.428368790821386
0.012345679012345678,2843.9835266669647,2.019986499646583
0.012345679012345678,2834.7971465421083,-2.9345446035358034
0.012345679012345678,2832.67308062182,-0.7981774809029115
0.012345679012345678,2817.8231393790124,-0.13418846338805818
0.012345679012345678,2843.2756215879663,2.7219366956418773
0.012345679012345678,2831.96525877355,-0.09801985558353996
0.012345679012345678,2842.5676048300547,3.430058960840105
0.012345679012345678,2834.089250427228,-2.24932678170031
0.012345679012345678,2834.08905401805,-2.213117986073736
0.012345679012345678,2842.5676248346367,3.429416212347081
0.012345679012345678,2831.2573589491876,0.5995545693999765
0.012345679012345678,2844.6914265031573,1.326463708990919
0.012345679012345678,2832.67308062182,-0.7981774809029115
0.012345679012345678,2843.9833929065644,2.0378958927960493
0.012345679012345678,2834.0891920571994,-2.2495788654777495
0.012345679012345678,2829.1333166090576,2.7246002178269526
0.012345679012345678,2830.5492407465977,1.3012696594392243
0.012345679012345678,2846.1071807687827,-0.13480241668087625
0.012345679012345678,2831.964807875685,-0.0899715045661567
0.012345679012345678,2831.257137092301,0.6093714817855403
0.012345679012345678,2832.6732458660845,-0.8411965743029465
0.012345679012345678,2832.6729789320593,-0.7942365766468423
0.012345679012345678,2847.5233348310207,-1.5654556177468826
0.012345679012345678,2847.52334235695,-1.5595111434503026
0.012345679012345678,2846.1070279020387,-0.12774060587519567
0.012345679012345678,2846.107040070227,-0.11545021008048831
0.012345679012345678,2832.672923540642,-0.8071548179957433
0.012345679012345678,2834.089167702995,-2.2512690354964686
0.012345679012345678,2846.1071679625366,-0.1417611539347298
0.012345679012345678,2832.6731100956904,-0.8000619939814378
0.012345679012345678,2846.1070310458463,-0.12669491062518215
0.012345679012345678,2848.2313419946613,-2.2631099300660558
0.012345679012345678,2832.6732212622683,-0.8103228613383248
0.012345679012345678,2831.965260343813,-0.1052866307415637
0.012345679012345678,2842.567543747792,3.4415724007812023
0.012345679012345678,2831.2572247653775,0.6201554558312851
0.012345679012345678,2834.797107107101,-2.9329012303303057
0.012345679012345678,2820.654996678841,-2.9488661223832695
0.012345679012345678,2844.6912879012566,1.3444520579736128
0.012345679012345678,2834.089161269449,-2.2311985429577614
0.012345679012345678,2833.3810671725623,-1.5099815436439508
0.012345679012345678,2847.5233178145513,-1.555099511553628
0.012345679012345678,2831.257149846568,0.5979327918069363
0.012345679012345678,2833.3811859280513,-1.5265366746538598
0.012345679012345678,2833.38106019673,-1.5086126447910895
0.012345679012345678,2833.3811918067654,-1.514168614676683
0.012345679012345678,2831.965089649669,-0.08974856254029943
0.012345679012345678,2847.523359185225,-1.5637654477281635
0.012345679012345678,2843.2751837380465,2.73715767908782
0.012345679012345678,2846.107040070227,-0.11545021008048831
0.012345679012345678,2832.6730615873125,-0.7983973539732755
0.012345679012345678,2843.275545846033,2.7231475576085895
0.012345679012345678,2846.107040070227,-0.11545021008048831
0.012345679012345678,2845.3990133497045,0.6274080007883266
0.012345679012345678,2848.231366526609,-2.265698887381823
0.012345679012345678,2832.673080034915,-0.7926039336421368
0.012345679012345678,2843.9834328759794,2.022666029699072
0.012345679012345678,2847.5233378226976,-1.5492908632777094
0.012345679012345678,2829.1330328969734,2.7264999639958267
0.012345679012345678,2834.0890067941905,-2.2266759706935115
0.012345679012345678,2832.6731971992763,-0.8094604190798304
0.012345679012345678,2842.5673355028343,3.410182502967663
0.012345679012345678,2847.523327526537,-1.55806723679594
0.012345679012345678,2829.841115086296,1.9987233464358474
0.012345679012345678,2820.654996678841,-2.9488661223832695
0.012345679012345678,2846.1071679625366,-0.1417611539347298
0.012345679012345678,2832.6730990927495,-0.8087694708839787
0.012345679012345678,2833.381200350994,-1.5261623123610002
0.012345679012345678,2832.673023575497,-0.7986720664712181
0.012345679012345678,2831.2571376792416,0.6082324748656834
0.012345679012345678,2834.08868554166,-2.2041659296939913
0.012345679012345678,2833.381200350994,-1.5261623123610002
0.012345679012345678,2842.5675023627214,3.4327108836684395
0.012345679012345678,2833.3808655107214,-1.5256890807983925
0.012345679012345678,2842.567522398815,3.4303214623174845
0.012345679012345678,2843.275602769561,2.714023875557293
0.012345679012345678,2846.107165698205,-0.13336602212887452
0.012345679012345678,2846.8149963925093,-0.8455408401261402
0.012345679012345678,2845.3994248195327,0.6123248291091467
0.012345679012345678,2846.8150025846207,-0.8219370066030287
0.012345679012345678,2848.2309089021173,-2.240902909339346
0.012345679012345678,2842.567584927442,3.4296616675794294
0.012345679012345678,2844.691472134535,1.3143679731731108
0.012345679012345678,2843.98351121608,2.019404203769872
0.012345679012345678,2844.691472134535,1.3143679731731108
0.012345679012345678,2844.691472134535,1.3143679731731108
0.012345679012345678,2844.691472134535,1.3143679731731108
0.012345679012345678,2846.1071455692468,-0.13823347335251915
0.012345679012345678,2842.5671939789045,3.448307275294118
0.012345679012345678,2832.6731249412096,-0.8191316489417141
0.012345679012345678,2848.2313738310927,-2.2730872683327656
0.012345679012345678,2846.8153722445118,-0.829518180321227
0.012345679012345678,2847.523405608154,-1.5606626567848352
0.012345679012345678,2832.6732564318936,-0.8122080618122646
0.012345679012345678,2848.231366526609,-2.265698887381823
0.012345679012345678,2846.8149888204935,-0.8327768364719568
0.012345679012345678,2828.425331156021,3.427134263912655
0.012345679012345678,2846.8151288809913,-0.8467973845314909
0.012345679012345678,2843.2751236830277,2.7422094739535705
0.012345679012345678,2848.2313126287945,-2.2609802191317874
0.012345679012345678,2842.567597668697,3.4262348030033163
0.012345679012345678,2834.796963507296,-2.9244112706835734
0.012345679012345678,2844.691035031672,1.327735417159337
0.012345679012345678,2843.2754487669895,2.7334731684324445
0.012345679012345678,2848.2311808805935,-2.2489729951645847
0.012345679012345678,2848.2313738310927,-2.2730872683327656
0.012345679012345678,2848.2313622324264,-2.265686121711006
0.012345679012345678,2846.8151288809913,-0.8467973845314909
0.024691358024691357,2831.9651364590645,-0.08954764406710812
0.012345679012345678,2846.1070310458463,-0.12669491062518215
0.012345679012345678,2834.796901651693,-2.908350635673311
0.012345679012345678,2846.8149947965708,-0.8440902742003609
0.012345679012345678,2843.9830947154433,2.0260427995137515
0.012345679012345678,2846.8149836072344,-0.8222950007183762
0.012345679012345678,2834.797047503094,-2.942402404801405
0.012345679012345678,2846.1070279020387,-0.12774060587519567
0.012345679012345678,2829.841395758718,1.9990188406228049
0.012345679012345678,2843.27540065147,2.737642599507998
0.012345679012345678,2843.275540649379,2.7187120359943586
0.012345679012345678,2848.2313738310927,-2.2730872683327656
0.012345679012345678,2832.6730959859897,-0.7902429974851594
0.012345679012345678,2834.7969495774378,-2.9051736860665427
0.012345679012345678,2845.3992676664398,0.6199945165951329
0.012345679012345678,2846.1070279020387,-0.12774060587519567
0.012345679012345678,2831.2572214045695,0.607471233814786
0.012345679012345678,2843.2754055062437,2.73550416848885
0.012345679012345678,2846.8154519941827,-0.8630148071390167
0.012345679012345678,2847.523082824772,-1.5527992548067493
0.012345679012345678,2848.2313738310927,-2.2730872683327656
0.012345679012345678,2833.3808158358665,-1.52610931781094
0.012345679012345678,2846.814992361556,-0.8225233909772023
0.012345679012345678,2833.3811209064424,-1.509745119035833
0.012345679012345678,2848.231037773584,-2.2618434934335516
0.012345679012345678,2846.1071679625366,-0.1417611539347298
0.012345679012345678,2846.1071698536243,-0.13112915333243005
0.012345679012345678,2848.2313154610642,-2.273339352110205
0.012345679012345678,2843.9831030378105,2.0381886368042696
0.012345679012345678,2846.1074433494023,-0.13333395003876727
0.012345679012345678,2844.6910639562657,1.3331524062075086
0.012345679012345678,2843.983371155582,2.033424751829406
0.012345679012345678,2846.8149881381564,-0.8324873452481178
0.012345679012345678,2832.6731565457203,-0.8042437508617782
0.024691358024691357,2831.2573263495124,0.6038220037091997
0.012345679012345678,2846.8151900832895,-0.858904433732242
0.0,2843.2752795808774,2.7287011931127463
0.0,2843.983506588146,2.0195702504610917
0.0,2848.23131973645,-2.2720654312772046
0.0,2843.983511039874,2.0193852478450562
0.0,2848.231316904181,-2.259706298298787
0.0,2845.399432876784,0.6093127866515341
0.0,2846.1072940883173,-0.1305770584487426
0.0,2848.2308999595143,-2.245879851621047
0.0,2848.231316904181,-2.259706298298787
0.0,2848.231316904181,-2.259706298298787
0.0,2847.5233559857256,-1.554670067702026
0.0,2848.231316904181,-2.259706298298787
0.0,2848.231176843683,-2.245685750239253
0.0,2848.231316904181,-2.259706298298787
0.0,2844.691471958329,1.3143490172482952
0.0,2848.231316904181,-2.259706298298787
0.0,2848.23131973645,-2.2720654312772046
0.0,2848.231316904181,-2.259706298298787
0.0,2848.231316904181,-2.259706298298787
0.0,2848.231316904181,-2.259706298298787
0.0,2848.939000012053,-2.9662028417878252
0.0,2848.231316904181,-2.259706298298787
0.0,2848.2309213531807,-2.246986544191649
0.0,2833.3808913479666,-1.5047910770658985
0.0,2832.6732925636798,-0.8110309477533152
0.0,2844.6914570505614,1.335924591207786
0.0,2834.7971237727425,-2.9188787709720385
0.0,2830.5494098083145,1.3040777440371951
0.0,2830.5494098083145,1.3040777440371951
0.0,2846.107286737431,-0.10924372677279984
0.0,2848.2313911138795,-2.272062377017128
0.0,2834.0891118699255,-2.215293414214581
0.0,2829.1333976393285,2.7141611070103777
0.0,2845.3993071706795,0.6269594273719202
0.0,2833.380805100657,-1.5052616658621696
0.0,2848.231379515213,-2.2646612303953684
0.012345679012345678,2832.673125675542,-0.7969947806795908
0.0,2843.9834669952897,2.037073376261888
0.0,2834.0891675267885,-2.2512879914215116
0.0,2844.6911155166163,1.3316599442124941
0.0,2846.1073939627872,-0.12449772792231464
0.0,2834.796944107716,-2.904614753219245
0.0,2833.381070987331,-1.5129061066583833
0.0,2833.3807858060527,-1.5156753084949537
0.0,2846.1071613440777,-0.13340063940557126
0.0,2830.549391668998,1.3004872549561608
0.0,2846.1073939627872,-0.12449772792231464
0.0,2846.10716778633,-0.1417801098595454
0.0,2829.8414077075595,2.0153335616068704
0.0,2848.2311721127994,-2.2486425641765697
0.0,2831.965174017523,-0.09593442872320306
0.0,2833.381048982649,-1.5207562329591633
0.0,2830.5493919068767,1.3030398736698683
0.0,2832.6728390752173,-0.8032122972712638
0.0,2832.6730979994854,-0.8045147905644877
0.0,2832.6728362181548,-0.8219047868669146
0.012345679012345678,2856.7097396746526,3.3928859719142412
0.0,2847.5233182453226,-1.5433763201936268
0.0,2848.231316904181,-2.259706298298787
0.0,2845.399420070538,0.6023540493976806
0.0,2847.5233559857256,-1.554670067702026
0.0,2848.231316904181,-2.259706298298787
0.0,2848.231316904181,-2.259706298298787
0.0,2848.23131973645,-2.2720654312772046
0.0,2845.399420070538,0.6023540493976806
0.0,2846.1070277258323,-0.12775956180001127
0.0,2845.399396920478,0.6224114047532657
0.0,2846.8153616210498,-0.8383528552676833
0.0,2846.1072653203455,-0.11441012896582628
0.0,2834.7967234370967,-2.9383210239599773
0.0,2844.6910475158406,1.3347101604562877
0.0,2846.1070277258323,-0.12775956180001127
0.0,2829.1333685063814,2.713124592124396
0.0,2847.523415338997,-1.5518992687550153
0.0,2847.5229353130276,-1.5437812644003577
0.0,2831.964852747881,-0.09896339698382468
0.0,2846.815235070355,-0.8255388010868754
0.0,2834.08907427728,-2.2179474508838752
0.0,2834.0891469056232,-2.2386442795097334
0.0,2846.815235070355,-0.8255388010868754
0.0,2843.983432513438,2.029413433883908
0.0,2844.6912970518265,1.3433472998248
0.0,2830.549391668998,1.3004872549561608
0.0,2856.709341667187,3.4250469281243636
0.0,2834.797109270579,-2.934304744277531
0.0,2846.1074109987558,-0.12454025115269154
0.0,2846.107416534555,-0.13076290121855685
0.0,2830.549265118303,1.3133013091369687
0.0,2845.3992519155095,0.6420671583779131
0.0,2832.6731633310064,-0.8286008651334301
0.0,2830.5492533750507,1.2986690849898335
0.0,2845.399413354614,0.6094563044454925
0.0,2834.0890271869994,-2.238931380541251
0.0,2833.3810701146467,-1.5334210144987332
0.0,2834.089065248758,-2.217040122985017
0.0,2848.2313616671086,-2.265699107199189
0.0,2848.231037597378,-2.2618624493585946
0.0,2831.9652340920443,-0.09976832703048463
0.0,2834.797083301664,-2.9261358994836213
0.0,2846.10716778633,-0.1417801098595454
0.0,2848.2314152167783,-2.265705569872544
0.0,2842.567485232298,3.439488965829175
0.0,2846.815393447948,-0.8632858468417262
0.0,2842.5676619069536,3.4064034087540924
0.0,2848.2313152848583,-2.273358308035248
0.0,2846.10716778633,-0.1417801098595454
0.0,2834.0891675267885,-2.2512879914215116
0.0,2843.2753984333176,2.729978296904582
0.0,2834.7967374965706,-2.936200734929505
0.0,2830.5491593763804,1.3072126496972853
0.0,2833.381056431246,-1.5112332262871655
0.0,2834.088994803042,-2.2219172116512507
0.0,2843.983501240533,2.0136175039691446
0.0,2846.10716778633,-0.1417801098595454
0.0,2846.1070270434952,-0.12747007057617235
0.0,2848.2311723920907,-2.2469786269972962
0.0,2834.796985007179,-2.9234019135257565
0.0,2833.3807754735335,-1.5011618867587708
0.0,2848.2314268154446,-2.2731067164943037
0.0,2842.5676619069536,3.4064034087540924
0.0,2846.1074876781404,-0.14563242905224882
0.0,2833.3810026783576,-1.5418833332036772
0.0,2820.6548585803043,-2.9591074829159845
0.0,2829.1334701233,2.7131123284268965
0.0,2846.8153689255337,-0.8457412362186258
0.0,2846.1070277258323,-0.12775956180001127
0.0,2847.523415338997,-1.5518992687550153
0.0,2834.0891610932426,-2.2312174988828044
0.0,2834.089003157561,-2.2147734717813616
0.0,2845.399400120912,0.629850483807204
0.0,2847.523217449713,-1.5532558341289393
0.0,2833.380775751354,-1.5157093475333363
0.0,2831.9651915219147,-0.10283875909359234
0.0,2846.10716778633,-0.1417801098595454
0.0,2846.10716778633,-0.1417801098595454
0.0,2847.523354366403,-1.568322077438487
0.0,2832.672803546107,-0.7876734339756936
0.0,2844.691385343615,1.328966713602246
0.0,2832.673090814718,-0.8075121916632976
0.0,2845.3994826242433,0.6125639273984024
0.0,2846.10741419919,-0.11710117209875329
0.0,2846.1074296972233,-0.14589048326632006
0.0,2846.10716778633,-0.1417801098595454
0.0,2845.399413354614,0.6094563044454925
0.0,2845.399505580774,0.5862584863668207
0.0,2846.1074109987558,-0.12454025115269154
0.0,2846.1070277258323,-0.12775956180001127
0.0,2834.7971284452437,-2.9563242220182726
0.0,2832.6728385974516,-0.8235900084350102
0.0,2834.796946536036,-2.8986657378891563
0.0,2833.3812066083337,-1.5462517608247504
0.0,2834.796840042376,-2.9302690340529605
0.0,2833.3811251008656,-1.5323429290960664
0.0,2846.1070277258323,-0.12775956180001127
0.0,2831.9651390660224,-0.0926856775397115
0.0,2843.983475083568,2.032483865946788
0.0,2846.10716778633,-0.1417801098595454
0.0,2846.10716778633,-0.1417801098595454
0.0,2834.0890847648707,-2.2367198979238396
0.0,2846.1070091794954,-0.12152838890554243
0.0,2843.2754558794513,2.733619650298285
0.0,2845.39939945105,0.6257495231323992
0.0,2845.399423077443,0.6035450427756223
0.0,2834.796974840316,-2.9204963118028697
0.0,2834.797122011698,-2.9362537294795654
0.0,2846.1070270434952,-0.12747007057617235
0.0,2846.1074109987558,-0.12454025115269154
0.0,2845.399008434296,0.6296739298595265
0.0,2846.10741419919,-0.11710117209875329
0.0,2834.0891430043744,-2.2337433807986384
0.0,2846.8152958309483,-0.8578239671609994
0.0,2832.673119117659,-0.806864999090708
0.0,2846.10716778633,-0.1417801098595454
0.0,2846.1071768107113,-0.13053540931485155
0.0,2846.1069442916487,-0.11837741479958491
0.0,2832.6729488147685,-0.795162940414416
0.0,2834.0891675267885,-2.2512879914215116
0.0,2831.9653273491517,-0.10870237826880806
0.0,2843.9835630506523,2.0181170355448805
0.0,2843.2754694776404,2.732873795109915
0.0,2829.1334874354766,2.698218517606884
0.0,2848.2308861610086,-2.2301171029187365
0.0,2848.2313738755274,-2.273050373244551
0.0,2848.231293754121,-2.2396489429432016
0.0,2845.399396920478,0.6224114047532657
0.0,2843.275514165113,2.737520096543549
0.0,2834.797109270579,-2.934304744277531
0.0,2834.796859217041,-2.952288511793702
0.0,2831.965202275691,-0.09448625392311409
0.0,2832.673177734442,-0.8289764828077383
0.0,2829.8414443025745,2.003853701244489
0.0,2834.797179357027,-2.9450922402006285
0.0,2833.381195637951,-1.5303769345103104
0.0,2829.841438658864,2.0020195223064916
0.0,2834.0888918582464,-2.2362958713151126
0.0,2845.399402384231,0.6253311307599324
0.0,2829.8414443025745,2.003853701244489
0.0,2833.381169480986,-1.511510572532667
0.0,2834.797199978192,-2.9577359521124067
0.0,2843.275386974309,2.750160351518489
0.0,2834.797179357027,-2.9450922402006285
0.0,2834.0892390597373,-2.2526997215156457
0.0,2832.673288267607,-0.813738608865569
0.0,2834.797199978192,-2.9577359521124067
0.0,2834.088921984104,-2.215013856687806
0.0,2834.797199978192,-2.9577359521124067
0.0,2829.84128899587,2.011610138987903
0.0,2833.381278141282,-1.5476634909188849
0.0,2832.6728429521086,-0.8021663823698669
0.0,2831.2572512639244,0.6039515676807609
0.0,2834.088977148844,-2.248589348108871
0.0,2834.7971419972755,-2.9579940063267056
0.0,2842.5676754589854,3.4047336244456594
0.0,2834.089010831046,-2.200579633185522
0.0,2843.27563637744,2.6996973938488984
0.0,2845.399007462124,0.6420544346438964
0.0,2845.3994104725093,0.6207416204448327
0.0,2842.5676754589854,3.4047336244456594
0.0,2842.5676174780683,3.4044755702313605
0.0,2833.381169480986,-1.511510572532667
0.0,2842.5676754589854,3.4047336244456594
0.0,2834.0892390597373,-2.2526997215156457
0.0,2833.3808671958,-1.5077122877618965
0.0,2843.2754601583583,2.717544931226877
0.0,2843.275378886031,2.754749861833589
0.0,2843.275527717144,2.735850312235116
0.0,2833.3808111673393,-1.533318690829608
0.0,2834.797179357027,-2.9450922402006285
0.0,2834.0890995713526,-2.23904894400126
0.0,2832.673105636982,-0.8070574043210196
0.0,2842.5675667986893,3.440886542831877
0.0,2845.3994104725093,0.6207416204448327
0.0,2834.797179357027,-2.9450922402006285
0.0,2834.79712282261,-2.935974528585964
0.0,2834.7972076224223,-2.938873669451786
0.0,2828.4254430518004,3.4237430416448875
0.0,2832.673291065862,-0.8237608983444803
0.0,2832.673105636982,-0.8070574043210196
0.0,2847.5233628218334,-1.549237596962647
0.0,2842.567592955654,3.4220201808542337
0.0,2830.549273026624,1.3097973458905383
0.0,2833.381132071523,-1.5108984214291101
0.0,2832.673078434964,-0.794402788142203
0.0,2834.08905892549,-2.2285652042453012
0.0,2842.5675457963043,3.4409536029305494
0.0,2829.840960889352,2.012774653833114
0.0,2843.9833585080323,2.0428856354318308
0.0,2843.27561184111,2.718628085652815
0.0,2834.0889950155565,-2.203630657349346
0.0,2833.3809662588337,-1.5115217496813376
0.0,2842.5676126651565,3.4246103925963407
0.0,2833.38117110162,-1.511446242706394
0.0,2831.257288346255,0.6036624490841164
0.0,2834.7971244432447,-2.935910198759691
0.0,2847.523427519986,-1.5696694777063485
0.0,2832.673161437728,-0.8121977103102923
0.0,2828.4253613309147,3.4353004479646403
0.0,2843.2755293377786,2.735914642061389
0.0,2842.5675684193234,3.44095087265815
0.0,2842.5673310384695,3.429704111526652
0.0,2842.5675684193234,3.44095087265815
0.0,2830.5493209471897,1.3029058807247023
0.0,2842.5675954723097,3.4267443804144104
0.0,2834.0890002718743,-2.2044752493359523
0.0,2843.2755293377786,2.735914642061389
0.0,2833.3810386832206,-1.5223153032256551
0.0,2831.257288346255,0.6036624490841164
0.0,2848.231381133957,-2.2673173273521665
0.0,2833.3812676576713,-1.5287344950756594
0.0,2833.38117110162,-1.511446242706394
0.0,2834.0891320200753,-2.216482473303155
0.0,2833.3811512461884,-1.5329178991698515
0.0,2843.27561184111,2.718628085652815
0.0,2847.523427519986,-1.5696694777063485
0.0,2845.399494596475,0.6035193938623041
0.0,2843.2755293377786,2.735914642061389
0.0,2843.9835727595646,2.013591855056054
0.0,2846.815459297047,-0.8572448661586449
0.0,2843.275526463234,2.7359149889774566
0.0,2834.797180977661,-2.9450279103743555
0.0,2848.2313884384407,-2.274705708303109
0.0,2834.796961689762,-2.910019845692001
0.0,2834.0891762659085,-2.2328229533649644
0.0,2829.841366509345,2.0137349102776385
0.0,2846.8151395764276,-0.8613936278595056
0.0,2842.5675684193234,3.44095087265815
0.0,2842.5674654937748,3.4403678102730364
0.0,2842.5674792442387,3.4184756437352544
0.0,2843.2755608424927,2.721523147201614
0.0,2834.7970929385306,-2.921518703899916
0.0,2833.3812153474537,-1.5277867227682032
0.0,2833.3809425064724,-1.4994653449246256
0.0,2848.2313768397744,-2.267304561681349
0.0,2842.5675999240375,3.426559377798375
0.0,2834.7971244432447,-2.935910198759691
0.0,2818.5311119205808,-0.8442998609521638
0.0,2842.5675999240375,3.426559377798375
0.0,2846.8153870898764,-0.8311819362316126
0.0,2833.3810473351027,-1.4993028987110177
0.0,2846.107420347475,-0.1299513271256071
0.0,2847.523420215502,-1.562281096755406
0.0,2848.2313768397744,-2.267304561681349
0.0,2834.7970032781204,-2.945573065620172
0.0,2833.3810750076645,-1.5154301118879425
0.0,2844.6914511746886,1.3258421808678669
0.0,2828.425528137656,3.403319078029918
0.0,2834.796961689762,-2.910019845692001
0.0,2846.8154666015307,-0.8646332471095874
0.0,2842.567423011168,3.4524514396999715
0.0,2847.5233579404025,-1.562526385298887
0.0,2832.6732372361516,-0.8206165043533725
0.0,2834.0891320200753,-2.216482473303155
0.0,2843.2755293377786,2.735914642061389
0.0,2831.96524926471,-0.10137378151264462
0.0,2847.523100653501,-1.5667827981923699
0.0,2834.0891320200753,-2.216482473303155
0.0,2834.7971190954954,-2.9403850658775594
0.0,2831.257288346255,0.6036624490841164
0.0,2829.841366509345,2.0137349102776385
0.0,2834.0891320200753,-2.216482473303155
0.0,2832.6728512871014,-0.8271783155589015
0.0,2843.2754546225588,2.7237675812927424
0.0,2846.1073514562017,-0.13829276640349814
0.0,2842.567126248547,3.4281830172075676
0.0,2833.381083666678,-1.5350907988071663
0.0,2834.7971419972755,-2.9579940063267056
0.0,2834.089083461821,-2.2474958960492177
0.0,2846.107424550787,-0.12621003546112455
0.0,2832.6731213315143,-0.8085334150445807
0.0,2834.089083461821,-2.2474958960492177
0.0,2832.673090918459,-0.8011655698377832
0.0,2848.2311760388266,-2.2496217415681974
0.0,2846.1072927863374,-0.11826972051474308
0.0,2848.231375701095,-2.2660213361575283
0.0,2848.2313020923975,-2.246192466486061
0.0,2845.3994161570913,0.6091354309684983
0.0,2848.2309068794884,-2.2590192359859236
0.0,2848.231294341777,-2.2399127251974527
0.0,2847.5229244302964,-1.520273640296889
0.0,2845.3992004666734,0.6197386317473582
0.0,2834.796891146529,-2.928913151820259
0.0,2834.088917486955,-2.221927936021464
0.0,2834.0890443000735,-2.2229652834732203
0.0,2834.796757186458,-2.9383989825584447
0.0,2834.797042405519,-2.92867359520365
0.0,2843.275478804767,2.728759750757428
0.0,2848.939313937553,-2.9750721534757565
0.0,2842.5673983179167,3.4497631512983222
0.0,2834.797042405519,-2.92867359520365
0.0,2845.3991914422922,0.6084939312026644
0.0,2833.3810619149926,-1.4945111791007788
0.0,2846.8152698149706,-0.8096573623108978
0.0,2834.796881049694,-2.911707954775652
0.0,2848.2311698007784,-2.2588838088544985
0.0,2842.5676996411935,3.409725793910345
0.0,2834.7971597459377,-2.932931344323313
0.0,2845.3994510888538,0.612778689601745
0.0,2842.5676790200278,3.422369505822123
0.0,2819.947056319065,-2.2494444825072737
0.0,2848.2310841335297,-2.2668911891507184
0.0,2843.9832824116284,2.02552512965004
0.0,2834.796758001214,-2.9342174038276223
0.0,2848.2313530190977,-2.2700359228789955
0.0,2845.399199796811,0.6156376710725534
0.0,2843.983277959901,2.0257101322660755
0.0,2844.691238878356,1.3206739016693145
0.0,2842.5672507116033,3.4295912267848134
0.0,2844.6911032695857,1.3345094471128132
0.0,2834.796737544944,-2.912794158446948
0.0,2834.0888060182297,-2.2330753965094825
0.0,2845.3991914422922,0.6084939312026644
0.0,2848.2313414204314,-2.2626347762572356
0.0,2843.9835292519433,2.022851150795267
0.0,2848.9393023388866,-2.9676710068539967
0.0,2834.0891601174485,-2.217777283730608
0.0,2847.5233870040415,-1.5442454274979616
0.0,2833.381142508377,-1.5085064632780447
0.0,2834.7971661794836,-2.95300183686202
0.0,2843.98311381971,2.0593050564549324
0.0,2845.399064188041,0.629473216516052
0.0,2844.691239548218,1.3247748623441193
0.0,2844.6912433300836,1.320488899053279
0.0,2843.9835292519433,2.022851150795267
0.0,2843.9831187865975,2.060971380947522
0.0,2833.3808206280746,-1.5133391357480173
0.0,2847.52312735748,-1.5485301858970422
0.0,2844.6911064133933,1.3355551423628267
0.0,2831.96535153136,-0.10371020880412256
0.0,2844.6912433300836,1.320488899053279
0.0,2848.2310723762453,-2.259137102792855
0.0,2844.691089282481,1.3524346366378814
0.0,2843.983138569265,2.0438316410004145
0.0,2844.6912433300836,1.320488899053279
0.0,2847.5232492078753,-1.5386200112442827
0.0,2834.0890649212392,-2.2356089953849985
0.0,2832.673312449815,-0.8087464394008835
0.0,2843.9832824116284,2.02552512965004
0.0,2847.5233870040415,-1.5442454274979616
0.0,2834.7967630861503,-2.9360553088533177
0.0,2842.5676210391107,3.422111451607824
0.0,2843.983245082968,2.0361110030190597
0.0,2844.6912433300836,1.320488899053279
0.0,2834.7971661794836,-2.95300183686202
0.0,2833.3810919732064,-1.518278439789517
0.0,2844.691239548218,1.3247748623441193
0.0,2843.983278629763,2.0298110929408804
0.0,2832.6732006622,-0.8233250515740652
0.0,2834.089023332881,-2.2000557754568275
0.0,2847.5229965273975,-1.5233497416747275
0.0,2844.6912433300836,1.320488899053279
0.0,2834.0891601174485,-2.217777283730608
0.0,2844.6911035576045,1.3342895790530829
0.0,2848.2313414204314,-2.2626347762572356
0.0,2844.691215025804,1.3423194729669923
0.0,2845.399204248539,0.6154526684565179
0.0,2843.983278629763,2.0298110929408804
0.0,2845.399199796811,0.6156376710725534
0.0,2845.3992004666734,0.6197386317473582
0.0,2843.983278629763,2.0298110929408804
0.0,2843.983254107349,2.0473557035637535
0.0,2842.567238566943,3.4264142677047484
0.0,2843.275551899352,2.7408424816998016
0.0,2843.9832824116284,2.02552512965004
0.0,2843.9832824116284,2.02552512965004
0.0,2844.6912305238375,1.3135301617994255
0.0,2843.9831423511305,2.039545677709574
0.0,2845.3992004666734,0.6197386317473582
0.0,2833.381223721408,-1.5302856637567197
0.0,2834.7971492601064,-2.960101222377423
0.0,2847.5232702597823,-1.5592488171659682
0.0,2831.2572208938664,0.5894081722647524
0.0,2842.5673715416956,3.439510996935889
0.0,2848.231195759932,-2.2647786975141377
0.0,2846.107358719033,-0.14039998245421553
0.0,2833.3811298061964,-1.5445668815031741
0.0,2847.523280555943,-1.5504724436477375
0.0,2843.9832696053822,2.0185663923961865
0.0,2832.672873188304,-0.8199944436921011
0.0,2843.2753170414458,2.7307463628628366
0.0,2847.523389268373,-1.5526405593038168
0.0,2843.275496478454,2.736702830700485
0.0,2834.797026963244,-2.941303529896393
0.0,2846.815028853942,-0.8214831461106578
0.0,2847.5229965273975,-1.5233497416747275
0.0,2843.983278629763,2.0298110929408804
0.0,2843.9832824116284,2.02552512965004
0.0,2842.567622485611,3.4314872174367874
0.0,2842.5673605747184,3.435597590843562
0.0,2834.0891988274825,-2.227895113726552
0.0,2843.9832824116284,2.02552512965004
0.0,2845.399204248539,0.6154526684565179
0.0,2844.6912433300836,1.320488899053279
0.0,2845.3992004666734,0.6197386317473582
0.0,2834.0892052610284,-2.247965606265259
0.0,2834.0890541879194,-2.217606941461578
0.0,2845.399297807862,0.6297714705720955
0.0,2845.3990390275685,0.6523494856797788
0.0,2834.0892632419454,-2.24770755205096
0.0,2845.3994533531854,0.6043835577958897
0.0,2843.9831990241273,2.041034429789922
0.0,2845.399063549983,0.6348048750569059
0.0,2834.089023332881,-2.2000557754568275
0.0,2843.9832824116284,2.02552512965004
0.0,2832.673232744739,-0.8014821724709932
0.0,2843.275639938483,2.717333275225362
0.0,2845.3991914422922,0.6084939312026644
0.0,2844.6912305238375,1.3135301617994255
0.0,2845.399204248539,0.6154526684565179
0.0,2842.56757406152,3.4387793267811597
0.0,2833.381142891545,-1.5157450202634297
0.0,2843.275376938843,2.73376216947132
0.0,2834.7971492601064,-2.960101222377423
0.0,2834.089188341651,-2.255064991780662
0.0,2833.380775839111,-1.4982856641925322
0.0,2834.089048001862,-2.2427083809004014
0.0,2834.089188341651,-2.255064991780662
0.0,2833.381076350087,-1.5196700963802199
0.0,2833.3811568883852,-1.535089445046842
0.0,2828.4251262175017,3.4196820809718615
0.0,2833.381045495049,-1.5021189303754694
0.0,2834.7971492601064,-2.960101222377423
0.0,2834.088797392978,-2.2349415046918946
0.0,2834.0890347367235,-2.219237081565259
0.0,2832.6732228076617,-0.8054284422232981
0.0,2834.089225701403,-2.242163225654585
0.0,2842.5676827218163,3.402626408394942
0.0,2833.3809517614477,-1.5259225584206229
0.0,2832.673324485658,-0.8447344763728412
0.0,2834.0887852483183,-2.2381184637719596
0.0,2834.0887852483183,-2.2381184637719596
0.0,2834.7968600395325,-2.943439317962591
0.0,2834.089246322568,-2.254806937566363
0.0,2842.5676055662343,3.4243878319213845
0.0,2847.5232237281357,-1.5507621874982567
0.0,2844.691484539734,1.3135651034219418
0.0,2842.567600218485,3.4199129648035163
0.0,2842.5674337738815,3.4507286796723387
0.0,2832.673243548211,-0.8186870895555581
0.0,2846.10742372534,-0.12372774119674226
0.0,2843.9834958984306,2.0287068655876377
0.0,2847.5233536505284,-1.5383897127053638
0.0,2845.3994096470624,0.623223914709215
0.0,2846.8153897403963,-0.8495182365777763
0.0,2848.231336099721,-2.2771353083943984
0.0,2843.27539039801,2.7511633528255155
0.0,2834.0890475447472,-2.243257492228784
0.0,2829.133273308857,2.7297465004066668
0.0,2834.796912154722,-2.9409885651823107
0.0,2846.815392732073,-0.833353482108603
0.0,2834.089163819237,-2.237520381157789
0.0,2842.567550973615,3.4146336323621447
0.0,2833.3812274231964,-1.5500287611839008
0.0,2845.3994944147253,0.5975422264945581
0.0,2834.089137662272,-2.2186540191801454
0.0,2834.796734648291,-2.921246296804318
0.0,2846.815392732073,-0.833353482108603
0.0,2834.089246322568,-2.254806937566363
0.0,2846.1072184648237,-0.13039717147030966
0.0,2832.673013381827,-0.7978279452690504
0.0,2843.2756230191058,2.710233889709959
0.0,2846.1072910707835,-0.11400721222846891
0.0,2829.1332846823916,2.729413649178217
0.0,2846.8153824359124,-0.8421298556268337
0.0,2834.796758311433,-2.9399777352886556
0.0,2848.2313867761536,-2.269488873229157
0.0,2834.089006413504,-2.2071551609722304
0.0,2832.673098662611,-0.793227340788259
0.0,2848.231408819037,-2.270613886273359
0.0,2842.5676206717903,3.42325140868771
0.0,2833.381076350087,-1.5196700963802199
0.0,2829.841451856618,2.004299097470985
0.0,2843.2755349799754,2.7337430961843987
0.0,2842.567624740899,3.402368354180643
0.0,2842.567624740899,3.402368354180643
0.0,2834.089163819237,-2.237520381157789
0.0,2842.5676055662343,3.4243878319213845
0.0,2846.8154091662095,-0.8463085824166037
0.0,2834.089188341651,-2.255064991780662
0.0,2832.672856381403,-0.802849565757631
0.0,2848.2313245010546,-2.2697341617726385
0.0,2820.6549748338384,-2.940833750963896
0.0,2842.5675158220165,3.4358028096559585
0.012345679012345678,2833.381244598757,-1.541091785306883
0.0,2834.089137662272,-2.2186540191801454
0.0,2846.1074318136184,-0.12831725151184195
0.0,2842.5676827218163,3.402626408394942
0.0,2847.523347826582,-1.5421953341961194
0.0,2846.107421517457,-0.13709362503007264
0.0,2834.089188341651,-2.255064991780662
0.0,2833.380775839111,-1.4982856641925322
0.0,2833.381129898198,-1.5080680013322396
0.0,2842.5676827218163,3.402626408394942
0.0,2832.673215825362,-0.8085815579863961
0.0,2843.2755815902456,2.718215178090949
0.0,2847.5233902868217,-1.573235501031312
0.0,2834.7967497538475,-2.9223827200379926
0.0,2843.2755815902456,2.718215178090949
0.0,2843.9832824116284,2.02552512965004
0.0,2833.38130232349,-1.5426713214541994
0.0,2843.2756605596483,2.704689563313584
0.0,2844.6912305238375,1.3135301617994255
0.0,2833.3808533939,-1.5228058885797304
0.0,2833.3811468175754,-1.5009686158168367
0.0,2843.983145494938,2.0405913729595877
0.0,2848.2314110000148,-2.2697778686646966
0.0,2833.3811177918783,-1.53011532148769
0.0,2834.0892052610284,-2.247965606265259
0.0,2833.38130232349,-1.5426713214541994
0.0,2832.673334971489,-0.8175645983187311
0.0,2833.3812379090273,-1.5228588831297907
0.0,2844.6912433300836,1.320488899053279
0.0,2845.3991914422922,0.6084939312026644
0.0,2844.6911032695857,1.3345094471128132
0.0,2834.7971597459377,-2.932931344323313
0.0,2843.275496478454,2.736702830700485
0.0,2832.6732769905725,-0.8178226525330298
0.0,2843.9832824116284,2.02552512965004
0.0,2831.9652136071304,-0.09056330339486489
0.0,2834.08878154653,-2.2183753663447785
0.0,2845.3994661594315,0.6113422950497432
0.0,2844.6912433300836,1.320488899053279
0.0,2844.6912305238375,1.3135301617994255
0.0,2832.6728508921447,-0.7959450348889073
0.0,2833.381244342573,-1.5429293756684979
0.0,2833.380824478609,-1.515395454000943
0.0,2845.399045174916,0.6231679908302875
0.0,2834.0891988274825,-2.227895113726552
0.0,2843.9832696053822,2.0185663923961865
0.0,2832.672867415129,-0.8021799833817819
0.0,2847.5229853665037,-1.5530178756172779
0.0,2832.6732751767518,-0.8260584612821072
0.0,2831.9652243528662,-0.10028250548471955
0.0,2847.5229854831614,-1.5427454465865855
0.0,2842.5676206717903,3.42325140868771
0.0,2834.0891970136618,-2.2361309224756294
0.0,2834.7971451909975,-2.939218167870356
0.0,2832.673140746489,-0.8122500288074458
0.0,2847.5233874545524,-1.5608763680528943
0.0,2843.275577138518,2.7184001807069844
0.0,2843.2755500855314,2.732606672950724
0.0,2842.5676206717903,3.42325140868771
0.0,2834.7967497538475,-2.9223827200379926
0.0,2842.567212493521,3.4420358417221077
0.0,2842.5676206717903,3.42325140868771
0.0,2834.7971451909975,-2.939218167870356
0.0,2842.567212493521,3.4420358417221077
0.0,2846.107465617642,-0.15080390685914505
0.0,2844.6912433300836,1.320488899053279
0.0,2842.5676790200278,3.422369505822123
0.0,2834.79700879269,-2.912887963355777
0.0,2834.7969784955853,-2.9037390483076946
0.0,2845.3991914422922,0.6084939312026644
0.0,2831.965212042975,-0.09005943128973708
0.0,2843.9832824116284,2.02552512965004
0.0,2845.399204248539,0.6154526684565179
0.0,2834.0892052610284,-2.247965606265259
0.0,2844.6913334820533,1.3407728314901852
0.0,2844.6912433300836,1.320488899053279
0.0,2846.10720552057,-0.1384577247032929
0.0,2847.5231209152275,-1.540150715443068
0.0,2843.9832824116284,2.02552512965004
0.0,2847.5233921006425,-1.5649996922822345
0.0,2844.6911032695857,1.3345094471128132
0.0,2843.9831423511305,2.039545677709574
0.0,2834.7968095853344,-2.910415815202177
0.0,2843.2751975705846,2.7224347071575803
0.0,2842.5676996411935,3.409725793910345
0.0,2833.3812379090273,-1.5228588831297907
0.0,2832.673106194044,-0.7886681182901852
0.0,2844.6912433300836,1.320488899053279
0.0,2845.399064394075,0.6293884121341388
0.0,2834.0888722932723,-2.2275840649621927
0.0,2843.9832824116284,2.02552512965004
0.0,2842.5676171378623,3.427012350318919
0.0,2829.841433316752,2.0023222698542416
0.0,2842.5676352267305,3.429538232234753
0.0,2843.9832428186364,2.044506134824915
0.0,2831.96520740612,-0.09088559029506509
0.0,2844.691239548218,1.3247748623441193
0.0,2833.3812073361455,-1.5223571104492544
0.0,2844.6914628867994,1.3324759237478794
0.0,2842.567577600862,3.444246497159029
0.0,2843.9835158719084,2.0212189356577337
0.0,2820.655023459218,-2.9353720218208883
0.0,2829.8410589305176,2.0283198816814956
0.0,2829.841339241659,2.014965333039113
0.0,2846.107425056799,-0.13162645465220316
0.0,2833.381053732464,-1.495336564024707
0.0,2834.7971336247833,-2.932614574258812
0.0,2834.089172706328,-2.227578343662051
0.0,2831.9653322164017,-0.10972921515686689
0.0,2832.6732987785676,-0.8129312668156304
0.0,2834.7972241604,-2.952743782647721
0.0,2843.9831387752993,2.043746836618501
0.0,2834.797141657069,-2.935457226239147
0.0,2834.0892052610284,-2.247965606265259
0.0,2844.691090669374,1.3274659054770463
0.0,2833.381104002784,-1.5305727647882372
0.0,2845.399064188041,0.629473216516052
0.012345679012345678,2834.7971769214982,-2.9239943684462952
0.0,2830.549272951483,1.3130515685173034
0.0,2830.5494122020896,1.2997140438485897
0.0,2829.8413989464284,2.0063263991690494
0.0,2830.549338797278,1.2997229027512642
0.0,2844.691464709397,1.3318467215595866
0.0,2833.381139535627,-1.5118502524566881
0.0,2831.2573787642555,0.5965119921895988
0.0,2833.381113093805,-1.531430517460583
0.0,2847.523148775545,-1.5299560218548118
0.0,2830.5494209048898,1.3041005010207212
0.0,2831.2573790554675,0.5990646044668123
0.0,2845.3992803566434,0.6347329944024841
0.0,2829.8414572185575,2.009137065660562
0.0,2845.399291349079,0.6354795965508947
0.0,2829.8413306678626,2.0219511198413698
0.0,2831.2568888370947,0.6219020741716336
0.0,2834.089002281377,-2.1995060117071956
0.0,2834.7971919817974,-2.9423614880617692
0.0,2831.2573790554675,0.5990646044668123
0.0,2830.5494178458002,1.301548222786587
0.0,2816.4072232155345,1.276516518074628
0.0,2856.7096211231355,3.426932760066037
0.0,2830.549279921571,1.3146951281958448
0.0,2832.673300892378,-0.8110078567267097
0.0,2833.38126278649,-1.5254371746140893
0.0,2834.089000561166,-2.2010414683668627
0.0,2830.549317226205,1.3003544882958888
0.0,2832.6731965179933,-0.8049806891105705
0.0,2848.2313903154954,-2.2640217028512875
0.0,2834.796989533402,-2.905079231868309
0.0,2842.5675808012966,3.4516855762129675
0.0,2829.841244442115,2.0285293929864325
0.0,2833.38126278649,-1.5254371746140893
0.0,2834.7971291730555,-2.9324295716427766
0.0,2831.257385643168,0.5996927916533336
0.0,2828.425372405616,3.4392412327751787
0.0,2843.9834449365844,2.029739295510742
0.0,2842.5676076590757,3.4204792364702907
0.0,2834.0890681070287,-2.225269579744422
0.0,2830.5492086613335,1.326210775443518
0.0,2830.5488699022317,1.318157140534863
0.0,2833.3810423942878,-1.4953351956701466
0.0,2844.691487409214,1.3149313131250064
0.0,2831.9652584462488,-0.09807815701176556
0.0,2829.8412913163233,2.0301709775144205
0.012345679012345678,2828.4254965138384,3.4152936241932883
0.0,2848.231386021313,-2.26400893718047
0.0,2833.3812245289923,-1.524491098267324
0.0,2844.691487409214,1.3149313131250064
0.0,2834.7971291730555,-2.9324295716427766
0.0,2830.5492539105094,1.3139960728645204
0.0,2845.3994212746825,0.6241015747719848
0.0,2831.965367106545,-0.1342310753982107
0.0,2832.6731198669954,-0.8045068256716855
0.012345679012345678,2832.673139989194,-0.7987103922416673
0.0,2834.089141201614,-2.213186848802276
0.0,2848.231252391266,-2.25087479744203
0.0,2830.5494103794917,1.3003432460368824
0.0,2843.2756265584476,2.7157010600878286
0.0,2834.797102120069,-2.918223079399037
0.0,2834.7969610357864,-2.906252742917583
0.0,2834.797102120069,-2.918223079399037
0.0,2843.2755655723035,2.7250037743185285
0.0,2831.965133372788,-0.08386203266607159
0.0,2844.691218181011,1.3189670233495772
0.0,2846.8154233244018,-0.8420928039747004
0.0,2848.2313976199794,-2.27141008380223
0.0,2843.2755655723035,2.7250037743185285
0.0,2831.257252753764,0.5953213220143793
0.0,2833.381019397068,-1.4961778919310076
0.0,2848.2313976199794,-2.27141008380223
0.0,2843.2756040420504,2.7219257594671737
0.0,2846.815393279738,-0.8440510661999068
0.0,2843.9835165397863,2.021347792288098
0.0,2831.965220910599,-0.0998173679076532
0.0,2847.522979276283,-1.5420919350184965
0.0,2834.7971451909975,-2.939218167870356
0.0,2847.523440963255,-1.565589065866071
0.0,2834.0888003538744,-2.239254887005634
0.0,2833.3812360952065,-1.5310946918788682
0.0,2833.3812360952065,-1.5310946918788682
0.0,2832.6732751767518,-0.8260584612821072
0.0,2847.5233874545524,-1.5608763680528943
0.0,2846.1070547203076,-0.12463786177629924
0.0,2844.6911004216518,1.327303672261868
0.0,2832.6732751767518,-0.8260584612821072
0.0,2843.9835371609515,2.008704080376319
0.0,2834.0891842725423,-2.234181937273595
0.0,2834.088803266092,-2.238268674596318
0.0,2845.399311478867,0.6101682971063463
0.0,2842.5674930731207,3.4336590343659363
0.0,2842.5676206717903,3.42325140868771
0.0,2847.522979276283,-1.5420919350184965
0.0,2834.797164365663,-2.9612376456110976
0.0,2847.523368756085,-1.5395261359390384
0.0,2834.0888003538744,-2.239254887005634
0.0,2843.2755815902456,2.718215178090949
0.0,2843.2754072894886,2.760457778090868
0.0,2843.9834579209805,2.0330396521168743
0.0,2848.23125969575,-2.2582631783929723
0.0,2834.0891970136618,-2.2361309224756294
0.0,2829.841461027251,1.9987758830220994
0.0,2842.5676398464557,3.4012319309469685
0.0,2834.0890631074185,-2.243844804134076
0.0,2842.5676206717903,3.42325140868771
0.0,2847.522985009105,-1.5345484958290205
0.0,2834.7971451909975,-2.939218167870356
0.0,2834.7967347514714,-2.933991079395744
0.0,2834.0891970136618,-2.2361309224756294
0.0,2834.797157932117,-2.9411671530723904
0.0,2842.567480332001,3.4356080195679706
0.0,2845.399250426891,0.6124143887804411
0.0,2845.3994515393647,0.5961477490468122
0.0,2842.56763341291,3.4213024234856757
0.0,2842.5676206717903,3.42325140868771
0.0,2843.275173411976,2.7369996111253467
0.0,2842.5676206717903,3.42325140868771
0.0,2846.8151646252045,-0.8517297640493589
0.0,2843.2754354996614,2.7280503502564537
0.0,2834.797164365663,-2.9612376456110976
0.0,2845.399449275033,0.6045428808526675
0.0,2842.567616220063,3.4234364113037454
0.0,2843.9835110039867,2.027570442353963
0.0,2842.567212493521,3.4420358417221077
0.0,2833.3812360952065,-1.5310946918788682
0.0,2846.8151646252045,-0.8517297640493589
0.0,2843.2755815902456,2.718215178090949
0.0,2833.3812360952065,-1.5310946918788682
0.0,2832.6732624356323,-0.824109476080073
0.0,2847.5233874545524,-1.5608763680528943
0.0,2829.8412560083298,2.0219257993748885
0.0,2848.231082161091,-2.2747740581636924
0.0,2833.3812360952065,-1.5310946918788682
0.0,2832.6732751767518,-0.8260584612821072
0.0,2847.5233874545524,-1.5608763680528943
0.0,2842.567212493521,3.4420358417221077
0.0,2846.8154078376297,-0.8344899053422776
0.0,2834.0890631074185,-2.243844804134076
0.0,2834.7971451909975,-2.939218167870356
0.0,2834.797157932117,-2.9411671530723904
0.0,2846.8151646252045,-0.8517297640493589
0.0,2834.089043457811,-2.230726609860474
0.0,2847.5233902868217,-1.573235501031312
0.0,2847.5233874545524,-1.5608763680528943
0.0,2847.5233874545524,-1.5608763680528943
0.0,2842.5676206717903,3.42325140868771
0.0,2834.0891789247935,-2.2386568043914634
0.0,2845.3994515393647,0.5961477490468122
0.0,2848.2310705624245,-2.2673729115419325
0.0,2834.0891970136618,-2.2361309224756294
0.0,2834.0891970136618,-2.2361309224756294
0.0,2847.5233902868217,-1.573235501031312
0.0,2834.0890148435988,-2.2066435370045623
0.0,2833.3810957554174,-1.5187380809986075
0.0,2834.79714073927,-2.9390331652543207
0.0,2847.522979276283,-1.5420919350184965
0.0,2833.3812360952065,-1.5310946918788682
0.0,2834.7970240258737,-2.948881034730837
0.0,2847.5233902868217,-1.573235501031312
0.0,2834.7971136862834,-2.924826673010581
0.0,2834.7971451909975,-2.939218167870356
0.0,2834.7967497538475,-2.9223827200379926
0.0,2842.567212493521,3.4420358417221077
0.0,2847.5233902868217,-1.573235501031312
0.0,2847.523385190221,-1.552481236247039
0.0,2833.3810652986785,-1.501940157636251
0.0,2842.5672252346403,3.4400868565200735
0.0,2834.7971451909975,-2.939218167870356
0.0,2834.0891842725423,-2.234181937273595
0.0,2831.256996675232,0.5997912274486138
0.0,2834.7968763054296,-2.936073434142079
0.0,2842.5676206717903,3.42325140868771
0.0,2845.399464345611,0.6031064863006658
0.0,2843.2755815902456,2.718215178090949
0.0,2834.0887888353923,-2.2173464894412316
0.0,2845.399464345611,0.6031064863006658
0.0,2832.6732751767518,-0.8260584612821072
0.0,2834.7971136862834,-2.924826673010581
0.0,2834.0891970136618,-2.2361309224756294
0.0,2834.0887746970993,-2.2185392681223473
0.0,2834.0891970136618,-2.2361309224756294
0.0,2834.7971136862834,-2.924826673010581
0.0,2845.3994605637454,0.6073924495915061
0.0,2843.2754415297477,2.732235726150483
0.0,2834.797157932117,-2.9411671530723904
0.0,2834.0891970136618,-2.2361309224756294
0.0,2834.0890631074185,-2.243844804134076
0.0,2843.983542508701,2.013178947494188
0.0,2847.5231255436593,-1.5567659946461196
0.0,2834.797157932117,-2.9411671530723904
0.0,2817.8230984820275,-0.13081468704385416
0.0,2834.0891970136618,-2.2361309224756294
0.0,2834.0891970136618,-2.2361309224756294
0.0,2834.797143744497,-2.9485939336993194
0.0,2847.5233874545524,-1.5608763680528943
0.0,2834.0891970136618,-2.2361309224756294
0.0,2843.2755815902456,2.718215178090949
0.0,2834.797017871619,-2.9271466050128563
0.0,2847.5233874545524,-1.5608763680528943
0.0,2847.5233874545524,-1.5608763680528943
0.0,2830.549207535105,1.3175360910056257
0.0,2834.79714073927,-2.9390331652543207
0.0,2847.5233874545524,-1.5608763680528943
0.0,2847.5231255436593,-1.5567659946461196
0.0,2843.2755500855314,2.732606672950724
0.0,2848.2313483730077,-2.2659125986496553
0.0,2834.0887888353923,-2.2173464894412316
0.0,2847.5232473940546,-1.5468558199933602
0.0,2834.0887888353923,-2.2173464894412316
0.0,2834.7971136862834,-2.924826673010581
0.0,2834.7969886128226,-2.910610548664887
0.0,2834.797164365663,-2.9612376456110976
0.0,2834.797017592328,-2.9288105421921298
0.0,2834.7970828581947,-2.947328813882413
0.0,2834.797164365663,-2.9612376456110976
0.0,2832.6728669984823,-0.8072740282477094
0.0,2834.0892034472076,-2.2562014150143366
0.0,2845.399464345611,0.6031064863006658
0.0,2845.399324285113,0.6171270343601999
0.0,2834.7971451909975,-2.939218167870356
0.0,2847.5231255436593,-1.5567659946461196
0.0,2834.7971451909975,-2.939218167870356
0.0,2842.5676206717903,3.42325140868771
0.0,2834.0891842725423,-2.234181937273595
0.0,2847.5233874545524,-1.5608763680528943
0.0,2846.1074784238886,-0.1438451696052915
0.0,2834.0892614281247,-2.2559433608000377
0.0,2834.7967612723296,-2.944291117602395
0.0,2842.5676398464557,3.4012319309469685
0.0,2834.0891842725423,-2.234181937273595
0.0,2843.2755815902456,2.718215178090949
0.0,2834.0891970136618,-2.2361309224756294
0.0,2842.567212493521,3.4420358417221077
0.0,2834.797164365663,-2.9612376456110976
0.0,2845.3994515393647,0.5961477490468122
0.0,2845.3994515393647,0.5961477490468122
0.0,2834.797157932117,-2.9411671530723904
0.0,2843.2754093426965,2.746916712234097
0.0,2843.275083378425,2.7387695093038307
0.0,2847.5233902868217,-1.573235501031312
0.0,2847.5233902868217,-1.573235501031312
0.0,2834.0891527678286,-2.21979044241382
0.0,2832.6731798796427,-0.8017689670172873
0.0,2834.7971398432483,-2.9436930349882244
0.0,2842.567212493521,3.4420358417221077
0.0,2831.9651274255184,-0.0931815240610617
0.0,2834.797157932117,-2.9411671530723904
0.0,2847.522979276283,-1.5420919350184965
0.0,2834.797157932117,-2.9411671530723904
0.0,2847.5233874545524,-1.5608763680528943
0.0,2834.7967561873934,-2.9424532125767
0.0,2834.797157932117,-2.9411671530723904
0.0,2845.3994328408967,0.6174979811604407
0.0,2819.23893384982,-1.5471746839940275
0.0,2843.2755048928266,2.7326121270588013
0.0,2833.3812360952065,-1.5310946918788682
0.0,2847.5233874545524,-1.5608763680528943
0.0,2845.3990488856366,0.6145681617369599
0.0,2846.107060697324,-0.130586281445111
0.0,2846.8154078376297,-0.8344899053422776
0.0,2834.797157932117,-2.9411671530723904
0.0,2834.7970240258737,-2.948881034730837
0.0,2834.797157932117,-2.9411671530723904
0.0,2834.0892034472076,-2.2562014150143366
0.0,2848.2313483730077,-2.2659125986496553
0.0,2847.5231255436593,-1.5567659946461196
0.0,2834.7971451909975,-2.939218167870356
0.0,2834.797164365663,-2.9612376456110976
0.0,2846.8154078376297,-0.8344899053422776
0.0,2833.3812360952065,-1.5310946918788682
0.0,2834.7970240258737,-2.948881034730837
0.0,2834.7971451909975,-2.939218167870356
0.0,2847.5233541657412,-1.5482897437864518
0.0,2834.089130671773,-2.240730079667364
0.0,2843.2755762424963,2.7137403109730807
0.0,2834.0891842725423,-2.234181937273595
0.0,2830.549427589417,1.2955738313633358
0.0,2844.691195716392,1.3318876070471652
0.0,2834.797157932117,-2.9411671530723904
0.0,2834.0890631074185,-2.243844804134076
0.0,2846.8154078376297,-0.8344899053422776
0.0,2848.230940194738,-2.2471281656152575
0.0,2848.2313296745397,-2.2445623665360266
0.0,2834.7967497538475,-2.9223827200379926
0.0,2847.5231185689845,-1.5577316343246173
0.0,2846.8154078376297,-0.8344899053422776
0.0,2847.522979276283,-1.5420919350184965
0.0,2842.567542229456,3.4066938106276954
0.0,2842.5673517862224,3.426396142415987
0.0,2847.5233874545524,-1.5608763680528943
0.0,2842.5672252346403,3.4400868565200735
0.0,2847.5233874545524,-1.5608763680528943
0.0,2842.567677206207,3.4141336970730456
0.0,2834.0890796732433,-2.2318731733559662
0.0,2848.230940194738,-2.2471281656152575
0.0,2834.7971451909975,-2.939218167870356
0.0,2829.841469760429,1.993140384758399
0.0,2834.797157932117,-2.9411671530723904
0.0,2847.5233874545524,-1.5608763680528943
0.0,2847.5229854831614,-1.5427454465865855
0.0,2834.79714073927,-2.9390331652543207
0.0,2834.797164365663,-2.9612376456110976
0.0,2845.3994328408967,0.6174979811604407
0.0,2829.1333504458025,2.713402730300272
0.0,2847.5233874545524,-1.5608763680528943
0.0,2834.088928128094,-2.2329861887473523
0.0,2842.5675160724913,3.425560172605339
0.0,2834.7967497538475,-2.9223827200379926
0.0,2843.2756325888627,2.71532011654215
0.0,2847.523368756085,-1.5395261359390384
0.0,2834.7971451909975,-2.939218167870356
0.0,2834.0891970136618,-2.2361309224756294
0.0,2847.5233874545524,-1.5608763680528943
0.0,2832.673230930918,-0.8097179812200707
0.0,2847.5233874545524,-1.5608763680528943
0.0,2834.7971451909975,-2.939218167870356
0.0,2845.399311478867,0.6101682971063463
0.0,2834.7971451909975,-2.939218167870356
0.0,2847.5231185689845,-1.5577316343246173
0.0,2834.0891970136618,-2.2361309224756294
0.0,2847.5231255436593,-1.5567659946461196
0.0,2834.0891842725423,-2.234181937273595
0.0,2834.0891970136618,-2.2361309224756294
0.0,2842.5675085976873,3.4127307891548835
0.0,2834.0892034472076,-2.2562014150143366
0.0,2834.796972602001,-2.912856336529127
0.0,2847.5233874545524,-1.5608763680528943
0.0,2845.399464345611,0.6031064863006658
0.0,2843.9834379094013,2.0154877114115894
0.0,2833.381144911753,-1.5457033047368487
0.0,2842.5676206717903,3.42325140868771
0.0,2834.0889153869743,-2.231037203545318
0.0,2833.381005423368,-1.5320525272224632
0.0,2847.5233874545524,-1.5608763680528943
0.0,2834.797157932117,-2.9411671530723904
0.0,2834.0891970136618,-2.2361309224756294
0.0,2845.399324285113,0.6171270343601999
0.0,2848.2313483730077,-2.2659125986496553
0.0,2834.088773250599,-2.2279150339513105
0.0,2834.0890796732433,-2.2318731733559662
0.0,2842.567542229456,3.4066938106276954
0.0,2834.797157932117,-2.9411671530723904
0.0,2848.231399442577,-2.2720392859905227
0.0,2834.797107143101,-2.9114132025333914
0.0,2846.815271543318,-0.8157014597382184
0.0,2848.231387843911,-2.264638139368763
0.012345679012345678,2832.673282608696,-0.8111470939818383
0.0,2842.567688083756,3.4074643765845187
0.0,2847.5234312196385,-1.5596146744428196
0.0,2846.815398094013,-0.8285155139190263
0.0,2831.9652089263586,-0.0933109572744885
0.0,2848.231399442577,-2.2720392859905227
0.0,2847.5234385241224,-1.5670030553937622
0.0,2832.6731317553367,-0.7984382224935213
0.0,2831.965150689278,-0.1011285175786066
0.0,2843.275542872487,2.741919182753109
0.0,2834.0892310633426,-2.237325257465008
0.0,2846.107448298363,-0.1234401584499917
0.0,2833.3812701448874,-1.5322890268682474
0.0,2832.6731216895932,-0.8051360278599783
0.0,2832.6733006011655,-0.8135604690039232
0.0,2832.673089003918,-0.8031845262605289
0.0,2834.7970731145783,-2.941354422459162
0.0,2846.815398094013,-0.8285155139190263
0.0,2846.10743970613,-0.12014116494313179
0.0,2848.231387843911,-2.264638139368763
0.0,2848.2311788466404,-2.2266176386313212
0.0,2832.673182329769,-0.8078556791631032
0.0,2834.7971934282978,-2.932985722232806
0.0,2830.5494406533644,1.3040981176646167
0.0,2833.3809390525653,-1.5056967574975761
0.0,2834.0891730824255,-2.237583311679307
0.0,2847.5234385241224,-1.5670030553937622
0.0,2834.0889645795846,-2.2104785270259573
0.0,2834.089143024212,-2.2138160509905687
0.0,2848.231387843911,-2.264638139368763
0.0,2843.2756283810454,2.715071857899536
0.0,2834.08901226786,-2.198602769857895
0.0,2834.797106473239,-2.9155141632081962
0.0,2847.5230337825515,-1.5271221077966501
0.0,2846.815247510213,-0.8253425345460781
0.0,2833.3810503575555,-1.496772596426605
0.0,2846.10743970613,-0.12014116494313179
0.0,2831.256822985223,0.6196485580740454
0.0,2842.56757942346,3.4436172949707364
0.0,2843.2754876382105,2.729381897182909
0.0,2834.797106473239,-2.9155141632081962
0.0,2847.523275621722,-1.5544108489763915
0.0,2832.6730057526424,-0.7950191188687814
0.0,2834.089174528926,-2.228207545850344
0.0,2834.0890077034605,-2.2002003736068003
0.0,2843.2754876382105,2.729381897182909
0.0,2842.5676674625906,3.420108088496297
0.0,2834.089036316798,-2.210113150084842
0.0,2845.399488564643,0.6062283394052673
0.0,2846.107437175558,-0.12347928332226524
0.0,2834.797154622046,-2.9552632541878463
0.0,2848.231387843911,-2.264638139368763
0.0,2834.089009263677,-2.1963528959440977
0.0,2848.2313921380933,-2.26465090503958
0.0,2843.2754876382105,2.729381897182909
0.0,2834.0892310633426,-2.237325257465008
0.0,2830.549018894214,1.3189910448195772
0.0,2830.5490185895683,1.31795961114407
0.0,2843.2754876382105,2.729381897182909
0.0,2833.3811496817702,-1.5329624022985715
0.0,2846.10743970613,-0.12014116494313179
0.0,2829.8411882083396,2.0337300071092113
0.0,2843.2755616508753,2.743474933481239
0.0,2832.6730083187945,-0.7880838348100543
0.0,2834.0890967743862,-2.2272275628913167
0.0,2833.3807267891343,-1.4972423636906615
0.0,2842.5675331736343,3.4302057830699884
0.0,2834.796712530404,-2.896980866456512
0.0,2832.6733219101257,-0.8086665998966597
0.0,2843.275636065928,2.7307778873877644
0.0,2833.381065304841,-1.4884024524719974
0.0,2834.0890261209092,-2.1912740242207986
0.0,2846.1074610150904,-0.11524729583586826
0.0,2834.0890573868664,-2.2198376266182347
0.0,2833.380799066788,-1.4856683303403555
0.0,2834.797175931006,-2.9503693850805828
0.0,2834.089032584971,-2.1969149579161025
0.0,2842.5675484159615,3.4516714363465875
0.0,2834.089057625758,-2.2052192809775786
0.0,2834.089252372303,-2.2324313883577447
0.0,2834.089067782101,-2.2134551623932364
0.0,2830.5489550515113,1.3247419613447076
0.0,2834.797175931006,-2.9503693850805828
0.0,2834.089252372303,-2.2324313883577447
0.0,2833.38080102108,-1.4849753046546779
0.0,2834.089023590337,-2.194612142599932
0.0,2834.089035115543,-2.193576839536969
0.0,2834.088773384499,-2.1887986947945377
0.0,2845.3994469368126,0.631704360070089
0.0,2834.089030572637,-2.191459026836834
0.0,2831.9652277669734,-0.0966295314610394
0.0,2829.8410816439214,2.029767630641382
0.0,2834.797125251627,-2.913958412480066
0.0,2831.965156811905,-0.07865315036249418
0.0,2843.9830437358214,2.0464866337287564
0.0,2834.088882044795,-2.2249516131807554
0.0,2832.6730512008658,-0.796581415661608
0.0,2842.5672212151903,3.4403865725405094
0.0,2829.8413408443935,2.021651367519817
0.0,2829.8413389856987,2.0248158471593256
0.0,2846.107058513208,-0.09648697493028316
0.0,2846.1074584845182,-0.11858541421500171
0.0,2842.567496707067,3.4504128564762677
0.0,2834.089215012551,-2.2453331544838218
0.0,2833.381072165949,-1.4923870930786292
0.0,2846.1074584845182,-0.11858541421500171
0.0,2844.6913751380357,1.3329467211055626
0.0,2829.1333901204393,2.7173419970609216
0.0,2843.2754264438395,2.7515623226987467
0.0,2834.7971277821994,-2.9106202941009327
0.0,2830.5494391547604,1.3064420918938506
0.0,2833.3808124660436,-1.4837624641977767
0.0,2830.549439445973,1.3089947041710641
0.0,2831.9653553479598,-0.10546454823789612
0.0,2834.0888624801714,-2.229501897494592
0.0,2834.0889536421173,-2.201758334219635
0.0,2843.275636065928,2.7307778873877644
0.0,2832.6728090693073,-0.7799353287837462
0.0,2828.4255452304137,3.4092971763339306
0.0,2834.796907331598,-2.946351192577529
0.0,2834.089164333172,-2.208922181883305
0.0,2848.2310155403497,-2.241498702966019
0.0,2842.56723540281,3.4478133531674384
0.0,2829.1335176090624,2.7190671653645864
0.0,2833.381074898989,-1.4892046893637838
0.0,2846.8154091068122,-0.8323980183299935
0.0,2834.796734302954,-2.8938349253912987
0.0,2834.7971284520613,-2.906519333426128
0.0,2833.381074197088,-1.488540608940208
0.0,2848.231359938351,-2.2550443381191405
0.0,2834.089088461856,-2.232519100303014
0.0,2834.796784982333,-2.9302458979918153
0.0,2829.8413497205775,2.026159584413372
0.0,2845.3994476066746,0.6358053207448938
0.0,2842.5672978228777,3.445125444692328
0.0,2833.3811068636464,-1.5084189317964751
0.0,2831.2574003644277,0.6039584735740758
0.0,2843.275636065928,2.7307778873877644
0.0,2848.2313511719544,-2.2600023244757983
0.0,2847.5233803214282,-1.5286578754085236
0.0,2833.380882262763,-1.4988137055474542
0.0,2834.796984611179,-2.901813032044653
0.0,2832.6731946588166,-0.7958440178278666
0.0,2842.5676857663234,3.434562726048559
0.0,2846.107448188357,-0.1273617877332324
0.0,2846.1074584845182,-0.11858541421500171
0.0,2848.231409152871,-2.2597442702614994
0.0,2834.7969935034257,-2.9019511885128635
0.0,2829.841087287632,2.0316018095793793
0.0,2832.672870976312,-0.7940650425029413
0.0,2833.3810716665157,-1.4918787273193415
0.0,2834.0887912980525,-2.215742914563341
0.0,2818.5311442336774,-0.836739569532314
0.0,2834.0891130759683,-2.2087455832454084
0.0,2831.2571843451874,0.6256932555445233
0.0,2845.3994476066746,0.6358053207448938
0.0,2834.088799003562,-2.2096199927938667
0.0,2834.089272993468,-2.245075100269523
0.0,2843.983467530261,2.042901264813215
0.0,2834.0891943913857,-2.2326894425720436
0.0,2833.3808903984655,-1.4992590710264355
0.0,2834.0887824805773,-2.203385044300992
0.0,2834.7971307874263,-2.9201810625459315
0.0,2846.1074616849523,-0.11114633516106345
0.0,2833.381312075013,-1.540038869672762
0.0,2843.2755641814474,2.7468130518603724
0.0,2831.2574003644277,0.6039584735740758
0.0,2846.1070591830703,-0.09238601425547835
0.0,2829.841308463542,2.0218019377908063
0.0,2834.796850242377,-2.926132445314286
0.0,2848.2309229642265,-2.2583671384397155
0.0,2832.673021307208,-0.8024430267627896
0.0,2834.0889401798895,-2.212964230071707
0.0,2829.841012073791,2.0173209404079646
0.0,2848.23126697461,-2.248619944711006
0.0,2831.2573340918166,0.5893157387964242
0.0,2846.8152548733487,-0.8066828440940097
0.0,2834.0891777656366,-2.2308291835908474
0.0,2848.23092017747,-2.2476361057035126
0.0,2833.380816666066,-1.5078602125760676
0.0,2828.425529637384,3.405312847804035
0.0,2844.6910455465163,1.3475054509188886
0.0,2833.381202659562,-1.5332197336210152
0.0,2834.0891777656366,-2.2308291835908474
0.012345679012345678,2828.425488832028,3.4139917694665263
0.0,2831.965201953786,-0.0919630167456577
0.0,2845.399144548686,0.6262973935096033
0.0,2832.6732431876076,-0.818807737195291
0.0,2833.381216847182,-1.5257929529940861
0.0,2848.2309317761365,-2.2550372523252724
0.0,2843.9833722183002,2.040865655518574
0.0,2834.797125942973,-2.933916428985574
0.0,2843.9832542164895,2.0219783598433505
0.0,2847.5229445877417,-1.5140067716402223
0.0,2834.797138684092,-2.9358654141876084
0.0,2830.5492693819974,1.316765707194045
0.0,2846.8154072880725,-0.8505383985713515
0.0,2842.5676141648846,3.4266041623704577
0.0,2833.381216847182,-1.5257929529940861
0.0,2834.0888915286037,-2.225197522308397
0.0,2845.39902510669,0.6300622451514836
0.0,2842.5676785793476,3.4067917240460495
0.0,2833.381216847182,-1.5257929529940861
0.0,2843.9830695068194,2.0485020025142697
0.0,2844.6912829684925,1.340666825509843
0.0,2843.9833652429706,2.026794170898584
0.0,2848.2309251541815,-2.2568444473851548
0.0,2845.399486745812,0.6082535234897267
0.0,2848.2313494779414,-2.2659065011195803
0.0,2848.938869214962,-2.9532700948261015
0.0,2845.3992766384476,0.6364180858650889
0.0,2845.3992521428613,0.6393530179301342
0.0,2844.6913596105896,1.319744971488882
0.0,2848.231037665195,-2.261888331625804
0.0,2848.231366458539,-2.26590855043306
0.0,2843.983344621805,2.039437882810362
0.0,2847.523241152735,-1.5444914023643639
0.0,2846.8151581778507,-0.8492805420384493
0.0,2843.2755751428917,2.7206644001018585
0.0,2843.275453574722,2.71295496164449
0.0,2834.089196999854,-2.253752193003427
0.0,2846.815401390276,-0.832040683331368
0.0,2848.231391140174,-2.2681633087811046
0.0,2847.523441820385,-1.5705282248061039
0.0,2834.0890577836144,-2.2420538860378
0.0,2848.23140273884,-2.2755644554028644
0.0,2847.5233810071986,-1.5584271460419847
0.0,2834.7971342919163,-2.936583943243411
0.0,2834.0889389412564,-2.227453057314014
0.0,2848.9390367908104,-2.9777140064856473
0.0,2831.965157573146,-0.1018705682026481
0.0,2833.3811937099044,-1.5487108487779346
0.0,2842.5676142244365,3.4257006306986195
0.0,2844.691212865038,1.3155260069247188
0.0,2834.089033300488,-2.2131367126884722
0.0,2848.231344757923,-2.2758225096171634
0.0,2847.5229836583526,-1.5528535386023838
0.0,2834.7968660762103,-2.9293382488403292
0.0,2834.7971072389296,-2.9223774509996714
0.0,2834.796754824976,-2.9418418955914856
0.0,2848.231344757923,-2.2758225096171634
0.0,2834.7967038349916,-2.907775271218294
0.0,2833.3810728153526,-1.4991611422754216
0.0,2848.9390375586067,-2.9760948552390607
0.0,2834.797157918309,-2.958788423600188
0.0,2843.2755706911644,2.720849402717894
0.0,2832.6732185358405,-0.8103436110686376
0.0,2832.673275162944,-0.8436797318099049
0.0,2832.6729867600757,-0.8176245438445927
0.0,2831.9652435113317,-0.10530567807469164
0.0,2832.673268729398,-0.8236092392711977
0.0,2846.8151581778507,-0.8492805420384493
0.0,2846.1074374801437,-0.14316920720378015
0.0,2832.673266748391,-0.8072738599646768
0.0,2847.523383839468,-1.5707862790204024
0.0,2834.7970209137898,-2.945936607646379
0.0,2834.7967253863353,-2.9168403134173584
0.0,2848.231333159257,-2.2684213629954035
0.0,2834.089056210861,-2.240366082840117
0.0,2845.3993110794777,0.6189993268307797
0.0,2848.231333159257,-2.2684213629954035
0.0,2842.567633399102,3.403681152957878
0.0,2846.81500120916,-0.8141079429133495
0.0,2848.231344757923,-2.2758225096171634
0.0,2834.7969693147,-2.9092305455904137
0.0,2848.939025192144,-2.9703128598638875
0.0,2848.231075872355,-2.2726777758888863
0.0,2847.523434515901,-1.5631398438551614
0.0,2834.7970008034563,-2.9333139653623928
0.0,2848.231064273689,-2.2652766292671265
0.0,2843.9835077570674,2.037458743418811
0.0,2848.93916408609,-2.9472737291036344
0.0,2832.6732559882785,-0.8216602540691634
0.0,2834.088797757055,-2.2388619832476504
0.0,2832.673164972401,-0.8028347191734243
0.0,2833.3812169067337,-1.5266964846659243
0.0,2834.088945937434,-2.2053637274159668
0.0,2848.2310766401515,-2.2710586246422997
0.0,2834.0890577836144,-2.2420538860378
0.0,2847.523362308731,-1.5370769139281288
0.0,2848.231341925654,-2.2634633766387457
0.0,2834.7968701442355,-2.932750753356393
0.0,2834.797157918309,-2.958788423600188
0.0,2833.381283297949,-1.5264394454533974
0.0,2834.0890433949257,-2.217924282788024
0.0,2845.3990314714356,0.6366705070553144
0.0,2829.841380809744,2.012876163177883
0.0,2833.3812296478527,-1.5286454698679586
0.0,2844.691481909224,1.3120283334603382
0.0,2843.275594317557,2.698644922361117
0.0,2846.8151581778507,-0.8492805420384493
0.0,2834.089196999854,-2.253752193003427
0.0,2834.089196999854,-2.253752193003427
0.0,2834.7971387436437,-2.9367689458594466
0.0,2834.0888060511807,-2.2336287059146596
0.0,2834.796766969636,-2.9386649365114206
0.0,2842.567633399102,3.403681152957878
0.0,2834.0891778251885,-2.2317327152626856
0.0,2846.815422921013,-0.8657500484236416
0.0,2848.231073040086,-2.2603186429104687
0.0,2834.7967385625284,-2.918836205441428
0.0,2847.5233810071986,-1.5584271460419847
0.0,2832.6733069868956,-0.8245553156179627
0.0,2847.5234571376127,-1.5707951250498615
0.0,2833.381082476471,-1.5128880521912629
0.0,2833.3812169067337,-1.5266964846659243
0.0,2834.7971387436437,-2.9367689458594466
0.0,2834.089011164122,-2.2041946490365047
0.0,2844.691496979802,1.3105919389083365
0.0,2834.7970187020696,-2.947090116634561
0.0,2834.7971387436437,-2.9367689458594466
0.0,2829.8414488898593,2.0091139746339564
0.0,2848.231316904181,-2.259706298298787
0.0,2848.231176843683,-2.245685750239253
0.0,2848.231316904181,-2.259706298298787
0.0,2843.275562862538,2.722472493239783
0.0,2845.399420070538,0.6023540493976806
0.0,2848.231316904181,-2.259706298298787
0.0,2848.231316904181,-2.259706298298787
0.0,2846.107306303971,-0.10594813162404329
0.0,2834.0890471931457,-2.218172398111781
0.0,2848.230932951847,-2.2543876908134086
0.0,2848.2309213531807,-2.246986544191649
0.0,2831.2573704355573,0.5964889011629934
0.0,2834.79706478588,-2.9413775134857674
0.0,2845.3994117769053,0.6072845270879134
0.0,2829.8412932919427,2.014317800100157
0.0,2848.230932951847,-2.2543876908134086
0.0,2846.8153136790525,-0.8567860903571786
0.0,2843.2753143366663,2.743895499046113
0.0,2847.523372214507,-1.5672842006346661
0.0,2833.3810359512536,-1.508243166924976
0.0,2848.231379515213,-2.2646612303953684
0.0,2848.231379515213,-2.2646612303953684
0.0,2848.231061415125,-2.2568165645247324
0.0,2843.9834459940516,2.002572649830592
0.0,2832.6729116942925,-0.7943093398300421
0.0,2847.5233360934267,-1.542338443389806
0.0,2845.399432876784,0.6093127866515341
0.0,2842.5675892029635,3.4294577090385783
0.0,2847.523358817995,-1.5670292006804436
0.0,2844.6910538822467,1.3349463671647381
0.0,2848.231316904181,-2.259706298298787
0.0,2847.5233559857256,-1.554670067702026
0.0,2844.6913318978313,1.3283695653078293
0.0,2845.399432876784,0.6093127866515341
0.0,2843.9835072580086,2.0236712111358965
0.0,2844.691471958329,1.3143490172482952
0.0,2843.983511039874,2.0193852478450562
0.0,2848.2309087259114,-2.240921865264389
0.0,2844.691471958329,1.3143490172482952
0.0,2834.7971137221707,-2.933011867519488
0.0,2845.399432876784,0.6093127866515341
0.0,2844.691468176464,1.3186349805391355
0.0,2843.9831220362694,2.0161502031387126
0.0,2843.983506588146,2.0195702504610917
0.0,2843.9831220362694,2.0161502031387126
0.0,2847.5233559857256,-1.554670067702026
0.0,2848.23131973645,-2.2720654312772046
0.0,2848.231176107277,-2.247898798746909
