Sales,SVD_1,SVD_2
1.0,2844.6915731770555,-2.1661893636358163
0.9537401574803152,2845.399378859238,-2.3401304499057023
0.7942913385826774,2829.8414072619835,-2.3555973450921073
0.7805118110236222,2844.690797843024,-2.6149220462181093
0.7421259842519686,2846.1072632155315,-2.399483136411582
0.7288385826771656,2843.2752856502943,-2.5890585231697583
0.7249015748031498,2842.5673322384973,-2.603160978306514
0.6855314960629922,2848.2311578580634,-2.5045956205313358
0.6815944881889765,2843.983194321236,-2.6247250380195886
0.6786417322834647,2843.9834981818685,-2.200637295826627
0.6653543307086616,2834.7968343688985,-2.624652072711838
0.6589566929133861,2847.5231726390007,-2.370831714159903
0.6564960629921262,2843.275463097354,-2.296987141981685
0.6441929133858268,2829.133390627659,-2.412388101209677
0.6230314960629922,2842.5675527855806,-2.2934431900335897
0.5802165354330711,2847.5229384436416,-2.503680925278719
0.5452755905511812,2834.089027448966,-2.540628851781975
0.5378937007874016,2846.814728656676,-2.5097474088802683
0.5221456692913387,2834.797057768814,-2.3219558730356984
0.5201771653543309,2834.0892477376656,-2.247690271878699
0.5123031496062993,2844.6907346233234,-2.637638800768631
0.4980314960629922,2844.6913806306748,-2.2891204826298726
0.4901574803149607,2842.56748523087,-2.5929637414989855
0.4896653543307088,2843.9829041472954,-2.6251431209115355
0.4625984251968505,2833.380990337672,-2.544517817459046
0.4581692913385828,2848.2309486432027,-2.1467339249908437
0.4498031496062993,2848.230456207775,-2.5152238940846665
0.4365157480314962,2843.2754251907522,-2.538031035633504
0.4286417322834647,2845.3991396085953,-2.6422779523605926
0.4173228346456694,2846.8151517023744,-2.4419139395605116
0.4173228346456694,2846.107399933561,-2.323422204401607
0.4040354330708662,2846.106744519932,-2.5323918013968676
0.3946850393700788,2846.106851244922,-2.376125640890535
0.3937007874015749,2843.982503633326,-2.4562640987129205
0.391732283464567,2834.7965125847923,-2.6143423951497726
0.3794291338582677,2831.9652660625225,-2.334628696061135
0.3705708661417323,2845.399174160261,-2.4802894119013783
0.3686023622047245,2834.0888043690343,-2.6803909610348784
0.3622047244094489,2846.1066698488744,-2.642487535859753
0.3612204724409449,2843.275266758476,-2.5923200941037585
0.3567913385826772,2846.815298886048,-2.2639458453367785
0.3548228346456694,2843.275560277394,-2.184375914042268
0.3538385826771654,2830.5490778391827,-2.5407999418525677
0.3390748031496063,2831.257016614699,-2.5338978257559055
0.3385826771653544,2843.9824295035187,-2.646514816859208
0.3361220472440945,2829.841240169951,-2.4032917300245393
0.3312007874015749,2834.79698606553,-2.357081831308531
0.3302165354330709,2833.3811924753877,-2.2607860194508222
0.3267716535433072,2843.274989087031,-2.4567211609728097
0.3248031496062993,2844.6903676211127,-2.5022628385436527
0.3228346456692914,2843.2755034465185,-2.39185917590901
0.3193897637795276,2842.567465164048,-2.5187072033497344
0.3193897637795276,2843.9830530756703,-2.40413419736874
0.3188976377952757,2843.2756129818813,-2.2589170960077625
0.3110236220472441,2845.3994719108687,-2.1067191520672135
0.3105314960629922,2845.398714788357,-2.5395644345247135
0.3080708661417323,2820.6546693658397,-2.5972625066416257
0.3061023622047245,2847.5225494856286,-2.669817948131926
0.297736220472441,2845.3987184669154,-2.6335569798284113
0.2834645669291339,2848.2306221387958,-2.663570064312777
0.2829724409448819,2845.3988501783524,-2.391547701622553
0.281988188976378,2818.532371921954,-0.32365080855399375
0.2780511811023622,2833.380647571576,-2.648674869434848
0.2780511811023622,2832.6725105839755,-2.5234888248906118
0.2736220472440945,2834.7967601248906,-2.284505085260557
0.2726377952755906,2833.3806311433236,-2.533937739521265
0.2721456692913386,2843.275476510966,-2.4556372501796266
0.2701771653543308,2834.7970059057666,-2.4871382424409743
0.2667322834645669,2834.0887814511507,-2.667024195588936
0.2667322834645669,2845.3987486276346,-2.6517721058761063
0.266240157480315,2829.1328334950463,-2.181446939813606
0.2632874015748032,2842.5698067253547,0.7469738410329567
0.2613188976377953,2843.982475829836,-2.5929243895311807
0.2603346456692914,2834.7965886290053,-2.5141182221667826
0.2573818897637795,2819.2389065768502,-2.248640736523035
0.2573818897637795,2830.548915672038,-2.653410109425976
0.2568897637795276,2845.3990725594476,-2.659080315890383
0.2524606299212599,2830.5487171493187,-2.3907038959458107
0.251968503937008,2846.815092730231,-2.6420400798040253
0.2514763779527559,2818.530401241008,-2.6312856823719115
0.2514763779527559,2832.6731115333228,-2.669452612680751
0.2514763779527559,2843.98237500191,-2.5543050982643
0.250492125984252,2834.0887519158464,-1.7818340036016518
0.250492125984252,2842.567451190894,-2.5602633029908475
0.250492125984252,2834.798176718676,-0.5942543817992795
0.2495078740157481,2842.5669835028857,-2.50083385109092
0.2495078740157481,2832.673204154831,-2.3293811499458137
0.2490157480314961,2846.8164254840226,-0.6312765341171006
0.2470472440944882,2846.1072024461328,-2.60912781525251
0.2465551181102362,2820.654704723838,-2.622738630179913
0.2460629921259843,2820.6541278191976,-2.632649255789287
0.2450787401574803,2833.381144314212,-2.67039759301656
0.2440944881889764,2833.3809884571774,-2.418961166014447
0.2436023622047244,2834.0891012567804,-2.4865840308857012
0.2411417322834646,2831.964818741876,-2.656177140850803
0.2381889763779528,2848.2305372070127,-2.680267194096508
0.2372047244094488,2833.380647843631,-2.4585868394267547
0.2372047244094488,2847.5222909204026,-2.4817505683761074
0.235236220472441,2846.814594111157,-2.6680931694713044
0.235236220472441,2820.655354122604,-1.760065380767593
0.2342519685039371,2833.3806458402037,-2.638576839675398
0.2332677165354331,2843.275396010489,-2.578357764632096
0.2322834645669292,2828.4246191492107,-2.5782747578034595
0.2312992125984252,2830.5490607951897,-2.6329693469755413
0.2298228346456693,2828.4251900015315,-2.609312533452344
0.2293307086614173,2829.841125227551,-2.4712248961846988
0.2273622047244095,2818.5308853865304,-2.3564165862217816
0.2263779527559055,2843.2753884962212,-2.5227989559768393
0.2258858267716536,2833.38071313456,-2.651587762901949
0.2239173228346457,2845.3983076506042,-2.5228946349655264
0.2229330708661418,2834.7963975771904,-2.162297161477519
0.2229330708661418,2846.815434674165,-2.2913640409506493
0.2224409448818898,2833.3810160949924,-2.646834942838764
0.2229330708661417,2847.5227292200125,-2.3969655638480822
0.2224409448818898,2831.2568450158165,-2.6482669263438785
0.2199803149606299,2829.841052067856,-2.5798417030665064
0.2194881889763779,2834.79713951751,-2.3791213386066703
0.2170275590551181,2829.1331627657096,-2.6320093128627406
0.2160433070866142,2833.3827294563275,-0.3167466757702797
0.2150590551181102,2846.8148445962174,-2.2943419444867135
0.2145669291338583,2831.9647724658416,-2.461481422263177
0.2145669291338583,2842.5667987498246,-2.6327297758462427
0.2140748031496063,2846.106989024193,-1.8323579793910045
0.2135826771653543,2845.3991036075586,-2.6827463512668435
0.2121062992125985,2845.398490844075,-2.3835651778937397
0.2116141732283464,2800.8481961198318,-2.630263631659882
0.2106299212598425,2834.796851767171,-2.5036861947356135
0.2096456692913386,2845.399432762312,-2.2063311372233887
0.2081692913385827,2829.1327314604314,-2.524697759956531
0.2076771653543307,2843.275049627939,-2.401584755032992
0.2076771653543307,2843.2749494442187,-2.5576867265524452
0.2066929133858268,2831.964655150767,-2.525495314166298
0.2062007874015748,2834.7979076685365,-1.2998758433460742
0.2052165354330709,2843.27486659167,-2.5719442554688867
0.2047244094488189,2844.69115623887,-2.5469981568163584
0.2047244094488189,2806.5125353019325,-1.909900755391701
0.2047244094488189,2819.238449431731,-2.6577409077924097
0.2042322834645669,2844.690289370261,-2.5869208380894313
0.203740157480315,2846.106664850819,-2.6172033585629606
0.203248031496063,2829.8409589678536,-2.6460155022278693
0.203740157480315,2845.3984438026955,-2.41640406879043
0.203740157480315,2847.522752384868,-2.431232944943725
0.2017716535433071,2832.6728616326554,-2.560548599282248
0.2017716535433071,2846.1073376856843,-2.3857366667376416
0.2012795275590551,2845.3982172051815,-2.6156397372850715
0.2002952755905512,2842.5674483728467,-2.556216746306534
0.1993110236220472,2833.3805261368598,-2.523849243741837
0.1993110236220473,2845.3989370488857,-2.3754848008993648
0.1998031496062992,2847.5224103551654,-2.3663541519106968
0.1993110236220472,2832.674628820535,-0.4767117071892126
0.1993110236220472,2833.3810157948583,-2.5910845596768604
0.1988188976377953,2819.2382767074564,-2.2293627017007025
0.1988188976377953,2828.4258458955433,-1.393784132843669
0.1968503937007874,2834.0890710077324,-2.4800983614009433
0.1958661417322835,2843.275233964644,-2.6211266377913653
0.1953740157480315,2846.1069889502046,-2.548463583507226
0.1953740157480315,2831.964486046347,-2.6395241617348715
0.1938976377952756,2848.230899008196,-2.277940354646024
0.1938976377952756,2844.6914451427438,-2.189477370785701
0.1938976377952756,2844.691043897407,-2.3175498600884916
0.1914370078740157,2830.549064453324,-2.6321869709495322
0.1914370078740157,2844.6910059776283,-2.655527191583159
0.1904527559055118,2842.5674527893693,-2.409766512861024
0.1889763779527559,2831.9672692093127,0.19056372191531337
0.1884842519685039,2818.530467039652,-2.055297371844393
0.1850393700787402,2834.088628899672,-2.644814974877089
0.1845472440944882,2829.840276624276,-2.6221359132280875
0.1845472440944882,2833.3810253396455,-2.389132062671471
0.1820866141732283,2846.814641303564,-2.6241702671906215
0.1815944881889764,2831.2566713708457,-2.5016896778705604
0.1801181102362205,2829.8411229054327,-2.6261659033284803
0.1796259842519685,2833.380520739551,-2.4258437385306832
0.1796259842519685,2831.9646183209766,-2.638354566734451
0.1791338582677165,2829.8411912170873,-2.497358803299225
0.1786417322834646,2844.6916836649625,-1.937584087402148
0.1791338582677165,2829.1334279603684,-2.2465621416963493
0.1781496062992126,2834.090260273891,-0.985138103978031
0.1781496062992126,2834.796477039031,-2.4839569136468276
0.1776574803149606,2834.0885387944877,-2.6610618782743054
0.1771653543307086,2829.1326370103807,-2.64340574295555
0.1776574803149606,2831.257136957631,-2.566277544564351
0.1771653543307086,2817.1149247529315,-2.632961151109696
0.1766732283464567,2846.107127717843,-2.420513841597589
0.1766732283464567,2831.965122443713,-2.5733632922588674
0.1756889763779528,2845.398354255122,-2.6567802889442236
0.1756889763779528,2828.4247733572106,-2.463625559863491
0.1756889763779528,2833.380571904445,-2.366075051085934
0.1737204724409449,2830.549000953429,-2.489139366332393
0.1737204724409449,2819.946853431118,-2.2944281141311484
0.1737204724409449,2832.673101090441,-2.4476260202932636
0.1742125984251969,2844.6911615945155,-2.620213461852153
0.1737204724409449,2834.796771319995,-2.6157911648689716
0.1732283464566929,2834.7967310313625,-2.324956887988021
0.1737204724409449,2842.5671037278485,-2.5899022112954344
0.1737204724409449,2831.964622815289,-2.6113818669166378
0.1737204724409449,2829.132895203175,-2.36862432226909
0.1727362204724409,2828.42435783862,-2.617310832230874
0.1727362204724409,2842.56689617575,-2.5593860348264434
0.1732283464566929,2846.8149205464483,-2.589945711508629
0.1712598425196851,2846.106647876361,-2.6570456297388994
0.171751968503937,2830.548705825273,-2.4931504932768154
0.1707677165354331,2834.7969585611054,-2.5936984053434857
0.1712598425196851,2842.567348800591,-2.557782255958978
0.1707677165354331,2834.797049049128,-1.8763621454030521
0.1702755905511811,2834.0881459770562,-2.6170182827648043
0.1687992125984252,2829.8414968152797,-1.6894298232169849
0.1692913385826772,2834.0886160712557,-2.6412191844556787
0.1687992125984252,2845.399249996421,-2.581095814159997
0.1683070866141732,2843.2753444509954,-2.488536843296398
0.1683070866141732,2844.6905907151117,-2.27545763860026
0.1678149606299213,2820.6541499162367,-2.6040898803647714
0.1673228346456693,2845.3990630288,-2.6792095700376324
0.1673228346456693,2831.2569603484812,-2.592280148594821
0.1668307086614173,2829.8403702034743,-2.45331064390269
0.1663385826771654,2828.42507916489,-2.074241455545565
0.1663385826771653,2846.8147252555955,-2.662174127192507
0.1648622047244095,2846.8152912431265,-2.4048390980254712
0.1648622047244095,2846.8145240779254,-2.2798000428292218
0.1648622047244095,2819.9462281366987,-2.6451602754402814
0.1643700787401575,2844.6908319077625,-2.625994010109169
0.1638779527559055,2847.5228779462163,-2.5573527905994022
0.1633858267716536,2829.8408910198614,-2.2877691800133486
0.1628937007874016,2831.9646247948485,-2.5401424192988995
0.1624015748031496,2829.133316087102,-2.493898171650856
0.1624015748031496,2846.106915759104,-2.6817525062194667
0.1614173228346457,2830.5490782534116,-2.494841719610225
0.1609251968503937,2846.814870630598,-2.681215729040712
0.1604330708661417,2834.7970366875347,-1.7154881154887738
0.1604330708661417,2843.9826258141647,-2.326527214014647
0.1604330708661417,2830.548601160133,-2.583452613060017
0.1599409448818897,2846.106671882615,-2.620862292561102
0.1574803149606299,2843.275612760714,-2.270439932705345
0.1574803149606299,2820.654111175943,-2.637992065532272
0.156988188976378,2828.42524839349,-2.4211198935831346
0.156496062992126,2844.690905046385,-2.4538007746297494
0.156003937007874,2830.548746427887,-2.3593857819481543
0.156003937007874,2848.2311345336434,-2.384040857176956
0.155511811023622,2842.567611436446,-2.3331345593964277
0.1540354330708661,2833.3804432920915,-2.698622607041434
0.1540354330708661,2834.0883582335537,-2.64285178433545
0.1540354330708661,2847.522846019935,-2.638951579076243
0.1535433070866142,2828.424670916178,-2.5661418798725424
0.1535433070866142,2833.3813505114285,-2.213829312841971
0.1530511811023622,2843.9847198222537,0.10441093270720335
0.1535433070866142,2819.9459691443685,-2.6410756553379646
0.1530511811023622,2847.5230840391177,-1.9689574346225498
0.1525590551181102,2845.3987309482773,-2.5429872776286695
0.1530511811023622,2843.983014276223,-2.6504286898518923
0.1520669291338583,2842.5673579462723,-2.564723902055847
0.1510826771653543,2834.0882106148424,-2.6310275500264084
0.1515748031496063,2829.1328209042895,-2.639638687634887
0.1505905511811024,2834.0888037088694,-2.609310134203126
0.1505905511811023,2844.6910773576456,-2.6751314078354973
0.1505905511811023,2829.8402797232525,-2.624410438076703
0.1505905511811024,2844.690912414245,-2.5337649018228863
0.1500984251968504,2834.0886281372,-2.630993740956459
0.1496062992125984,2834.0887558271675,-2.6750032208034003
0.1491141732283465,2846.1080473487204,-1.043868078447211
0.1496062992125984,2843.9832660583547,-2.5658269065300834
0.1486220472440945,2817.82228738642,-2.625183347214026
0.1481299212598425,2829.840729975626,-2.637323480440452
0.1471456692913386,2831.96490342873,-2.6495502874578443
0.1466535433070866,2828.4243787677533,-2.6183925869019378
0.1466535433070866,2830.5517167980047,1.1397418411783875
0.1461614173228346,2843.9824561221317,-2.573010102306871
0.1451771653543307,2829.8406700133037,-2.4984674704768493
0.1451771653543307,2842.567451330109,-2.3930903487410706
0.1446850393700788,2834.797174307134,-2.174770667645919
0.1441929133858268,2831.9645658990366,-2.504676456195894
0.1441929133858268,2829.1327513787573,-2.4759170707853055
0.1437007874015748,2843.982987480332,-2.6860140445475778
0.1432086614173228,2846.814758797275,-2.501580031315522
0.1427165354330709,2845.3982417806474,-2.6178809473442772
0.1432086614173228,2833.3810581167377,-2.553159071107872
0.1422244094488189,2843.2752270606743,-2.667157144236253
0.1417322834645669,2831.256532497,-2.6083009068995815
0.1417322834645669,2833.3804493944904,-2.4777598082843495
0.1417322834645669,2834.0883672540613,-2.659388268170219
0.1417322834645669,2829.8445890093312,1.976592326346564
0.140748031496063,2833.379869520144,-2.6314012096022896
0.140748031496063,2828.4249443636368,-2.1690713069408805
0.140748031496063,2846.8147044142406,-2.487201580940093
0.140255905511811,2829.841246308764,-2.5431453348284165
0.139763779527559,2842.567320979938,-2.282741275664876
0.1387795275590551,2834.796596289605,-2.691722415195512
0.1387795275590551,2833.381117527914,-2.4914351768905196
0.1387795275590551,2831.2566197415263,-2.498304354640908
0.1387795275590551,2843.274749652198,-2.6513685588456166
0.1387795275590551,2845.3989078109134,-2.3462763622632243
0.1382874015748031,2830.548353010125,-2.49123525611199
0.1382874015748031,2834.797640167752,-1.6055855428924914
0.1382874015748031,2842.5669881095787,-2.408099223882565
0.1377952755905512,2833.3798621983683,-2.633076519145672
0.1377952755905512,2842.5672973036776,-2.5464087873587875
0.1377952755905512,2843.275445958999,-2.3487652496488343
0.1368110236220472,2829.1329104799934,-2.661276983514312
0.1373031496062992,2843.27511757583,-2.654368060263193
0.1368110236220472,2829.1327395992776,-2.486589351462311
0.1368110236220472,2818.5300383471235,-2.6266784639498337
0.1373031496062992,2819.9525107424683,4.721386805530847
0.1368110236220472,2819.945475265439,-2.628008587507138
0.1363188976377952,2834.0884537126094,-2.654987156623209
0.1358267716535433,2843.275323932891,-2.407334415865117
0.1358267716535433,2830.5485321364135,-2.6323293567832393
0.1353346456692913,2843.27512441315,-2.64762074195381
0.1343503937007874,2843.9832443129303,-2.42909143582657
0.1338582677165354,2846.814417258694,-2.369382656932615
0.1338582677165354,2843.275381835642,-2.573864211301331
0.1333661417322835,2846.8151400541374,-2.6645405365339156
0.1333661417322835,2846.1067045832247,-2.416503690702116
0.1328740157480315,2846.1063662035353,-2.652641872678119
0.1328740157480315,2842.5672229213696,-2.6589895755383823
0.1333661417322835,2843.9829943730283,-2.6781651452696535
0.1323818897637795,2843.2750254443695,-2.684655498158247
0.1323818897637795,2832.672901755884,-2.594277427832527
0.1318897637795275,2832.6727577734,-2.6078352008913326
0.1318897637795275,2842.567082558195,-2.682339386781444
0.1313976377952756,2831.256950107821,-2.647666786187066
0.1309055118110236,2816.40654867909,-2.626825750888308
0.1309055118110236,2820.6545868979297,-2.645901726118239
0.1309055118110236,2831.964942596888,-2.6207664966641695
0.1304133858267717,2843.985589761804,0.6151801855157552
0.1304133858267717,2832.6724437619932,-2.60241298291236
0.1309055118110236,2834.088820278615,-2.6759506439833545
0.1304133858267717,2829.840637119077,-2.468894445499348
0.1304133858267716,2830.548259160517,-2.6219506060375117
0.1299212598425197,2834.7967836608514,-2.502375944691773
0.1299212598425197,2832.672533662355,-2.6417522304330654
0.1294291338582677,2842.5669353882804,-2.512847458050901
0.1294291338582677,2843.2750751649473,-2.643353861851534
0.1289370078740158,2828.4249333809903,-2.573076671214052
0.1289370078740157,2848.2304178993872,-2.558885550457715
0.1294291338582677,2843.983121222291,-2.4818710938333743
0.1289370078740157,2834.7963786880005,-2.584428930083411
0.1289370078740157,2831.256405300268,-2.6614104353959935
0.1284448818897638,2847.522802332377,-2.678766042077281
0.1279527559055118,2834.7967243255807,-2.602955790080439
0.1279527559055118,2829.8407034010315,-2.4681749812188096
0.1274606299212598,2834.7969057638234,-2.5244764752466824
0.1274606299212599,2814.2826226046095,-2.2011865400788757
0.1269685039370079,2834.0885528812714,-2.4727563548039013
0.1269685039370079,2831.256392004664,-2.6638204721014382
0.1274606299212598,2846.814586150723,-2.6656521456534334
0.1274606299212598,2833.3802157002533,-2.637106436487844
0.1264763779527559,2832.6729329727586,-2.5368282615640334
0.1264763779527559,2843.982724478977,-2.6569032762368505
0.1259842519685039,2833.3802820274745,-2.675561911887271
0.1259842519685039,2844.69051630393,-2.6763602177904167
0.125492125984252,2834.7968655153772,-2.557711726417129
0.125492125984252,2819.9530789361293,5.417950820911996
0.125,2846.106868605504,-2.4268638172880546
0.124507874015748,2834.08862758223,-2.6870708412944855
0.124015748031496,2829.1332090224673,-2.402827814828217
0.1230314960629921,2844.6912419842884,-2.3199661567441625
0.1230314960629921,2834.0891005887484,-2.477366661935389
0.1230314960629921,2834.089244458292,-1.6807432164309195
0.1225393700787401,2832.672978608639,-2.6888092922132163
0.1220472440944882,2830.5491302221253,-2.6547296138979353
0.1220472440944882,2829.841049735098,-2.651611156986829
0.1220472440944882,2833.379877614694,-2.6463237954198724
0.1220472440944882,2845.3984559240025,-2.6209280757328774
0.1215551181102362,2843.2757090371424,-1.9404246689958051
0.1215551181102362,2820.6542738855314,-2.389491906819455
0.1210629921259842,2846.106920329424,-2.6884174709251276
0.1210629921259842,2833.381033929547,-2.6753580866527122
0.1215551181102362,2847.5222277333537,-2.6451508134956714
0.1210629921259842,2845.4028720306037,2.2749112763032855
0.1210629921259842,2834.088747415044,-2.667016410159763
0.1200787401574803,2842.567050265768,-2.626044630136224
0.1200787401574803,2846.1071798960397,-2.13483530094846
0.1195866141732283,2846.814876292938,-2.6924396974641858
0.1195866141732283,2818.5308111580916,-2.6690783164352188
0.1195866141732283,2842.566841493506,-2.6610503245670736
0.1195866141732283,2830.5482289999577,-2.610933303112915
0.1186023622047244,2834.0885963355972,-2.587818929565392
0.1186023622047244,2820.656140417354,-0.8032959524602575
0.1186023622047244,2832.6728282912586,-2.649346830690089
0.1181102362204724,2843.2754396512987,-2.501092967178586
0.1181102362204724,2843.2754107015194,-2.5902002069477152
0.1181102362204724,2833.3808036204496,-2.548143680861778
0.1186023622047244,2842.5682971740835,-0.4440810144018462
0.1181102362204724,2846.1068935486537,-2.681830153714314
0.1181102362204724,2829.133151325433,-2.667841226885363
0.1176181102362204,2844.69079025281,-2.608867669747502
0.1176181102362204,2844.690773128511,-2.4867862354684296
0.1176181102362205,2834.088965890444,-2.638007458874383
0.1181102362204724,2818.530491531506,-2.6528685644288834
0.1176181102362204,2842.5670819729976,-2.675118434389643
0.1176181102362204,2819.2382993388715,-2.670710567706335
0.1171259842519685,2842.56686380303,-2.6693252114383426
0.1176181102362204,2829.132453168688,-2.634727755891791
0.1176181102362204,2817.822202191639,-2.6129194005052585
0.1171259842519685,2817.114378150335,-2.6354667948744437
0.1171259842519685,2843.2748603099694,-2.6501657415461577
0.1166338582677165,2819.9463422094827,-2.5316584878453976
0.1166338582677165,2831.2565608754544,-2.4663377831891244
0.1161417322834646,2834.79658795587,-2.6838999788938525
0.1161417322834646,2833.3806954003485,-2.6902946512186525
0.1166338582677165,2831.2565799195727,-2.6051362264551634
0.1156496062992126,2834.7967550459525,-2.662032336078689
0.1156496062992126,2847.5225931203513,-2.6815479884663773
0.1151574803149606,2834.08863850519,-2.6448650044777295
0.1146653543307086,2844.6903470779234,-2.639471352469692
0.1146653543307086,2833.380670187668,-2.656379154213301
0.1146653543307086,2845.3993361851253,-2.3231950754482584
0.1141732283464567,2843.274963272359,-2.569880602075164
0.1146653543307086,2844.69095514985,-2.6917418620306734
0.1136811023622047,2819.946317437133,-2.4367390407779226
0.1136811023622047,2834.0880798954477,-2.645765253439162
0.1136811023622047,2844.6908181206973,-2.661464685383742
0.1131889763779527,2819.9467580030764,-2.2297532883492117
0.1131889763779527,2820.653925048633,-2.6430284466939833
0.1131889763779527,2842.5671905241265,-2.6560064465061584
0.1131889763779527,2833.3806118191287,-2.631408259534058
0.1136811023622047,2831.2568025431265,-2.2580420794851013
0.1122047244094488,2843.2753849726673,-2.0058966224628176
0.1122047244094488,2819.238579107084,-2.615095227674642
0.1122047244094488,2842.567050578316,-2.6141952938845043
0.1122047244094488,2834.797602747212,-0.6589003609921714
0.1117125984251968,2831.2568967734796,-2.6578445950098604
0.1117125984251968,2834.0884327019753,-2.6566911250161866
0.1112204724409449,2843.275017641315,-2.6759723188238107
0.1112204724409449,2831.964707718764,-2.672025440062263
0.1112204724409449,2843.9832076457137,-2.22156898229025
0.1112204724409449,2846.814796200155,-2.4685379268219325
0.1102362204724409,2845.398477259106,-2.674571447466357
0.1102362204724409,2833.381053284135,-2.5735709913250653
0.1102362204724409,2842.566844845284,-2.6618268212037317
0.1107283464566929,2819.239038215715,-1.7915269815574904
0.1102362204724409,2829.8413671078138,-1.6877448535451396
0.109744094488189,2832.6724068085023,-2.6550764452610385
0.109251968503937,2834.796289120675,-2.640457787363806
0.109251968503937,2814.2832104889685,-1.704362902075047
0.109251968503937,2829.132715880602,-2.6284583078033448
0.108759842519685,2830.5487123484595,-2.6162016418015557
0.108759842519685,2848.2303710644587,-2.6290037467410756
0.109251968503937,2848.231061398138,-1.9601272682991553
0.108759842519685,2834.0884185319337,-2.639578825075624
0.108759842519685,2844.6906479904846,-2.4889541966346673
0.108267716535433,2833.3810815419342,-2.687894754919753
0.108759842519685,2848.2303733040053,-2.682691892091434
0.1077755905511811,2834.0890030729934,-2.6802138616330837
0.108267716535433,2834.0882444564327,-2.630650887371411
0.1077755905511811,2842.5671913201477,-2.6540555702202453
0.108267716535433,2842.567457250078,-2.577713675411443
0.1077755905511811,2805.811643230763,6.4162767855079315
0.1077755905511811,2833.3803464642074,-2.637560135154697
0.1072834645669291,2845.3986513439136,-2.624754578268503
0.1072834645669291,2844.690655289816,-2.6606804411569436
0.1072834645669291,2843.2769219833713,-0.18365919650694656
0.1077755905511811,2830.5491581936726,-2.6494866668746564
0.1072834645669291,2842.5669854932053,-2.591367166909656
0.1067913385826772,2846.1068206204764,-2.435443905852822
0.1067913385826772,2847.522586175018,-2.464636009970019
0.1067913385826772,2829.841121849919,-2.6717008673160803
0.1062992125984252,2844.690730099891,-2.5117035945309087
0.1067913385826772,2847.5226616186587,-2.658799636694591
0.1062992125984252,2848.2304448299597,-2.649173405214725
0.1058070866141732,2834.796071271568,-2.6658141268201483
0.1058070866141732,2829.1324480592893,-2.6151183833911666
0.1062992125984252,2846.814938659253,-2.2110037579746042
0.1053149606299213,2828.424893912284,-2.5485525822197133
0.1058070866141732,2846.1071207810232,-2.0173111671160053
0.1048228346456693,2833.3803415167063,-2.6371773164840815
0.1048228346456693,2816.4066576362047,-2.613650058506911
0.1043307086614173,2843.275205116668,-2.437850673291764
0.1043307086614173,2831.25650365731,-2.6294553734171586
0.1043307086614173,2801.5565525943734,-2.639191798217435
0.1038385826771653,2834.7968662171197,-2.664468250888342
0.1038385826771653,2843.2752336435838,-2.675788776323302
0.1033464566929134,2828.425176855488,-2.662154530909622
0.1033464566929134,2829.8411817596416,-2.576952160655019
0.1033464566929134,2834.089933092542,-0.7646017902794725
0.1038385826771653,2842.567115751138,-2.631673480267789
0.1033464566929134,2829.840600463676,-2.640106507281183
0.1028543307086614,2844.690663016287,-2.6639391973480175
0.1023622047244094,2830.548486497131,-2.4005212673705643
0.1023622047244094,2845.3985002435948,-2.685943763874764
0.1023622047244094,2842.5678275647083,-2.018529057475355
0.1023622047244094,2831.9650492039473,-2.586521562470571
0.1023622047244094,2845.398561594037,-2.64958082598672
0.1023622047244094,2829.8406012698856,-2.6389569493888687
0.1023622047244094,2842.5709899805947,1.8151096985024378
0.1023622047244094,2834.0889162336653,-2.662890837215274
0.1018700787401575,2820.654682362768,-2.684842304439551
0.1018700787401575,2842.5669393530156,-2.688420064980634
0.1018700787401575,2843.275408203403,-2.6218835464846957
0.1013779527559055,2834.7967630531675,-2.6792052577747336
0.1018700787401575,2829.8407470070247,-2.6473129642259647
0.1013779527559055,2833.380404553104,-2.655663566615628
0.1013779527559055,2846.814709435662,-2.388147349824871
0.1013779527559055,2832.672063627731,-2.6226246545945435
0.1008858267716535,2831.965065847816,-2.650462764151363
0.1008858267716535,2820.6574957670823,1.0801044953910428
0.1008858267716535,2831.256558056862,-2.4509344669508413
0.1013779527559055,2842.5665384389154,-2.522695736913985
0.1008858267716535,2843.9828866213006,-2.2958473161289543
0.1008858267716535,2842.567104450329,-2.4621894010624557
0.1013779527559055,2834.0884623969523,-2.4088361594382666
0.1003937007874015,2806.5200230361397,7.076310560624568
0.1003937007874015,2843.277090774533,-0.07313173057944343
0.1008858267716535,2834.0888058406676,-2.675808360833461
0.1003937007874015,2846.1066786141414,-2.631214737651585
0.1003937007874016,2833.3804023390576,-2.6085963146953195
0.1003937007874015,2816.406625377667,-2.6462833810729127
0.0999015748031496,2832.6725764252856,-2.684687129323831
0.0999015748031496,2848.2364523567126,4.1543864414151415
0.0999015748031496,2833.3808972150573,-2.5326833105349116
0.0999015748031496,2833.380518028141,-2.4551849399013412
0.0999015748031496,2846.8148618193613,-2.683482130870456
0.0999015748031496,2843.275367052904,-2.618279975420348
0.0999015748031496,2834.088497268053,-2.6449140760503416
0.1003937007874015,2847.5227237035074,-2.3633778441080935
0.0999015748031496,2831.96440555374,-2.6287193504882866
0.0999015748031496,2844.690974282978,-2.6905776496803173
0.0994094488188976,2830.5484279320194,-2.6598086121657527
0.0999015748031496,2842.5667803266824,-2.638209242669773
0.0994094488188976,2834.088275990873,-2.636280948061533
0.0994094488188976,2842.567241526233,-2.5434620959379
0.0989173228346456,2847.52278952951,-2.6855999627137623
0.0989173228346456,2846.815041596022,-2.625010578137466
0.0989173228346456,2843.274777024236,-2.669482481606984
0.0984251968503937,2843.274797457091,-2.4911919142282644
0.0989173228346456,2846.106679722768,-2.675783940104881
0.0979330708661417,2833.3802494176225,-2.613600843566151
0.0979330708661417,2834.0887914595996,-2.666120620852642
0.0974409448818897,2819.947733844226,-1.3300769065956448
0.0974409448818897,2829.8407940277502,-2.389418746799544
0.0974409448818897,2834.0888080935256,-2.6833440827674977
0.0969488188976378,2829.8405868765894,-2.509278874562694
0.0974409448818897,2846.1072921752825,-2.1954079153795365
0.0964566929133858,2846.814655920134,-2.578661711390195
0.0964566929133858,2801.556127560395,-2.62788420991996
0.0964566929133858,2843.982706063773,-2.29297990912492
0.0964566929133858,2844.690894163815,-2.5626909935032374
0.0964566929133858,2829.8406756844915,-2.617863145094638
0.0959645669291338,2831.9675703938415,0.4714201119619847
0.0959645669291338,2844.6903777103057,-2.578600720825793
0.0954724409448819,2846.1068860743544,-2.2953991866566246
0.0954724409448819,2830.548529582156,-2.6494274342223023
0.0959645669291338,2832.6726836414946,-2.5559977199181185
0.0959645669291338,2831.964996580494,-2.6501131990209896
0.0954724409448819,2817.822431267364,-2.6274120064970474
0.0954724409448819,2830.5483522098416,-2.606296676572977
0.0954724409448819,2834.088875554147,-2.567019122544762
0.0954724409448818,2829.132514668708,-2.5964029093048433
0.0949803149606299,2829.8406593418445,-2.656783579537481
0.0949803149606299,2834.0887706960475,-2.673767978809015
0.0949803149606299,2830.548669472796,-2.625329440562651
0.0959645669291338,2843.982937000314,-2.439423675477817
0.0954724409448819,2845.3984241401045,-2.658923742276885
0.0949803149606299,2819.2384136759847,-2.5004553273728183
0.0949803149606299,2834.0884466995326,-2.574057925736589
0.0944881889763779,2831.2569499658975,-2.6390707166897127
0.0944881889763779,2818.535810338027,3.911104523978046
0.0944881889763779,2817.1143892620676,-2.634709117443579
0.093996062992126,2830.5482286339034,-2.6243304332105004
0.093996062992126,2829.1348072638166,-0.5565217158391681
0.093996062992126,2834.088810897908,-2.666675916089897
0.093996062992126,2847.522539768754,-2.6669743328540405
0.093996062992126,2829.1330324795767,-2.629730481594087
0.093996062992126,2831.256514201998,-2.6441234921833536
0.093503937007874,2844.6903328215776,-2.568255837211196
0.093503937007874,2847.5228400533774,-2.691442828098948
0.093996062992126,2834.796695734157,-2.6048221162400234
0.093011811023622,2829.1332771976604,-2.476559078779901
0.093011811023622,2844.6910476597286,-2.595434471546871
0.093011811023622,2844.6906443786233,-2.659007630753498
0.0925196850393701,2834.796289157016,-2.654166448449818
0.0925196850393701,2834.088625512647,-2.679305540931566
0.0925196850393701,2834.0883093139505,-2.6455343674640686
0.0925196850393701,2848.2332703165193,0.01559172751791867
0.0920275590551181,2828.4311864200513,4.9970865573286805
0.0920275590551181,2831.2568916641308,-2.639910911791595
0.0925196850393701,2834.088377420574,-2.664786632003183
0.0920275590551181,2831.964864334067,-2.180726480309568
0.0920275590551181,2819.946382379131,-2.4969047441855388
0.0915354330708661,2820.654355479527,-2.3846891037930398
0.0920275590551181,2833.3806519611317,-2.695325828884555
0.0915354330708661,2843.2755288280687,-2.245241044115074
0.0910433070866141,2831.2568220040966,-2.6059245196962206
0.0915354330708661,2828.4268092805587,-0.6105860420242528
0.0910433070866141,2842.567177942443,-2.6418409436587744
0.0910433070866141,2829.134859751815,-0.4888243523304439
0.0910433070866141,2845.399547924872,-2.0637943116722566
0.0910433070866141,2831.2566140557974,-2.4834366530785026
0.0910433070866141,2834.0884403369123,-2.652782922678798
0.0910433070866141,2843.983037131163,-2.3159775569902274
0.0910433070866141,2829.1323987372107,-2.6241630233504907
0.0910433070866141,2831.9643275802955,-2.675802850153587
0.0905511811023622,2834.7963254325796,-2.664170479766711
0.0905511811023622,2831.2565227584487,-2.646715299159666
0.0905511811023622,2848.231026906817,-2.594743976139372
0.0900590551181102,2833.38033936006,-2.6434474944725554
0.0900590551181102,2831.9643656721805,-2.670610668306477
0.0905511811023622,2834.0901024663654,-0.41705951671163244
0.0895669291338582,2831.9642099760536,-2.638248584044281
0.0895669291338583,2818.5304677459694,-2.490056591943766
0.0895669291338582,2846.81513337845,-2.65364366643812
0.0895669291338582,2845.3987389319295,-2.098555963047737
0.0890748031496063,2844.691410884965,-2.4373023445503748
0.0890748031496063,2817.114523766314,-2.47644334016397
0.0890748031496063,2829.1327522339225,-2.660552683876107
0.0890748031496063,2833.3809438736603,-2.564271487064878
0.0890748031496063,2847.5305008624737,7.071806669420497
0.0890748031496063,2829.1324671023403,-2.663110666962473
0.0885826771653543,2828.4256506157462,-1.9989932292644532
0.0890748031496063,2830.548566535198,-2.633587024287026
0.0885826771653543,2831.256497000508,-2.6361373380252875
0.0885826771653543,2842.566760360589,-2.4977723327459507
0.0880905511811024,2820.6542975659645,-2.6340812083644534
0.0880905511811023,2830.549469901229,-1.503354332840533
0.0880905511811023,2834.088572888142,-2.696928030789241
0.0875984251968504,2845.3986665887273,-2.47346740193521
0.0875984251968504,2843.274972974745,-2.6386212684011285
0.0875984251968504,2817.114881478502,-2.198663787741214
0.0871062992125984,2829.1325987140226,-2.6366701618977952
0.0871062992125984,2831.9644738328357,-2.5087969238059937
0.0871062992125984,2830.548768775327,-2.6579721138642753
0.0871062992125984,2848.2302326154218,-2.659442601694384
0.0866141732283464,2831.9645389060584,-2.6257226997673495
0.0861220472440945,2829.841104606881,-2.6314685607297585
0.0861220472440945,2829.1328095719637,-2.5011265222043466
0.0861220472440945,2833.3803531923145,-2.6573003710320897
0.0866141732283464,2834.7967973993004,-2.613689977346471
0.0866141732283464,2843.985775979324,1.329040438147812
0.0861220472440945,2831.256512711454,-2.648036714969926
0.0861220472440945,2817.1152955974994,-1.5265732530483285
0.0861220472440945,2831.256500894966,-2.6346774979475427
0.0861220472440945,2829.8406068415297,-2.655783748968883
0.0861220472440945,2820.6541813417016,-2.646257965308077
0.0861220472440945,2833.3803917017403,-2.659750902813734
0.0861220472440945,2831.256186400892,-2.6102734608870586
0.0856299212598425,2842.5674029896595,-2.2960868124896825
0.0856299212598425,2847.522570510182,-2.2539321378166233
0.0861220472440945,2820.654039552913,-2.6674436244527784
0.0861220472440945,2829.1350677530063,0.3165814973083037
0.0856299212598425,2831.256515808982,-2.6494949710955535
0.0861220472440945,2831.2566421746724,-2.6518628044650145
0.0856299212598425,2834.0883795684113,-2.5829262608903063
0.0856299212598425,2833.3805653027257,-2.510387796278268
0.0856299212598425,2820.6544127454217,-2.384691846458511
0.0856299212598425,2845.3984471376225,-2.6731589772012985
0.0851377952755905,2848.2303458778906,-2.682112791958063
0.0856299212598425,2846.106680165915,-2.6724914855295525
0.0851377952755905,2848.2307037568976,-2.3066452861394526
0.0846456692913386,2829.840815628332,-2.6226109406658242
0.0846456692913386,2819.946315741951,-2.654722375129857
0.0846456692913386,2829.1330352507625,-2.0689720565620413
0.0846456692913386,2829.1329712069564,-2.6244970164944403
0.0841535433070866,2844.690853684903,-2.6035578811043822
0.0846456692913386,2834.0885468850925,-2.6964192472648545
0.0841535433070866,2847.5225392724396,-2.6554308514284286
0.0841535433070866,2831.2629678136873,4.91459449474862
0.0841535433070866,2834.796496036113,-2.6781522110978817
0.0841535433070866,2833.380571095859,-2.651155357630639
0.0841535433070866,2831.2563708776006,-2.673602525616763
0.0846456692913386,2830.5491114591696,-2.6347931575688097
0.0841535433070866,2846.8153071200836,-2.3263591727156663
0.0836614173228346,2829.1326380664127,-2.64868492302328
0.0836614173228346,2830.5485370858014,-2.651702664528704
0.0836614173228346,2834.796909367356,-2.669356264579888
0.0836614173228346,2843.2754278742577,-2.537032087123732
0.0836614173228346,2820.6538809556296,-2.6305368148510975
0.0841535433070866,2834.088296412209,-2.6362409282927066
0.0836614173228346,2843.275088191041,-2.643776794766889
0.0836614173228346,2843.9825840492854,-2.2517834003402704
0.0831692913385827,2816.414722414855,7.026351634739454
0.0831692913385827,2834.7962881066182,-2.6859844763797662
0.0831692913385827,2834.796410129986,-2.7017757672004055
0.0831692913385827,2833.3802999191416,-2.6268387157463122
0.0831692913385827,2843.9826425505107,-2.573253229502429
0.0831692913385827,2832.673029536165,-2.6922567714409253
0.0826771653543307,2842.5671177939707,-2.6401104560697455
0.0831692913385827,2834.79679059717,-2.1813477282578857
0.0826771653543307,2844.698885437266,7.0592632218389815
0.0831692913385827,2831.964716817841,-2.430325964167688
0.0826771653543307,2829.132941048376,-2.1707689601313214
0.0826771653543307,2843.98239266451,-2.6373850832628687
0.0826771653543307,2844.69081837884,-2.5950302338340276
0.0826771653543307,2820.6541577056782,-2.6329461873747557
0.0831692913385827,2819.238427310331,-2.480356755636577
0.0826771653543307,2829.8407845697957,-2.6521368560389056
0.0826771653543307,2834.088336513716,-2.597735718100574
0.0826771653543307,2833.3809484210924,-2.6544572985272965
0.0821850393700787,2819.2399287255994,-0.699767715749139
0.0821850393700787,2832.672561710539,-2.6340396150672887
0.0826771653543307,2845.398842905071,-2.537200928169825
0.0821850393700787,2830.548381402775,-2.6675286931289213
0.0821850393700787,2834.0888354066324,-2.545732564736386
0.0816929133858267,2834.797161383049,-2.1968538767161903
0.0816929133858267,2830.5485478194796,-2.6497547198981146
0.0816929133858268,2830.5488676203827,-2.673056064408988
0.0816929133858268,2829.1327648119272,-2.530226779963425
0.0816929133858267,2831.964607555617,-2.656439357819737
0.0816929133858268,2830.549278656105,-2.413976986600237
0.0816929133858267,2829.132678378124,-2.429820271240937
0.0816929133858267,2829.132709935207,-2.655683557289212
0.0816929133858267,2845.3992713352186,-1.903663321358775
0.0816929133858268,2830.548468917021,-2.6296242950293562
0.0816929133858268,2828.4248023195055,-2.6700883298545577
0.0816929133858267,2832.672463136574,-2.5846544810628886
0.0812007874015748,2844.6904349681663,-2.6472945941572634
0.0812007874015748,2834.0885033098325,-2.657144365093714
0.0812007874015748,2828.4248616913,-2.263302829694241
0.0812007874015748,2845.3984723599556,-2.6783724096538917
0.0812007874015748,2831.2565229894917,-2.639058664727669
0.0812007874015748,2829.8406166637396,-2.481329846060719
0.0807086614173228,2832.6729044250255,-2.5397040272162354
0.0807086614173228,2833.3805773047056,-2.420300031441068
0.0807086614173228,2834.0884927129077,-2.665430491776193
0.0812007874015748,2801.5564061459195,-2.64052821552631
0.0802165354330708,2831.256198960465,-2.6032726371572372
0.0802165354330708,2831.9643222544128,-2.6620590486795415
0.0807086614173228,2845.3983166801527,-2.646008738278023
0.0802165354330708,2829.8406174248644,-2.636880012751655
0.0802165354330708,2820.654269004661,-2.6332323349966082
0.0802165354330708,2834.0884727017224,-2.5560372713539126
0.0802165354330708,2847.5249694183576,0.19036109363156922
0.0802165354330708,2802.2640963189315,-2.6308115225219826
0.0797244094488189,2830.5486255081714,-2.6551535498803305
0.0797244094488189,2820.656214688234,-0.7399399247311932
0.0797244094488189,2831.2563728866144,-2.668200090936101
0.0797244094488189,2843.9828568716057,-2.58693394506698
0.0792322834645669,2843.9837030974463,-1.8558086910202956
0.0792322834645669,2846.1068846707535,-2.2140686129550864
0.0797244094488189,2831.2564014663562,-2.66648332216515
0.0792322834645669,2820.653892350644,-2.6331737187909345
0.0797244094488189,2842.567165797313,-2.6487099772130343
0.0797244094488189,2831.9645451766914,-2.5861071501065145
0.0792322834645669,2833.380999242492,-2.658328510188055
0.0792322834645669,2842.567330892241,-2.6566191221256905
0.0787401574803149,2831.9643676236774,-2.601531213384866
0.0792322834645669,2831.2563951425773,-2.623549748029665
0.0787401574803149,2833.38052837234,-2.675703119460671
0.0787401574803149,2847.5229575333574,-2.677220856395755
0.0787401574803149,2845.3988257440155,-2.451709919697379
0.078248031496063,2831.9646705538867,-2.6619080162865276
0.0787401574803149,2845.3984762300092,-2.6810621085655195
0.078248031496063,2843.275423814793,-2.4712894608338147
0.078248031496063,2801.5561691597222,-2.636997590948487
0.0787401574803149,2842.56720310562,-2.5134168522830524
0.077755905511811,2802.2641037428507,-2.6333900559215815
0.077755905511811,2834.0895923882795,-0.6335930272565086
0.077755905511811,2819.2407778830184,0.1855525347952287
0.077755905511811,2820.6541430933016,-2.640987427170113
0.077755905511811,2842.567078209946,-2.634170893854382
0.0787401574803149,2834.0885719009934,-2.5285189053717727
0.077755905511811,2843.2748170350246,-2.5111473018300092
0.077755905511811,2831.25639330623,-2.6582857294567743
0.077755905511811,2846.106737796752,-2.633442926819698
0.077263779527559,2846.106591059466,-2.655644284332021
0.077263779527559,2834.088395425364,-2.591269640128726
0.077263779527559,2829.840658342382,-2.6266143865168963
0.077263779527559,2828.424658021846,-2.6250429636496304
0.077263779527559,2834.0902359395327,-0.5492584130972651
0.0767716535433071,2834.088298828398,-2.631443256833685
0.0767716535433071,2843.2746787570504,-2.618086375249522
0.0767716535433071,2829.132660997527,-2.6348886017477717
0.0767716535433071,2843.274809288006,-2.634925668211317
0.0767716535433071,2834.796928811086,-1.9323534671587195
0.0767716535433071,2829.840720347756,-2.632832577933477
0.0767716535433071,2834.088094933642,-2.637404420668964
0.0762795275590551,2834.0884765669925,-2.651924087550016
0.0762795275590551,2817.82238549529,-2.651785882867731
0.0762795275590551,2843.2753523847205,-2.660963750139569
0.0767716535433071,2828.42480766371,-2.627128556152968
0.0762795275590551,2833.3804025687577,-2.65692817973297
0.0762795275590551,2834.0883865352953,-2.5843426660325037
0.0762795275590551,2842.5668823637498,-2.6405826580865615
0.0767716535433071,2832.6724511607667,-2.650949964468417
0.0757874015748031,2848.2305361155372,-2.6795839850387373
0.0762795275590551,2828.425184410055,-2.5305517385607996
0.0762795275590551,2844.691011984188,-2.4010619013543795
0.0757874015748031,2830.548522831934,-2.6465903067399736
0.0757874015748031,2834.7964930830344,-2.6587619450032305
0.0757874015748031,2842.567478443361,-2.5303439931267913
0.0757874015748031,2829.840591943302,-2.637405594202386
0.0757874015748031,2829.132352376898,-2.475697567292208
0.0752952755905512,2843.9831165412816,-2.586517669454274
0.0752952755905512,2818.530826803846,-2.6337875355420834
0.0752952755905512,2844.6905171145863,-2.5940115292026418
0.0752952755905512,2829.1335200667622,-2.1310338698454276
0.0752952755905512,2843.2761903969367,-0.5342898476003157
0.0752952755905512,2831.96436500017,-2.6703016125356656
0.0748031496062992,2817.822486013181,-2.6336900203934226
0.0748031496062992,2819.9462133674915,-2.638640872884095
0.0752952755905512,2844.690450314464,-2.651899886042988
0.0748031496062992,2819.946470481278,-2.6686510111885933
0.0743110236220472,2843.98519113036,0.5177110995852938
0.0743110236220472,2834.0883489456846,-2.583002531265023
0.0743110236220472,2829.8409214670205,-2.263196253312072
0.0743110236220472,2819.946224171975,-2.6441838229115424
0.0743110236220472,2834.7964869241846,-2.6559015447880205
0.0743110236220472,2833.380337693116,-2.629914577420342
0.0743110236220472,2819.238363896817,-2.674574557072196
0.0743110236220472,2847.5230635224475,-2.578968729924433
0.0748031496062992,2819.9463237487566,-2.6775255907149886
0.0743110236220472,2834.0884056194964,-2.576227887997398
0.0743110236220472,2814.2891624179388,5.5009019363827365
0.0743110236220472,2843.2752097499097,-2.6699881720416716
0.0748031496062992,2829.840551964897,-2.6173687625386317
0.0743110236220472,2820.65429458705,-2.6761843898994977
0.0738188976377953,2833.380664741383,-2.7060804086775914
0.0738188976377953,2833.3803218234616,-2.6324974561470347
0.0743110236220472,2832.672982729519,-2.462592896523196
0.0738188976377953,2834.796323965519,-2.6715762209427765
0.0738188976377953,2848.230376265348,-2.6903531219458428
0.0738188976377953,2842.5668826945157,-2.639874969738565
0.0743110236220472,2829.8404384733935,-2.6548422459150167
0.0738188976377953,2819.2381215794576,-2.6618168541231233
0.0738188976377953,2843.9826593992257,-2.6491250794711454
0.0738188976377953,2845.3988538484286,-2.247947921661523
0.0738188976377953,2829.1324460071896,-2.5872426446334433
0.0738188976377953,2819.2384381037177,-2.6439714978157625
0.0733267716535433,2804.396267596676,7.104612831369551
0.0733267716535433,2834.0889879360225,-2.6715550124155625
0.0733267716535433,2820.6544916231446,-1.9992409797498667
0.0733267716535433,2829.1335900334184,-1.658523660738095
0.0738188976377953,2828.4251097079414,-2.3470894799795325
0.0733267716535433,2843.274779893816,-2.6006826475431875
0.0738188976377953,2828.425245354957,-2.5255547403220073
0.0733267716535433,2830.549332483001,-1.9284979946973055
0.0733267716535433,2829.8409800842956,-2.6313752556468217
0.0733267716535433,2845.398478674664,-2.621815510465226
0.0733267716535433,2819.946781396594,-2.6811320456015038
0.0733267716535433,2844.693622789829,0.19859276770756923
0.0733267716535433,2842.567661312102,-2.066865949584746
0.0728346456692913,2842.5670705523744,-2.3639221229653895
0.0733267716535433,2847.5225142850522,-2.6397536415647442
0.0728346456692913,2834.088263308118,-2.6828887541565645
0.0733267716535433,2845.398506292341,-2.679016475819954
0.0728346456692913,2829.8405940164903,-2.652205617107947
0.0728346456692913,2832.6723216489827,-2.6030551389408934
0.0723425196850394,2843.9827813048373,-2.2288473025690885
0.0723425196850393,2843.274866522689,-2.6498472615719786
0.0728346456692913,2832.6723503657367,-2.611539508090349
0.0723425196850393,2834.088401362106,-2.654084737559652
0.0723425196850393,2831.964475995466,-2.640003164814664
0.0723425196850393,2843.2749896648984,-2.640566800445808
0.0723425196850393,2831.256601319192,-2.6618074709290607
0.0723425196850393,2834.796336694494,-2.66997133906545
0.0723425196850393,2834.0883819189253,-2.597397996692693
0.0723425196850393,2831.2568866148395,-2.64752515036262
0.0723425196850393,2834.7967344228327,-2.6637821288695367
0.0728346456692913,2843.9828492076763,-2.5386941259974227
0.0718503937007874,2846.814642456245,-2.6019242039642583
0.0718503937007874,2832.6730155473106,-2.624121885130891
0.0718503937007874,2830.548554622247,-2.654074327141066
0.0718503937007874,2846.816749864468,-0.12525892023317803
0.0718503937007874,2842.5673816143553,-2.6592467895072334
0.0718503937007874,2833.3802858769377,-2.6193002566434713
0.0718503937007874,2830.5485577413524,-2.632773632058695
0.0713582677165354,2819.9464977246225,-2.3912973435489553
0.0713582677165354,2834.0882546271223,-2.62821637040303
0.0713582677165354,2831.256490348411,-2.652243701837982
0.0713582677165354,2819.946176771791,-2.6303904037813504
0.0713582677165354,2834.0890028468025,-2.405412902729113
0.0713582677165354,2843.983303990373,-2.4441623119521037
0.0713582677165354,2819.9462151836187,-2.6390339132014033
0.0713582677165354,2842.5667345748398,-2.636413584980415
0.0718503937007874,2845.398701795436,-2.567375317614182
0.0713582677165354,2843.2753822228374,-2.449166165427552
0.0713582677165354,2843.274848532837,-2.5245898669525477
0.0713582677165354,2829.133621772793,-1.9798864016285191
0.0713582677165354,2801.5565457960874,-2.637752434292944
0.0708661417322834,2831.964614010545,-2.68155101541865
0.0708661417322834,2831.2566392618805,-2.6355115109927967
0.0713582677165354,2846.8146750536653,-2.6486476782602932
0.0708661417322834,2819.246421735503,7.0126799646069
0.0708661417322834,2834.0882218799143,-2.439030481531541
0.0708661417322834,2842.5671508528308,-2.6429218122854636
0.0708661417322834,2819.246421735503,7.0126799646069
0.0708661417322834,2820.662390713789,7.080809218476729
0.0708661417322834,2832.6725933580638,-2.621971149785374
0.0708661417322834,2820.654394194894,-2.4577641253006997
0.0703740157480315,2832.672455637981,-2.6453822390380184
0.0703740157480315,2833.3804707311842,-2.659284623331196
0.0708661417322834,2833.3800389434723,-2.607227219933177
0.0703740157480315,2842.5668991348107,-2.652081592647625
0.0703740157480315,2831.2565825370316,-2.657266112351887
0.0708661417322834,2834.088979774577,-2.590760918020368
0.0703740157480315,2846.1065569616844,-2.6464466410739687
0.0703740157480315,2829.84048147517,-2.6606332492575917
0.0703740157480315,2833.380265243927,-2.6028396775530527
0.0698818897637795,2842.5669014026766,-2.656543075291506
0.0698818897637795,2847.5225365376064,-2.6458444515823745
0.0698818897637795,2820.6541655475107,-2.639596210634754
0.0698818897637795,2834.0883877384153,-2.667397828726009
0.0698818897637795,2843.275205713696,-2.6616825409251343
0.0698818897637795,2833.3804025284458,-2.6603167000884977
0.0698818897637795,2831.264510901392,6.798167974548177
0.0698818897637795,2828.424748592175,-2.6215299107873538
0.0698818897637795,2833.3803038892715,-2.6343280928608186
0.0693897637795275,2844.6906942851683,-2.6659941607641824
0.0693897637795275,2834.0880924051544,-2.64938272915471
0.0693897637795275,2843.9824316060594,-2.6476840077911947
0.0693897637795275,2831.964341713927,-2.6678931774683603
0.0693897637795275,2842.567351027966,-2.5193127128104975
0.0693897637795275,2843.98302619881,-2.2334788230024962
0.0693897637795275,2845.3986139408617,-2.5828279889316637
0.0693897637795275,2814.2899871361606,6.2837451908669815
0.0693897637795275,2831.2565278970214,-2.659618264614511
0.0693897637795275,2832.673064210334,-2.553913300229602
0.0693897637795275,2829.840628917974,-2.640284734611451
0.0688976377952756,2832.672697875561,-2.627744551239971
0.0688976377952756,2834.7965863925524,-2.646762292671937
0.0688976377952756,2831.9645996407908,-2.653513736842793
0.0693897637795275,2834.796301935755,-2.6470213660138926
0.0688976377952756,2831.2562456689047,-2.631735297000856
0.0688976377952756,2829.133161446219,-2.6668908258650004
0.0693897637795275,2817.1146525551003,-2.423135371470713
0.0688976377952756,2820.654186948137,-2.6480546049591873
0.0684055118110236,2818.530810088902,-2.6639457802130133
0.0693897637795275,2834.0887673156603,-2.4987094721109444
0.0684055118110236,2831.256929575181,-2.0862335796218856
0.0684055118110236,2829.8410117151225,-2.6653880629729714
0.0684055118110236,2830.5482666986763,-2.4497484093425417
0.0684055118110236,2843.2749980164663,-2.6107603092811553
0.0688976377952756,2834.7964917017084,-2.66367213326487
0.0688976377952756,2834.088801006631,-2.6763435883388684
0.0679133858267716,2833.380095575758,-2.6452022980338112
0.0679133858267716,2848.2305053459986,-2.6730736438750724
0.0679133858267716,2844.690546786245,-2.6328606338875815
0.0679133858267716,2815.6991138887734,-1.5719671196565326
0.0679133858267716,2842.5664484808385,-2.624569128839508
0.0684055118110236,2846.815030912325,-1.8046285448718415
0.0679133858267716,2843.2751210993542,-2.6503643566441317
0.0679133858267716,2817.1144503485543,-2.649937237217003
0.0684055118110236,2829.1326289841713,-2.635403115625019
0.0679133858267716,2847.5222674658294,-2.558061648631509
0.0674212598425196,2834.796397093835,-2.689348027329396
0.0674212598425196,2846.815047820907,-2.638486433232349
0.0674212598425196,2831.964174347366,-2.6219686684243735
0.0674212598425196,2843.2752928162095,-2.5192646150244853
0.0674212598425196,2846.106735600639,-2.6532248353399392
0.0674212598425196,2819.946309909335,-2.6304267359504285
0.0674212598425196,2845.3987777246202,-2.533810420223381
0.0674212598425196,2829.1326544809344,-2.6328756284073647
0.0674212598425196,2830.548535491468,-2.6529648972567608
0.0674212598425196,2843.9827664964755,-2.48739867960371
0.0679133858267716,2834.088517922707,-2.568601248315475
0.0679133858267716,2843.2755653114104,-2.1560591389776804
0.0669291338582677,2842.5680547668026,-1.5737350781457355
0.0669291338582677,2842.567041797676,-2.6162037188052434
0.0669291338582677,2832.673312817989,-1.4896890890889796
0.0674212598425196,2842.5672026432853,-2.6655751529925187
0.0674212598425196,2843.275295099388,-2.522385526724492
0.0669291338582677,2843.2746792074317,-2.650814933704444
0.0669291338582677,2845.3985760147843,-2.5235860046787693
0.0674212598425196,2846.814604527034,-2.670531042922474
0.0669291338582677,2831.256648961649,-2.640415274746871
0.0669291338582677,2819.9461226769026,-2.6363565476375164
0.0669291338582677,2834.088455257327,-2.6738599208586873
0.0664370078740157,2842.5679941967687,-1.7339913976899866
0.0664370078740157,2844.6904361796587,-2.6570385631478097
0.0664370078740157,2830.5487210026554,-2.616335123516743
0.0664370078740157,2846.814449649186,-2.3213448151295015
0.0664370078740157,2842.567152826435,-2.6511623108411713
0.0664370078740157,2843.2756041222356,-1.8591580810196737
0.0669291338582677,2831.2564959503784,-2.653195246127533
0.0664370078740157,2847.523142616052,-2.5823401511384882
0.0664370078740157,2801.5561490569307,-2.631489704131514
0.0664370078740157,2804.393988517534,4.536469546883703
0.0664370078740157,2829.8403228746183,-2.6213629188116743
0.0664370078740157,2834.7962637737405,-2.652455761015444
0.0664370078740157,2834.0886441936314,-2.7013910598864905
0.0664370078740157,2834.796340113198,-2.5810606889317693
0.0664370078740157,2846.8142645425005,-2.6413230622942727
0.0659448818897638,2843.982439275526,-2.6288869784143047
0.0659448818897638,2819.238126252625,-2.663311315334433
0.0659448818897638,2833.380500883008,-2.6221327574016713
0.0659448818897638,2833.3804984266617,-2.6781410063938726
0.0659448818897638,2834.0885896504883,-2.4819025526489367
0.0659448818897638,2820.661900641761,6.428906318310934
0.0659448818897638,2833.3800690906673,-2.5406506781092806
0.0659448818897638,2830.5486179759687,-2.6321202509523047
0.0659448818897638,2834.0888049067767,-2.5895015441939284
0.0659448818897638,2831.256387301844,-2.594200754026893
0.0654527559055118,2834.089109174129,-2.3087888569699837
0.0654527559055118,2842.5676287991773,-2.052490123764972
0.0654527559055118,2830.548667227835,-2.6315954524099783
0.0654527559055118,2831.9663599995615,-0.9222325995084509
0.0654527559055118,2817.8224777012406,-2.6353756538525097
0.0654527559055118,2831.2566760623595,-2.6803604234164373
0.0654527559055118,2843.276024172594,-1.706946917765029
0.0654527559055118,2831.9641920078693,-2.645323917479611
0.0659448818897638,2829.840744368605,-2.5901534284783554
0.0654527559055118,2832.6732464030815,-2.325022298008965
0.0654527559055118,2828.4252077846522,-2.6779145017005512
0.0659448818897638,2834.088752300598,-2.366620579621468
0.0654527559055118,2834.0889895026708,-2.0727608151866423
0.0649606299212598,2833.3804341100617,-2.5710579537973475
0.0654527559055118,2819.946226456578,-2.650035986491015
0.0649606299212598,2844.6913286502813,-1.9865373168273674
0.0649606299212598,2842.5676027400705,-2.2798708814960893
0.0649606299212598,2843.2755377694984,-2.212953555844764
0.0654527559055118,2831.2566151291703,-2.6719456769762338
0.0654527559055118,2830.548556150735,-2.65075571017896
0.0649606299212598,2831.256636606549,-2.636035482213462
0.0649606299212598,2834.7971704844026,-2.2690858181073916
0.0649606299212598,2828.424673801617,-2.6336205138680913
0.0654527559055118,2847.5224979412837,-2.642497418008196
0.0649606299212598,2829.841071547346,-2.58628216907739
0.0654527559055118,2828.4247530189773,-2.57139510324875
0.0644685039370078,2843.982726103763,-2.6577320567683445
0.0644685039370078,2848.231178250531,-1.9013939969677687
0.0644685039370078,2820.6538003050487,-2.4262730147440315
0.0644685039370078,2843.275627262736,-2.1989383406354945
0.0644685039370078,2842.567797250163,-2.002596335743665
0.0644685039370078,2845.398562926824,-2.650904531892325
0.0644685039370078,2818.5300359780185,-2.623309790156864
0.0644685039370078,2829.840486636644,-2.6558042782356734
0.0644685039370078,2842.5672537440028,-2.667411542538008
0.0649606299212598,2831.9650332233855,-2.511732363610562
0.0644685039370078,2819.238200564893,-2.629916909062699
0.0644685039370078,2833.380385177311,-2.646933591184813
0.0639763779527559,2802.264119422328,-2.6377921115469087
0.0639763779527559,2829.840590508205,-2.6357081029194616
0.0644685039370078,2818.530404107378,-2.6289108726945964
0.0639763779527559,2846.814577023728,-2.475847505455698
0.0639763779527559,2831.9644428781603,-2.645644133275278
0.0639763779527559,2834.796927631019,-2.6756317024950933
0.0639763779527559,2834.7967122616806,-2.676012393195324
0.0644685039370078,2844.6903019847164,-2.6205143293074165
0.0639763779527559,2834.0882267159227,-2.62903558483653
0.0639763779527559,2820.654102510736,-2.6149300587300104
0.0639763779527559,2829.8407234263213,-2.631860334035496
0.0639763779527559,2831.2569388297256,-2.6602940959048444
0.0639763779527559,2846.814283971877,-2.6312484877504296
0.0634842519685039,2845.3990135206323,-2.1213590753151705
0.0634842519685039,2834.088631904648,-2.625145282570477
0.0634842519685039,2832.672431622644,-2.524131814096372
0.0634842519685039,2828.4261651783095,-0.5115055655825239
0.0639763779527559,2833.380687708083,-2.7000945708607365
0.0634842519685039,2819.946402428436,-2.6572029852954975
0.0639763779527559,2830.548294044795,-2.6175163956472174
0.062992125984252,2834.796818301407,-2.2441996122149375
0.0629921259842519,2831.2569097236046,-2.6465922936148822
0.0629921259842519,2834.088320849882,-2.6488959608091345
0.0629921259842519,2846.10898116239,0.46874106212007643
0.0629921259842519,2834.7964386260965,-2.648005855491371
0.0629921259842519,2830.5537572225903,3.777044905224994
0.0629921259842519,2830.5486678002053,-2.6442185743522804
0.0629921259842519,2834.796557472962,-2.686978751671181
0.0634842519685039,2846.8158772777056,-1.669530251452911
0.0629921259842519,2833.3801269826145,-2.644694974823369
0.0629921259842519,2845.398401030131,-2.574650898700592
0.0629921259842519,2846.1067190532835,-2.633675688821941
0.0629921259842519,2831.9646996754236,-2.6710368351210576
0.0625,2831.2570651239425,-2.629056191910597
0.0625,2820.6543489173964,-2.6579587860856195
0.0625,2830.549066262106,-2.6348732839955042
0.0625,2844.6906858776288,-2.562089627114121
0.0625,2820.654353104045,-2.660826319778538
0.0625,2832.672466750064,-2.487534587390747
0.0625,2834.0883057754627,-2.638819872987824
0.0625,2846.1069859167405,-2.4318307493237192
0.0625,2846.106911502666,-2.319872192480826
0.062007874015748,2830.550643280996,-0.6390428534323558
0.062007874015748,2834.088174831242,-2.6709425087731598
0.062007874015748,2801.556551318133,-2.6388864198487
0.062007874015748,2834.088819623814,-2.6750613182733
0.062007874015748,2844.690913954386,-2.252459671248816
0.062007874015748,2834.088585521041,-2.676711793317055
0.062007874015748,2843.982453679948,-2.6394509757749245
0.062007874015748,2846.1066811449205,-2.677876390903588
0.062007874015748,2830.548576999756,-2.6554457829936653
0.062007874015748,2834.0884208436996,-2.6784712333960137
0.062007874015748,2842.5672414619075,-2.6658459380698885
0.062007874015748,2831.2564793021015,-2.633154904466675
0.062007874015748,2843.275146197998,-2.659632360656144
0.062007874015748,2819.2400508503392,-1.0293669043907614
0.062007874015748,2831.964686459497,-2.6763631082669685
0.062007874015748,2817.8257745082137,1.4309963698172392
0.062007874015748,2817.8223250859846,-2.634916574182597
0.062007874015748,2834.0885277928082,-2.522247301261474
0.061515748031496,2819.9457990561004,-2.491007527998515
0.062007874015748,2833.3804275419607,-2.6261340821452697
0.061515748031496,2834.0880463307863,-2.63251962739974
0.061515748031496,2843.27457893558,-2.6328819901386913
0.061515748031496,2834.796578462567,-2.25662451323133
0.061515748031496,2842.567076326145,-2.607220289157479
0.061515748031496,2819.9463964341735,-2.6465466919608356
0.061515748031496,2834.089042663001,-2.2524284968283848
0.061515748031496,2845.398894289856,-1.9366815953034204
0.061515748031496,2819.9534373824577,5.8415439841584265
0.0610236220472441,2805.1041113437623,7.1237157546670185
0.0610236220472441,2829.840666402509,-2.6689967848053495
0.0610236220472441,2834.088765461933,-2.6169018018720274
0.0610236220472441,2819.9462904244438,-2.668149683451678
0.0610236220472441,2830.5485187394515,-2.6326091885119243
0.0610236220472441,2828.4244108158236,-2.6228618091477935
0.0610236220472441,2843.274741880736,-2.327456795261114
0.0610236220472441,2832.6731680588564,-2.457860024219223
0.0610236220472441,2831.25646700119,-2.6320811002783535
0.0610236220472441,2833.38030031767,-2.4030193023185915
0.0610236220472441,2833.3804430126665,-2.6288740753736404
0.0610236220472441,2831.9651132193044,-2.5333192486349487
0.0610236220472441,2833.3803258477433,-2.6345973656695474
0.061515748031496,2819.9470909716183,-1.88705904612787
0.0610236220472441,2805.812335281196,7.108427863046466
0.0610236220472441,2790.953798907447,-2.627145232650629
0.0610236220472441,2843.982326600508,-2.6027243119831227
0.0605314960629921,2831.964550826322,-2.6434494921486817
0.0605314960629921,2832.673010784955,-2.4169456873841866
0.0605314960629921,2833.3802316726997,-2.6722319223198974
0.0605314960629921,2828.429412744373,3.2602934654504323
0.0610236220472441,2819.2387809017578,-2.6376902987647175
0.0605314960629921,2834.088591423328,-2.7031177998258156
0.0605314960629921,2846.1066935667477,-2.584484314967886
0.0605314960629921,2843.982418754827,-2.6299693600094614
0.0605314960629921,2834.796705339139,-2.6650136089913565
0.0610236220472441,2829.1327664009973,-2.615193226280495
0.0600393700787401,2842.5673817196775,-2.0733330607678893
0.0600393700787401,2833.3800277573505,-2.624674126368232
0.0600393700787401,2834.0884433929455,-2.6836633289416585
0.0600393700787401,2831.256506839908,-2.6419415265117103
0.0600393700787401,2829.84037461664,-2.6119986438719485
0.0600393700787401,2829.131875726235,-2.6043784193125235
0.0600393700787401,2831.2577095603465,-1.7071578193881085
0.0600393700787401,2805.1000606979546,2.2842921672532586
0.0600393700787401,2830.548276778266,-2.639980854691344
0.0600393700787401,2843.982385299986,-2.6273178715166066
0.0605314960629921,2830.5485310490376,-2.632051924938357
0.0600393700787401,2819.946199906525,-2.642720762310279
0.0595472440944882,2818.530130821427,-2.611377934155901
0.0595472440944882,2846.8146405096177,-2.626404077211849
0.0595472440944882,2820.654145108961,-2.6355733986955387
0.0595472440944882,2831.9647637153307,-2.585134119147508
0.0595472440944882,2819.946757115269,-2.680341520124349
0.0595472440944882,2829.84033502438,-2.6281961451477285
0.0595472440944882,2829.840417089675,-2.539089714919292
0.0595472440944882,2832.672620199929,-2.5459064216971323
0.0595472440944882,2819.245418209281,5.326915210998412
0.0595472440944882,2816.411890806896,4.158990503815069
0.0595472440944882,2829.1332425285636,-2.663749112132319
0.0590551181102362,2832.672873185871,-2.664245584301063
0.0590551181102362,2819.238360642075,-2.6310151442755854
0.0590551181102362,2833.3800394146,-2.6238815799535633
0.0590551181102362,2832.6725704265573,-2.687167535323774
0.0590551181102362,2843.9824989854287,-2.6656290476083284
0.0595472440944882,2831.256495983981,-2.6538222073327047
0.0590551181102362,2829.8406737641226,-2.65955889383762
0.0590551181102362,2829.1328026898755,-2.6460455038214903
0.0590551181102362,2832.672554924917,-2.623030429360428
0.0590551181102362,2830.5485658578646,-2.560390870564174
0.0590551181102362,2842.56862351175,-0.954803347874755
0.0590551181102362,2833.3803825546006,-2.6547350981061903
0.0590551181102362,2842.5668216568165,-2.5386392683678647
0.0595472440944882,2833.3805117139127,-2.391921686168857
0.0590551181102362,2846.106595872727,-2.6493377407588676
0.0590551181102362,2828.4248058971752,-2.538561277743065
0.0585629921259842,2820.6544641988075,-2.66348844602435
0.0585629921259842,2829.840694987487,-2.6254762642324905
0.0590551181102362,2843.2758160177004,-1.7430845548167382
0.0585629921259842,2831.25705397502,-2.68626842210144
0.0585629921259842,2804.3961652496814,7.122285967744418
0.0585629921259842,2845.400255030921,-1.2660725890587252
0.0585629921259842,2817.122616839694,7.105312480478808
0.0585629921259842,2804.3961747694784,7.120246902858997
0.0585629921259842,2830.5485527023166,-2.557654285677183
0.0585629921259842,2829.1323986041916,-2.6242408672854025
0.0585629921259842,2844.691028370102,-2.646112822753903
0.0590551181102362,2846.1068776094885,-2.232110148608327
0.0585629921259842,2848.231362083089,-2.2444819495224286
0.0585629921259842,2832.674785245191,-0.07566953214540517
0.0585629921259842,2846.1067566517527,-2.6409391503163033
0.0580708661417323,2843.9841912055444,-0.3920931902343457
0.0580708661417323,2829.8403357970274,-2.643434176752256
0.0580708661417323,2834.0883674027727,-2.661858781347825
0.0585629921259842,2830.5485529030493,-2.654970775330921
0.0585629921259842,2833.3803846959145,-2.636893547266986
0.0580708661417322,2834.088713149823,-1.6969383808271314
0.0585629921259842,2834.796169650511,-2.623967008148559
0.0580708661417323,2819.2382337419785,-2.633709668231363
0.0580708661417322,2829.841054717359,-2.5765871868441024
0.0580708661417323,2829.840542758171,-2.640648754674933
0.0580708661417322,2832.6727007273053,-2.665672227266369
0.0585629921259842,2832.675424613532,0.4477098508974839
0.0575787401574803,2843.274989128928,-2.6313955610640996
0.0575787401574803,2843.2753095504204,-2.482636215701482
0.0575787401574803,2843.9852448886063,0.31290706400814805
0.0575787401574803,2834.8047045362086,7.089376999089208
0.0580708661417323,2820.6541526061255,-2.6223602384038367
0.0575787401574803,2802.2641119966,-2.6363585797911133
0.0575787401574803,2843.9827580435963,-2.572867425042828
0.0575787401574803,2829.1328410813667,-2.646927376242723
0.0575787401574803,2814.9979535607613,6.291414080276144
0.0575787401574803,2846.106304339987,-2.631376307318261
0.0575787401574803,2846.106420113498,-2.4601015253489287
0.0575787401574803,2842.567765172865,-2.1443844286766396
0.0580708661417322,2834.0886110643187,-2.620199650483887
0.0570866141732283,2834.7967514746524,-2.5675792191075812
0.0570866141732283,2818.530013456244,-2.6206318810443583
0.0570866141732283,2830.5485450682463,-2.652664546303581
0.0570866141732283,2829.8405683293227,-2.636851447217808
0.0570866141732283,2819.9464131749032,-2.465109692338123
0.0575787401574803,2819.243812187867,4.212113626932355
0.0570866141732283,2834.0889323834735,-2.5110988935259053
0.0570866141732283,2820.654300104871,-2.634706609137616
0.0575787401574803,2831.9646207131013,-2.685805383310486
0.0570866141732283,2830.5485854871163,-2.6422789814085665
0.0565944881889763,2833.380537682747,-2.4819744342638197
0.0565944881889763,2817.827802045396,3.8309120208662875
0.0565944881889763,2830.5483147924224,-2.6222726805488836
0.0565944881889763,2842.5668089583496,-2.6389852717794677
0.0565944881889763,2829.132376726391,-2.6257312369195906
0.0570866141732283,2832.6726943723593,-2.679286720320062
0.0565944881889763,2847.5228431120627,-2.6944285130611667
0.0565944881889763,2845.3983136037496,-2.6304294885574087
0.0565944881889763,2834.7964718842422,-2.5393726520117688
0.0565944881889763,2843.2745239801066,-2.6512151212609223
0.0565944881889763,2834.0878098927924,-2.5797693546586746
0.0570866141732283,2819.2383629573446,-2.631572286172435
0.0570866141732283,2819.241701563671,0.9369279637863123
0.0565944881889763,2831.256521123734,-2.644684050827597
0.0565944881889763,2834.796762351093,-2.6804184411981216
0.0565944881889763,2834.0887584033853,-2.5710565143600945
0.0565944881889763,2845.3991076069374,-2.654534287865462
0.0565944881889763,2831.964595185607,-2.651739573201159
0.0561023622047244,2819.2460797806116,6.417695105241536
0.0561023622047244,2800.848183100575,-2.6293913817900085
0.0565944881889763,2834.0880389267986,-2.576510442838727
0.0561023622047244,2847.523528821825,-2.145181552329929
0.0561023622047244,2804.396266618523,7.126660863709124
0.0561023622047244,2819.946196562524,-2.6408252599238335
0.0561023622047244,2829.132607127678,-2.6288923183810207
0.0561023622047244,2817.830744031513,7.101675985733417
0.0561023622047244,2830.5482820606794,-2.627186397932781
0.0561023622047244,2834.088312433778,-2.6351930211676384
0.0561023622047244,2831.256638739583,-2.635377370776429
0.0561023622047244,2847.522528821344,-2.666197627187878
0.0561023622047244,2847.5292830630174,4.800267904293864
0.0561023622047244,2844.6903291069916,-2.636343744005719
0.0561023622047244,2833.380556948436,-2.5971671601341044
0.0556102362204724,2829.8467002084185,4.893761841204863
0.0556102362204724,2834.094329082795,3.8164938114994325
0.0556102362204724,2830.548942877171,-2.65192241747555
0.0561023622047244,2819.9462005104933,-2.6554845239611526
0.0556102362204724,2847.5224534408358,-2.2693729185939278
0.0556102362204724,2831.9646632870285,-2.6283645142953653
0.0556102362204724,2819.951486490121,2.9153049289732893
0.0556102362204724,2831.966489997721,-0.962270316088381
0.0556102362204724,2828.4244361860437,-2.6068658864167666
0.0556102362204724,2830.55035196383,-0.5049150865272338
0.0556102362204724,2846.8144020439895,-2.5541136363743795
0.0561023622047244,2831.964608375985,-2.6714743706320023
0.0556102362204724,2843.2745354022413,-2.619709107020821
0.0556102362204724,2843.2753553414454,-2.669510157732119
0.0556102362204724,2831.2565432179686,-2.561960547325862
0.0556102362204724,2831.9648298123184,-2.657938143484748
0.0561023622047244,2834.0884468840745,-2.4792703039723456
0.0556102362204724,2847.522721882084,-2.5499152008126362
0.0551181102362204,2832.6724201878133,-2.6414429518517215
0.0556102362204724,2829.840786618228,-2.661095253766909
0.0551181102362204,2844.6909643555114,-2.695705952132271
0.0551181102362204,2820.662101545025,6.483411345223493
0.0551181102362204,2834.0882837878626,-2.630497636402834
0.0551181102362204,2843.275572200625,-1.8678988561124847
0.0551181102362204,2834.7965989341697,-2.6259609977734075
0.0551181102362204,2843.2748750345913,-2.631777066996993
0.0551181102362204,2831.2563156010074,-2.6657162098983664
0.0551181102362204,2834.7967559925783,-2.6692680237270694
0.0551181102362204,2843.275051569581,-2.5820196701256606
0.0551181102362204,2842.56764052296,-2.135108470333236
0.0551181102362204,2845.3989953033815,-2.6613304702232377
0.0551181102362204,2819.9462005226587,-2.6308182680850893
0.0551181102362204,2832.672356382211,-2.661921909138094
0.0551181102362204,2834.088828156052,-2.4718699405464735
0.0546259842519685,2831.2569141945323,-2.666574532142767
0.0546259842519685,2831.964437722524,-2.651474634074156
0.0546259842519685,2829.132648097519,-2.639179757758873
0.0546259842519685,2842.567464307969,-2.4816300668773588
0.0546259842519685,2844.691044740827,-2.6590004146028603
0.0546259842519685,2843.983144922462,-2.5588289753425495
0.0546259842519685,2843.2752647500106,-2.5726930893464233
0.0546259842519685,2834.7964433485845,-2.67368931436792
0.0546259842519685,2834.796895022001,-2.6606765459681108
0.0546259842519685,2802.264115283068,-2.6360908473290965
0.0546259842519685,2831.9650782200497,-2.5946146204383163
0.0541338582677165,2833.3801136965535,-2.6397631759932136
0.0541338582677165,2845.3983369885323,-2.6498789313956106
0.0541338582677165,2843.2748264159486,-2.633033007087236
0.0541338582677165,2846.8146269462104,-2.639685110089377
0.0541338582677165,2843.9829989057116,-2.6927710118527184
0.0546259842519685,2848.230525357675,-2.4706039474827515
0.0541338582677165,2846.1065288865966,-2.635721765956982
0.0546259842519685,2842.5679271947347,-1.7756427180480199
0.0541338582677165,2831.964607585673,-2.644801231406744
0.0541338582677165,2842.567502965361,-2.4743793461976042
0.0541338582677165,2847.5221702552462,-2.6228293723204272
0.0546259842519685,2843.2753833536513,-2.6690642011096863
0.0541338582677165,2845.3984154019045,-2.5518621297438697
0.0546259842519685,2833.381110467909,-2.6852287963477957
0.0546259842519685,2817.8224078654475,-2.6559094503204492
0.0541338582677165,2833.380660516188,-2.6747303845095627
0.0536417322834645,2805.1042398583113,7.127098180453944
0.0536417322834645,2829.132695202783,-2.269326475420617
0.0536417322834645,2847.5234031475093,-1.487865135391608
0.0536417322834645,2834.088247838473,-2.612393521850196
0.0536417322834645,2833.380344408708,-2.635463067582535
0.0536417322834645,2801.5561708284204,-2.637555016182135
0.0536417322834645,2802.2641055139843,-2.633978040065744
0.0536417322834645,2843.27457625212,-2.627102613202468
0.0536417322834645,2833.3803570365253,-2.653797017363567
0.0536417322834645,2806.520301825127,7.116463434113124
0.0536417322834645,2834.796746937077,-2.6605083858784124
0.0536417322834645,2844.690407404627,-2.632379047921643
0.0536417322834645,2833.3804057845737,-2.55738438596644
0.0536417322834645,2832.6722976955502,-2.5976468543386253
0.0536417322834645,2819.2382559917583,-2.6364155343684583
0.0536417322834645,2834.0886581342183,-2.3661021765387313
0.0536417322834645,2842.566779035074,-2.6633907808789328
0.0531496062992126,2834.0890571199525,-2.3827264698718738
0.0531496062992126,2832.6726174018677,-2.590781794911446
0.0531496062992126,2834.0883551675292,-2.652853287970058
0.0531496062992126,2834.7967288014984,-2.666092749675677
0.0531496062992126,2842.566843478824,-2.5470343709151675
0.0531496062992126,2831.9649577396644,-2.6596929169568786
0.0531496062992126,2834.088440525932,-2.6901725728538257
0.0531496062992126,2845.401789635919,1.3826137742509739
0.0531496062992126,2842.566891699219,-2.6360532214275074
0.0531496062992126,2830.548415273424,-2.6718242679613593
0.0531496062992126,2834.796884285876,-2.601948087078891
0.0531496062992126,2820.654160148592,-2.6381526361686007
0.0531496062992126,2845.3989259772966,-2.1730824070952806
0.0531496062992126,2828.4249680387024,-2.657127932581751
0.0531496062992126,2829.8407230579264,-2.630644975879509
0.0531496062992126,2830.548950892362,-2.6458936173134164
0.0536417322834645,2831.9646874315035,-2.539205115505074
0.0531496062992126,2834.088439407714,-2.6330525142236874
0.0526574803149606,2833.3803200720995,-2.632176212196466
0.0526574803149606,2830.5482914227073,-2.6302416746428996
0.0526574803149606,2842.567114410148,-2.293776854727293
0.0526574803149606,2829.8407478493964,-2.6310016636129534
0.0526574803149606,2829.8409727272947,-2.650787902945939
0.0526574803149606,2820.654569379879,-2.6468550775604736
0.0526574803149606,2842.5664254323738,-2.6099649128308666
0.0526574803149606,2802.264105255905,-2.6339016791189853
0.0526574803149606,2831.965655073282,-0.9320935332211644
0.0526574803149606,2829.840592965022,-2.63721969776729
0.0531496062992126,2833.3813651067862,-1.9181580218537515
0.0526574803149606,2831.256539152397,-2.6507841866897475
0.0526574803149606,2844.694788946778,1.9814801242299374
0.0526574803149606,2834.797081879235,-2.3568827345498624
0.0526574803149606,2830.548447536876,-2.6442387316367015
0.0521653543307086,2834.08819209425,-2.2171619375979397
0.0521653543307086,2834.088368836745,-2.6557859459429625
0.0521653543307086,2834.088790623867,-2.5570672491332487
0.0521653543307086,2832.67300136904,-2.6961507525312407
0.0521653543307086,2819.945947509919,-2.627003128784149
0.0521653543307086,2834.7963010263065,-2.640084499910493
0.0521653543307086,2820.6619387418664,6.454792073160633
0.0521653543307086,2831.9644321028363,-2.6168866710892873
0.0521653543307086,2834.0894345874167,-1.8313279023025453
0.0526574803149606,2843.9826854231833,-2.638252458163824
0.0526574803149606,2817.8286489389993,4.313467932511855
0.0526574803149606,2843.2751906821245,-2.387111626951006
0.0521653543307086,2834.0883682452422,-2.65636374432264
0.0521653543307086,2834.796812555259,-2.695785380702882
0.0521653543307086,2828.424450000413,-2.577480438353554
0.0521653543307086,2834.7964872714592,-2.658100821420952
0.0521653543307086,2833.380757263904,-2.6426677456805265
0.0526574803149606,2834.7965259407824,-2.699070982889398
0.0521653543307086,2820.654149818857,-2.6426451842193135
0.0521653543307086,2832.672598927769,-2.67190737038258
0.0521653543307086,2818.5355271457097,3.833047383480902
0.0526574803149606,2834.0887309128066,-2.367041687911085
0.0521653543307086,2834.0889767161666,-1.8112038982314573
0.0516732283464567,2834.088439121079,-2.5767088629250017
0.0516732283464567,2833.380799152603,-2.654893101081655
0.0516732283464567,2843.9823940212555,-2.6150524222766927
0.0516732283464567,2843.2747103435086,-2.5299617409214257
0.0516732283464567,2832.6729484084526,-2.6830123192692588
0.0516732283464567,2842.5667514112215,-2.6463004858578407
0.0521653543307086,2831.9643559623196,-2.626616322172329
0.0516732283464567,2819.9539698919525,6.452758430465862
0.0516732283464567,2831.256506947436,-2.6564828491174604
0.0516732283464567,2834.0882514574955,-2.6257692708500437
0.0521653543307086,2819.946317233205,-2.6734122637459454
0.0516732283464567,2829.8406867700605,-2.6326858198298178
0.0516732283464567,2843.982495445259,-2.591948379319498
0.0516732283464567,2848.230800662571,-2.6967709570057967
0.0516732283464567,2819.9459514606383,-2.628109866289001
0.0516732283464567,2842.5672840891298,-2.5749422811759115
0.0521653543307086,2829.8407239934213,-2.631969410330975
0.0516732283464567,2843.274930717892,-2.5342743605098144
0.0521653543307086,2830.548654132817,-2.6280335459498216
0.0511811023622047,2844.690858696986,-2.256344500714398
0.0511811023622047,2844.6904308738513,-2.638261700963498
0.0511811023622047,2829.8403486172765,-2.6185890066718858
0.0511811023622047,2805.812472346813,7.113943352103478
0.0511811023622047,2818.53863280836,7.013937657273246
0.0511811023622047,2829.132647346959,-2.6549874899031596
0.0511811023622047,2831.9649494023465,-2.636876721279914
0.0511811023622047,2844.6915250122356,-2.2055160515792633
0.0511811023622047,2833.38043667422,-2.6195270086392153
0.0511811023622047,2828.425166732928,-2.66778072579573
0.0511811023622047,2847.5232873945315,-1.7975897282112117
0.0511811023622047,2843.2747375655354,-2.6566198207440666
0.0511811023622047,2833.3805729320065,-2.3480759581454045
0.0511811023622047,2804.3961560184016,7.134551953032729
0.0511811023622047,2842.5671765627517,-2.6359656145092445
0.0511811023622047,2833.3803427335893,-2.635179048044849
0.0511811023622047,2843.9829526509957,-2.3728871162191862
0.0511811023622047,2801.556558961256,-2.640912746259617
0.0511811023622047,2834.796718218176,-2.6629877980373253
0.0516732283464567,2834.797848549511,-0.8205415395853792
0.0516732283464567,2833.3806404614065,-2.6793003419218273
0.0511811023622047,2832.672940602973,-2.6741509375219947
0.0516732283464567,2833.3806115941243,-2.59787815900672
0.0511811023622047,2800.8482038144407,-2.6324250946857344
0.0511811023622047,2818.5375968790686,5.898378757865272
0.0506889763779527,2843.2749458790813,-2.5572429903724516
0.0506889763779527,2842.566699221641,-2.6210866088640947
0.0511811023622047,2847.522730326245,-2.4427214555344774
0.0506889763779527,2819.2397251951124,-0.5605062550835361
0.0506889763779527,2845.398348816334,-2.6444915902547677
0.0506889763779527,2842.5668427233563,-2.6557400826640873
0.0511811023622047,2842.566745922575,-2.6359626890347956
0.0506889763779527,2843.9834391450595,-2.1681581521540356
0.0511811023622047,2820.6545866441515,-2.634100970302449
0.0506889763779527,2845.398737138173,-2.6435052353422375
0.0506889763779527,2831.9645714493463,-2.64007801077043
0.0506889763779527,2830.5485755715963,-2.6394376987005295
0.0506889763779527,2831.964939279254,-2.651356185684916
0.0506889763779527,2833.380355687935,-2.6548637486078777
0.0506889763779527,2828.4246456019396,-2.63331270672111
0.0506889763779527,2819.2405376944544,0.27998837568552665
0.0506889763779527,2819.9462912188205,-2.668423224681912
0.0506889763779527,2834.796653060331,-2.636866197051584
0.0506889763779527,2832.676392753653,1.5553481104060278
0.0506889763779527,2843.274434621158,-2.6345753945186674
0.0506889763779527,2834.7967759695807,-2.5686361793962016
0.0506889763779527,2832.6725675765415,-2.674381742903655
0.0501968503937008,2831.96461663719,-2.6857466921503153
0.0501968503937008,2844.6911175640644,-2.6845417279320265
0.0501968503937008,2834.0883796952066,-2.5576197337726305
0.0501968503937008,2806.518733025587,5.420689379457999
0.0501968503937008,2833.3805137089444,-2.4545394992972827
0.0501968503937008,2834.7963020914717,-2.6057402982330045
0.0501968503937008,2830.5491268125998,-2.6488223107793702
0.0501968503937008,2818.530783559294,-2.671794059693066
0.0501968503937008,2830.548570964081,-2.6381773534336457
0.0506889763779527,2834.0881254558763,-2.625475261978864
0.0506889763779527,2833.3801282885665,-2.529268934227242
0.0501968503937008,2833.3828084997053,-0.18681342091575284
0.0506889763779527,2834.0885946723156,-2.625882719004716
0.0506889763779527,2834.7964669088824,-2.454877745718825
0.0497047244094488,2833.380377015462,-2.644392330224039
0.0501968503937008,2831.2565848982954,-2.5630665720661487
0.0497047244094488,2844.6906654884756,-2.654498623614869
0.0497047244094488,2845.398602521155,-2.662115269785796
0.0501968503937008,2819.238214268118,-2.6335361992372937
0.0497047244094488,2843.2752692174045,-2.573107049224201
0.0497047244094488,2833.380932552116,-2.702832313747894
0.0501968503937008,2843.9857613661065,0.8446075480927961
0.0501968503937008,2832.6727038526665,-2.684088297290093
0.0497047244094488,2845.398614092769,-2.6257310069819635
0.0497047244094488,2834.796171979715,-2.6364347257958984
0.0497047244094488,2831.2565238202164,-2.63113552798645
0.0497047244094488,2834.088310176456,-2.6546078998388447
0.0497047244094488,2834.0890403886683,-2.691477159602124
0.0497047244094488,2846.1062899452077,-2.624229405508129
0.0497047244094488,2833.380444059201,-2.630564147547212
0.0497047244094488,2846.1065562250133,-2.6440942881820315
0.0497047244094488,2846.1064959318264,-2.6794663071528775
0.0492125984251968,2846.8142998688345,-2.52557562338068
0.0492125984251968,2846.1063014826054,-2.635810387956008
0.0492125984251968,2843.274555417709,-2.627109479292106
0.0492125984251968,2846.107133204172,-2.1590418030132006
0.0492125984251968,2846.106933992911,-2.693203636490736
0.0492125984251968,2820.6542638238852,-2.6311314043173373
0.0497047244094488,2846.106897130163,-2.6814700197346353
0.0492125984251968,2830.5483187040463,-2.58351230761723
0.0492125984251968,2843.983404073669,-2.1438097994746954
0.0492125984251968,2834.0886592935594,-2.451589849128614
0.0492125984251968,2817.8224127693784,-2.653605080417242
0.0492125984251968,2834.796587843906,-2.6907433030050165
0.0497047244094488,2833.380331289184,-2.646219927185265
0.0492125984251968,2846.8146732394907,-2.4392595510434627
0.0497047244094488,2842.5670307592054,-2.240479794426655
0.0487204724409448,2833.3803191674947,-2.392158823279521
0.0492125984251968,2834.0881751733095,-2.3030995158650764
0.0492125984251968,2828.4246756711486,-2.6313994360564386
0.0487204724409448,2818.530301475298,-2.634715108041177
0.0487204724409448,2828.426699840065,-0.8031180569324172
0.0487204724409448,2830.5543889183928,4.58820364267981
0.0492125984251968,2846.8146732561977,-2.6477683293754186
0.0487204724409448,2843.2749436207882,-2.5348755969299526
0.0492125984251968,2819.9501292216905,1.8146930749186505
0.0492125984251968,2818.530023133816,-2.6270954818345476
0.0487204724409448,2804.3896731446066,-0.575463754436756
0.0487204724409448,2846.81449063722,-2.639218403167828
0.0487204724409448,2830.5486826544175,-2.6346126984929676
0.0487204724409448,2834.0884266135604,-2.6722599281674047
0.0487204724409448,2828.4246613608616,-2.625720593678672
0.0487204724409448,2844.6906965458174,-2.6713741536908064
0.0487204724409448,2844.691158783382,-2.5705331848775823
0.0487204724409448,2834.796829608231,-2.7084573982386324
0.0487204724409448,2843.275045576701,-2.690102377167365
0.0487204724409448,2830.5485361737387,-2.34543164499899
0.0487204724409448,2843.9827528122937,-2.6687946134774583
0.0487204724409448,2828.4279492107016,1.0811822983684904
0.0482283464566929,2834.0882627931205,-2.5907916333045415
0.0482283464566929,2845.3986386738025,-2.657757241965266
0.0482283464566929,2829.1328129240005,-2.6503449336163887
0.0482283464566929,2844.691145266,-2.6861570193704516
0.0482283464566929,2834.796312700592,-2.6703285632858993
0.0482283464566929,2829.1359242428734,1.1136778590446565
0.0482283464566929,2843.9864705778386,1.7928760661799426
0.0482283464566929,2842.566828650332,-2.6657397341085742
0.0482283464566929,2834.796396104439,-2.633493275025673
0.0482283464566929,2843.983058139611,-2.2557235503049986
0.0482283464566929,2834.0889114155143,-2.657839457481349
0.0487204724409448,2834.0938359429483,3.5944687114196032
0.0487204724409448,2830.5491205836893,-2.662033500081004
0.0482283464566929,2834.088483764088,-2.4627322381417214
0.0482283464566929,2819.946737245041,-2.6370827881718455
0.0482283464566929,2831.964422523581,-2.657417874949818
0.0477362204724409,2843.982736748533,-2.668549757676781
0.0477362204724409,2816.408206746323,-0.5484760513918749
0.0482283464566929,2844.691538181351,-2.0593549524012738
0.0482283464566929,2842.566761170042,-2.638257653492812
0.0477362204724409,2843.2750844628495,-2.6245595983690455
0.0482283464566929,2845.3988005311794,-2.3434644254928956
0.0477362204724409,2831.9645988645702,-2.5740646215705763
0.0482283464566929,2834.090033481834,-0.7391427875285902
0.0477362204724409,2848.230170601246,-2.6297621716485082
0.0477362204724409,2834.0886574968276,-2.5842169868921547
0.0482283464566929,2833.3803073686327,-2.6346768682387935
0.0477362204724409,2790.953826376903,-2.6321885197481096
0.0482283464566929,2843.9837144843204,-2.057014351767422
0.0477362204724409,2844.690649697084,-2.6487683697656785
0.0477362204724409,2834.7962048987406,-2.6833880486393777
0.0477362204724409,2842.566913096379,-2.681065734860458
0.0477362204724409,2834.7963512733095,-2.625395526444081
0.0482283464566929,2834.088362245226,-2.654417260375361
0.0477362204724409,2829.8442492098584,1.1509980974008254
0.0482283464566929,2819.9462997164997,-2.676050076282841
0.0482283464566929,2831.9665460142905,0.12280145324862951
0.0472440944881889,2802.264497958896,-2.6387380958733786
0.0472440944881889,2831.964744497133,-2.58006252045534
0.0472440944881889,2828.4246550753874,-2.634960553956577
0.0472440944881889,2845.398626503857,-2.644513089693162
0.0472440944881889,2832.672551882845,-2.6834770399582486
0.0472440944881889,2832.676539524487,2.4729793764486008
0.0472440944881889,2831.964247054153,-2.6542132412549213
0.0472440944881889,2830.548569148313,-2.6377612766814025
0.0477362204724409,2833.380266070181,-2.677913016468239
0.0472440944881889,2834.7967253946294,-2.6748563683313584
0.0472440944881889,2834.796458796835,-2.660414643091964
0.0477362204724409,2848.2305832613415,-2.557174793317889
0.0472440944881889,2833.3808790450275,-2.373528018430192
0.0472440944881889,2831.2561317461564,-2.608450173672453
0.0472440944881889,2843.2747294713945,-2.654835505116983
0.0472440944881889,2832.6727074008513,-2.651671193773279
0.0472440944881889,2830.5514429235586,0.26611363009589295
0.046751968503937,2848.230608689389,-2.6613526896357778
0.046751968503937,2820.6619580393494,6.496205796751118
0.046751968503937,2843.2748178705147,-2.6301977429467156
0.046751968503937,2828.4244417274012,-2.622093255726505
0.046751968503937,2834.0880241883333,-2.6191772051705673
0.046751968503937,2844.690905717476,-2.6762374927211834
0.046751968503937,2846.8148867058567,-2.692477426124874
0.046751968503937,2845.398653542795,-2.6600788398612996
0.046751968503937,2842.5667976599466,-2.6486325124920613
0.046751968503937,2843.982659141938,-2.634814123374239
0.046751968503937,2842.5671773535755,-2.6418857289498217
0.046751968503937,2843.9834894012024,-1.7407002887579421
0.046751968503937,2818.530296086765,-2.6412396834595198
0.046751968503937,2829.840628142466,-2.6570141798019535
0.046751968503937,2830.551235727742,0.005150858694331732
0.046751968503937,2805.8088820870803,3.167071671189366
0.0472440944881889,2842.566516868005,-2.6318025313243676
0.046751968503937,2843.2758063232764,-1.3101157218357637
0.046751968503937,2834.7965323007766,-2.673881166413755
0.046751968503937,2832.6723495758683,-2.617784892045003
0.046751968503937,2820.6541609503693,-2.633895267221761
0.046751968503937,2829.8424653363973,-0.39305788679361786
0.046259842519685,2820.654172241,-2.641372530385688
0.046259842519685,2843.2751947329466,-2.538237802095436
0.046259842519685,2843.274635544607,-2.680211082825513
0.046259842519685,2842.5682355398717,-0.5725124700951862
0.046751968503937,2843.274987254321,-2.623759953676843
0.046751968503937,2831.2563635174943,-2.6656698669761973
0.046259842519685,2842.569938511887,1.0529596987532845
0.046259842519685,2833.3848120137136,2.799079026061562
0.046259842519685,2819.242711448277,2.0850904496758305
0.046751968503937,2831.2567918946884,-2.6688576259331587
0.046751968503937,2834.088361911853,-2.6581778134404077
0.046259842519685,2830.5482943411066,-2.6218232482489863
0.046259842519685,2845.398561345666,-2.649008819312205
0.046259842519685,2831.964451563412,-2.624735104338717
0.046259842519685,2834.0882880334493,-2.654188236707325
0.046751968503937,2830.5485756417056,-2.6600878304904563
0.046751968503937,2828.4279515189774,1.5452281520325055
0.046751968503937,2843.9859231751584,0.49545662732783563
0.046259842519685,2845.39828935873,-2.6324255852387735
0.045767716535433,2834.088320110392,-2.657422861533671
0.045767716535433,2831.2565349527754,-2.6394948669004172
0.045767716535433,2832.6725935608806,-2.682926456755067
0.045767716535433,2831.9642428180196,-2.65297985678823
0.045767716535433,2834.7963116340447,-2.683136594826877
0.045767716535433,2844.690473305388,-2.666643994086876
0.045767716535433,2834.796599129238,-2.696208432611003
0.045767716535433,2820.6541674006935,-2.6374029725588453
0.045767716535433,2831.964315047184,-2.6616212892858355
0.045767716535433,2842.567256141737,-2.6630743050105328
0.045767716535433,2830.548238705965,-2.485005194243027
0.045767716535433,2828.431471234007,4.73349708575369
0.045767716535433,2834.088431234648,-2.54857971505223
0.045767716535433,2818.530280456965,-2.6274978496819097
0.045767716535433,2831.964623450166,-2.672098418363319
0.046259842519685,2831.256513546878,-2.6621208957664346
0.045767716535433,2830.5487131991863,-2.6321491203654532
0.045767716535433,2830.5489487316986,-2.6355479539401836
0.045767716535433,2834.7967131927276,-2.6684852978437856
0.045767716535433,2843.2751272892897,-2.649816872251546
0.045767716535433,2843.9827842267405,-2.6416506627612026
0.045767716535433,2845.3982894536266,-2.6378115115002907
0.0452755905511811,2842.5671003900725,-2.685962498876801
0.0452755905511811,2820.6539145457878,-2.6454579071831965
0.0452755905511811,2815.7010679385035,0.7312807982996301
0.0452755905511811,2833.380642856569,-2.676598607646198
0.0452755905511811,2843.9826086226185,-2.681330374741051
0.0452755905511811,2843.98277317054,-2.668123123806281
0.045767716535433,2848.2305865388994,-2.6532014262279273
0.045767716535433,2832.672853032345,-2.676579148656697
0.0452755905511811,2843.274566088381,-2.643929356451974
0.045767716535433,2831.964460281361,-2.6572487388884167
0.0452755905511811,2828.4247785557445,-2.628411238872155
0.0452755905511811,2843.982423935859,-2.6307397082495663
0.0452755905511811,2848.2307096953537,-2.6680079493877504
0.045767716535433,2829.8403578435277,-2.6269178444915475
0.0452755905511811,2834.7965362245086,-2.431075511007901
0.0452755905511811,2801.556529962747,-2.6353304416301606
0.045767716535433,2830.5482692656888,-2.626323906113574
0.045767716535433,2834.0882803003633,-2.6274630685460103
0.0452755905511811,2805.8075933569153,1.783207165913608
0.0452755905511811,2829.8406096713775,-2.650331765611813
0.0452755905511811,2843.9829897703344,-2.684346845931364
0.0452755905511811,2831.9681722510927,1.4469016871543448
0.0452755905511811,2833.3805510417637,-2.6851761588733223
0.045767716535433,2843.982336141027,-2.6132264852367904
0.045767716535433,2843.2771898962365,0.1495293826032662
0.0452755905511811,2842.5680224629054,-1.7132160464020543
0.045767716535433,2831.9642134200462,-2.6416441340311443
0.0452755905511811,2834.7967025798307,-2.6546310988973967
0.0447834645669291,2843.984590148163,-0.9520172725602835
0.0447834645669291,2834.7966167336294,-2.627981261429672
0.0447834645669291,2833.382767120034,-0.4108353939798725
0.0447834645669291,2819.237995526834,-2.626168071607973
0.0447834645669291,2844.6914917938884,-2.201745853924606
0.0452755905511811,2832.6725432322046,-2.6920206650559635
0.0447834645669291,2830.548653805962,-2.634728163123341
0.0447834645669291,2804.392050054609,1.9290424146241827
0.0447834645669291,2829.132761777462,-2.6244365871049813
0.0447834645669291,2843.982293351551,-2.6109761309255086
0.0447834645669291,2842.566768671491,-2.6625638982856943
0.0452755905511811,2842.5669920931805,-2.455223297388529
0.0447834645669291,2830.5482735688556,-2.6134259353813065
0.0447834645669291,2818.5302938313607,-2.632648128557045
0.0447834645669291,2832.672450750765,-2.663531098374885
0.0447834645669291,2818.5366560209163,4.354291420857307
0.0447834645669291,2834.0887578469747,-2.668357414292733
0.0447834645669291,2844.690987252743,-2.69274164816613
0.0447834645669291,2834.0883245294654,-2.658956818264209
0.0447834645669291,2820.6541479602297,-2.6424227976380865
0.0447834645669291,2844.6911572935605,-2.5637015680105115
0.0447834645669291,2843.9826091192267,-2.4194750608734115
0.0447834645669291,2832.672421783971,-2.6536101283647002
0.0447834645669291,2834.7968225449335,-2.4345970966849833
0.0447834645669291,2828.42463791805,-2.635267717472812
0.0447834645669291,2846.815083655841,-2.6438626580767837
0.0442913385826771,2833.3806599425925,-2.688640915585954
0.0442913385826771,2834.7964270083153,-2.0909495606536255
0.0447834645669291,2829.8406317939266,-2.640925485645646
0.0447834645669291,2829.8406619045245,-2.6613531344831065
0.0442913385826771,2843.2743924000883,-2.6140520152738986
0.0442913385826771,2843.2786170525997,2.2980394293447044
0.0442913385826771,2834.0884774959113,-2.440361332872536
0.0442913385826771,2828.4247792406977,-2.3584745777400156
0.0442913385826771,2819.946350715664,-2.647997487212398
0.0442913385826771,2845.3986295426635,-2.667982136767047
0.0447834645669291,2834.088864502055,-2.5665639258981514
0.0447834645669291,2830.550576259722,-0.41008103284636477
0.0442913385826771,2817.122511032661,7.143135132125137
0.0442913385826771,2834.088238812201,-2.5816745287638523
0.0442913385826771,2831.2565182771173,-2.64517112578208
0.0442913385826771,2844.691297499141,-2.3239928462238577
0.0442913385826771,2834.7963285838937,-2.6675017320515826
0.0447834645669291,2829.8406220146962,-2.63802475590264
0.0442913385826771,2843.2751929446363,-2.242824777016332
0.0442913385826771,2834.7965035446477,-2.6679468768528745
0.0442913385826771,2846.1074191301577,-1.8772097416060451
0.0442913385826771,2843.983003570597,-2.422545146453932
0.0442913385826771,2829.8406207213657,-2.6376247433044204
0.0437992125984252,2834.0898814286747,-1.458014248430126
0.0437992125984252,2831.256945226913,-2.655344602692251
0.0442913385826771,2843.2750760951535,-2.2145494365662732
0.0437992125984252,2842.5673213199752,-2.688600571042377
0.0437992125984252,2834.7959344742117,-2.63060121040624
0.0437992125984252,2831.256515517018,-2.5192115900742267
0.0437992125984252,2834.796174603404,-2.6293964036914543
0.0437992125984252,2834.7971702460904,-2.108472137162365
0.0437992125984252,2845.3983347575577,-2.6475577120357308
0.0437992125984252,2831.965058106668,-2.692949451830933
0.0437992125984252,2820.653488767032,-2.6079205433383548
0.0437992125984252,2833.380279879502,-2.5682656669688737
0.0442913385826771,2843.274862456249,-2.6440678757487155
0.0437992125984252,2829.840612776319,-2.6575295793085534
0.0437992125984252,2834.088320371133,-2.6279786652728983
0.0442913385826771,2834.7967415846774,-2.660846110354374
0.0437992125984252,2818.538699481589,7.121061529816503
0.0442913385826771,2832.6728683092433,-2.6545769215744257
0.0437992125984252,2830.5485756216995,-2.639479231714977
0.0437992125984252,2831.25636034706,-2.6706922208066
0.0437992125984252,2819.946053004153,-2.6621476760703375
0.0437992125984252,2833.3854823204065,3.309998105391226
0.0442913385826771,2831.2565354524413,-2.639492406689855
0.0433070866141732,2834.088250793426,-2.6265981696136955
0.0433070866141732,2843.9828352446275,-2.686628069336528
0.0433070866141732,2830.548283937258,-2.6449661325964597
0.0433070866141732,2843.985581039659,0.6578416294420414
0.0433070866141732,2843.2750780634383,-2.630495189422819
0.0433070866141732,2847.5226450880537,-2.6498168844984837
0.0433070866141732,2831.9650380054986,-2.6887851506767815
0.0433070866141732,2829.1406182731776,7.137550028099248
0.0433070866141732,2834.088327474224,-2.6533868477432065
0.0433070866141732,2829.132399127187,-2.618429563511632
0.0433070866141732,2834.0880032003333,-2.6247690532211836
0.0433070866141732,2828.424673664471,-2.630906452220725
0.0433070866141732,2834.088295478273,-2.635421861526441
0.0433070866141732,2834.088389612629,-2.5295795663621377
0.0433070866141732,2832.672296264521,-2.5973262341703243
0.0437992125984252,2846.1067246056223,-2.6238280288376608
0.0433070866141732,2831.258748440122,-0.007062145947858047
0.0433070866141732,2843.274531004121,-2.6461177010726664
0.0433070866141732,2843.989871252047,5.78321759556225
0.0433070866141732,2831.9646349456575,-2.683093066140737
0.0433070866141732,2834.088783397843,-2.671355089754985
0.0437992125984252,2831.9676359020323,0.5989364165288154
0.0437992125984252,2847.522578514391,-2.672620728101217
0.0433070866141732,2843.2791943854495,2.41016800124922
0.0433070866141732,2831.9641602145934,-2.647115813958529
0.0433070866141732,2833.380755070353,-2.6526302938992687
0.0433070866141732,2848.232034363302,-1.3319320902685794
0.0433070866141732,2834.7964331952003,-2.6754255836954077
0.0433070866141732,2817.8307446977474,7.1386640571792475
0.0433070866141732,2843.9827401327498,-2.6239922663322055
0.0428149606299212,2831.2565307925292,-2.635144059184212
0.0428149606299212,2834.0884576360536,-2.644266221784258
0.0428149606299212,2834.088690474489,-2.635019726059045
0.0428149606299212,2833.3806214182673,-2.688735838058563
0.0428149606299212,2842.5667531915424,-2.640802281415578
0.0428149606299212,2843.27488202762,-2.6431356895434033
0.0428149606299212,2842.567470256453,-2.676071025473777
0.0428149606299212,2831.9641698570817,-2.621256579890152
0.0433070866141732,2819.2388066079043,-1.6327443795891337
0.0428149606299212,2846.8141171504494,-2.594898911026258
0.0428149606299212,2832.6723902434833,-2.57425988811945
0.0428149606299212,2843.9828107885537,-2.5424648305479436
0.0428149606299212,2834.7961358521998,-2.6230336298172356
0.0433070866141732,2834.79678063651,-2.550015943340565
0.0428149606299212,2842.5671733859162,-2.5149809487625663
0.0428149606299212,2818.530408296024,-2.628886678611647
0.0428149606299212,2834.7965097976385,-2.6121671472366903
0.0428149606299212,2833.380261319857,-2.682192436813648
0.0428149606299212,2834.0884567350445,-2.525978430285205
0.0423228346456693,2802.264128450912,-2.640954514187069
0.0423228346456693,2834.796356203871,-2.661691898552271
0.0423228346456693,2845.39996527752,-1.178293387106754
0.0423228346456693,2828.4281003328756,0.7403492483878882
0.0428149606299212,2834.0884814375745,-2.6730153970833297
0.0423228346456693,2843.982830470685,-2.5427434632994914
0.0423228346456693,2834.088249957045,-2.6130200372282726
0.0423228346456693,2831.9646028813218,-2.6760066941716842
0.0423228346456693,2834.7967005068103,-2.6746317964351736
0.0423228346456693,2847.522275801346,-2.658165315677321
0.0423228346456693,2844.6931006990058,0.4890172340861757
0.0423228346456693,2846.8163558608726,-0.3838798728146896
0.0428149606299212,2846.106324406409,-2.6419959097211927
0.0423228346456693,2834.0886333563467,-2.5919852403020105
0.0423228346456693,2833.386191534028,4.547284943134014
0.0428149606299212,2817.822441576682,-2.6246256658266183
0.0423228346456693,2834.0884720226395,-2.421673141998902
0.0423228346456693,2834.796819080174,-2.5604992807936924
0.0423228346456693,2833.3804813054353,-2.640625651510015
0.0423228346456693,2842.568334908897,-1.3090045414427667
0.0423228346456693,2834.0882438095737,-2.57653507460757
0.0423228346456693,2843.2745132781993,-2.6576228739295993
0.0423228346456693,2846.106713110126,-2.6241775486905974
0.0423228346456693,2829.8406219259887,-2.638125623579493
0.0423228346456693,2829.8406586962965,-2.629099992539893
0.0423228346456693,2834.0887378103885,-2.6682655033984837
0.0423228346456693,2820.6539115923792,-2.630941821201148
0.0428149606299212,2829.1327380539637,-2.629990202635614
0.0423228346456693,2819.239106842719,-1.6322476069924083
0.0423228346456693,2834.088521885551,-2.5252468595815536
0.0428149606299212,2830.5485613596447,-2.6574372261002197
0.0423228346456693,2831.9657593543866,-1.2766369095564805
0.0423228346456693,2817.1228112008894,7.130477207479378
0.0423228346456693,2832.6725891693536,-2.6882801746732103
0.0423228346456693,2843.9831349822384,-2.53349960491481
0.0423228346456693,2846.81564046263,-1.7439966143902506
0.0423228346456693,2830.548694668192,-2.6496369932212667
0.0423228346456693,2834.0884269303233,-2.5453441067143654
0.0428149606299212,2847.5243644231105,-0.5334935211091765
0.0418307086614173,2845.400624076473,-0.2640294433547768
0.0418307086614173,2842.566792029866,-2.6482647456594353
0.0423228346456693,2832.6723454893486,-2.613039324753832
0.0418307086614173,2819.2380999360203,-2.6610339713583455
0.0418307086614173,2842.5669111250327,-2.6817228574010183
0.0423228346456693,2829.132735995585,-2.630550762854531
0.0418307086614173,2846.8146630337633,-2.6475851341007304
0.0418307086614173,2833.381744981653,-1.2220779056101108
0.0418307086614173,2834.0883620838417,-2.507495880972672
0.0418307086614173,2819.946220280686,-2.6376929979964006
0.0418307086614173,2842.5668512761927,-2.6638361086490856
0.0418307086614173,2830.5531719070495,3.1680725011834947
0.0418307086614173,2843.9826238429473,-2.6345456973299206
0.0423228346456693,2846.814566235853,-2.6601363617968077
0.0418307086614173,2846.815013481913,-2.31484588150961
0.0418307086614173,2845.401014354459,0.5639114974818279
0.0418307086614173,2829.8405958782782,-2.6327019247274217
0.0413385826771653,2846.8146990727387,-2.5045263629294756
0.0413385826771653,2846.1069151810193,-2.1714916260719783
0.0413385826771653,2843.9835857303824,-1.6066970736365835
0.0418307086614173,2833.3799949193963,-2.596832170260955
0.0418307086614173,2843.9831831388096,-2.5365145750754725
0.0413385826771653,2833.3806081071316,-2.7028517574830704
0.0418307086614173,2834.0900259300374,-0.5931059829616018
0.0413385826771653,2842.567111586151,-2.682848061134291
0.0413385826771653,2814.2859178855733,1.6348552283934565
0.0418307086614173,2818.5359566498923,3.8416870364973064
0.0413385826771653,2829.8405942884665,-2.6378709121353467
0.0413385826771653,2831.9650045631997,-2.680534547166827
0.0413385826771653,2828.426624638716,-0.326801790498565
0.0418307086614173,2833.3801843472015,-2.6096021358882036
0.0413385826771653,2842.567110591261,-2.4050966200601103
0.0418307086614173,2833.3802584051473,-2.6816895443966478
0.0413385826771653,2831.2565579412126,-2.6640257009079162
0.0413385826771653,2819.2382056685074,-2.631260091288045
0.0413385826771653,2820.6542524505703,-2.6303579309735907
0.0413385826771653,2845.3988248705796,-2.2916038348970127
0.0418307086614173,2834.797514183907,-1.7616107398673058
0.0413385826771653,2846.10628501761,-2.626180735686862
0.0413385826771653,2834.7983513178165,-0.3823186147961931
0.0413385826771653,2834.7968956930777,-2.433586740331805
0.0413385826771653,2842.566918218242,-2.540732952125249
0.0418307086614173,2846.814763731448,-2.665716113868578
0.0408464566929134,2831.2569421998023,-2.6430714986470067
0.0408464566929134,2834.7966506224498,-2.6513055319554977
0.0408464566929134,2833.380427988832,-2.687914367311022
0.0408464566929134,2843.983444756417,-1.473171854854654
0.0408464566929134,2834.796686419936,-2.569855191603703
0.0408464566929134,2830.5485604115815,-2.6427657211449085
0.0408464566929134,2845.398303605661,-2.633054933700149
0.0408464566929134,2843.98310391459,-2.057870100407154
0.0408464566929134,2833.380400466758,-2.6907493466463106
0.0408464566929134,2846.1084758496536,-0.8955834137399888
0.0408464566929134,2833.3846685842122,1.8872612819447088
0.0408464566929134,2833.3803290660594,-2.619398813911267
0.0408464566929134,2834.7968659923677,-2.555931358383801
0.0408464566929134,2829.132632983355,-2.636782936090623
0.0408464566929134,2831.256919442301,-2.6677308068903147
0.0408464566929134,2831.256482958412,-2.6587430137780577
0.0408464566929134,2830.548550109605,-2.6396659638231523
0.0408464566929134,2834.088220864789,-2.6852716583828196
0.0408464566929134,2844.6914014511185,-2.6973890200954056
0.0408464566929134,2831.256273226717,-2.625534381301922
0.0408464566929134,2843.9830293174673,-2.4211995033048996
0.0408464566929134,2820.6542518135698,-2.6282067111103413
0.0413385826771653,2834.088086166719,-2.639908179794935
0.0403543307086614,2819.946192647466,-2.622598860117052
0.0408464566929134,2844.690519320844,-2.6788498627601136
0.0403543307086614,2846.1066265059994,-2.6642217876791014
0.0403543307086614,2843.98285222591,-2.6601861591698865
0.0403543307086614,2834.7962867726883,-2.6635571042949766
0.0403543307086614,2843.27473211044,-2.6718359824938056
0.0403543307086614,2834.088916149252,-2.6674441393890502
0.0403543307086614,2843.275679101022,-2.0623689018011966
0.0403543307086614,2818.5303460327664,-2.613922606682101
0.0403543307086614,2834.79650028527,-2.6537254069566263
0.0403543307086614,2819.947135063022,-1.1980589285560461
0.0403543307086614,2828.4275095637972,0.6579635351867694
0.0403543307086614,2845.398683707221,-2.6418000459636097
0.0408464566929134,2832.6727130518575,-2.671052365106657
0.0403543307086614,2846.106925231426,-2.415678245764691
0.0403543307086614,2843.98319954513,-2.6828921599980746
0.0408464566929134,2842.5669512308646,-2.640741516367965
0.0403543307086614,2842.5678857139023,-1.3517594470648342
0.0403543307086614,2831.256474591201,-2.64867943302935
0.0403543307086614,2831.9646026598753,-2.6786125831192473
0.0408464566929134,2829.8406167637886,-2.6366401828487045
0.0408464566929134,2843.275047825451,-2.685136241002758
0.0403543307086614,2828.427785382172,1.3862563600841586
0.0408464566929134,2843.2748173359896,-2.655797503453204
0.0403543307086614,2843.2751872426575,-2.166935003865683
0.0408464566929134,2830.5488017351304,-2.5384382847183407
0.0403543307086614,2833.3805756320266,-2.038886908133335
0.0403543307086614,2834.08873491655,-2.65843072514579
0.0403543307086614,2829.8488551958862,7.130556419730913
0.0403543307086614,2842.5673138074494,-2.68141552965408
0.0408464566929134,2833.380865273586,-2.5430117540123147
0.0398622047244094,2833.3806402516857,-2.6787363514003473
0.0403543307086614,2829.8406056646963,-2.6554948252886708
0.0398622047244094,2842.5669366847246,-2.6894304569541925
0.0398622047244094,2829.1328421464523,-2.658825125926269
0.0398622047244094,2831.9649770769765,-2.662623706612738
0.0403543307086614,2829.1331340176607,-2.665652515727026
0.0398622047244094,2846.8142097032096,-2.6162842766326277
0.0398622047244094,2829.84107769479,-2.678153933719877
0.0403543307086614,2831.9644257286013,-2.6125449979179414
0.0398622047244094,2846.108091689508,-0.9557261934374862
0.0398622047244094,2818.530287515323,-2.6348719395728724
0.0398622047244094,2803.683056116758,0.7077165707599932
0.0398622047244094,2801.5565283744336,-2.6348453762613153
0.0398622047244094,2848.230918223315,-2.0500128078635838
0.0398622047244094,2843.274890814946,-2.491843617944801
0.0403543307086614,2832.6729963736907,-2.682343501938523
0.0398622047244094,2829.840584310694,-2.63513316266565
0.0398622047244094,2834.0894972355804,-1.8211287085149752
0.0398622047244094,2834.0891594640884,-1.9627614554457262
0.0398622047244094,2834.0884855115896,-2.6946723555690197
0.0398622047244094,2843.9836319173533,-2.2902933107559695
0.0398622047244094,2845.4020061840747,0.9415277853348958
0.0398622047244094,2842.5668244162675,-2.6484011154372014
0.0393700787401574,2820.662009850067,6.516535488298564
0.0393700787401574,2848.9467432535625,7.119851570110016
0.0393700787401574,2829.139805539784,5.320116850900089
0.0393700787401574,2832.6726557463226,-2.671416592475877
0.0393700787401574,2834.796208276697,-2.2373375264135738
0.0393700787401574,2834.7966012182897,-2.6908556426330663
0.0393700787401574,2846.106270150137,-2.619055816255323
0.0393700787401574,2828.4250790496194,-2.6318977096341905
0.0393700787401574,2805.098655249936,0.6322610954564797
0.0393700787401574,2817.122802712467,7.150911956452423
0.0393700787401574,2831.256961299085,-2.65287588994311
0.0393700787401574,2834.088291529879,-2.631273047879534
0.0393700787401574,2819.953682085188,6.415632184045897
0.0393700787401574,2842.5667912901677,-2.6395109798601917
0.0393700787401574,2820.654265490635,-2.6590797622767814
0.0393700787401574,2833.3810294549285,-1.5328997383604388
0.0393700787401574,2817.830624665329,7.147598413355039
0.0393700787401574,2829.1410384572455,7.143433628788256
0.0393700787401574,2856.7169880315596,7.143888625476193
0.0393700787401574,2846.1103295835655,2.0640788751880663
0.0398622047244094,2844.692533146927,-0.37714763858109934
0.0393700787401574,2817.1227815498464,7.142418091597622
0.0393700787401574,2820.654129743189,-2.636170432893486
0.0398622047244094,2846.106926911331,-2.682931795895465
0.0398622047244094,2834.088331867532,-2.645896640695182
0.0393700787401574,2831.964343640573,-2.667945083715171
0.0393700787401574,2828.424649652755,-2.6347167637762507
0.0393700787401574,2842.5686167881586,-1.0887113363902154
0.0393700787401574,2845.401389733029,0.40671614863763766
0.0393700787401574,2834.0880904267437,-2.655715880032122
0.0393700787401574,2844.6907320840533,-2.533793793520794
0.0393700787401574,2834.088301816893,-2.637978879085548
0.0393700787401574,2831.2565205609076,-2.644694449371674
0.0388779527559055,2843.982660299612,-2.6403599142721803
0.0388779527559055,2834.7967644797204,-2.675558687666633
0.0388779527559055,2842.5668081184895,-2.6516112724878993
0.0388779527559055,2833.3805413503896,-2.6849396603629354
0.0388779527559055,2834.7963151622866,-2.6475009142094086
0.0388779527559055,2831.256232906092,-2.6278260315753985
0.0393700787401574,2834.7970509953466,-1.5456651665493601
0.0388779527559055,2828.424655716519,-2.6270997535531433
0.0388779527559055,2820.654710095935,-2.6295430733908627
0.0388779527559055,2834.0883308813704,-2.660910346164276
0.0388779527559055,2828.432592330291,6.524682657289718
0.0388779527559055,2844.692079059359,-0.9424146918560447
0.0388779527559055,2834.798105765992,-0.1735857234653464
0.0388779527559055,2829.8410500283017,-2.6754652367419265
0.0388779527559055,2834.7963977349596,-2.642417805499881
0.0388779527559055,2819.238243161424,-2.6403565016935686
0.0388779527559055,2830.5491167934647,-2.656480018095698
0.0388779527559055,2832.672099036958,-2.6170135069861353
0.0388779527559055,2831.2565040360623,-2.6401902093470855
0.0388779527559055,2845.398366456542,-2.641600544751123
0.0388779527559055,2834.0907649132077,0.5639843453820824
0.0388779527559055,2817.122428908102,7.15085558664844
0.0388779527559055,2828.4269250494367,0.19706656376757276
0.0388779527559055,2842.569537100601,0.9332626802363733
0.0388779527559055,2834.088353643476,-2.6597768071017813
0.0383858267716535,2833.3800620039883,-2.6100054346437296
0.0383858267716535,2833.3807287113295,-2.4278020200442656
0.0383858267716535,2819.946322603458,-2.670409436187029
0.0383858267716535,2833.380290875382,-2.6777312386309866
0.0383858267716535,2830.5481704082918,-2.604421021072593
0.0383858267716535,2843.983117217813,-2.66409093788682
0.0383858267716535,2817.830311860826,6.513849395672133
0.0383858267716535,2829.1327352067947,-2.6305133865364603
0.0383858267716535,2845.399167772932,-1.650118862853163
0.0383858267716535,2842.566653452848,-2.600521528650611
0.0383858267716535,2831.2570787087784,-2.6501012665851076
0.0383858267716535,2834.088539179925,-2.6941132561752292
0.0383858267716535,2844.690862880348,-2.525942079840286
0.0383858267716535,2820.6541943810407,-2.6552779571684253
0.0383858267716535,2801.5565329896644,-2.6360874282206437
0.0388779527559055,2846.814388331266,-2.367922097542022
0.0383858267716535,2843.9826911887653,-2.6592024204734623
0.0383858267716535,2843.983180261721,-1.7647992662573877
0.0383858267716535,2834.7964054976896,-2.5342879032243992
0.0383858267716535,2846.1069883459772,-2.044329726724332
0.0383858267716535,2834.7967440040893,-2.6764278670662827
0.0383858267716535,2815.701577506689,1.3340304717792681
0.0383858267716535,2845.4069054142656,7.127668321443621
0.0378937007874015,2829.8410388985885,-2.666854549027243
0.0378937007874015,2848.230465561786,-2.6602462146864276
0.0378937007874015,2819.2382221069693,-2.630539892528656
0.0378937007874015,2843.275139933217,-2.6554210357537187
0.0378937007874015,2834.796906143374,-2.412157617230574
0.0378937007874015,2847.5228402526814,-2.2363298402558516
0.0378937007874015,2834.0883961968575,-2.517137084771037
0.0378937007874015,2847.523085469295,-1.8842823229761243
0.0378937007874015,2833.380534354463,-2.677000865807728
0.0378937007874015,2845.398587699394,-2.643909224867455
0.0378937007874015,2843.2748787159157,-2.6409317338713585
0.0378937007874015,2842.567284228499,-2.5233710635806172
0.0378937007874015,2834.796495067039,-2.6575499099617437
0.0378937007874015,2834.7980848277784,-0.5074773986744893
0.0378937007874015,2832.6727413526696,-2.67945899134893
0.0378937007874015,2842.567285277778,-2.6666164824224623
0.0378937007874015,2834.0886560889403,-2.7051195227220206
0.0378937007874015,2834.796762419858,-2.6732786734382277
0.0378937007874015,2846.1068436444098,-2.5182983009152604
0.0378937007874015,2819.946210082961,-2.6351368411022804
0.0383858267716535,2834.088743389815,-2.265296823668965
0.0378937007874015,2816.4148442995142,7.15830050938635
0.0378937007874015,2847.5225598271477,-2.6589958880764537
0.0378937007874015,2829.8407107210674,-2.64209884565875
0.0378937007874015,2843.274899093876,-2.646889499872237
0.0378937007874015,2828.424375244273,-2.6086154921117943
0.0378937007874015,2802.972323585112,-2.6457548476915282
0.0378937007874015,2817.822447129318,-2.6257072104515204
0.0378937007874015,2844.6906221751524,-2.6451685592811938
0.0378937007874015,2801.5561625617156,-2.634950853847235
0.0378937007874015,2846.814744228257,-2.3940499343493697
0.0378937007874015,2834.0890230927184,-2.5353204722250524
0.0378937007874015,2846.106312503029,-2.640479669299083
0.0378937007874015,2842.5673291021,-2.6611169225723352
0.0378937007874015,2834.0885290503047,-2.6645569749202593
0.0378937007874015,2832.6730469496856,-2.5671234877438325
0.0374015748031496,2830.5486863214614,-2.6344475884004193
0.0374015748031496,2846.814949089795,-2.6512822428262686
0.0374015748031496,2842.5680459453006,-1.1102981138468637
0.0378937007874015,2833.3812453079654,-1.6558771997432002
0.0378937007874015,2834.7964284182594,-2.649988544384261
0.0378937007874015,2834.79627207809,-2.64694509180814
0.0374015748031496,2829.840563549794,-2.6453530266172334
0.0374015748031496,2842.5671600927494,-2.647768099787882
0.0374015748031496,2829.840617811941,-2.636748931491757
0.0378937007874015,2843.2743898423687,-2.6110600330415425
0.0374015748031496,2843.2745202893716,-2.658672456571207
0.0374015748031496,2831.964601204603,-2.6757548555902093
0.0374015748031496,2800.1402505783703,-2.6267708589938605
0.0374015748031496,2834.797455249418,-1.2555516412582954
0.0374015748031496,2828.424789583376,-2.6221267322917097
0.0374015748031496,2831.968526399615,2.1779866731724202
0.0374015748031496,2828.4330869456326,7.1518204343910705
0.0374015748031496,2829.13318509468,-2.6439268476016027
0.0374015748031496,2829.8407611628827,-2.626627978828519
0.0374015748031496,2831.9663621454656,-0.8804180068434783
0.0374015748031496,2843.985045468642,0.40622724256268383
0.0374015748031496,2843.9826929567994,-2.6515386797208773
0.0374015748031496,2801.5565327649792,-2.6360142548945396
0.0374015748031496,2834.795935011177,-2.637241696215042
0.0374015748031496,2802.9720492167976,-2.6341924470194815
0.0374015748031496,2847.522722123798,-2.677235926790459
0.0378937007874015,2834.088326207755,-2.608553874236426
0.0374015748031496,2846.1067597115457,-2.643472459998937
0.0374015748031496,2831.9649715219243,-2.677608512972892
0.0374015748031496,2818.530285930389,-2.636698741435935
0.0374015748031496,2828.424658705251,-2.63698500940614
0.0374015748031496,2834.0886185685763,-2.264379564719315
0.0378937007874015,2843.2749490396136,-2.252430478084815
0.0378937007874015,2802.2641145724137,-2.635757576575139
0.0378937007874015,2843.9830820714933,-2.296677711899077
0.0369094488188976,2842.5673820506527,-1.6086473934538497
0.0369094488188976,2848.230464264214,-2.6601742939925304
0.0369094488188976,2847.522843629018,-2.6444106320495924
0.0369094488188976,2834.0885590515304,-2.667504063389883
0.0369094488188976,2833.380446421065,-2.521465242493059
0.0374015748031496,2818.534837479078,2.6893674955454596
0.0374015748031496,2831.2564182410056,-2.6333080527179327
0.0369094488188976,2831.2569413938268,-2.668895070702436
0.0369094488188976,2829.8421671691613,-0.9498708441835848
0.0369094488188976,2829.1326264557415,-2.62691553809378
0.0374015748031496,2834.088543567416,-2.690706562667823
0.0369094488188976,2834.0888108697745,-2.6444316459310966
0.0369094488188976,2830.54859015118,-2.6434094128152528
0.0369094488188976,2845.3999639789517,-1.078228178811061
0.0369094488188976,2828.432485278191,6.491692888820439
0.0369094488188976,2829.1331089876826,-2.663359917463773
0.0369094488188976,2842.566640094789,-2.6455042298578597
0.0369094488188976,2834.796746146244,-2.668834742544319
0.0369094488188976,2829.848652762015,7.15098849749895
0.0369094488188976,2830.5486743430956,-2.6265191175385234
0.0369094488188976,2817.826777622449,2.9140880145561616
0.0369094488188976,2843.9828991762256,-2.657144442055569
0.0369094488188976,2844.690608679226,-2.2368192610688817
0.0374015748031496,2844.6930922974843,0.1672978608111533
0.0369094488188976,2832.6789371236823,5.344795396344739
0.0369094488188976,2816.4148416004778,7.159011154307552
0.0369094488188976,2805.8125145650397,7.15982909616936
0.0369094488188976,2843.2743858664007,-2.611604716599776
0.0369094488188976,2831.2566335679453,-2.63405150263011
0.0369094488188976,2834.7961690851125,-2.639649907619903
0.0369094488188976,2831.9647154092263,-2.6724861081728335
0.0369094488188976,2842.5668770301622,-2.6400682563912397
0.0369094488188976,2843.2743483058903,-2.6118473361987213
0.0369094488188976,2846.8148920561166,-2.3932231912475768
0.0369094488188976,2831.96534003021,-1.7759747154593817
0.0369094488188976,2843.2747810663122,-2.6373021109858623
0.0369094488188976,2843.9856040880018,0.8242909910010837
0.0369094488188976,2831.256515725192,-2.6404714239215994
0.0364173228346456,2832.6729124264584,-2.6366437425839933
0.0364173228346456,2834.7965521276724,-2.6873457315871145
0.0369094488188976,2831.2564975421387,-2.6407831212681345
0.0364173228346456,2842.566700784575,-2.615614802637803
0.0369094488188976,2846.106504851003,-2.5104170010768403
0.0364173228346456,2843.9829958666637,-2.4077550323568024
0.0369094488188976,2829.1345333694217,-0.04776475889880921
0.0369094488188976,2847.522950403572,-2.508808241209907
0.0364173228346456,2834.0890276608716,-2.717831031082794
0.0364173228346456,2833.380484779946,-2.670616314777903
0.0369094488188976,2847.5246862184354,-0.18935211060150087
0.0364173228346456,2845.3986429110923,-2.5165023962042796
0.0364173228346456,2819.238296719735,-2.6612926920805675
0.0369094488188976,2834.796382344034,-2.5111171531780845
0.0364173228346456,2829.1344809025168,-0.9381690487716198
0.0369094488188976,2834.7962071376496,-2.5902475042971647
0.0364173228346456,2845.398584786417,-2.6576670405847294
0.0369094488188976,2846.8165946056524,-0.3088931416377998
0.0369094488188976,2848.231005676918,-1.8590952150986384
0.0364173228346456,2831.2565259798625,-2.655382311035449
0.0364173228346456,2831.9647680925846,-2.6740166004487818
0.0364173228346456,2832.6723236891053,-2.6730308194978067
0.0364173228346456,2845.398707059166,-2.6488555931739164
0.0364173228346456,2833.3801348712145,-2.6468356055221465
0.0364173228346456,2819.2407887268428,0.36764842301606765
0.0364173228346456,2829.1361083438906,1.2889958130481973
0.0364173228346456,2834.0885778936085,-2.529564389311396
0.0364173228346456,2845.398754325499,-2.6525891512144417
0.0364173228346456,2833.3804568295873,-2.5140272019049537
0.0364173228346456,2831.964182962,-2.615265579576507
0.0364173228346456,2846.1068317132854,-2.6782345999210846
0.0369094488188976,2845.3985660532294,-2.6519766896026997
0.0364173228346456,2834.7961773312823,-2.641176064195405
0.0364173228346456,2834.0887910642664,-2.6594882859556117
0.0364173228346456,2834.796246662912,-2.6554451038233324
0.0369094488188976,2832.672941694387,-1.854804684927085
0.0359251968503937,2831.970063383088,3.9583867490282434
0.0359251968503937,2833.3802397977965,-2.668686504612141
0.0359251968503937,2843.982694419616,-2.6609674505337235
0.0364173228346456,2843.2775756212873,0.21421001609015192
0.0359251968503937,2834.0883400898574,-2.6536173098843654
0.0359251968503937,2834.7962572243255,-2.6494316008112873
0.0359251968503937,2829.840571646108,-2.6472427694510707
0.0364173228346456,2843.9842327209462,-0.8112338790972395
0.0359251968503937,2834.088292224171,-2.632136716714163
0.0359251968503937,2834.796954643985,-2.4008127876112044
0.0359251968503937,2845.398692928482,-2.6380078809757586
0.0359251968503937,2830.549987171075,-0.6431776975035013
0.0359251968503937,2829.1326549522432,-2.633430098669843
0.0359251968503937,2834.7967118241327,-2.4089650409903918
0.0359251968503937,2834.7965036810488,-2.6580432244794148
0.0359251968503937,2832.680736054747,7.136666736486279
0.0359251968503937,2842.569876542159,0.5372807180528358
0.0359251968503937,2834.0908864997086,-0.1410035687505709
0.0359251968503937,2831.964652369992,-2.669631219361849
0.0359251968503937,2846.106564872716,-2.6502768730408914
0.0359251968503937,2829.132638672219,-2.6358821895352365
0.0359251968503937,2829.1326556219246,-2.6287038803890943
0.0359251968503937,2832.672531859386,-2.670119070242028
0.0359251968503937,2820.6541527994823,-2.6407585773792643
0.0359251968503937,2834.7964198234413,-2.5193300866735044
0.0359251968503937,2829.840639252785,-2.6645948824857877
0.0359251968503937,2847.5225599125465,-2.515591844247041
0.0354330708661417,2817.1226638513567,7.156480373941279
0.0354330708661417,2847.522508965823,-2.6681487189269686
0.0354330708661417,2842.566884321605,-2.509172474589653
0.0359251968503937,2819.2431959937385,3.4426261995771403
0.0354330708661417,2831.258430414418,-0.3706021148296751
0.0354330708661417,2834.7967257962305,-2.6732458429545174
0.0354330708661417,2815.706746358717,7.155654468815352
0.0359251968503937,2831.258675683958,-0.4149979432184412
0.0359251968503937,2843.274967762313,-2.5052294715626755
0.0354330708661417,2830.5485126399108,-2.6451775802379975
0.0354330708661417,2819.9462094332603,-2.6456153258050006
0.0354330708661417,2829.1327808320907,-2.6484768915391306
0.0354330708661417,2842.566704015582,-2.62298941128326
0.0354330708661417,2847.5222671785486,-2.650395144578344
0.0359251968503937,2833.380358889801,-2.6386881729042533
0.0354330708661417,2843.9830469501626,-2.362243192716671
0.0354330708661417,2829.1326733865626,-2.638585471592851
0.0354330708661417,2834.0884985968873,-2.6809675964013144
0.0354330708661417,2842.569720659721,0.3040002693031062
0.0354330708661417,2832.672998620126,-2.702908713941866
0.0354330708661417,2834.796453476328,-2.683077534223745
0.0354330708661417,2842.5673829103043,-2.692132412811214
0.0354330708661417,2842.5670826090764,-2.678664540282673
0.0354330708661417,2842.566676473643,-2.681291932615819
0.0354330708661417,2845.39922033032,-2.705294705122558
0.0354330708661417,2831.2565250184025,-2.6584524396701945
0.0354330708661417,2843.275087288466,-2.6386042062263555
0.0354330708661417,2801.556428768082,-2.646629099546027
0.0354330708661417,2833.3802810865714,-2.6257377320949407
0.0349409448818897,2828.4246213198444,-2.6279750074593116
0.0349409448818897,2834.7968903234037,-2.6999829934502193
0.0349409448818897,2834.7963149253405,-2.6449329937081805
0.0349409448818897,2831.964183752582,-2.6440541275871197
0.0349409448818897,2831.9646001939163,-2.682433395645661
0.0349409448818897,2848.2337209707252,1.0167420071658198
0.0349409448818897,2833.3800830832115,-2.6166065401658467
0.0349409448818897,2846.106353817443,-2.651498464572858
0.0354330708661417,2833.380525563907,-2.693638519056639
0.0349409448818897,2830.555316241108,5.665825613847676
0.0349409448818897,2833.3802271661966,-2.665600603223735
0.0349409448818897,2845.3990841152176,-1.9515640222734982
0.0354330708661417,2834.091403027699,0.6816197816982494
0.0354330708661417,2834.0883237160783,-2.6436686423365967
0.0349409448818897,2843.983186182631,-2.635264758083776
0.0349409448818897,2819.953689505233,6.4740327515046925
0.0349409448818897,2829.1326492817934,-2.627300898043342
0.0349409448818897,2847.522540129786,-2.620456691953253
0.0349409448818897,2820.6541499593873,-2.64258269266944
0.0354330708661417,2842.5673995967254,-2.3765619888819676
0.0349409448818897,2843.2751377155473,-2.4873150716722283
0.0349409448818897,2834.7967511019083,-2.689171131434172
0.0349409448818897,2818.5302776906533,-2.6346628515096224
0.0354330708661417,2829.8403423789955,-2.641972588780505
0.0354330708661417,2829.8410237900052,-2.6670313508925076
0.0349409448818897,2829.1326125319033,-2.6327097993241333
0.0349409448818897,2834.79671479489,-2.656407825079172
0.0349409448818897,2831.9686662174745,1.6796732994718642
0.0349409448818897,2802.264109514134,-2.634896640953039
0.0349409448818897,2842.567046883516,-2.6182984736960435
0.0349409448818897,2846.814652486195,-2.4941417312711613
0.0349409448818897,2834.7959252126816,-2.6351038048087525
0.0349409448818897,2834.088161288969,-2.668450826304848
0.0349409448818897,2833.3804115720795,-2.543220835197198
0.0349409448818897,2832.6730062514666,-2.693796552200594
0.0349409448818897,2829.840574588439,-2.6459546578261937
0.0349409448818897,2834.7965654096615,-2.690609389515156
0.0344488188976378,2833.3802582407698,-2.665739565878887
0.0344488188976378,2834.0882244316563,-2.673776795214856
0.0344488188976378,2834.0928498644057,3.011814128691402
0.0344488188976378,2819.2407034515036,-0.3129812350599261
0.0344488188976378,2831.2564911802465,-2.6391214521779043
0.0344488188976378,2818.5352292815464,3.0201489448254053
0.0344488188976378,2830.548987512353,-2.6351562217574207
0.0349409448818897,2843.9831932795405,-2.6636838325836556
0.0344488188976378,2820.654186035515,-2.6529109488600118
0.0344488188976378,2819.946331846232,-2.6276200188220997
0.0344488188976378,2829.8410071087283,-2.6579385321122295
0.0344488188976378,2830.549051106622,-1.6669250449193416
0.0344488188976378,2845.3986306394218,-2.5026777494740458
0.0344488188976378,2843.9826791617193,-2.6433055666709953
0.0344488188976378,2848.231217653751,-2.3696091133725647
0.0344488188976378,2829.840682496778,-2.6505891635775374
0.0344488188976378,2831.2616496775686,3.41403191609376
0.0344488188976378,2843.2775024647212,0.09829255956093685
0.0344488188976378,2831.964985469249,-2.654961322803722
0.0344488188976378,2843.2749463049045,-2.4900386306771205
0.0349409448818897,2828.4280229970664,1.3032236585782133
0.0344488188976378,2820.653612589692,-2.6331889531015475
0.0344488188976378,2831.9649254928618,-2.677314556035959
0.0344488188976378,2845.3989996139203,-2.666978485631307
0.0349409448818897,2845.398559666447,-2.651040528182072
0.0344488188976378,2830.5486842271393,-2.635117242882828
0.0349409448818897,2828.4246485736094,-2.634031235345292
0.0344488188976378,2820.6540233445066,-2.633962110422195
0.0344488188976378,2842.5670234475383,-2.602313705637927
0.0344488188976378,2817.8307699539328,7.1660416129245865
0.0344488188976378,2844.6933572723938,0.4046525941356533
0.0344488188976378,2843.9824452996563,-2.6437393612430014
0.0349409448818897,2829.840456652343,-2.669329519191426
0.0344488188976378,2834.088216037284,-2.6844827541413205
0.0344488188976378,2831.256485562442,-2.6517851042582126
0.0349409448818897,2829.84055279128,-2.6432571147292943
0.0344488188976378,2833.3805253725195,-2.6934158954541516
0.0339566929133858,2829.132597515574,-2.6419983292819853
0.0339566929133858,2831.256596709949,-2.630677318778391
0.0339566929133858,2831.964202369036,-2.634883129046903
0.0339566929133858,2830.5482835077028,-2.6243580840183784
0.0344488188976378,2847.522688241627,-2.6657890541117473
0.0339566929133858,2817.830489937554,7.171855899348978
0.0339566929133858,2829.8410356155923,-2.6435005315915086
0.0339566929133858,2828.4246843482233,-2.6347843272752196
0.0339566929133858,2843.2750901826735,-2.645366401595907
0.0344488188976378,2844.6906864872903,-2.671176545928384
0.0339566929133858,2842.5667797745073,-2.629090625967169
0.0339566929133858,2843.274706385773,-2.643212985046184
0.0339566929133858,2834.796419513868,-2.6510456114119605
0.0339566929133858,2829.1327564430076,-2.644042343130083
0.0339566929133858,2829.132637019207,-2.635766110749753
0.0339566929133858,2846.814992535615,-2.665075047131135
0.0344488188976378,2847.527491028722,2.7311431943022075
0.0339566929133858,2833.3805185020115,-2.6427164130129324
0.0339566929133858,2829.136631498546,2.4181857379894978
0.0344488188976378,2843.2752112213925,-2.662327868546359
0.0339566929133858,2831.965040216768,-2.6477592508334586
0.0339566929133858,2820.661188325841,5.474616710138635
0.0339566929133858,2845.398302511833,-2.6416009815581885
0.0339566929133858,2829.1330711702694,-2.644152885900622
0.0344488188976378,2819.9463089269316,-2.626567468129296
0.0339566929133858,2830.5490501931504,-2.671152724065349
0.0339566929133858,2842.5666906735883,-2.6102783473891034
0.0339566929133858,2833.380275399848,-2.6865981175008837
0.0339566929133858,2845.398606464165,-2.6529876701355146
0.0339566929133858,2831.965974909094,-0.9890793866187801
0.0339566929133858,2831.9649891006334,-2.654673843225363
0.0339566929133858,2828.424680334365,-2.6352455223168887
0.0339566929133858,2847.522774661185,-2.085692586556412
0.0344488188976378,2842.570473655466,1.5058383089678264
0.0344488188976378,2819.2379967737093,-2.6264064192918744
0.0339566929133858,2846.8178320132397,1.2865300798108317
0.0339566929133858,2843.2750218588208,-2.67589216719017
0.0339566929133858,2834.796305281337,-2.641368410137034
0.0339566929133858,2831.258507617057,-0.2585491550540691
0.0339566929133858,2831.2567386632472,-2.659331212268401
0.0339566929133858,2842.566918502001,-2.3465357699429097
0.0339566929133858,2834.7962426052563,-2.6487686289014443
0.0339566929133858,2843.2748594236805,-2.6492036369657246
0.0339566929133858,2834.088481797322,-2.6874042531609628
0.0334645669291338,2831.964996824091,-2.684955552613918
0.0339566929133858,2842.5667395197247,-2.656558097011074
0.0339566929133858,2843.98233880051,-2.614144721905185
0.0334645669291338,2816.4144810106736,7.170805730307947
0.0334645669291338,2847.522342273762,-2.631784823287512
0.0334645669291338,2829.8406310345395,-2.647712465135539
0.0339566929133858,2834.796330851559,-2.6600072961874557
0.0334645669291338,2847.522184467373,-2.623465474241878
0.0334645669291338,2843.9871599866924,1.999564169556477
0.0339566929133858,2819.94620490628,-2.6435185905038674
0.0334645669291338,2842.567434032108,-2.536442215159779
0.0334645669291338,2802.980287782562,7.179697107959163
0.0334645669291338,2815.7067589386925,7.160980597005907
0.0334645669291338,2847.5253174940194,0.7614395961677904
0.0334645669291338,2830.5485535695593,-2.6524312621142125
0.0334645669291338,2833.3804449750755,-2.6804695331191963
0.0334645669291338,2848.231017403457,-2.5257519543018256
0.0334645669291338,2831.9650594658865,-2.6697641174215634
0.0334645669291338,2842.566563632103,-2.4733866197715475
0.0339566929133858,2833.3835623168297,0.9720207895745476
0.0339566929133858,2801.556531882442,-2.635726430189047
0.0334645669291338,2819.9462206859653,-2.6377001071459243
0.0334645669291338,2830.5489871715754,-2.664538624850144
0.0334645669291338,2834.0883047201874,-2.6387395951420918
0.0334645669291338,2843.275105027076,-2.6328238844104503
0.0334645669291338,2834.7962888215648,-2.6656843788491082
0.0334645669291338,2832.672563162761,-2.6825903604994283
0.0334645669291338,2831.2565188108038,-2.645914493872347
0.0334645669291338,2834.7968306670955,-2.6530992264712068
0.0334645669291338,2845.3991335155733,-2.6517789885428718
0.0329724409448819,2831.256371547217,-2.673825108961414
0.0329724409448819,2843.9850531339434,-0.05358594063436013
0.0329724409448819,2845.3993112689172,-1.9204543563180314
0.0329724409448819,2831.9641092598554,-2.6170547796654033
0.0329724409448819,2831.964365758244,-2.6626600499471693
0.0329724409448819,2831.2565222958556,-2.656242984570223
0.0334645669291338,2832.672430577345,-2.6567417159335247
0.0329724409448819,2819.9494177814627,0.5303592706826199
0.0329724409448819,2819.237953684001,-2.621976244266643
0.0334645669291338,2844.6907231537234,-2.632777767159806
0.0329724409448819,2831.964616150398,-2.660853375868717
0.0329724409448819,2843.9829650576085,-2.678011794229392
0.0329724409448819,2831.256227311777,-2.6423005492182785
0.0329724409448819,2830.548527566579,-2.66149550920489
0.0329724409448819,2843.2745886936486,-2.624246458592979
0.0329724409448819,2842.566792647529,-2.658385562196335
0.0334645669291338,2831.257054068106,-2.630902765393974
0.0334645669291338,2846.106945117874,-2.054584510718842
0.0329724409448819,2830.55139230519,0.24944391791361448
0.0329724409448819,2834.0882629254147,-2.6446550166346414
0.0329724409448819,2819.2383267094015,-2.6253793800967844
0.0329724409448819,2833.3805334369445,-2.6922729248751187
0.0329724409448819,2844.6913828214942,-2.211968435174988
0.0329724409448819,2820.658991169069,2.8515339688929076
0.0329724409448819,2844.6935608504887,0.5081838945639171
0.0329724409448819,2831.256519603244,-2.636111985731204
0.0329724409448819,2843.274584406777,-2.65949147381884
0.0329724409448819,2845.3989212374418,-2.513845895286236
0.0329724409448819,2832.673774582058,-1.0629729328130189
0.0334645669291338,2833.3804715590677,-2.686421442439132
0.0334645669291338,2846.106806866356,-2.6702566763631506
0.0329724409448819,2843.2746847840795,-2.6438333104592227
0.0329724409448819,2834.0922289956197,1.3713420587111673
0.0324803149606299,2801.556537503248,-2.637236183321192
0.0324803149606299,2820.654170523047,-2.6409556647819885
0.0324803149606299,2834.088206401497,-2.5808286479376057
0.0324803149606299,2834.7965647146007,-2.671626754440976
0.0324803149606299,2834.0885517962943,-2.594866491377861
0.0324803149606299,2848.231149397972,-2.513719854569829
0.0324803149606299,2847.5223100284966,-2.4862158928277087
0.0324803149606299,2834.7963919284925,-2.693736013174734
0.0324803149606299,2818.5302595962644,-2.6265750210849834
0.0329724409448818,2829.8432725730017,0.6939948328674514
0.0324803149606299,2846.8146196269095,-2.66894276961136
0.0324803149606299,2842.5665335784984,-2.5859890421537672
0.0324803149606299,2832.6808981336644,7.150165885484049
0.0324803149606299,2843.2747308388584,-2.664412299448901
0.0324803149606299,2833.380810222764,-2.6594796912187704
0.0324803149606299,2846.1067484443156,-2.654762171057118
0.0324803149606299,2831.2565064514447,-2.651421131599715
0.0324803149606299,2843.2790549002534,2.315605466968477
0.0324803149606299,2828.4285095142654,1.9060355181230277
0.0329724409448819,2843.275124799591,-2.644100090774723
0.0324803149606299,2842.5672094021584,-2.653160475722694
0.0324803149606299,2832.672433287017,-2.6521918906541315
0.0324803149606299,2830.5485781963703,-2.662416998803395
0.0324803149606299,2844.6910208963586,-2.6507946808535294
0.0324803149606299,2844.6907431503137,-2.644845683503565
0.0324803149606299,2831.964592028215,-2.638696730936914
0.0324803149606299,2831.9646033772524,-2.6554615377602193
0.0324803149606299,2843.9840391988214,-1.0389872174742618
0.0324803149606299,2819.9462846494225,-2.625636631228338
0.0324803149606299,2834.0886103537277,-2.5075091747376557
0.0324803149606299,2834.0884753112914,-2.50862054016213
0.0324803149606299,2842.567031022159,-2.6019778691844295
0.0329724409448819,2833.38058916082,-2.358596048611664
0.0324803149606299,2830.5485572313646,-2.6411753940264644
0.0319881889763779,2831.2564150745416,-2.64476300034785
0.0319881889763779,2847.522527012525,-2.65707201941268
0.0319881889763779,2829.8406116302185,-2.635517410093479
0.0319881889763779,2845.3989194037595,-2.2009477777392354
0.0319881889763779,2845.398582034289,-2.655391336557822
0.0319881889763779,2828.4247890126403,-2.622099991913513
0.0324803149606299,2843.982615737706,-2.620751339479082
0.0319881889763779,2845.398716550479,-2.502785438594252
0.0319881889763779,2833.380456433959,-2.630595471520324
0.0319881889763779,2830.548682838103,-2.6425061912392116
0.0319881889763779,2834.088228667386,-2.6311507714542923
0.0319881889763779,2832.6809001616357,7.152357346078985
0.0319881889763779,2842.5663628375514,-2.578510656449996
0.0319881889763779,2845.40267150747,2.100951061701297
0.0319881889763779,2820.659353292551,3.4443151869405977
0.0324803149606299,2834.093749964807,3.4915435408534248
0.0319881889763779,2842.566609323495,-2.6023118997929378
0.0319881889763779,2831.968238850266,1.8248130072563655
0.0319881889763779,2829.132727110118,-2.6167505257506236
0.0319881889763779,2856.717028541409,6.847999680926456
0.0319881889763779,2820.6545701444606,-2.6337655249174925
0.0319881889763779,2843.990740861315,7.158687854460498
0.0324803149606299,2834.0884774475076,-2.593974789388589
0.0319881889763779,2832.672687464492,-2.673298154777676
0.0324803149606299,2832.672867242207,-2.6524614107365867
0.0319881889763779,2842.566815280949,-2.5954808465549046
0.0319881889763779,2831.2565084988505,-2.6412624301564835
0.0319881889763779,2842.5668205050033,-2.6377643703616624
0.0324803149606299,2843.982571109445,-2.608686494259241
0.0319881889763779,2845.3990452894427,-1.7253719374819347
0.0319881889763779,2831.256228822199,-2.615235418363301
0.0319881889763779,2842.566499696832,-2.621426723833281
0.0319881889763779,2820.654174443533,-2.6420317880902906
0.0319881889763779,2834.088201905508,-2.4971222725368647
0.0319881889763779,2819.946332333208,-2.6298755796483886
0.0319881889763779,2845.3987126459974,-2.498418697089041
0.0319881889763779,2842.5736301088546,5.520558207974476
0.0319881889763779,2842.5673255241973,-2.5085401158294713
0.0319881889763779,2830.5482778935175,-2.6436957998559505
0.0319881889763779,2833.380360008746,-2.6400412096576322
0.0319881889763779,2831.256908984984,-2.657344852570461
0.0324803149606299,2831.964487302811,-2.6675190778876825
0.0319881889763779,2829.840687814038,-2.637636507728972
0.0319881889763779,2831.9644903314675,-2.666018914835292
0.0319881889763779,2845.398825823993,-2.47932176417423
0.0319881889763779,2843.9829076619644,-2.653644949900743
0.0319881889763779,2833.3805637532214,-2.691620911715404
0.0319881889763779,2830.5485691617496,-2.635163125579305
0.0319881889763779,2845.403548609581,3.6177022168898483
0.0324803149606299,2802.2641036965642,-2.63530133010695
0.0319881889763779,2828.433046507033,7.1599385452328645
0.0324803149606299,2834.7965736559945,-2.6813981621362823
0.0319881889763779,2846.1064444719714,-2.6603404656085563
0.0319881889763779,2833.380393479299,-2.658502342760828
0.0319881889763779,2830.550505269902,-0.8818104363566917
0.0314960629921259,2829.840341994755,-2.6302354301734336
0.031496062992126,2834.0882900361244,-2.6494224766439407
0.0314960629921259,2848.2301262924634,-2.63018261023453
0.0319881889763779,2848.2304790734734,-2.665049818437621
0.0314960629921259,2831.968296691925,1.8705926144394767
0.0314960629921259,2834.08876549144,-2.658175313164644
0.0314960629921259,2847.523219116414,-2.1892250926958416
0.0314960629921259,2805.0959321851033,-2.644087920457894
0.0314960629921259,2846.106310168514,-2.6390033102241843
0.0319881889763779,2833.380293291547,-2.6404405011444196
0.0314960629921259,2820.654244937682,-2.6349424002712394
0.0319881889763779,2843.982691962657,-2.651290411755261
0.031496062992126,2842.566934925344,-2.495347968923123
0.0314960629921259,2833.3802632136526,-2.6019255625315294
0.0314960629921259,2833.380702153003,-2.6991297356105046
0.031496062992126,2834.0888615594044,-2.6523429054398897
0.0314960629921259,2845.3991467222204,-1.8783306751282145
0.0314960629921259,2830.5489745898917,-2.6499204130722847
0.031496062992126,2834.088400029458,-2.5038626573127574
0.0314960629921259,2845.3986662814336,-2.6306800754630393
0.0319881889763779,2834.088539198085,-2.6546051701966364
0.0314960629921259,2834.088614589507,-2.710225249777019
0.0319881889763779,2844.690687730743,-2.614412757727597
0.0314960629921259,2831.964299797436,-2.6242923267570815
0.0314960629921259,2831.9644734419367,-2.6517439011911588
0.0314960629921259,2831.9646188367874,-2.673467015360534
0.0314960629921259,2847.524726790486,0.23128338052555378
0.0314960629921259,2834.796758482929,-2.6640576351497853
0.0314960629921259,2829.8490493681948,7.164313877468436
0.0314960629921259,2845.3986108288104,-2.665306573640164
0.0314960629921259,2842.5668804699835,-2.6736746052186935
0.0314960629921259,2828.4322536638642,6.114859029929794
0.0319881889763779,2846.1096796370803,0.46218992110890406
0.0314960629921259,2846.8156902448272,-1.2795952475465229
0.0314960629921259,2831.9650043147903,-2.6321872362607026
0.0314960629921259,2846.822895404122,7.154590469495913
0.0314960629921259,2834.091571379059,0.6730514785924179
0.0314960629921259,2834.0880926556015,-2.64955905076418
0.031496062992126,2834.7964871819477,-2.663615821833014
0.0319881889763779,2833.3846032058855,2.233982597697452
0.0314960629921259,2845.39837676859,-2.652550448293252
0.031003937007874,2828.4245189167013,-2.658536449347295
0.031003937007874,2842.571696160485,3.49014908351364
0.031496062992126,2834.796901027389,-2.689491540571589
0.031003937007874,2831.9643185120644,-2.6730770075298667
0.031003937007874,2842.566957249602,-2.511127605972279
0.031003937007874,2830.548496541243,-2.636325083681573
0.031003937007874,2845.398687332939,-2.4840312492156706
0.031003937007874,2831.2565064387086,-2.6416501247691038
0.031003937007874,2831.964472884277,-2.6348172919607373
0.031003937007874,2834.7991702216113,0.24479179351175662
0.031496062992126,2844.69100986922,-2.656975902242578
0.031003937007874,2830.549127688055,-2.660501645026692
0.0314960629921259,2831.256666143067,-2.683829685883268
0.031003937007874,2820.654310561577,-2.650174847553312
0.031003937007874,2834.0889759423744,-1.5697051243681923
0.031003937007874,2844.6906008699484,-2.6313094461827737
0.0314960629921259,2831.2566306750487,-2.63392618015697
0.0314960629921259,2831.2563655710305,-2.6225262561306986
0.0314960629921259,2843.274363528839,-2.614791831006354
0.031003937007874,2834.796025753307,-2.625901501894156
0.0314960629921259,2843.982807795934,-2.6821120665337115
0.031003937007874,2833.380528277868,-2.686765736498533
0.031003937007874,2831.2565147930964,-2.649117889543965
0.031003937007874,2829.841025136705,-2.646872214856729
0.031003937007874,2820.6551295580716,-2.048458698409555
0.031003937007874,2831.256352004131,-2.6357675934628713
0.031003937007874,2829.840477123774,-2.6212611629193066
0.031003937007874,2834.7965181533114,-2.697453857895901
0.0314960629921259,2846.81458185791,-2.4748603351801077
0.031003937007874,2844.6907332051155,-2.6816018971043363
0.031003937007874,2820.65431769904,-2.6413877907328014
0.0314960629921259,2832.676497012369,2.4960256570843846
0.0314960629921259,2833.3804706772435,-2.6330558517682308
0.031003937007874,2831.2565147930964,-2.649117889543965
0.031003937007874,2842.567473989897,-2.6777406772002297
0.031003937007874,2833.380316068992,-2.6433347818939072
0.031003937007874,2819.946292721605,-2.6696655921314494
0.031003937007874,2831.2565083058266,-2.656874804252612
0.031003937007874,2844.6916708793246,-1.5735703843172595
0.030511811023622,2834.7962500902718,-2.6632322315321804
0.030511811023622,2848.2303013852506,-2.4903222385702857
0.031003937007874,2834.0883470583585,-2.660982032745082
0.030511811023622,2820.6545716411706,-2.644223064830978
0.030511811023622,2846.814541233272,-2.6467914886627533
0.030511811023622,2834.7962905177096,-2.6542636629538583
0.030511811023622,2842.569404408637,0.4828845042685417
0.030511811023622,2832.6805058724117,7.177429786949562
0.030511811023622,2819.2462119895754,6.548594460889537
0.030511811023622,2829.840573664421,-2.6500842697044242
0.030511811023622,2828.4243885969167,-2.6239875216097275
0.030511811023622,2802.2643537979648,-2.6410198663175404
0.030511811023622,2834.796240372856,-2.6594559881423026
0.030511811023622,2843.9826166567964,-2.2942161571760136
0.030511811023622,2829.1326651673035,-2.651398443330294
0.030511811023622,2833.380547297632,-2.6994245118167877
0.030511811023622,2834.0908731456702,-0.15125147570733935
0.031003937007874,2829.840222196466,-2.604612760422118
0.031003937007874,2843.9832925514806,-2.660650121521057
0.030511811023622,2829.13240446201,-2.625720850918012
0.030511811023622,2844.690724409891,-2.6342755426779365
0.030511811023622,2820.6539040811017,-2.649655598854879
0.030511811023622,2814.993581772568,1.2735810054778474
0.030511811023622,2830.553992198278,3.2617132871601076
0.030511811023622,2830.556613254457,7.17836764817496
0.031003937007874,2834.796518103211,-2.684377162662815
0.031003937007874,2843.2747862855467,-2.6523945165718765
0.030511811023622,2842.5668686010904,-2.668415147049695
0.030511811023622,2843.274696726047,-2.649834126359384
0.030511811023622,2831.9643883436315,-2.655547127781577
0.030511811023622,2843.2748178721636,-2.6686323783876955
0.031003937007874,2831.9643535105415,-2.67456284474852
0.030511811023622,2828.42467561979,-2.6342087554148863
0.031003937007874,2833.3802760911044,-2.6167249426286907
0.030511811023622,2843.274804652416,-2.4754211041374297
0.030511811023622,2843.27465913938,-2.631153921801247
0.030511811023622,2833.380306046803,-2.6404845042688687
0.030511811023622,2819.238220231584,-2.635601617486416
0.030511811023622,2832.672791822182,-2.6734866723048776
0.031003937007874,2846.106752336389,-2.6492608135692386
0.030511811023622,2834.0887807837835,-2.655573905589157
0.031003937007874,2832.673002019444,-2.5079481442925817
0.031003937007874,2833.3803963836754,-2.524765413284464
0.031003937007874,2831.965056297612,-2.681596051690157
0.030511811023622,2843.2782953150895,1.5567285860061297
0.031003937007874,2843.2750997193098,-2.6356704603594685
0.03001968503937,2843.9900585465107,6.382559478439593
0.03001968503937,2843.275116846325,-2.6514870580904573
0.03001968503937,2845.3984096872723,-2.6561041384523985
0.03001968503937,2819.946308600215,-2.6711937477118557
0.03001968503937,2843.2745289123927,-2.6528539948992
0.030511811023622,2819.238260592926,-2.6349728947763538
0.030511811023622,2832.6726336715565,-2.6634607801540917
0.03001968503937,2830.5486037598926,-2.662706074245175
0.03001968503937,2828.4279133039836,1.00401918596378
0.03001968503937,2830.550606974664,-0.7603769992316337
0.03001968503937,2802.264360174922,-2.6427497802756403
0.03001968503937,2834.0882558345656,-2.653122640814319
0.03001968503937,2834.0880891981433,-2.629520984249143
0.03001968503937,2819.946316706132,-2.664997012304727
0.03001968503937,2833.3839597806054,1.3078115916127382
0.03001968503937,2833.3817418910253,-0.9018515118059847
0.03001968503937,2820.654603193815,-2.65739970012432
0.03001968503937,2847.5229204848492,-2.2899808061580518
0.03001968503937,2831.2562415269012,-2.6300181875188655
0.03001968503937,2828.4246290170945,-2.6284692199718194
0.03001968503937,2831.256481489214,-2.6441310299964984
0.030511811023622,2845.3982236274387,-2.6141155781603267
0.030511811023622,2818.530263544276,-2.626177930111279
0.03001968503937,2842.5666633746446,-2.6074278074767427
0.03001968503937,2830.5483183828906,-2.640831909303743
0.03001968503937,2843.2745201953153,-2.647611092930132
0.03001968503937,2817.830639739206,7.172530458150004
0.03001968503937,2833.3805131465233,-2.682142352394358
0.03001968503937,2834.0886295727996,-2.683007217872368
0.03001968503937,2845.398994756697,-2.331365598802374
0.030511811023622,2831.964487522014,-2.6585288190173357
0.03001968503937,2834.7966785735503,-2.6455963213533162
0.030511811023622,2834.7967168455143,-2.6783095288326897
0.03001968503937,2831.2565073243795,-2.640929113212161
0.03001968503937,2834.7965176031553,-2.48195405814071
0.030511811023622,2834.79633136761,-2.6634599759612803
0.03001968503937,2834.7964436807138,-2.6974179166820136
0.03001968503937,2834.7963110402256,-2.6528857262404837
0.03001968503937,2842.567307972148,-2.6782069878084407
0.03001968503937,2843.9910328746055,7.161243463869515
0.03001968503937,2842.566738346416,-2.492126749975627
0.03001968503937,2819.246566189081,7.174322987470611
0.03001968503937,2843.27588832783,-1.214833897036736
0.03001968503937,2829.8449046241803,1.9529058120206564
0.030511811023622,2846.815487299646,-1.2275857476836125
0.030511811023622,2847.522569836464,-2.66154137730206
0.03001968503937,2818.5387454919883,7.18363591537424
0.03001968503937,2843.283097097842,7.165365478421883
0.03001968503937,2817.8306622547216,7.171307962901807
0.03001968503937,2802.2641240712883,-2.6382279565667983
0.03001968503937,2816.410483562691,2.4353335981399646
0.03001968503937,2834.7962695790893,-2.643136149327981
0.03001968503937,2829.1405640480193,6.535410775759062
0.03001968503937,2842.5668805812616,-2.640796258464162
0.03001968503937,2834.7961979523325,-2.6283052482433598
0.03001968503937,2831.256663184549,-2.6356701870993784
0.030511811023622,2829.8409805079136,-2.6411355671164434
0.0295275590551181,2829.132345674158,-2.6328964993787487
0.03001968503937,2832.6797596573365,6.381844928476004
0.0295275590551181,2828.424621120231,-2.628032333504519
0.0295275590551181,2834.796305544452,-2.6730180695982644
0.0295275590551181,2834.0888122438605,-2.6647539149090065
0.0295275590551181,2843.987731943786,2.8184473157945225
0.0295275590551181,2845.398660469606,-2.67654280120038
0.0295275590551181,2831.9648888951306,-2.6616846321721823
0.0295275590551181,2834.796868650781,-2.698799241745195
0.03001968503937,2842.5686855323024,-0.907081362578037
0.0295275590551181,2829.84073133484,-2.6327618775950685
0.0295275590551181,2830.5482889109167,-2.6257319565387482
0.0295275590551181,2819.2383670735585,-2.6315960693407674
0.0295275590551181,2829.8406217010024,-2.6521465902201617
0.0295275590551181,2834.088667467986,-2.7031624354387245
0.0295275590551181,2831.2565168149076,-2.649641223666946
0.0295275590551181,2833.388738706292,7.160501755568918
0.0295275590551181,2829.840574354492,-2.6383631416058533
0.0295275590551181,2846.8143478699562,-2.6549190769965048
0.0295275590551181,2829.133119091147,-2.664678723557786
0.0295275590551181,2820.654008184982,-2.664222509205394
0.0295275590551181,2834.796314328065,-2.667140927025949
0.0295275590551181,2834.7962675006606,-2.6459288254127475
0.0295275590551181,2833.3806573309776,-1.9390666979579987
0.0295275590551181,2842.5669518679806,-2.6808901835881156
0.0295275590551181,2842.5669599023026,-2.695778738690802
0.0295275590551181,2831.2566310161706,-2.648020775968255
0.0295275590551181,2844.690417863941,-2.652859087886412
0.0295275590551181,2844.690564323403,-2.628091735178033
0.0295275590551181,2834.0882268961996,-2.679038573839484
0.0295275590551181,2831.964483722694,-2.654604978992907
0.03001968503937,2844.694973758851,2.7427393037675767
0.0295275590551181,2842.5669314027477,-2.6435710964612964
0.03001968503937,2834.7963052423984,-2.6446171353916417
0.0295275590551181,2845.3994582809128,-1.6837147673944608
0.0295275590551181,2829.8407720763266,-2.6533185119837532
0.0295275590551181,2845.3983256539304,-2.640702195743906
0.03001968503937,2834.7974823290047,-1.3677751711184967
0.0295275590551181,2831.967620495385,0.904508174828871
0.0295275590551181,2819.9462093098264,-2.629475112031241
0.0295275590551181,2831.964453498229,-2.647958440560436
0.0295275590551181,2847.522477164174,-2.604593968122745
0.0295275590551181,2834.088484752124,-2.696393808926793
0.0295275590551181,2842.5663704828376,-2.5895090227953603
0.0295275590551181,2834.796176505171,-2.687095844369128
0.0295275590551181,2834.796324002141,-2.686305573735731
0.0295275590551181,2834.7959278949097,-2.6324909833687804
0.0295275590551181,2831.256449832231,-2.6505234140241756
0.0290354330708661,2834.0883375912335,-2.64768326422051
0.0290354330708661,2819.9537598914826,6.529020136456395
0.0290354330708661,2833.383381363661,0.763367476109264
0.0290354330708661,2834.0883579040687,-2.653223464703389
0.0290354330708661,2819.2466913813887,7.1775092606935464
0.0295275590551181,2830.5485151137677,-2.6324863628921986
0.0290354330708661,2831.964462969769,-2.6538212717731517
0.0290354330708661,2842.5662835223284,-2.6397112908875213
0.0290354330708661,2829.8481109252884,6.528381896170158
0.0290354330708661,2843.9839282321327,-1.168280691401418
0.0290354330708661,2847.522611248679,-2.6239555638725145
0.0290354330708661,2833.380364060206,-2.623678806057984
0.0295275590551181,2833.3803453076985,-2.629029069461305
0.0290354330708661,2820.654164372976,-2.6310772439485772
0.0290354330708661,2829.8403349739024,-2.630896260379619
0.0290354330708661,2834.7982087070936,-0.36339388704995085
0.0290354330708661,2834.0885088623563,-2.4987656291560967
0.0290354330708661,2834.7964051854437,-2.669617235576407
0.0295275590551181,2842.5671993375854,-2.6590513848841457
0.0290354330708661,2828.426641084119,-0.3603041429212339
0.0290354330708661,2829.132771682265,-2.6309456460261513
0.0290354330708661,2831.96555425467,-2.1967832034976316
0.0290354330708661,2846.106547676079,-2.6421732901293677
0.0290354330708661,2842.5748644612986,7.192914011597756
0.0290354330708661,2818.533383409436,0.8200335727350273
0.0290354330708661,2833.380400379766,-2.6469146132432266
0.0290354330708661,2832.6725399151533,-2.6798772428734723
0.0290354330708661,2819.948720888445,0.8448387679493398
0.0290354330708661,2833.3801559631315,-2.6764680910630068
0.0290354330708661,2830.5570181085245,7.174552476575176
0.0295275590551181,2829.1343135810544,-1.212952725816033
0.0290354330708661,2819.241370927372,1.1480167403795987
0.0290354330708661,2846.8144554922615,-2.684279723505771
0.0290354330708661,2831.256505534344,-2.655821454576501
0.0290354330708661,2830.5483208296573,-2.6451030864887053
0.0290354330708661,2833.3802771231126,-2.6741761041661154
0.0290354330708661,2832.6727301967644,-2.687709074428477
0.0295275590551181,2834.0883170146067,-2.654399986802072
0.0290354330708661,2834.7966837153244,-2.667441830323857
0.0290354330708661,2829.1331970213087,-2.6371361483453777
0.0285433070866141,2834.0882403332,-2.6230781515328494
0.0285433070866141,2817.830687294769,7.179266912473749
0.0285433070866141,2820.654185057847,-2.6445894040723243
0.0285433070866141,2819.946262492607,-2.654410320907015
0.0290354330708661,2829.8410426294395,-2.668331627654814
0.0290354330708661,2834.088546243068,-2.6090085403571157
0.0285433070866141,2820.65462983639,-2.6679815041938384
0.0285433070866141,2845.40198237635,1.1841014806481716
0.0285433070866141,2830.548565837444,-2.6369953903373284
0.0285433070866141,2834.0882881350076,-2.6444616540411734
0.0290354330708661,2842.567047619456,-2.6616100150616546
0.0285433070866141,2828.4246747691404,-2.6339023464042124
0.0285433070866141,2819.9540430661277,6.500578026223864
0.0285433070866141,2819.2382827549222,-2.6571477425178567
0.0285433070866141,2846.818410577865,2.194986841841681
0.0285433070866141,2843.983258070631,-2.6441107020143004
0.0285433070866141,2801.556536976885,-2.637018633921876
0.0285433070866141,2843.2748125965454,-2.6273457885488254
0.0285433070866141,2820.654256383767,-2.631492318418283
0.0285433070866141,2834.088391340298,-2.637052766458836
0.0290354330708661,2834.088356772525,-2.6590535225239105
0.0285433070866141,2829.1326250646625,-2.629749818232517
0.0290354330708661,2831.25652009461,-2.645551563401207
0.0285433070866141,2831.256467149601,-2.6466545584092427
0.0285433070866141,2842.5671687428785,-2.651647624202689
0.0285433070866141,2842.5668165257043,-2.6637983145873054
0.0290354330708661,2834.0888933080537,-2.647081774507587
0.0285433070866141,2833.3806538457393,-2.674545566522576
0.0285433070866141,2834.796271838225,-2.6504399545475517
0.0290354330708661,2829.840445724059,-2.6394732003211137
0.0285433070866141,2831.2565105126587,-2.6385900877532387
0.0285433070866141,2843.982597250782,-2.619050804798609
0.0285433070866141,2842.566912938725,-2.6790580496705605
0.0285433070866141,2846.1099997375986,1.169001205411297
0.0285433070866141,2842.5667302816587,-2.6411516858273116
0.0290354330708661,2842.566819442565,-2.654873437201488
0.0285433070866141,2842.5700376448162,0.6870812613896193
0.0285433070866141,2842.5669414780714,-2.688849200074909
0.0285433070866141,2830.5506298822042,-0.8197158517336124
0.0285433070866141,2843.2752823892565,-1.9652211197551799
0.0285433070866141,2842.567431248493,-2.476751456684728
0.0285433070866141,2847.5225356310802,-2.6037888421778237
0.0285433070866141,2843.983021398104,-2.3270809574633287
0.0285433070866141,2845.403106312808,2.0025656771098643
0.0285433070866141,2846.1067306980694,-2.6477368078128793
0.0290354330708661,2842.567419408838,-1.815306137481323
0.0290354330708661,2845.398549727472,-2.6471367082671766
0.0290354330708661,2843.275350589975,-2.6949784020688736
0.0285433070866141,2834.7961180349585,-2.6166865334609435
0.0290354330708661,2830.550666648553,-0.3682711827814865
0.0285433070866141,2831.9648854530974,-2.517571535125447
0.0285433070866141,2843.986401386705,1.676853547829013
0.0285433070866141,2831.256557552002,-2.663941491060655
0.0285433070866141,2801.5565496157906,-2.638086012170481
0.0285433070866141,2832.6768550902734,2.4975292493535157
0.0290354330708661,2829.842999115781,-0.021066845613909643
0.0285433070866141,2843.2749779964333,-2.6579025592960575
0.0285433070866141,2842.5669470589796,-2.692200266144604
0.0280511811023622,2828.4248049857847,-2.627925676776105
0.0280511811023622,2819.945814741054,-2.595170578312678
0.0285433070866141,2829.841099930403,-2.66918475553761
0.0280511811023622,2846.818164481781,1.2667800249717642
0.0280511811023622,2848.230361087872,-2.5891975087877275
0.0285433070866141,2802.264506815335,-2.640307960070089
0.0285433070866141,2834.0882331226244,-2.6826810493948736
0.0280511811023622,2834.088451365737,-2.69086913801682
0.0285433070866141,2847.5233248440063,-2.1553419234315925
0.0280511811023622,2831.9641814769443,-2.6276144902940017
0.0280511811023622,2831.2562657956228,-2.6360584257016955
0.0280511811023622,2830.548513839666,-2.6314823772173255
0.0280511811023622,2843.9825816494276,-2.6262318117946095
0.0280511811023622,2829.840714842996,-2.6298107354943236
0.0285433070866141,2844.6913089926406,-2.1140821803581167
0.0280511811023622,2820.6545589498255,-2.6521586143933753
0.0280511811023622,2820.653999184858,-2.661793431293273
0.0280511811023622,2829.132765773414,-2.678463960866383
0.0280511811023622,2834.796461252514,-2.646953437484831
0.0280511811023622,2842.566949631393,-2.6493876221249852
0.0280511811023622,2834.7967089273993,-2.666620570424554
0.0280511811023622,2834.0883608145373,-2.651449242742329
0.0280511811023622,2844.6907910313153,-2.6559358438603478
0.0285433070866141,2843.275141803256,-2.6523764857781145
0.0280511811023622,2828.424801014055,-2.6243742922245983
0.0280511811023622,2829.840598382438,-2.6290210099869316
0.0285433070866141,2843.982613819034,-2.630278783093547
0.0280511811023622,2847.522109846358,-2.6170744421941827
0.0280511811023622,2819.9461827454193,-2.6371120130427403
0.0280511811023622,2819.237847465915,-2.5908270114516814
0.0280511811023622,2815.7067924843277,7.201034188323493
0.0280511811023622,2843.2770755880338,-0.26789344794117137
0.0285433070866141,2819.947624728558,-1.4744255726395443
0.0285433070866141,2831.2566661577107,-2.6705151002841134
0.0280511811023622,2842.570131102141,1.2541408336792335
0.0280511811023622,2846.108882621922,-0.4574455648446731
0.0285433070866141,2830.5502686323803,-0.29550848919569256
0.0285433070866141,2834.087963288957,-2.6225478030682376
0.0280511811023622,2845.3987030798,-2.472987778747038
0.0280511811023622,2843.274729891238,-2.6547367909615676
0.0280511811023622,2844.6907923100093,-2.6587200535659914
0.0285433070866141,2843.982864481689,-2.662128280803359
0.0280511811023622,2844.69072494003,-2.6684468320751145
0.0280511811023622,2834.0882893408248,-2.6712837640103957
0.0280511811023622,2828.4250657678676,-2.6400071125310376
0.0280511811023622,2834.0883209353187,-2.648444220571684
0.0280511811023622,2833.380212053094,-2.6775558081387145
0.0280511811023622,2834.7965613911388,-2.3237711562271066
0.0285433070866141,2846.817678942798,1.3679301804361386
0.0285433070866141,2829.134613034667,0.05102276010906766
0.0285433070866141,2843.2786223717917,2.1997268135754737
0.0280511811023622,2834.796220557621,-2.625505185730858
0.0280511811023622,2843.274717697081,-2.6469333659615217
0.0280511811023622,2831.9643774500164,-2.6735684746267827
0.0285433070866141,2834.088239043231,-2.627725726500788
0.0280511811023622,2833.380213970931,-2.6779227936161285
0.0280511811023622,2819.9492852463436,0.6005673159119764
0.0285433070866141,2817.829881658573,6.527093616867374
0.0275590551181102,2834.088555338203,-2.695639376366695
0.0275590551181102,2834.08828232624,-2.643147886527201
0.0275590551181102,2847.5221654392894,-2.6215835819973665
0.0275590551181102,2846.823019676313,7.170529478989414
0.0280511811023622,2833.3803333042483,-2.6527497395628967
0.0275590551181102,2847.5223434932936,-2.66077571297571
0.0275590551181102,2829.840365824949,-2.6434475839503477
0.0275590551181102,2842.566795248745,-2.6434232213386553
0.0275590551181102,2842.566869989123,-2.671164874055502
0.0275590551181102,2845.3982411586608,-2.615856435613771
0.0275590551181102,2844.6904504310405,-2.650070893211552
0.0275590551181102,2833.380757556787,-2.6433575032235557
0.0275590551181102,2847.522227451903,-2.645109633367028
0.0275590551181102,2829.8486678512827,7.196071019262577
0.0280511811023622,2846.10710170808,-2.636688470995248
0.0280511811023622,2828.43217974483,6.514550696119819
0.0275590551181102,2817.8242351084855,-0.3933590020018952
0.0275590551181102,2846.1068423928655,-2.674551692195154
0.0275590551181102,2829.840930651637,-2.3212860994024607
0.0275590551181102,2843.274732376094,-2.6588029273104823
0.0275590551181102,2846.1078885672596,-0.7247468846272992
0.0275590551181102,2830.5485803325323,-2.6662178227269657
0.0275590551181102,2833.3804566454673,-2.690370781558916
0.0275590551181102,2845.398511507256,-2.623396416866428
0.0275590551181102,2831.2563472503866,-2.6332948400306027
0.0280511811023622,2818.535284861747,3.2946151597648985
0.0275590551181102,2834.092691779525,2.695695145856699
0.0275590551181102,2831.9693066408445,3.4003952596660643
0.0275590551181102,2834.088357758285,-2.6476757407454357
0.0280511811023622,2842.567456602986,-2.6666922519083105
0.0275590551181102,2829.8406094133456,-2.630366645255918
0.0275590551181102,2834.7962294770978,-2.6362248771995143
0.0275590551181102,2834.088458178415,-2.654105758737656
0.0280511811023622,2831.9641573463705,-2.635869653633235
0.0275590551181102,2829.1327950495647,-2.651974543506392
0.0275590551181102,2830.5485650723617,-2.642922046452678
0.0275590551181102,2831.964689108833,-2.6631161663908505
0.0275590551181102,2843.9825194654945,-2.6079937170517273
0.0275590551181102,2834.7965591346438,-2.670411099450054
0.0275590551181102,2829.1325807044814,-2.630949658142253
0.0275590551181102,2804.3964813327766,7.197084542390399
0.0275590551181102,2831.9645674703634,-2.67727152655833
0.0275590551181102,2833.380126169888,-2.6256189660489153
0.0275590551181102,2834.0884515937437,-2.6852274115200188
0.0275590551181102,2831.966889407089,0.29260820037662105
0.0275590551181102,2846.106738444761,-2.1194519643286203
0.0275590551181102,2848.230887087863,-2.6738353870950284
0.0280511811023622,2834.7974945809756,-1.6397389471482375
0.0275590551181102,2847.523525135417,-1.076200631112697
0.0280511811023622,2834.7964463485214,-2.700012770211196
0.0275590551181102,2834.0886608683286,-2.6299938939803846
0.0275590551181102,2834.7959731791466,-2.6226885612886224
0.0275590551181102,2833.3805078752434,-2.6922648634973685
0.0280511811023622,2843.278075581189,1.0690866709929665
0.0280511811023622,2834.7993914339963,0.20179536716227184
0.0275590551181102,2834.7968435345365,-2.687648166793956
0.0275590551181102,2816.4148709265296,7.194986996086223
0.0275590551181102,2819.2383085007505,-2.65747575845228
0.0275590551181102,2846.8146763486925,-2.6426151172283805
0.0275590551181102,2832.672746674529,-2.6830482384842185
0.0275590551181102,2843.27471799791,-2.6477018242092885
0.0270669291338582,2831.9648806082882,-2.6700251545661575
0.0270669291338582,2830.548960174292,-2.6497716868133256
0.0270669291338582,2846.10898202554,-0.36286491280848143
0.0270669291338582,2829.8489143867664,7.19222495324691
0.0270669291338582,2830.5485818867724,-2.6585384644472487
0.0270669291338582,2817.8307926888815,7.196963281515748
0.0270669291338582,2833.3804057156553,-2.646786456519198
0.0270669291338582,2831.256526437638,-2.6443288753002516
0.0270669291338582,2844.6939682205643,1.210590931635853
0.0270669291338582,2834.796494362355,-2.668090453711646
0.0270669291338582,2830.5483071185586,-2.621098583326201
0.0270669291338582,2831.964580235345,-2.6839598589800793
0.0270669291338582,2832.6728931283633,-2.672269110097801
0.0270669291338582,2834.0879878191686,-2.6125268213142636
0.0270669291338582,2831.256243361271,-2.627945128031584
0.0270669291338582,2843.279192574442,2.098425379110869
0.0275590551181102,2831.968277745668,1.8467330814761749
0.0270669291338582,2834.088621994857,-2.6259230867618992
0.0270669291338582,2829.132649550339,-2.631698645113788
0.0270669291338582,2846.106770436934,-2.644372653794764
0.0270669291338582,2830.5486814306337,-2.619027498505608
0.0270669291338582,2829.840747337265,-2.644978499443237
0.0275590551181102,2847.5255441619884,0.2795130327100194
0.0270669291338582,2842.5670961921446,-2.3048723771310993
0.0270669291338582,2834.0885038290753,-2.491917680185574
0.0270669291338582,2834.79643807865,-2.6975033716272265
0.0275590551181102,2832.6721866207236,-2.635991347108287
0.0270669291338582,2834.7962925449124,-2.6621971591108915
0.0270669291338582,2847.5226397434712,-2.6461856693498427
0.0270669291338582,2829.1326279657856,-2.6323736203727193
0.0270669291338582,2817.1208141594047,5.273124486746144
0.0270669291338582,2829.8407117454894,-2.6458777343758544
0.0270669291338582,2834.0884901909653,-2.6902885504448677
0.0270669291338582,2830.5482983256884,-2.643623520760873
0.0275590551181102,2830.5489830037764,-2.667874590282709
0.0270669291338582,2846.1063058779364,-2.628645844024605
0.0275590551181102,2834.7973955376087,-1.796037804066535
0.0270669291338582,2831.9644408936906,-2.639146727118336
0.0270669291338582,2842.5673069790746,-2.4649696621678423
0.0270669291338582,2834.0893268711275,-1.9628388940713724
0.0270669291338582,2833.3805211400663,-2.6923457561436788
0.0270669291338582,2845.398229012453,-2.623416135509589
0.0270669291338582,2847.5226087330534,-2.4576370679543276
0.0270669291338582,2830.5486435647176,-2.645497964837239
0.0270669291338582,2829.1326069000024,-2.633348184148362
0.0270669291338582,2834.088294358788,-2.6708222666176296
0.0270669291338582,2820.6556555486695,-1.4319708951009433
0.0270669291338582,2833.380476427286,-2.6353417767102374
0.0270669291338582,2831.9646647110203,-2.665955311708606
0.0270669291338582,2828.424663797778,-2.6381352566965495
0.0270669291338582,2829.1330512459435,-2.6432981245005602
0.0270669291338582,2833.3803915538892,-2.6483069259921344
0.0270669291338582,2848.230874926002,-2.1171589323314226
0.0270669291338582,2831.9649885878093,-2.6334957095529936
0.0270669291338582,2831.256624566674,-2.6456415340443318
0.0270669291338582,2831.258434287554,-0.3680417110583338
0.0270669291338582,2829.840235075294,-2.632545354774865
0.0270669291338582,2834.0967091331877,7.172550096712334
0.0270669291338582,2832.672554909614,-2.6802162218896637
0.0275590551181102,2845.3988614952727,-2.3030901609681993
0.0275590551181102,2847.5239918037496,-1.4546721704371763
0.0270669291338582,2848.2305622829044,-2.6256217929442767
0.0275590551181102,2829.1326591178236,-2.6345191734276123
0.0270669291338582,2828.4247578721356,-2.623728598208473
0.0275590551181102,2828.429822231992,3.2370687081327496
0.0270669291338582,2833.3821400668944,-1.0635500287488338
0.0275590551181102,2833.3801457057284,-2.6386431162173865
0.0270669291338582,2832.6725221715396,-2.6695037060080518
0.0270669291338582,2831.2562833032594,-2.634665780142443
0.0270669291338582,2829.13263740053,-2.630211556512049
0.0265748031496063,2843.2821170280054,5.950607246466503
0.0270669291338582,2829.132608948057,-2.634373285276773
0.0265748031496063,2829.1326449192316,-2.6225373648605013
0.0265748031496063,2845.3988911843885,-2.274026641629448
0.0265748031496063,2820.661656668062,6.47811423412298
0.0265748031496063,2819.954663532572,7.192642839021067
0.0270669291338582,2818.5381936931344,6.483932633637251
0.0265748031496063,2834.79628823546,-2.6221433407370305
0.0265748031496063,2834.088741177482,-2.6512120950714606
0.0265748031496063,2829.840592818769,-2.651973857928979
0.0265748031496063,2845.398341572738,-2.6527475555985225
0.0265748031496063,2846.1063820868076,-2.65724988608303
0.0265748031496063,2817.8306802369825,7.190330429895029
0.0265748031496063,2843.2747933135593,-2.6727608831780603
0.0265748031496063,2842.566869338178,-2.6633974532716485
0.0265748031496063,2834.0881342514813,-2.6693964471859752
0.0265748031496063,2831.972820839138,7.184231063439213
0.0270669291338582,2832.6752074803903,-0.044127454910897375
0.0265748031496063,2831.964601058935,-2.6789593765676267
0.0265748031496063,2830.5482811830457,-2.6410739000109285
0.0265748031496063,2834.0884788985086,-2.591152435395351
0.0270669291338582,2847.525433427538,0.3277881886157987
0.0265748031496063,2834.0882863392017,-2.634532384637441
0.0265748031496063,2829.8442293356898,1.6411011321383315
0.0265748031496063,2831.25651982756,-2.663642386086178
0.0265748031496063,2833.384495160465,1.6164711759814168
0.0265748031496063,2842.5669253647216,-2.693629470352258
0.0270669291338582,2833.3802585809353,-2.675516857628063
0.0265748031496063,2846.1063448930936,-2.63373650394386
0.0265748031496063,2834.0885083331336,-2.691957508317785
0.0265748031496063,2819.2466924485607,7.193360617601518
0.0265748031496063,2847.5231546067425,-2.2742916637462156
0.0265748031496063,2829.840596944431,-2.647110184111031
0.0265748031496063,2843.982449386535,-2.6369217440816524
0.0265748031496063,2834.0883301060617,-2.661835652670102
0.0265748031496063,2829.1323950174133,-2.6152106680759077
0.0265748031496063,2833.380384949502,-2.6074817555854835
0.0265748031496063,2847.524835557588,0.05437877821909695
0.0265748031496063,2834.088458174477,-2.680123521121964
0.0265748031496063,2832.6725615438736,-2.681914333560769
0.0265748031496063,2847.5226373072314,-2.6454230588454877
0.0270669291338582,2818.5304129440374,-2.6300122868943685
0.0265748031496063,2843.9833923780116,-1.9187608928813515
0.0265748031496063,2829.840601574392,-2.6543046884038777
0.0265748031496063,2831.25665038576,-2.6542286041413536
0.0265748031496063,2832.672437288829,-2.667488694614806
0.0270669291338582,2820.654123230493,-2.6364547665321956
0.0265748031496063,2829.134429495886,-0.48420997838197527
0.0265748031496063,2820.6556068150176,-1.5608815092270816
0.0265748031496063,2829.8489856665387,7.183889723143324
0.0265748031496063,2818.5386441779046,7.201692780882379
0.0270669291338582,2828.424775037703,-2.6214349426507058
0.0265748031496063,2830.5485618258326,-2.6338150078987246
0.0265748031496063,2817.8226234830254,-2.2675599920449994
0.0265748031496063,2829.1326154467297,-2.6453738380217287
0.0265748031496063,2846.106278046694,-2.6302156314235625
0.0265748031496063,2834.796296423321,-2.6534968415224705
0.0270669291338582,2820.654174337986,-2.641707161343337
0.0270669291338582,2802.264158799294,-2.6414861881933716
0.0265748031496063,2832.672590349962,-2.697473621107137
0.0265748031496063,2831.265024938266,7.18076209856905
0.0265748031496063,2834.0903715604504,-0.6915944876961874
0.0265748031496063,2829.8490891093447,7.198084399497952
0.0265748031496063,2842.566893357284,-2.6334253786418778
0.0265748031496063,2818.530419841342,-2.623730326184543
0.0260826771653543,2831.9644868259384,-2.6553733284430923
0.0260826771653543,2842.56768218486,-2.109423034560049
0.0260826771653543,2830.5485413597967,-2.6290548041495856
0.0265748031496063,2843.2749238090078,-2.4840418518903995
0.0265748031496063,2831.2565474529065,-2.6627687931144575
0.0260826771653543,2843.2828255938193,7.198543316874235
0.0260826771653543,2843.279126156304,2.2840214520190427
0.0260826771653543,2820.6626357085306,7.197743973351306
0.0260826771653543,2842.567607095679,-2.1042907259013095
0.0260826771653543,2842.56781962001,-1.3635437889304705
0.0260826771653543,2845.3990511770558,-2.678490133154373
0.0260826771653543,2834.7970485602646,-1.9193369937277558
0.0260826771653543,2846.818260382108,1.7315385555722143
0.0260826771653543,2830.548316561511,-2.623450939078016
0.0265748031496063,2847.522575816139,-2.4409351457580826
0.0260826771653543,2819.9457849089968,-2.5875336784803635
0.0260826771653543,2846.108870794217,0.09067656301307152
0.0260826771653543,2834.088640471042,-2.69721312109993
0.0260826771653543,2834.0882194707083,-2.683134177517376
0.0260826771653543,2842.5667794556443,-2.632136771439515
0.0260826771653543,2829.1326509444907,-2.6412477066880187
0.0265748031496063,2833.3802638677903,-2.6833878553523745
0.0260826771653543,2842.5669198202977,-2.636713081479633
0.0265748031496063,2834.7967335428443,-2.5077091685910404
0.0260826771653543,2834.0886070778593,-2.6881667205825823
0.0260826771653543,2831.2649056993464,7.183849234568079
0.0260826771653543,2833.380461085877,-2.6323269052155793
0.0260826771653543,2802.2644937754035,-2.6390735289212475
0.0260826771653543,2820.654143865351,-2.656430623774376
0.0260826771653543,2830.5486842779333,-2.6196505349857095
0.0260826771653543,2828.4331991950653,7.192943364297391
0.0260826771653543,2842.566726947696,-2.592346509756997
0.0260826771653543,2843.274740278248,-2.6463474777538063
0.0265748031496063,2833.3842094033,1.2706496248090995
0.0260826771653543,2843.27457153037,-2.656373314294005
0.0260826771653543,2843.2753425442434,-2.4784518495328376
0.0265748031496063,2830.548584687535,-2.65311003191745
0.0260826771653543,2833.380415681987,-2.639054350429717
0.0260826771653543,2842.5667101056965,-2.635164670360338
0.0260826771653543,2831.9645648754963,-2.631520917391122
0.0260826771653543,2843.280017705968,3.917357514827959
0.0265748031496063,2834.088525607626,-2.690766940008516
0.0260826771653543,2842.5671745952086,-2.6517192227637194
0.0260826771653543,2834.0881938027383,-2.6227646903057162
0.0260826771653543,2842.5674808788044,-2.2707258287799514
0.0265748031496063,2831.9646006579133,-2.6400675545966372
0.0260826771653543,2834.7964485058164,-2.692724486788401
0.0260826771653543,2830.548884243173,-2.6469606241098096
0.0260826771653543,2829.1329733500247,-2.646308849957087
0.0260826771653543,2844.690498999903,-2.6719371919647434
0.0265748031496063,2832.6724668183583,-2.6200752498013404
0.0260826771653543,2832.67255716104,-2.6874158232114014
0.0260826771653543,2802.2645118859036,-2.6421997288460806
0.0260826771653543,2831.256522267607,-2.6634819079483765
0.0260826771653543,2830.5485537335817,-2.654507251195062
0.0260826771653543,2819.952188808702,3.7247305568620037
0.0260826771653543,2820.662072645305,6.456046590256545
0.0260826771653543,2845.4003974107923,-0.2733009445028929
0.0260826771653543,2834.7965838020887,-2.6829551711081496
0.0260826771653543,2843.2752637618846,-2.697975573134692
0.0260826771653543,2844.6907065796113,-2.6659578067467375
0.0260826771653543,2831.2565913818153,-2.679658158897216
0.0260826771653543,2829.8486754010464,7.208556063245528
0.0265748031496063,2842.5699464809663,0.5865260614085938
0.0260826771653543,2843.275404524762,-2.1143110870647663
0.0260826771653543,2831.2565075463785,-2.6408550244530935
0.0260826771653543,2831.967381289447,0.2603687446185432
0.0255905511811023,2817.1228773037633,7.20193070226401
0.0255905511811023,2834.8036295795328,6.276263385518216
0.0255905511811023,2831.2569731277504,-2.6601973124113236
0.0255905511811023,2834.7964611243415,-2.446190573292354
0.0255905511811023,2832.67412310186,-0.8207257367656781
0.0255905511811023,2843.2747986628115,-2.2499727234037814
0.0255905511811023,2829.132376153666,-2.621686260324381
0.0255905511811023,2843.9833620918994,-1.910500584154435
0.0255905511811023,2831.2566473757674,-2.637603972979135
0.0255905511811023,2831.2565302670596,-2.636258527657975
0.0255905511811023,2831.256518235766,-2.6499378374568408
0.0255905511811023,2831.964245776853,-2.6431775745061903
0.0255905511811023,2834.088084726001,-2.6431928023443794
0.0260826771653543,2832.6737499083943,-1.2240461906604108
0.0255905511811023,2820.654137611687,-2.6390415997110033
0.0255905511811023,2831.2565219846556,-2.643810238133267
0.0260826771653543,2831.9643754926474,-2.6732951433525147
0.0255905511811023,2831.2564188377864,-2.671139211747059
0.0255905511811023,2843.982915166577,-2.2582195865485586
0.0255905511811023,2848.2309362287438,-2.4430143999852274
0.0255905511811023,2831.964480818875,-2.6487585420254813
0.0255905511811023,2834.79664981336,-2.6402891203705727
0.0255905511811023,2820.6542399140867,-2.6740027579522607
0.0255905511811023,2828.4246334511736,-2.6376136721064993
0.0255905511811023,2829.1327481468365,-2.625772864470056
0.0260826771653543,2848.230134195062,-2.63103478302918
0.0255905511811023,2831.964397618137,-2.643411819252514
0.0255905511811023,2829.84067020041,-2.6334805609901255
0.0255905511811023,2842.5668054403077,-2.650428291010671
0.0255905511811023,2828.4325466495134,6.457586869954366
0.0255905511811023,2819.238249305568,-2.630349422726791
0.0255905511811023,2843.2745178256628,-2.639067808936672
0.0255905511811023,2833.380532402523,-2.6827068469977293
0.0255905511811023,2819.9542997172584,7.217995578300958
0.0255905511811023,2819.244367846343,4.420840639264942
0.0255905511811023,2830.548562665571,-2.6277321744123325
0.0260826771653543,2833.3846094992537,2.0878173705701837
0.0255905511811023,2831.964443973844,-2.6529976876639436
0.0255905511811023,2830.5485799715375,-2.64041105582967
0.0255905511811023,2834.796286086554,-2.6454518484906435
0.0255905511811023,2834.0884497474535,-2.6954832342503225
0.0255905511811023,2829.8405959680244,-2.655104528161032
0.0255905511811023,2831.964715221082,-2.672374608694147
0.0260826771653543,2846.106328238958,-2.6428870084713894
0.0255905511811023,2834.7962467476987,-2.642943293241896
0.0255905511811023,2831.9644341928242,-2.6527620238029956
0.0255905511811023,2832.6728876615116,-2.4994534380015456
0.0255905511811023,2817.122477680296,7.211182571219939
0.0255905511811023,2818.5308020938533,-2.6717141013745103
0.0255905511811023,2834.0885492538887,-2.667698956522466
0.0255905511811023,2834.796357134349,-2.6285793406583635
0.0255905511811023,2817.8306643777446,7.203401271780475
0.0255905511811023,2833.3832424975008,-0.07032744312180603
0.0255905511811023,2816.414519509507,7.214797429306126
0.0255905511811023,2845.398678949107,-2.6668738263375777
0.0255905511811023,2831.9649278450524,-2.673731553020579
0.0255905511811023,2831.9645004714225,-2.643780333630663
0.0255905511811023,2828.4246962263173,-2.6548106938993286
0.0255905511811023,2833.3804487096527,-2.6671563372656673
0.0255905511811023,2834.7963460227743,-2.662491454792623
0.0255905511811023,2843.280694422408,4.428125132310186
0.0255905511811023,2830.548573341289,-2.6451304253517627
0.0250984251968504,2831.9645006850915,-2.6687667562714683
0.0250984251968504,2834.796856456311,-2.671135952497102
0.0250984251968504,2829.132610208205,-2.6341333364466117
0.0250984251968504,2845.3985583091594,-2.6294491334524364
0.0250984251968504,2831.9646035795145,-2.639496488492734
0.0250984251968504,2831.2565225385324,-2.645525195213613
0.0250984251968504,2829.8403709263953,-2.6400347496398258
0.0250984251968504,2829.1323628221844,-2.6238860884087063
0.0250984251968504,2829.1331832613946,-2.6238353187451966
0.0250984251968504,2843.279109600456,2.471675307822305
0.0255905511811023,2830.5514921373906,0.3283772628587964
0.0255905511811023,2844.690817916201,-2.465382992964176
0.0250984251968504,2832.672536161991,-2.669868807558073
0.0250984251968504,2828.4246204526657,-2.625537768891936
0.0250984251968504,2819.950436385454,2.6759448611733365
0.0250984251968504,2828.42466316817,-2.615254537145985
0.0250984251968504,2833.380695759417,-2.6934122722734037
0.0250984251968504,2834.0885588606757,-2.6837275667254126
0.0250984251968504,2843.2752219874446,-2.6603438305132427
0.0250984251968504,2830.556952394,7.1919376883291575
0.0250984251968504,2831.964362231541,-2.6281290201914684
0.0250984251968504,2829.840364839831,-2.643116789742558
0.0250984251968504,2843.2753323122183,-2.6726737362319715
0.0250984251968504,2828.4334269065207,7.195729016919517
0.0250984251968504,2842.566943778604,-2.6838582837245935
0.0250984251968504,2834.088448256714,-2.6848585613580065
0.0250984251968504,2832.672213021128,-2.663298758842401
0.0250984251968504,2845.398181965328,-2.595375206092438
0.0250984251968504,2829.840385054454,-2.6498802631530913
0.0250984251968504,2834.088557430114,-2.305269894412534
0.0250984251968504,2843.982609442172,-2.6876730900052173
0.0250984251968504,2834.796287146036,-2.6479282178365438
0.0250984251968504,2846.814415069336,-2.6664635654718207
0.0250984251968504,2833.3802676337255,-2.6842596658131592
0.0250984251968504,2842.5669626996955,-2.650194456455152
0.0255905511811023,2831.9646094159334,-2.6336627648715236
0.0250984251968504,2834.795889762169,-2.602734758904198
0.0250984251968504,2843.9827173591752,-2.6635180162125316
0.0250984251968504,2834.088318296103,-2.649305840098793
0.0250984251968504,2815.706543327626,7.222388590909727
0.0250984251968504,2845.3986350500645,-2.6639876072150375
0.0250984251968504,2844.6907273916895,-2.6279659076532766
0.0250984251968504,2817.1166977887215,0.39999120031230806
0.0250984251968504,2833.3814374577773,-1.8895229659969435
0.0250984251968504,2834.0883180660744,-2.6678796935958347
0.0250984251968504,2820.654119558054,-2.6358664592999257
0.0250984251968504,2832.6727187166844,-2.2632411576255738
0.0255905511811023,2833.3803464178,-2.6430168578942332
0.0255905511811023,2832.6723894795764,-2.316825742618206
0.0255905511811023,2843.274869203931,-2.642058824926125
0.0250984251968504,2832.680807204799,7.190436991693633
0.0250984251968504,2829.840613724083,-2.631144115558447
0.0250984251968504,2842.566723041054,-2.616270647437162
0.0250984251968504,2834.7999393918417,1.5067283017989572
0.0255905511811023,2831.9674832448077,0.871262166547808
0.0250984251968504,2834.0937156674345,3.5877877693980262
0.0250984251968504,2828.4276118269227,0.766067550472169
0.0250984251968504,2830.5485668978295,-2.6429603549865304
0.0250984251968504,2831.964479245136,-2.647095478254662
0.0250984251968504,2820.657377564442,1.139763965419934
0.0255905511811023,2834.09133445773,0.11772670454141199
0.0250984251968504,2834.0884094410885,-2.655410336467476
0.0246062992125984,2842.566748113197,-2.6345887630583387
0.0246062992125984,2805.803922174604,-2.652727306826122
0.0250984251968504,2828.42469399587,-2.6227903082634088
0.0246062992125984,2828.4331457947383,7.215593636570126
0.0246062992125984,2818.535821630354,4.128362079404316
0.0250984251968504,2847.5237783488687,-1.1168812424493817
0.0246062992125984,2847.5310239943915,7.196538387830703
0.0246062992125984,2830.548383823296,-2.663402863316127
0.0250984251968504,2831.9644833954667,-2.6544114301488064
0.0246062992125984,2820.6542236889413,-2.659754034953189
0.0246062992125984,2842.566919719801,-2.6823650186454815
0.0246062992125984,2831.965293383964,-1.6698595382855657
0.0246062992125984,2829.840726292171,-2.623757113530492
0.0246062992125984,2831.256661086234,-2.6489336773180523
0.0246062992125984,2846.8146456046197,-2.6294739725616147
0.0250984251968504,2829.8406062208865,-2.630541600852105
0.0246062992125984,2842.5751831956723,7.195253960022764
0.0250984251968504,2833.3816846773952,-1.1579891017851929
0.0246062992125984,2831.9691157837756,3.155591402688393
0.0250984251968504,2834.088376544766,-2.657670579155838
0.0246062992125984,2845.398504647174,-2.6305267363362597
0.0246062992125984,2833.3803880465084,-2.6441135637550737
0.0246062992125984,2846.1064796480937,-2.6769539881158844
0.0250984251968504,2829.840526997942,-2.6483740614117335
0.0246062992125984,2848.230770135457,-2.263620129217559
0.0246062992125984,2833.3807443294595,-2.6363206763221156
0.0246062992125984,2843.274844789663,-2.6306645341845045
0.0246062992125984,2834.7960823788153,-2.656401397892365
0.0246062992125984,2833.380233307082,-2.625141966004801
0.0246062992125984,2842.5670773375778,-2.687063501002329
0.0246062992125984,2834.7973592759354,-1.4634655582508216
0.0246062992125984,2828.4281636271385,1.6446260167022198
0.0250984251968504,2843.982473612241,-2.6509874394816935
0.0246062992125984,2803.688560983512,7.216380981423116
0.0246062992125984,2834.7963507507425,-2.66889337458679
0.0250984251968504,2830.548554567657,-2.6409023224996018
0.0246062992125984,2833.3802558219336,-2.6733588795451797
0.0246062992125984,2833.3802622674666,-2.680546131267827
0.0246062992125984,2834.7962572444494,-2.655624280495556
0.0246062992125984,2834.7963719617214,-2.6411698799655365
0.0246062992125984,2847.5238631387906,-0.7062724758807823
0.0246062992125984,2829.844804257922,2.192224464434861
0.0246062992125984,2831.2565417080787,-2.659579591504803
0.0246062992125984,2842.566666976335,-2.6767321042416423
0.0246062992125984,2830.556958405218,7.196746165876712
0.0246062992125984,2819.2383765378245,-2.6280872253167056
0.0246062992125984,2832.672317417047,-2.6707000386741995
0.0246062992125984,2819.2382502556466,-2.6323586634321527
0.0246062992125984,2830.5487846002393,-2.658233673483292
0.0246062992125984,2834.7966272953627,-2.2803945502609895
0.0246062992125984,2831.2564897421807,-2.6456721983074334
0.0246062992125984,2834.797839201579,-1.288453601112346
0.0250984251968504,2834.796516582225,-2.6790440973722522
0.0246062992125984,2843.276049338417,-1.2993306626521335
0.0246062992125984,2847.5226645168627,-2.6571190230297255
0.0246062992125984,2818.5383096140927,6.624610818522147
0.0250984251968504,2843.2748967889333,-2.656597707077397
0.0246062992125984,2832.672599377109,-2.686430901545574
0.0246062992125984,2831.256515395122,-2.6214324794807444
0.0246062992125984,2834.796211152129,-2.6153460731104206
0.0250984251968504,2800.1402868517744,-2.6346745946812833
0.0241141732283464,2829.840714564462,-2.62859904680877
0.0241141732283464,2829.840714564462,-2.62859904680877
0.0241141732283464,2843.275140425743,-2.6631798421971022
0.0246062992125984,2801.5561789773365,-2.639395619428472
0.0241141732283464,2834.796552337069,-2.4520918425649487
0.0246062992125984,2846.8152750660543,-1.855831767782197
0.0241141732283464,2847.524171180593,-0.25468865356242437
0.0246062992125984,2834.088029985478,-2.632904725832152
0.0246062992125984,2802.972052751945,-2.634914391286855
0.0241141732283464,2843.2755489366637,-1.6678765809126699
0.0241141732283464,2802.2644934008326,-2.6389166976425105
0.0246062992125984,2834.7968934698065,-2.6545281118304564
0.0241141732283464,2829.13262536204,-2.632892174853643
0.0241141732283464,2802.2641452621474,-2.6374992334149625
0.0241141732283464,2832.6730031015236,-2.7023497879711176
0.0241141732283464,2834.088673380303,-2.6956141747899887
0.0241141732283464,2842.567242647514,-2.2858456038412536
0.0241141732283464,2831.964441697865,-2.639848025969578
0.0241141732283464,2831.2609484301283,2.893603823609084
0.0241141732283464,2828.4244199949367,-2.6402431896118244
0.0241141732283464,2845.401864618705,0.6935613254545169
0.0241141732283464,2818.538011539756,6.425444702561766
0.0241141732283464,2844.693563177956,0.6881391139629134
0.0241141732283464,2843.2828573503084,7.215950817287606
0.0241141732283464,2829.8462043433374,3.460090411997599
0.0241141732283464,2828.4296643951448,3.085123475846455
0.0241141732283464,2843.982992309229,-2.691410112170568
0.0241141732283464,2832.672916990459,-2.672158291999741
0.0241141732283464,2834.796500798924,-2.595561304660773
0.0241141732283464,2832.6729688411087,-2.69652241924111
0.0241141732283464,2830.5485480075695,-2.6397536158551165
0.0241141732283464,2843.9829248538776,-2.222418660175778
0.0241141732283464,2844.690821430869,-2.69877330880621
0.0246062992125984,2833.385766700999,3.1222267013623415
0.0241141732283464,2842.569976230505,0.4809234610945519
0.0241141732283464,2842.566705678982,-2.6742495311293295
0.0241141732283464,2831.9645930215693,-2.6804672719774048
0.0241141732283464,2833.3805151906868,-2.6865915739499453
0.0246062992125984,2834.0887842454244,-2.6351252810159735
0.0241141732283464,2818.5384023849747,7.217843058564291
0.0241141732283464,2848.232677542918,0.3363303054560438
0.0241141732283464,2846.8145039936358,-2.6453183499583224
0.0241141732283464,2844.690505034306,-2.4176070880491864
0.0241141732283464,2831.256983376803,-2.6700597128893184
0.0241141732283464,2831.2565276364644,-2.6463979424612645
0.0246062992125984,2842.5669701296283,-2.3993381197876094
0.0241141732283464,2832.6724180635156,-2.6573633400547574
0.0241141732283464,2831.2562454582107,-2.6166071003323412
0.0241141732283464,2843.2754347206965,-1.8624863318766973
0.0241141732283464,2833.3804721284832,-2.690095841372448
0.0241141732283464,2830.548677530101,-2.6328757825893763
0.0241141732283464,2834.0883466928904,-2.653733922359654
0.0241141732283464,2843.9834077083815,-1.88096976991286
0.0241141732283464,2833.3803678560994,-2.6456097950976214
0.0241141732283464,2834.088491634517,-2.6918522378464385
0.0241141732283464,2843.274795413287,-2.6074531720471743
0.0241141732283464,2817.8224745956622,-2.626926487326918
0.0241141732283464,2833.38026999196,-2.684818650584429
0.0241141732283464,2844.691421249962,-1.8617675818539738
0.0241141732283464,2831.2583996945423,-1.080280267946335
0.0241141732283464,2830.548748572982,-2.668065256400883
0.0241141732283464,2829.1327450205117,-2.625305686865327
0.0241141732283464,2842.567177350633,-2.6516631475793817
0.0241141732283464,2832.672816791834,-2.6485439266229815
0.0246062992125984,2832.6729436173396,-2.6900055294835905
0.0241141732283464,2801.556138254017,-2.630429046068628
0.0241141732283464,2843.982896617039,-2.4481018293255565
0.0241141732283464,2831.2650055483605,7.204933172235012
0.0241141732283464,2834.0967035858457,7.19524407508189
0.0241141732283464,2842.567511903284,-2.250229785001732
0.0246062992125984,2833.380523422884,-2.6854072970684846
0.0241141732283464,2843.275250695575,-1.642346155995216
0.0241141732283464,2831.256832298005,-2.0739168739322698
0.0241141732283464,2833.3804977074615,-2.681975073910807
0.0241141732283464,2829.840707090896,-2.623763471076422
0.0241141732283464,2846.1147009095234,7.2034998931079235
0.0241141732283464,2834.08834877026,-2.6453611280036244
0.0241141732283464,2829.84062218889,-2.636824416410817
0.0241141732283464,2844.690786588358,-2.65662651006724
0.0241141732283464,2846.1065951149976,-2.656273831663712
0.0236220472440944,2831.256526438182,-2.661485641357388
0.0241141732283464,2833.3836830481728,0.6713730999220807
0.0236220472440944,2845.3989342201903,-2.453373319012666
0.0236220472440944,2830.556675368641,7.219365787598269
0.0236220472440944,2842.5668908450393,-2.4377931004477063
0.0236220472440944,2828.4247446344943,-2.6205132737082555
0.0236220472440944,2846.8162855084156,-0.20998542307193868
0.0236220472440944,2818.5387760805806,7.2171210891777084
0.0236220472440944,2834.796445110829,-2.6741479655032347
0.0241141732283464,2833.3805215250263,-2.6997871123414034
0.0236220472440944,2843.2752624165023,-2.053851108085457
0.0236220472440944,2831.9645867885492,-2.680549566318575
0.0246062992125984,2834.8012165798114,3.536806824665677
0.0236220472440944,2831.969703226929,3.79074611559318
0.0241141732283464,2834.088818519923,-2.0597192086756606
0.0236220472440944,2830.556146826393,6.6109107791586705
0.0236220472440944,2819.2463725543553,7.223058532491739
0.0236220472440944,2831.256532942942,-2.641705363462551
0.0241141732283464,2834.7963164263488,-2.671061379029878
0.0236220472440944,2846.1082416381896,-0.6423602792652784
0.0236220472440944,2829.1408945186417,7.227525114841215
0.0241141732283464,2834.0885104605086,-2.690202518465628
0.0236220472440944,2845.3983562714316,-2.6406906181917686
0.0236220472440944,2843.2751480953716,-2.654070257655313
0.0236220472440944,2829.8403406741622,-2.6420414684916893
0.0236220472440944,2843.2747455829067,-2.236292001388528
0.0241141732283464,2832.6725390715496,-2.6900866578673615
0.0236220472440944,2832.672573523926,-2.6884215547434414
0.0236220472440944,2843.982989823222,-2.6288700445419586
0.0236220472440944,2829.132988391792,-2.251241282173462
0.0236220472440944,2830.5485517547127,-2.6405315384064925
0.0236220472440944,2847.523069171957,-2.2207254081132772
0.0236220472440944,2842.5667333805045,-2.6608314438125995
0.0236220472440944,2830.548284358032,-2.6396534093527793
0.0236220472440944,2843.9824883166016,-2.386770360716505
0.0241141732283464,2845.398256481084,-2.629896638972224
0.0236220472440944,2829.8406138958535,-2.653212718028856
0.0241141732283464,2833.380508864002,-2.6868161126376164
0.0241141732283464,2832.6725861522837,-2.650029565666489
0.0236220472440944,2834.088211598259,-2.6191228590966715
0.0236220472440944,2830.5487068861235,-2.6338759094587867
0.0236220472440944,2816.4147671402106,7.2213539694312985
0.0236220472440944,2831.2564920345535,-2.653318285763892
0.0241141732283464,2800.848243857242,-2.636815196746326
0.0241141732283464,2847.526776981771,1.6669107142988229
0.0241141732283464,2843.9823543289062,-2.6206863345203653
0.0241141732283464,2845.4020260905195,0.892418390096291
0.0236220472440944,2819.2378888914864,-2.6017335841685143
0.0236220472440944,2846.8167181836075,-0.018935376281752892
0.0236220472440944,2834.088273054628,-2.6257531852312406
0.0236220472440944,2831.256281881319,-2.6482378704301155
0.0241141732283464,2832.6730015665717,-2.7011663941317456
0.0236220472440944,2842.5667512927935,-2.6452283912275005
0.0236220472440944,2834.0882015400616,-2.586599400732672
0.0241141732283464,2846.1069017299806,-2.635981527525574
0.0236220472440945,2843.2766341656643,-0.010440555985987348
0.0236220472440944,2834.7964925187744,-2.6985379325277155
0.0241141732283464,2834.7965125965384,-2.6801808852654414
0.0231299212598425,2846.8145780119953,-2.6636647312597366
0.0236220472440944,2802.9720801807407,-2.639995107192918
0.0231299212598425,2846.1070214072606,-2.2174535620560496
0.0231299212598425,2820.6543065247406,-2.6365817860732004
0.0231299212598425,2846.8152817802847,-2.0488164769585824
0.0231299212598425,2834.0884765423607,-2.445350222639977
0.0236220472440944,2834.0885873815623,-2.6807833490099995
0.0236220472440944,2833.3805151938623,-2.6868592466609864
0.0231299212598425,2834.088246258008,-2.592907658226858
0.0231299212598425,2844.690741954032,-2.641603845940758
0.0231299212598425,2843.274896292586,-2.657501340183248
0.0231299212598425,2832.6775235715913,3.307925887451723
0.0236220472440944,2843.9830507095453,-2.261712001713401
0.0236220472440944,2834.0882481591298,-2.679889524031388
0.0231299212598425,2843.982841885281,-2.647940913312323
0.0231299212598425,2844.690537928709,-2.585990556149886
0.0231299212598425,2829.132768805661,-2.6443425779842147
0.0231299212598425,2834.088605287681,-2.6801339746074153
0.0231299212598425,2846.8145747450217,-2.6563742863388495
0.0231299212598425,2820.6566767743566,-0.4041692540972318
0.0236220472440944,2831.256642280991,-2.651536024368424
0.0231299212598425,2820.6541669413696,-2.6476397591794716
0.0231299212598425,2828.4246413532187,-2.626495939848714
0.0231299212598425,2820.654157046788,-2.639188291340943
0.0231299212598425,2845.3983551442875,-2.6503320677493565
0.0236220472440944,2834.7962541504066,-2.655229149889363
0.0231299212598425,2834.7962487597065,-2.646539433362871
0.0231299212598425,2834.088564506455,-2.674729409137409
0.0231299212598425,2833.380103443867,-2.576015946420076
0.0231299212598425,2833.380619524046,-2.6750799645639813
0.0231299212598425,2801.5561733189643,-2.63963621415774
0.0231299212598425,2829.8407170595724,-2.630261026320637
0.0231299212598425,2833.3803889036444,-2.647750696928067
0.0236220472440944,2834.0885028314206,-2.6880658148001424
0.0231299212598425,2844.6918102585705,-1.20902964102712
0.0236220472440944,2847.523226572056,-2.0659377194171524
0.0231299212598425,2845.3985543122876,-2.6487710140643697
0.0231299212598425,2830.54830199152,-2.6238758202748698
0.0231299212598425,2830.5486832917545,-2.6309228316534035
0.0236220472440944,2843.9829957148118,-2.046779467445947
0.0231299212598425,2848.230223449091,-2.651023376986708
0.0231299212598425,2843.9826917407677,-2.648288407726307
0.0236220472440944,2834.088422047619,-2.650018288680278
0.0231299212598425,2843.277525738768,0.834643052388443
0.0231299212598425,2833.3806909593322,-2.220341959174835
0.0231299212598425,2834.7965832742757,-2.6952531975222684
0.0231299212598425,2832.6730041936444,-2.7029879442197813
0.0231299212598425,2819.946303540069,-2.6697361782076303
0.0231299212598425,2845.400685049549,-0.3909066151198849
0.0231299212598425,2829.848448558204,6.602467633371887
0.0231299212598425,2828.425079835653,-2.6335959192201086
0.0231299212598425,2847.5231804197692,-1.7836407397240235
0.0231299212598425,2815.706582359986,7.253072691594408
0.0236220472440944,2832.6725854444894,-2.6754024855591765
0.0231299212598425,2845.3991985361827,-2.003739802707646
0.0231299212598425,2842.5668013240816,-2.632802467670915
0.0231299212598425,2834.796246982917,-2.673994475367602
0.0236220472440944,2831.964189272278,-2.645611578882998
0.0231299212598425,2846.8147779828864,-2.6761421679545885
0.0231299212598425,2831.9645155569315,-2.666110777606927
0.0231299212598425,2844.6906569213475,-2.663920540260765
0.0231299212598425,2832.6726386336354,-2.417056894670608
0.0231299212598425,2848.230882426612,-2.6676546043631038
0.0231299212598425,2833.380647048144,-2.6835577377345645
0.0236220472440944,2834.0880995093808,-2.572683246663651
0.0236220472440944,2831.2564221311723,-2.646320092535801
0.0231299212598425,2844.690619323524,-2.638183405698781
0.0231299212598425,2846.8142614946896,-2.640621174236889
0.0231299212598425,2834.088912288913,-2.4615865486104234
0.0226377952755905,2834.79646659576,-2.428603420841652
0.0226377952755905,2833.3806084568273,-2.686914982635722
0.0226377952755905,2831.256503994834,-2.6353941216113745
0.0226377952755905,2834.0885255424905,-2.4450999378387
0.0231299212598425,2834.7970022807117,-2.4476990890243395
0.0226377952755905,2834.0881491190494,-2.6839416779988308
0.0226377952755905,2831.96420863568,-2.6381532772216856
0.0226377952755905,2848.2305290076047,-2.6275165632339066
0.0226377952755905,2834.7969490448695,-2.477107344540074
0.0226377952755905,2819.2386932191703,-2.6665896445281447
0.0226377952755905,2831.9728880398025,7.208711987559884
0.0226377952755905,2830.5485615504185,-2.640287573561587
0.0226377952755905,2834.7962453065707,-2.651119371312277
0.0226377952755905,2844.690671156797,-2.658526142523429
0.0226377952755905,2831.964442337733,-2.65351778098901
0.0226377952755905,2829.8406039035362,-2.635091119980238
0.0226377952755905,2842.5672773768797,-2.6668514191352912
0.0226377952755905,2819.9462169477856,-2.6510395872824075
0.0226377952755905,2834.8012692261423,3.0218809770546864
0.0226377952755905,2843.991017587455,7.011033127864177
0.0226377952755905,2829.8487808022105,7.001057524009177
0.0226377952755905,2819.9476715529067,-0.9759674115718762
0.0226377952755905,2847.523097834464,-2.442699230936095
0.0226377952755905,2833.38066901345,-2.683451887916876
0.0226377952755905,2832.6724497966934,-2.6467184624245994
0.0231299212598425,2833.380175876675,-2.682503483892597
0.0226377952755905,2843.2759565227616,-1.381464473238713
0.0226377952755905,2834.0882420852304,-2.5978415736074156
0.0231299212598425,2833.3855180724436,3.7179616097869523
0.0226377952755905,2817.830819300894,7.227153508827336
0.0226377952755905,2833.38054296513,-2.6978019084756784
0.0226377952755905,2829.840607446763,-2.641734261222761
0.0226377952755905,2831.964469848712,-2.6458060873590266
0.0226377952755905,2832.67287417183,-2.680167585964762
0.0231299212598425,2834.7963783046216,-2.6773955624150925
0.0226377952755905,2834.0882395755475,-2.63580226270084
0.0226377952755905,2834.0883091844435,-2.6548368853486517
0.0226377952755905,2847.5227597603184,-2.424468154619137
0.0226377952755905,2832.672550174216,-2.682667412379473
0.0226377952755905,2831.9646264792755,-2.6795010772216634
0.0231299212598425,2842.56670261166,-2.6400593631284424
0.0226377952755905,2828.424622619045,-2.6285200093925982
0.0226377952755905,2819.946327381843,-2.6763697317441095
0.0226377952755905,2832.6722938403177,-2.68525644537281
0.0226377952755905,2842.5670539726907,-1.9896670832428773
0.0226377952755905,2845.3982421925725,-2.6161503734547735
0.0226377952755905,2842.575341259896,7.208059093706608
0.0231299212598425,2829.1393959069565,5.170393142853968
0.0226377952755905,2800.1404995502007,-2.6326078530413293
0.0231299212598425,2833.3802257775237,-2.6756813994759057
0.0226377952755905,2834.0889877828013,-2.4272720222087183
0.0226377952755905,2805.804149760661,-2.657011784526609
0.0226377952755905,2842.5680291503877,-1.208364379100693
0.0226377952755905,2846.106654470241,-2.666055403903951
0.0226377952755905,2847.5275688616803,3.6542444713374773
0.0231299212598425,2832.672292203744,-2.669218393264673
0.0226377952755905,2817.8305773913776,7.241639806101952
0.0226377952755905,2833.380472570306,-2.6896413010895333
0.0226377952755905,2846.814424710275,-2.6165731990028123
0.0226377952755905,2834.796491819025,-2.6998104577876276
0.0226377952755905,2848.232589172031,-0.11579113430204564
0.0226377952755905,2834.7964290985738,-2.5916340595657172
0.0226377952755905,2820.662178373382,6.582668193875805
0.0226377952755905,2820.6541566694145,-2.6353073822354607
0.0226377952755905,2819.2393681328804,-1.8070099466975391
0.0226377952755905,2848.2305588573095,-2.634881736927478
0.0226377952755905,2832.672319887518,-2.587426751109356
0.0226377952755905,2848.232076040241,-0.7492336660375531
0.0226377952755905,2844.691047225681,-2.6609922470835192
0.0226377952755905,2829.133089288432,-2.629435329223901
0.0226377952755905,2843.9831752136306,-1.781295438467944
0.0226377952755905,2832.67255198804,-2.639325234306431
0.0226377952755905,2834.796176468857,-2.6059767895017467
0.0226377952755905,2818.5300401915474,-2.624468374673253
0.0231299212598425,2828.428409427906,1.260356828083374
0.0231299212598425,2806.5118599345287,-2.6519726124087164
0.0226377952755905,2846.814449701782,-2.680780492231366
0.0226377952755905,2844.690824305631,-2.6563114070181935
0.0221456692913385,2847.5246212997067,0.14749816129045293
0.0221456692913385,2817.8223085586997,-2.623825279811106
0.0221456692913385,2830.548751366181,-2.661190519411195
0.0221456692913385,2829.8418004254495,-1.3432811427854379
0.0221456692913385,2819.246623102919,7.221476617801945
0.0221456692913385,2834.80009393786,2.0663216479839153
0.0221456692913385,2848.233180472365,0.7755050302260212
0.0221456692913385,2829.8405748234595,-2.6311404174564648
0.0221456692913385,2832.6729150736796,-2.6738923574282625
0.0221456692913385,2829.8488638913245,7.238411493472334
0.0221456692913385,2846.1068073079127,-2.662734265517995
0.0221456692913385,2829.1360055062664,1.67075334604953
0.0226377952755905,2834.0887989869398,-2.640920314815968
0.0221456692913385,2843.274822522851,-2.616970940841769
0.0226377952755905,2834.0884974164323,-2.6910065108111745
0.0226377952755905,2833.3804890699403,-2.675086324764244
0.0226377952755905,2831.96450149292,-2.654492242599072
0.0221456692913385,2847.522667520609,-2.644841709711643
0.0221456692913385,2833.3803509153163,-2.6515092999575067
0.0221456692913385,2829.840711348641,-2.6412703584467296
0.0226377952755905,2833.3804000922155,-2.642565934252905
0.0221456692913385,2843.274774122524,-2.6595722083914404
0.0221456692913385,2842.5666780085935,-2.63990683617036
0.0221456692913385,2828.4246557632723,-2.6362891315746144
0.0221456692913385,2830.548827937341,-2.645540672672573
0.0221456692913385,2802.972047224806,-2.634039390187419
0.0221456692913385,2848.2305910605846,-2.656049286105882
0.0221456692913385,2831.9643262103805,-2.6616782653329056
0.0221456692913385,2842.5668145526924,-2.6570902740721873
0.0221456692913385,2820.6545538211944,-2.6372763262842245
0.0226377952755905,2843.983227494758,-1.5520375345583814
0.0226377952755905,2829.8410533453275,-2.649421389355401
0.0221456692913385,2834.7963042733213,-2.667307747920418
0.0221456692913385,2834.8050896477607,7.208780396562659
0.0221456692913385,2831.9643283411438,-2.6642767988495106
0.0226377952755905,2831.2586002066673,-0.13225055575999886
0.0221456692913385,2834.796686421792,-2.6549827021443955
0.0226377952755905,2844.690597509906,-2.6450703661660775
0.0221456692913385,2834.08848521902,-2.6496954587404185
0.0221456692913385,2834.0884713503656,-2.646624292970093
0.0221456692913385,2831.9649007863222,-2.6636202887757143
0.0221456692913385,2816.4145136244647,7.24484359820777
0.0221456692913385,2829.8406050944454,-2.654577020253865
0.0221456692913385,2831.256246368907,-2.6453425557222268
0.0221456692913385,2829.1326415435465,-2.650546745758251
0.0221456692913385,2832.6723498797305,-2.6200235688215425
0.0226377952755905,2848.2302142576896,-2.6477067813717987
0.0221456692913385,2845.398275248043,-2.63311638953128
0.0221456692913385,2833.380636834622,-2.678008557172154
0.0221456692913385,2834.7967820197896,-2.6854043482196563
0.0221456692913385,2791.661760267322,-2.6307139182638446
0.0221456692913385,2846.1063511647,-2.6510041851166144
0.0221456692913385,2846.1080763225573,-0.9369789462345529
0.0221456692913385,2831.964615941873,-2.6843877213076124
0.0221456692913385,2845.399055289185,-2.205830266938464
0.0221456692913385,2832.672464580923,-2.6539227175934985
0.0221456692913385,2843.2752995465953,-2.009019939186003
0.0221456692913385,2818.53031205411,-2.635023364617998
0.0221456692913385,2843.2747581446147,-2.6721267754791187
0.0221456692913385,2830.5485688267718,-2.6329107467297193
0.0221456692913385,2833.3808646897733,-2.663447812232029
0.0221456692913385,2848.231862278049,-1.1440224570919406
0.0221456692913385,2843.275010622765,-2.6788939208182327
0.0221456692913385,2828.424810894683,-2.6296335026269086
0.0221456692913385,2815.7065894839275,7.243850525893978
0.0226377952755905,2834.0891528303046,-1.8483643395956078
0.0221456692913385,2833.3804768319933,-2.681175854642351
0.0221456692913385,2828.4247715022348,-2.626485488922481
0.0221456692913385,2830.5567487097105,7.0098637788331875
0.0221456692913385,2829.1326234330463,-2.647420545833418
0.0221456692913385,2843.9828548091878,-2.6935570269414697
0.0221456692913385,2830.551657972051,1.016540038682284
0.0221456692913385,2831.9645925670607,-2.6366635137833967
0.0221456692913385,2829.132601454266,-2.6498706596748525
0.0216535433070866,2829.8404722866912,-2.6239912554976974
0.0216535433070866,2831.964880622615,-2.6529154406750357
0.0216535433070866,2834.088378568072,-2.6766886669408056
0.0216535433070866,2834.7965683390444,-2.684279424905441
0.0216535433070866,2828.424651747002,-2.63509355696268
0.0216535433070866,2830.5485810644054,-2.6642815486777636
0.0216535433070866,2819.242218103575,1.5319687528625632
0.0216535433070866,2846.8175278568647,0.8727940029722512
0.0216535433070866,2834.088488037372,-2.687727552600483
0.0216535433070866,2834.088500059128,-2.6877881608128287
0.0216535433070866,2844.699047404804,7.222357578813691
0.0216535433070866,2831.256536266999,-2.652143943844543
0.0216535433070866,2843.2747068606445,-2.6363308714592324
0.0216535433070866,2805.804162279934,-2.657817226490981
0.0216535433070866,2834.7973155087407,-1.5244538539752646
0.0216535433070866,2843.275484827646,-2.434811103541492
0.0216535433070866,2831.972896704613,7.218040380706855
0.0216535433070866,2817.8308651353846,7.232701040776186
0.0216535433070866,2832.672340584431,-2.6776035870176096
0.0216535433070866,2819.9538199278745,6.56940125731824
0.0216535433070866,2845.3984857979904,-2.681600887052318
0.0221456692913385,2829.8439479884523,0.7840113260377616
0.0216535433070866,2818.538700041032,7.230272754745698
0.0221456692913385,2830.548893871304,-2.2265614164484884
0.0221456692913385,2833.3806490190077,-2.4713353359403887
0.0221456692913385,2845.4002451252645,-0.7137004476577165
0.0216535433070866,2833.383140797579,-0.04419730407909867
0.0221456692913385,2831.9644921829567,-2.6615905689386206
0.0221456692913385,2845.3989392877697,-2.4327923238370395
0.0216535433070866,2831.2566581372635,-2.6559903167443153
0.0216535433070866,2829.141170679831,7.225244883373865
0.0216535433070866,2842.5667337710165,-2.6421702472140427
0.0221456692913385,2831.964470341725,-2.6594345373566846
0.0216535433070866,2845.3986880084744,-2.685485762684835
0.0216535433070866,2846.8145098672867,-2.644937189383335
0.0216535433070866,2844.690844988043,-2.4407378694660915
0.0216535433070866,2819.9461726974405,-2.6393116968738646
0.0216535433070866,2819.9462223774344,-2.655807877612959
0.0221456692913385,2834.7960211538275,-2.636681189532864
0.0216535433070866,2829.840619883144,-2.628601406183511
0.0216535433070866,2834.7965904800217,-2.704355593010451
0.0216535433070866,2842.566935039744,-2.6869123192621385
0.0216535433070866,2831.2562828200535,-2.6339732489921084
0.0216535433070866,2819.946350018014,-2.6344044030542477
0.0221456692913385,2847.523025746949,-2.6375075589723513
0.0216535433070866,2847.526218564058,1.9664920664457328
0.0216535433070866,2830.548575419497,-2.631278337210014
0.0216535433070866,2831.256532619042,-2.6335002851096223
0.0216535433070866,2842.566715574632,-2.5842480292525036
0.0216535433070866,2833.380734395309,-2.6262086339588455
0.0216535433070866,2834.0893644788866,-2.240141879614584
0.0216535433070866,2844.6991394662614,7.2181002346382925
0.0216535433070866,2803.680018498202,-2.640336639234088
0.0216535433070866,2834.803070097876,5.697950217352939
0.0221456692913385,2845.398654543042,-2.636773172752697
0.0216535433070866,2843.9824919181883,-2.6551109623304185
0.0221456692913385,2834.088790404203,-2.639509153639946
0.0216535433070866,2834.0882174435533,-2.619979828173695
0.0216535433070866,2834.796447693639,-2.6925166946616064
0.0216535433070866,2834.088501598006,-2.6822413749979614
0.0216535433070866,2833.38053329455,-2.688072798862389
0.0216535433070866,2817.1228752928214,7.242064883680287
0.0216535433070866,2829.841007375615,-2.6497166268254477
0.0216535433070866,2842.567138435539,-2.6353375933378764
0.0216535433070866,2847.525389662678,0.45799029771516203
0.0221456692913385,2831.2562771864855,-2.655588505497613
0.0216535433070866,2833.3805811494894,-2.6762399989396064
0.0216535433070866,2791.6617520894292,-2.628565488380289
0.0216535433070866,2817.8298971597333,6.582408321155298
0.0216535433070866,2833.3802043389846,-2.6729779626130616
0.0216535433070866,2831.262920116894,5.268166503250385
0.0216535433070866,2834.088308272493,-2.6549286611362097
0.0216535433070866,2831.2569484239702,-2.6656860011552954
0.0221456692913385,2842.567324088649,-2.658641104625951
0.0216535433070866,2831.256472285225,-2.6597302971187395
0.0216535433070866,2801.5565305390473,-2.6357956050414564
0.0216535433070866,2833.3805135275998,-2.6857714845268013
0.0216535433070866,2844.6923870113046,-0.6552503513820299
0.0216535433070866,2834.7962789141357,-2.6642866712262627
0.0221456692913385,2833.380782183112,-2.387848026050784
0.0216535433070866,2833.380274214273,-2.625592621093394
0.0216535433070866,2834.0887063362898,-2.6547085364810994
0.0216535433070866,2828.4246957347095,-2.6476621543475702
0.0216535433070866,2842.566882636201,-2.6681102385364297
0.0221456692913385,2846.1064275541826,-2.6642867945871376
0.0216535433070866,2833.381020438544,-2.6862222863818372
0.0216535433070866,2818.538567668633,6.566833911639636
0.0216535433070866,2820.6621553210553,6.570805845592387
0.0216535433070866,2831.256530792193,-2.645355149627805
0.0216535433070866,2834.088500059128,-2.6877881608128287
0.0216535433070866,2830.5567575957916,7.002152024978724
0.0216535433070866,2834.796933156893,-2.66906191533189
0.0216535433070866,2834.7965868633064,-2.6970940234175504
0.0216535433070866,2846.1071030099706,-1.7457528516832959
0.0216535433070866,2847.52261919711,-2.6472201672180313
0.0216535433070866,2801.5564190826667,-2.6444855390933304
0.0221456692913385,2830.548445121711,-2.644928538454685
0.0216535433070866,2843.982893851784,-2.4308163501441467
0.0216535433070866,2820.65428503927,-2.636943376317384
0.0216535433070866,2832.6726360331604,-2.6632388093121415
0.0216535433070866,2843.274556497008,-2.602099400251188
0.0221456692913385,2843.275511275341,-2.4561996594700855
0.0216535433070866,2842.568348203,-1.3376985904713978
0.0221456692913385,2843.27460833641,-2.674867275272073
0.0216535433070866,2831.2567258877702,-2.661019034548107
0.0216535433070866,2834.796173063639,-2.6865956193753635
0.0216535433070866,2843.2752375061223,-1.9650867303944466
0.0216535433070866,2834.08831269273,-2.6479273495730036
0.0216535433070866,2842.5670448593933,-2.677721007365631
0.0216535433070866,2829.1408077493684,7.242259368881152
0.0216535433070866,2828.4243713841724,-2.6158093532253393
0.0211614173228346,2843.982723425453,-2.6673969258441805
0.0211614173228346,2818.537897706991,6.563447734455422
0.0216535433070866,2818.5308230177434,-2.6242758010769505
0.0211614173228346,2834.090091945174,-1.0738297238840135
0.0211614173228346,2843.2761814359656,-1.0669220350283881
0.0211614173228346,2842.5666440535097,-2.6570828376354627
0.0211614173228346,2829.8406225426515,-2.637955241170616
0.0211614173228346,2834.7965812800344,-2.6951934363526897
0.0211614173228346,2831.256560552772,-2.672025475693413
0.0211614173228346,2843.2751380331515,-2.6548926275232048
0.0211614173228346,2833.3812173014344,-2.4634492721684027
0.0211614173228346,2843.983027574518,-2.196888625605499
0.0216535433070866,2844.6913123979125,-1.9798409289550867
0.0216535433070866,2819.2383706401806,-2.6324994805181667
0.0211614173228346,2831.9650353542265,-2.69557540952624
0.0211614173228346,2829.8407717257746,-2.656346961798073
0.0211614173228346,2834.088820670676,-2.6929954000381877
0.0211614173228346,2833.3804945787474,-2.6923027445085306
0.0216535433070866,2843.2763713339036,-1.3571415631138937
0.0211614173228346,2831.9649103775823,-2.658918281743504
0.0211614173228346,2846.8215317414742,5.9086632047347045
0.0211614173228346,2834.0882334871367,-2.6245465046101444
0.0216535433070866,2831.256276356608,-2.617410220968249
0.0211614173228346,2831.9646358647897,-2.6787838693255375
0.0211614173228346,2831.9646389606787,-2.6824525048863204
0.0211614173228346,2834.796205836442,-2.6235838770311135
0.0211614173228346,2831.9645070707397,-2.662163108749139
0.0211614173228346,2820.6542844844967,-2.6785598860443147
0.0216535433070866,2834.0884401904896,-2.641410806640676
0.0211614173228346,2829.1327127248533,-2.6253876483328185
0.0211614173228346,2842.5725700707535,4.536696813329137
0.0211614173228346,2842.5668059004006,-2.655429956740759
0.0211614173228346,2843.9826404799446,-2.6235118400059716
0.0211614173228346,2830.5484417547445,-2.648060612874879
0.0211614173228346,2831.964448270231,-2.655191261877931
0.0216535433070866,2843.983695650812,-1.5286679623511419
0.0211614173228346,2834.796263603269,-2.656279314999995
0.0211614173228346,2833.3805949605617,-2.6746651440223848
0.0211614173228346,2842.5668001948848,-2.6297556632354544
0.0211614173228346,2831.972573742116,7.238685461988381
0.0211614173228346,2830.548533871142,-2.650747366078714
0.0211614173228346,2834.0884409949485,-2.6515685404653446
0.0211614173228346,2834.7965853863643,-2.6967741823701674
0.0216535433070866,2847.525699003598,1.0694688950463158
0.0211614173228346,2832.672600366318,-2.685977573668477
0.0211614173228346,2832.672647519797,-2.1546986717721204
0.0211614173228346,2834.79662354283,-2.6531867202067083
0.0216535433070866,2830.5485310188847,-2.634433673549085
0.0216535433070866,2845.3982968623873,-2.641298080616851
0.0216535433070866,2832.6724328497216,-2.665993810405329
0.0211614173228346,2845.398546096419,-2.6396323072413828
0.0216535433070866,2831.964596784683,-2.655523016298406
0.0211614173228346,2830.556739386449,6.998435603815123
0.0211614173228346,2830.5489681992894,-2.6622512556319533
0.0216535433070866,2844.690453944697,-2.6477982890334317
0.0211614173228346,2829.8406602501973,-2.664499278433129
0.0211614173228346,2846.8145645141576,-2.6161982161776645
0.0211614173228346,2833.388902110265,7.225146037216798
0.0211614173228346,2834.798343326114,0.061358683824474056
0.0211614173228346,2833.3805329397037,-2.675256702506416
0.0216535433070866,2829.8407414062412,-2.621116315634176
0.0211614173228346,2818.538685675389,7.246390154463067
0.0211614173228346,2842.5749424586725,7.242021701079784
0.0211614173228346,2834.796568275216,-2.6898935782796096
0.0211614173228346,2846.1124111465183,3.653714557090807
0.0211614173228346,2834.796437514523,-2.690694883834298
0.0211614173228346,2842.566963503955,-2.683804339213342
0.0211614173228346,2843.2759807405996,-1.282656856199316
0.0211614173228346,2791.6617724277935,-2.6316471455778454
0.0211614173228346,2848.2306291997725,-2.66212785544308
0.0211614173228346,2818.538789802033,7.2392507594870965
0.0211614173228346,2815.701265291591,0.733091770457815
0.0211614173228346,2843.274645854612,-2.685341415387306
0.0211614173228346,2829.8490297427634,7.229697029818078
0.0211614173228346,2828.4246790517163,-2.632285377995383
0.0216535433070866,2832.6727109923972,-2.653529864821789
0.0211614173228346,2834.088221911386,-2.632910186835639
0.0211614173228346,2834.796040953567,-2.647321793152216
0.0211614173228346,2844.690662046557,-2.6645517161778636
0.0211614173228346,2834.796385777565,-2.6421585810882418
0.0211614173228346,2843.2748211613703,-2.668697927551641
0.0216535433070866,2831.2562395528403,-2.6178618395946027
0.0211614173228346,2843.984808524566,-0.18640610455821394
0.0216535433070866,2831.2566220038043,-2.632986698039588
0.0211614173228346,2834.796568275216,-2.6898935782796096
0.0211614173228346,2830.5566966079195,7.242233147078356
0.0211614173228346,2846.109826550938,0.941406753517744
0.0216535433070866,2833.3805096321103,-2.6833288394707053
0.0211614173228346,2848.2305614949955,-2.680323146615267
0.0211614173228346,2845.3982773371813,-2.624793776298097
0.0211614173228346,2833.3805204315995,-2.685069515089578
0.0211614173228346,2831.256995505604,-2.222261314855683
0.0211614173228346,2834.7963045092433,-2.656091446633304
0.0211614173228346,2833.3805092906337,-2.692685419377682
0.0216535433070866,2820.659859053223,3.9299260091121733
0.0211614173228346,2819.2384240100077,-2.653064197861652
0.0211614173228346,2829.8406158030434,-2.658115975559946
0.0211614173228346,2831.972604790909,7.234074380871317
0.0211614173228346,2846.816271310197,-0.6371780848686817
0.0211614173228346,2834.796302577838,-2.6502429813631205
0.0211614173228346,2831.264819594051,7.0035060565239755
0.0211614173228346,2834.088465928885,-2.675472713332911
0.0211614173228346,2843.2752141540914,-2.6767646751086276
0.0206692913385826,2817.1228877797985,7.249661626164477
0.0206692913385826,2834.796272402794,-2.64936552069969
0.0206692913385826,2847.5233376937363,-1.9868174840301251
0.0206692913385826,2843.9825715416887,-2.677352513995163
0.0211614173228346,2831.2578525805316,-1.0691263201715284
0.0206692913385826,2831.2566926018403,-2.6820076336886896
0.0206692913385826,2842.5671004752476,-2.6813217901749375
0.0211614173228346,2834.796464608243,-2.657978488853982
0.0206692913385826,2833.3855109086408,3.3089986663931024
0.0206692913385826,2829.132742609101,-2.6729861351662683
0.0206692913385826,2843.274612790086,-2.662126867471136
0.0206692913385826,2834.0883477074444,-2.645192400108807
0.0206692913385826,2846.106362333507,-2.643546657971361
0.0206692913385826,2830.551863347125,1.2556143777148556
0.0211614173228346,2830.548559292578,-2.6413579396419755
0.0206692913385826,2829.8406259126073,-2.6530366708731847
0.0206692913385826,2819.946353706417,-2.6353026508065156
0.0206692913385826,2834.7962601088057,-2.636420542726332
0.0206692913385826,2846.8142318430296,-2.6222866435121515
0.0206692913385826,2834.796577000349,-2.681212317512363
0.0206692913385826,2831.964494972485,-2.6562834933936568
0.0206692913385826,2843.2746102872406,-2.5994438049577804
0.0206692913385826,2831.256525555074,-2.6517714687450438
0.0211614173228346,2818.5349105883815,2.7420793772644796
0.0206692913385826,2830.5485796066846,-2.654786812434558
0.0206692913385826,2834.0884685713927,-2.6905551596049277
0.0206692913385826,2848.230336251958,-2.672294902379895
0.0206692913385826,2829.840822693102,-2.6553187743094853
0.0206692913385826,2846.815066455275,-2.6848525279842543
0.0206692913385826,2833.3805534623425,-2.6883503118530996
0.0211614173228346,2845.398506852331,-2.400164874723952
0.0211614173228346,2830.5485359841823,-2.6342543651781356
0.0206692913385826,2833.380046894423,-2.6227939063312844
0.0206692913385826,2843.98387069023,-1.2725142854150648
0.0206692913385826,2830.548402386602,-2.6198473571852525
0.0206692913385826,2842.5665331939026,-2.637011598722227
0.0206692913385826,2801.5561367636205,-2.630967496574952
0.0211614173228346,2831.964448270231,-2.655191261877931
0.0206692913385826,2831.96420728232,-2.6175615699663215
0.0211614173228346,2846.814498231439,-2.6422338676000483
0.0206692913385826,2846.8145713710373,-2.655697627200895
0.0206692913385826,2829.132561887539,-2.642465820145031
0.0211614173228346,2830.548414145478,-2.6714638442776164
0.0206692913385826,2843.279402936244,2.1775807333265806
0.0206692913385826,2830.5486744192144,-2.6182552673468455
0.0206692913385826,2842.566797051092,-2.6293911616010606
0.0211614173228346,2831.2565136483827,-2.626495769799987
0.0206692913385826,2834.796491668455,-2.694360359913001
0.0206692913385826,2829.132746886979,-2.6322793043947925
0.0206692913385826,2818.5391182092394,7.233896123871948
0.0211614173228346,2831.256504192149,-2.6594465815048993
0.0206692913385826,2833.3802544013233,-2.6730892914521167
0.0206692913385826,2829.84547317231,3.107045043717407
0.0206692913385826,2834.088219922915,-2.6774932107767655
0.0211614173228346,2828.4246846663664,-2.633424215370511
0.0206692913385826,2829.1326427830895,-2.6362337171467125
0.0206692913385826,2842.5683594596267,-1.2733222278580678
0.0211614173228346,2847.523264268188,-2.438221679071801
0.0206692913385826,2846.107266466051,-1.9788891052080506
0.0206692913385826,2843.2775024223492,0.3462272811815838
0.0206692913385826,2819.9461899574526,-2.6457043685411303
0.0206692913385826,2845.398765553981,-2.664321631683852
0.0206692913385826,2829.8404590440728,-2.633970143870627
0.0206692913385826,2834.089033973479,-2.7204067768965294
0.0206692913385826,2831.9653434146244,-1.9715890206662676
0.0211614173228346,2819.239629142006,-1.0859610095667496
0.0206692913385826,2845.3993586309202,-2.7018201725506175
0.0206692913385826,2834.088257763613,-2.638668811677457
0.0201771653543307,2834.0885223775917,-2.6910484844534173
0.0201771653543307,2847.5226686822934,-2.662868907791454
0.0201771653543307,2842.567098361467,-2.691067843275765
0.0201771653543307,2834.0883802132257,-2.655955097721709
0.0201771653543307,2844.6987472376827,7.240116432259753
0.0201771653543307,2819.953264628406,5.5885041159675115
0.0201771653543307,2833.3820742212856,-0.2503714238047473
0.0201771653543307,2828.426412105265,-0.2564066299711809
0.0201771653543307,2817.830480105266,7.257658204339464
0.0201771653543307,2833.3804856573665,-2.632740048030147
0.0201771653543307,2828.424793557231,-2.646063271812136
0.0206692913385826,2831.2565709917076,-2.6611572940922366
0.0201771653543307,2842.566680664805,-2.66653127611698
0.0206692913385826,2842.56674114242,-2.4151071361671064
0.0201771653543307,2833.3806729301655,-2.679527751631884
0.0206692913385826,2829.840770205051,-2.652439658245627
0.0201771653543307,2831.964488201322,-2.6434877064041076
0.0201771653543307,2831.256652242922,-2.625044179798117
0.0206692913385826,2830.5485707580397,-2.663236385570496
0.0201771653543307,2832.6725784005107,-2.6875920766515353
0.0201771653543307,2833.3811167738913,-1.9205150389723675
0.0201771653543307,2831.9644839311904,-2.65241392790256
0.0206692913385826,2820.654294898902,-2.6252498726532014
0.0201771653543307,2831.2569294392906,-2.6699773968181435
0.0201771653543307,2843.9830964961166,-2.657468000576713
0.0201771653543307,2845.398982514473,-2.6557256457992366
0.0201771653543307,2829.8405805109437,-2.6334980089113937
0.0201771653543307,2831.2649540984175,7.2359676232138135
0.0201771653543307,2832.6724418062854,-2.6668243467249804
0.0201771653543307,2831.9649579509005,-2.678256417569865
0.0201771653543307,2829.132783472996,-2.6455787921567695
0.0201771653543307,2832.6725062570576,-2.6834923954119105
0.0201771653543307,2830.548577562172,-2.6399372743059044
0.0201771653543307,2830.5486805728015,-2.6355597024358084
0.0201771653543307,2846.1066996376403,-2.628383050188393
0.0201771653543307,2844.690171278183,-2.5835379100813083
0.0201771653543307,2831.9647814080026,-2.67632749777329
0.0206692913385826,2843.9828090800024,-2.6467006870598273
0.0201771653543307,2833.3802555970096,-2.6842756379639265
0.0201771653543307,2845.39845535942,-2.6755091406489075
0.0201771653543307,2834.7968682209707,-2.6623687891347165
0.0206692913385826,2843.274908565471,-2.6934769331454884
0.0201771653543307,2834.7963120110403,-2.6611879804704057
0.0201771653543307,2831.964231205469,-2.633106140321247
0.0201771653543307,2832.6724121242055,-2.661350309383642
0.0201771653543307,2833.380502372478,-2.683236844616675
0.0201771653543307,2833.3813907671524,-1.7026857037921106
0.0201771653543307,2829.1326429786986,-2.6508610993952155
0.0206692913385826,2829.1354823169254,1.0511987975778203
0.0201771653543307,2831.2565209286868,-2.6593352696900467
0.0201771653543307,2831.264697629104,6.995918683984045
0.0201771653543307,2833.3805081505293,-2.6422627100279708
0.0201771653543307,2831.256914952049,-2.6624263649276485
0.0206692913385826,2831.2565439185933,-2.65552881062935
0.0201771653543307,2846.8151221536828,-1.9369986512445403
0.0201771653543307,2829.840572899581,-2.6336342767092513
0.0201771653543307,2831.256528155653,-2.6491850204325518
0.0201771653543307,2834.088342003122,-2.6503258137346064
0.0201771653543307,2820.6620044332844,6.533823094630579
0.0201771653543307,2819.2472050203814,7.249624920851316
0.0201771653543307,2843.9861193032343,1.1104898513013735
0.0201771653543307,2829.1367806729245,2.5552592155475846
0.0201771653543307,2819.246382320367,7.269518786296462
0.0201771653543307,2846.1112446929274,2.7657331308275865
0.0201771653543307,2834.7964335162055,-2.7036737940354776
0.0201771653543307,2830.548304444442,-2.6456539736051687
0.0201771653543307,2832.67248828399,-2.6844730464617412
0.0201771653543307,2820.6620129097582,6.525058486729125
0.0206692913385826,2819.238802250743,-2.6357381028865756
0.0201771653543307,2842.5677995841165,-1.9470847243860119
0.0201771653543307,2829.132616811111,-2.6392730499998573
0.0201771653543307,2834.0884763343793,-2.690183625601082
0.0201771653543307,2846.107051358979,-2.154097871807222
0.0201771653543307,2828.4244028475346,-2.6312788484514176
0.0201771653543307,2831.256467791292,-2.6329244297641496
0.0201771653543307,2833.380338322068,-2.639197641816698
0.0201771653543307,2831.9652009546658,-1.4448279241928834
0.0201771653543307,2833.3803668537407,-2.6470765837793677
0.0201771653543307,2833.3808756442027,-2.6899041526501932
0.0201771653543307,2843.283267859153,7.244606144336126
0.0201771653543307,2834.7962663748876,-2.645880146932017
0.0201771653543307,2846.107295987477,-1.9309510771399194
0.0201771653543307,2833.3803281997507,-2.637392376809592
0.0206692913385826,2832.672408642148,-2.638706625465194
0.0201771653543307,2814.9986014985016,7.271394235384624
0.0201771653543307,2831.964488508715,-2.652452671179408
0.0201771653543307,2844.691286467558,-1.9606288036625237
0.0201771653543307,2831.2565235623583,-2.6512073171165023
0.0201771653543307,2834.7964109034983,-2.6902230158667986
0.0201771653543307,2831.2565010038848,-2.6554486774689696
0.0201771653543307,2831.2566802782203,-2.688947227845807
0.0201771653543307,2845.3989039933385,-2.155803880199752
0.0201771653543307,2819.946241461012,-2.660601765228189
0.0201771653543307,2829.8406651442474,-2.672522005229901
0.0201771653543307,2819.946328066425,-2.6357657512458776
0.0201771653543307,2829.132605941474,-2.6458826074246318
0.0201771653543307,2830.5485380555624,-2.638188792180934
0.0201771653543307,2830.548565115711,-2.644346604461696
0.0201771653543307,2818.538678995995,7.2519718126095905
0.0201771653543307,2819.9483413217235,0.2022620300143101
0.0201771653543307,2842.566814730152,-2.657389579318789
0.0206692913385826,2819.945912511635,-2.623325925448965
0.0201771653543307,2831.2566369780334,-2.6271267550241255
0.0201771653543307,2842.5667632068103,-2.6534978854671
0.0196850393700787,2834.796091442709,-2.639342199487356
0.0196850393700787,2843.2745571166583,-2.674383782110725
0.0196850393700787,2843.274525931173,-2.631931564742936
0.0201771653543307,2834.7963847052993,-2.6746786836592955
0.0196850393700787,2831.964469426745,-2.6596115043528976
0.0196850393700787,2833.3806241596917,-2.686484552674286
0.0196850393700787,2846.814610610846,-2.6722982229647028
0.0196850393700787,2832.6731594237685,-2.457793086971232
0.0196850393700787,2833.380688146614,-2.447007946696267
0.0196850393700787,2819.2412733786828,1.2328970769225926
0.0196850393700787,2820.6621134744246,6.517742249619918
0.0201771653543307,2830.5511911595995,-0.05176415483538676
0.0201771653543307,2846.1066912496835,-2.6293971056367034
0.0201771653543307,2829.1404880107025,6.530572109160323
0.0196850393700787,2843.275109712334,-2.6424412995598243
0.0196850393700787,2834.088244284942,-2.6793665994634837
0.0196850393700787,2817.122545432155,7.271513469429244
0.0196850393700787,2842.567065537801,-2.680041692589192
0.0196850393700787,2843.2748664287533,-2.6349371510444985
0.0196850393700787,2842.5696437711745,0.4820397222464013
0.0196850393700787,2829.136405306593,1.9631820538830147
0.0196850393700787,2818.5304303608546,-2.6265472553497937
0.0196850393700787,2834.7964260986605,-2.644733193097216
0.0201771653543307,2828.424759165582,-2.6240456192902575
0.0196850393700787,2817.8307006109503,7.256655609803981
0.0196850393700787,2842.5668261631154,-2.644062711761801
0.0201771653543307,2828.42468269199,-2.633165296852431
0.0196850393700787,2842.567356000474,-2.655491550272913
0.0196850393700787,2829.140852816699,7.007494024723372
0.0196850393700787,2843.274546729917,-2.6561132099330496
0.0201771653543307,2829.1327658655446,-2.632379021902686
0.0196850393700787,2820.6542925297854,-2.648196018910497
0.0196850393700787,2829.8405701374086,-2.6327811725809904
0.0196850393700787,2843.982743575363,-2.6723363496866344
0.0196850393700787,2842.566757083725,-2.636769278464647
0.0196850393700787,2831.9646071448483,-2.683672613915888
0.0201771653543307,2829.1326586697246,-2.6403084128641865
0.0196850393700787,2834.7964420292324,-2.67966359679533
0.0196850393700787,2829.84100622386,-2.656928841629219
0.0196850393700787,2820.6542607835345,-2.681694481088841
0.0196850393700787,2833.380382708012,-2.664922005859942
0.0196850393700787,2830.5485747999996,-2.6390841701776444
0.0196850393700787,2834.7965147893847,-2.690618669825799
0.0196850393700787,2846.817095229759,0.23895698048745043
0.0196850393700787,2842.5694799189855,-0.24796840473752232
0.0196850393700787,2842.5667998917365,-2.6383358019858063
0.0196850393700787,2829.840575707249,-2.634631047305274
0.0196850393700787,2842.567414446721,-1.9297916697441668
0.0196850393700787,2832.6724132433783,-2.6458098583475045
0.0196850393700787,2846.1112876070374,3.1660865429648446
0.0196850393700787,2833.3805140350764,-2.692469079839689
0.0196850393700787,2846.106729733363,-2.650426284530927
0.0196850393700787,2834.0884869557603,-2.7045263884129374
0.0196850393700787,2848.231661383809,-1.201471966692071
0.0196850393700787,2829.8405962043457,-2.638239940077898
0.0196850393700787,2833.381298340755,-1.7177544204602808
0.0196850393700787,2820.6629907570696,7.233026002974753
0.0196850393700787,2834.804572377762,7.243090954892283
0.0201771653543307,2842.568919654182,-0.525433932141315
0.0196850393700787,2828.4246566668858,-2.630434465071969
0.0196850393700787,2831.964638894592,-2.675937354778607
0.0196850393700787,2829.8490250579184,7.254381472782498
0.0201771653543307,2834.796257769395,-2.6279069378927615
0.0196850393700787,2834.797325753813,-1.207144216774923
0.0201771653543307,2818.5304136673353,-2.6313218554466604
0.0196850393700787,2803.6883295599455,7.276590679267631
0.0196850393700787,2845.3986326941854,-2.6639134458668927
0.0196850393700787,2845.401397822029,0.9784223317315621
0.0196850393700787,2817.8307180890733,7.256252250008235
0.0196850393700787,2834.0879932828175,-2.6101263976364257
0.0196850393700787,2842.566705151179,-2.6738024713754522
0.0196850393700787,2819.9488137200906,0.2580289270796134
0.0196850393700787,2831.964552852385,-2.6839368790871014
0.0196850393700787,2828.4302750587653,3.383197558840855
0.0196850393700787,2833.3803893744334,-2.634524678407367
0.0196850393700787,2842.567353814436,-2.6465683845142065
0.0196850393700787,2831.256526200813,-2.6354373817651457
0.0201771653543307,2828.4247959693494,-2.623594000663904
0.0201771653543307,2819.2387665198485,-2.6330755206979535
0.0196850393700787,2830.5485820060867,-2.6385152919386177
0.0196850393700787,2842.5675640708837,-1.4058849165074165
0.0201771653543307,2842.566745969422,-2.6088689004718564
0.0196850393700787,2819.2466581854287,7.260643023459525
0.0196850393700787,2834.7965677316165,-2.683415637153352
0.0201771653543307,2833.380503670925,-2.6542322964984604
0.0196850393700787,2843.2748305355803,-2.6846278620133908
0.0196850393700787,2834.796210145978,-2.6785106189347907
0.0196850393700787,2833.3803977994467,-2.642103225463971
0.0196850393700787,2843.2747740216932,-2.620503149865653
0.0196850393700787,2843.982635931446,-2.6380337273111034
0.0196850393700787,2829.132378657614,-2.6256930889138608
0.0196850393700787,2834.796188462533,-2.644809815605727
0.0196850393700787,2834.7968457245934,-2.701260923480013
0.0201771653543307,2820.6541690011836,-2.6467435519472136
0.0201771653543307,2843.2748154175997,-2.6731984985640556
0.0191929133858267,2820.654267221435,-2.6737105111334567
0.0191929133858267,2845.3986423283513,-2.628528615381485
0.0191929133858267,2834.7961119713596,-2.6821357728835733
0.0191929133858267,2831.2566528579378,-2.672633814556645
0.0191929133858267,2831.9645174431953,-2.6748227894120657
0.0191929133858267,2846.1067757362716,-2.657242323408506
0.0191929133858267,2831.256620248428,-2.6413101638071432
0.0191929133858267,2843.98748133502,3.3007510163025158
0.0191929133858267,2829.1331612006124,-2.629228610701639
0.0191929133858267,2829.8406321447274,-2.638189932935074
0.0191929133858267,2820.654312029171,-2.6376485864749464
0.0191929133858267,2828.432492316832,6.516404711957721
0.0191929133858267,2846.106434313016,-2.672851690513114
0.0191929133858267,2830.548311167611,-2.6504229206548784
0.0191929133858267,2834.0884067094803,-2.666848088443791
0.0191929133858267,2834.088740011329,-2.7011339824078364
0.0191929133858267,2820.6542776241536,-2.635928355366225
0.0191929133858267,2832.673552265055,-1.6752596046111914
0.0191929133858267,2830.5485335459293,-2.632942500497834
0.0191929133858267,2831.264650467784,7.265088158467163
0.0191929133858267,2819.2387864748575,-2.6340353316995797
0.0191929133858267,2843.9826976271265,-2.652479126241956
0.0196850393700787,2829.1326227761992,-2.6471426326519594
0.0191929133858267,2817.8308692828796,7.273101679222372
0.0191929133858267,2834.796382735128,-2.646444324109249
0.0191929133858267,2842.568022477517,-1.6659465980566122
0.0191929133858267,2843.982839681157,-2.698275127083242
0.0196850393700787,2819.954023720438,6.517526617801142
0.0191929133858267,2831.9659424192396,-0.9218668758784585
0.0191929133858267,2829.1324923131774,-2.66474700517396
0.0191929133858267,2834.796468423964,-2.7003180845918924
0.0191929133858267,2832.6722928611434,-2.6715505901114613
0.0191929133858267,2832.6806234527708,7.002309455875194
0.0191929133858267,2834.7959715186093,-2.6328772314458098
0.0191929133858267,2834.088313370233,-2.636802236274841
0.0191929133858267,2834.0884386113908,-2.6413275929806965
0.0191929133858267,2829.1411532508855,7.267241620381052
0.0191929133858267,2842.56691723629,-2.684236901051596
0.0191929133858267,2830.5486142972363,-2.664322025135256
0.0191929133858267,2820.654312029171,-2.6376485864749464
0.0191929133858267,2847.5221947758273,-2.6353108323246004
0.0191929133858267,2834.0883361073106,-2.65529582441688
0.0191929133858267,2848.2310558572153,-2.658452525409477
0.0191929133858267,2834.7963040064064,-2.657617192723648
0.0191929133858267,2833.3801681417262,-2.6819146358210317
0.0191929133858267,2846.8229586334487,7.242203039240994
0.0191929133858267,2828.4246889269893,-2.647774300738241
0.0191929133858267,2829.1326157166523,-2.6378659931248154
0.0191929133858267,2834.798425642956,-0.44104737785441483
0.0196850393700787,2831.256494374833,-2.6538084763507848
0.0191929133858267,2833.3804213895664,-2.423883344065076
0.0196850393700787,2834.0882906482093,-2.640844931902481
0.0191929133858267,2834.0964669016616,7.254760239767091
0.0196850393700787,2831.9644515743776,-2.656030424250393
0.0191929133858267,2831.25646915897,-2.661420683402971
0.0191929133858267,2831.9644762127336,-2.6330519895024387
0.0191929133858267,2817.122900870148,7.26958711699679
0.0191929133858267,2818.5391041220378,7.256598602087762
0.0196850393700787,2834.0884262671752,-2.693296735477123
0.0191929133858267,2843.98284563861,-2.657346253980417
0.0191929133858267,2829.8407587106167,-2.654166481531548
0.0191929133858267,2846.106707341484,-2.682999688186773
0.0191929133858267,2820.654726449955,-2.6395300033312896
0.0191929133858267,2802.972055888277,-2.636390144493098
0.0191929133858267,2833.380532515427,-2.675563312225686
0.0191929133858267,2834.7965561353726,-2.6964328032070997
0.0191929133858267,2819.24678069249,7.2661231965054105
0.0191929133858267,2801.5565394364585,-2.638211952368155
0.0191929133858267,2834.7965890934497,-2.684328280723069
0.0191929133858267,2833.380404841257,-2.656086207423941
0.0191929133858267,2832.672422232333,-2.6632385806011607
0.0191929133858267,2820.6541681462277,-2.6472070055162966
0.0196850393700787,2830.5485482357058,-2.636366113288424
0.0191929133858267,2834.7961897980495,-2.6198460844583837
0.0191929133858267,2834.7963665733323,-2.6751711627174233
0.0191929133858267,2834.8044493256725,7.251290576497147
0.0191929133858267,2834.0885842117295,-2.689374114511766
0.0191929133858267,2831.9647314565896,-2.6758576872592132
0.0191929133858267,2802.264087471462,-2.622574675230254
0.0196850393700787,2843.9825205671696,-2.5960110910075573
0.0196850393700787,2834.7964129501274,-2.683020637912974
0.0191929133858267,2834.088435690516,-2.6862081431293836
0.0191929133858267,2819.2379943412207,-2.634443952779248
0.0191929133858267,2831.9650060935815,-2.678550651037781
0.0196850393700787,2833.3810971100497,-2.4412534576826976
0.0191929133858267,2834.0880870622636,-2.6285289566054773
0.0196850393700787,2846.1069406547354,-2.6896111164962804
0.0191929133858267,2834.796284601046,-2.594302950531725
0.0191929133858267,2843.2753271586807,-2.6710079403387352
0.0191929133858267,2829.8406038656426,-2.6395815762968247
0.0191929133858267,2831.2569571835234,-2.675557767582678
0.0191929133858267,2819.238403392049,-2.649419398238956
0.0191929133858267,2831.9646279228486,-2.678819552540625
0.0191929133858267,2833.380544424628,-2.6450282343176696
0.0191929133858267,2842.5665897186955,-2.647223601493794
0.0196850393700787,2829.132646841435,-2.637222075562288
0.0191929133858267,2834.7961803085036,-2.675862846219799
0.0187007874015748,2830.5485811859285,-2.638958220890043
0.0187007874015748,2830.548573552987,-2.634241651029498
0.0187007874015748,2842.566792074993,-2.6394997148264476
0.0187007874015748,2843.274516253687,-2.647412731908085
0.0187007874015748,2829.141159178849,7.273617905483352
0.0187007874015748,2844.6933039257337,0.3966904311459548
0.0191929133858267,2829.1405703757823,6.519057881250322
0.0187007874015748,2843.2754141966484,-1.8763908609776951
0.0191929133858267,2842.566803574439,-2.6413349010521663
0.0187007874015748,2832.6763032110307,1.4083647796330747
0.0187007874015748,2843.282913412942,7.263229181274306
0.0187007874015748,2847.5224412815855,-2.639620833615472
0.0187007874015748,2833.380679445162,-2.637742681297594
0.0191929133858267,2819.94662598674,-2.639735681755403
0.0187007874015748,2828.432031648964,5.989805558271872
0.0187007874015748,2842.5670495350587,-2.595653315919957
0.0191929133858267,2842.566739982944,-2.629179666212881
0.0187007874015748,2846.814253094746,-2.6368082346317716
0.0187007874015748,2842.5664040027923,-2.6117580525054134
0.0187007874015748,2831.964221061083,-2.6435693709618215
0.0187007874015748,2847.522673884217,-2.664034346780012
0.0191929133858267,2834.7962897932043,-2.6477392634575945
0.0187007874015748,2834.796277687039,-2.6549973595242067
0.0187007874015748,2820.6542888378913,-2.6471892241136827
0.0187007874015748,2831.256515102612,-2.630556462013124
0.0187007874015748,2802.2645236554044,-2.6465781861951223
0.0187007874015748,2844.6903977375205,-2.6365135144859715
0.0187007874015748,2819.94633760797,-2.679142572558161
0.0187007874015748,2816.4149495985675,7.278185349998698
0.0187007874015748,2830.548536535749,-2.658371697530732
0.0187007874015748,2842.5667618179214,-2.6465327771002265
0.0187007874015748,2831.9644605955523,-2.644614127611857
0.0187007874015748,2842.566600754217,-2.65855475841425
0.0187007874015748,2843.2743593734976,-2.6012332518205405
0.0187007874015748,2843.2832992653816,7.269325364511379
0.0187007874015748,2829.1340570865977,-1.100800072616056
0.0187007874015748,2843.2745487259435,-2.6133420518549357
0.0191929133858267,2846.8146032289906,-2.654468402611461
0.0187007874015748,2842.5666951981975,-2.6703619996663823
0.0187007874015748,2847.522408278034,-2.6850887378992914
0.0187007874015748,2831.9642129662016,-2.646353843212244
0.0187007874015748,2820.6619717232356,6.491660228719338
0.0191929133858267,2843.2799483640897,3.5299154910805917
0.0187007874015748,2834.796585595295,-2.696065724121498
0.0187007874015748,2833.3804205036554,-2.6524067087928795
0.0187007874015748,2817.122539817663,7.278073376050525
0.0187007874015748,2834.7963843575963,-2.693981770989629
0.0187007874015748,2834.796394389615,-2.6832206581222144
0.0187007874015748,2844.690272568601,-2.6411145571036045
0.0187007874015748,2829.8490020664035,7.266436079432507
0.0187007874015748,2814.999035199478,7.282629245797915
0.0191929133858267,2828.424790240495,-2.631173891734514
0.0187007874015748,2844.6910678963422,-2.66080357529724
0.0187007874015748,2800.848197243079,-2.6334706335714495
0.0187007874015748,2843.27494844596,-2.399385788599169
0.0187007874015748,2834.0883635389905,-2.641286290542971
0.0187007874015748,2834.0882547915107,-2.627632735131456
0.0187007874015748,2834.0887562840617,-2.653796227054815
0.0187007874015748,2847.522965232892,-2.1459442921550878
0.0187007874015748,2834.796362685598,-2.643617272786669
0.0191929133858267,2833.380605732942,-2.406165287562478
0.0187007874015748,2830.548298913291,-2.625843321825495
0.0187007874015748,2830.548455144325,-2.6419134087508818
0.0187007874015748,2819.9462252102303,-2.65596540484931
0.0187007874015748,2829.848755742489,7.269238905239269
0.0187007874015748,2829.8406052516802,-2.6520394745969753
0.0187007874015748,2834.088475176353,-2.429413607141048
0.0187007874015748,2831.964491094062,-2.6663716969130533
0.0187007874015748,2829.8405721499716,-2.6331417843900518
0.0187007874015748,2834.7960876556212,-2.6429363356537188
0.0191929133858267,2834.7977346800753,-0.6661886018741876
0.0191929133858267,2820.654312029171,-2.6376485864749464
0.0187007874015748,2834.0888000294567,-1.8960900986852889
0.0187007874015748,2834.0885272017804,-2.6965867390298506
0.0187007874015748,2832.674790576643,-0.37288868979007556
0.0187007874015748,2834.0885062676452,-2.69865670416013
0.0187007874015748,2846.8147130807197,-2.6953671814363247
0.0187007874015748,2830.548276859994,-2.6414386236966982
0.0187007874015748,2831.9644593641196,-2.659414352998618
0.0187007874015748,2833.3804918295755,-2.639309623138838
0.0191929133858267,2842.5667334794307,-2.6333188940018317
0.0187007874015748,2820.654266911252,-2.6736234976639386
0.0187007874015748,2801.5565196869957,-2.632920045503846
0.0187007874015748,2843.985347933133,-0.10546871953078282
0.0187007874015748,2845.4046162625054,4.461717040456577
0.0187007874015748,2846.1066373524895,-2.6597676064749916
0.0191929133858267,2843.9824598799296,-2.641633880622243
0.0187007874015748,2843.984835804006,-0.3808732402976676
0.0187007874015748,2831.2565467534237,-2.6591533892725416
0.0187007874015748,2834.088516011264,-2.6920472732530145
0.0191929133858267,2843.2754989397563,-1.4128379247386869
0.0187007874015748,2834.0882431696286,-2.678454782121582
0.0191929133858267,2831.9658465084226,-1.6824251986921355
0.0187007874015748,2842.5669229272644,-2.6349088315081217
0.0187007874015748,2834.0888335861887,-2.647784178010277
0.0187007874015748,2832.6730966113573,-2.425205859733875
0.0187007874015748,2832.6729509423517,-2.647414673556913
0.0187007874015748,2834.0887151765105,-2.650405612063147
0.0187007874015748,2844.6905192686327,-2.3501957893407095
0.0182086614173228,2815.706901468166,7.278292007337115
0.0182086614173228,2834.796493894162,-2.658225225176725
0.0182086614173228,2833.380497213898,-2.6808522829171246
0.0182086614173228,2834.796178901552,-2.584183927216167
0.0187007874015748,2843.9827049629757,-2.6610563580912783
0.0182086614173228,2830.5489213467927,-2.6516361840853584
0.0187007874015748,2828.4246967691633,-2.629127590782711
0.0187007874015748,2829.8410166550066,-2.6657763608226945
0.0182086614173228,2845.398710339403,-2.6480026485444763
0.0187007874015748,2819.9461966089693,-2.641172500938614
0.0182086614173228,2846.8145938848434,-2.6267537215451275
0.0182086614173228,2817.830866966591,7.27967384667871
0.0187007874015748,2830.5485457731384,-2.6345251683254025
0.0182086614173228,2828.4323895791995,6.760557549775715
0.0182086614173228,2829.848748246694,7.282630218086518
0.0182086614173228,2831.9644755692584,-2.635291532058651
0.0182086614173228,2842.5670745543866,-2.6831846460900923
0.0187007874015748,2817.826043272369,1.6767129980716657
0.0182086614173228,2834.0882339724576,-2.6810047617609314
0.0182086614173228,2846.1101758759046,1.5194643655170472
0.0182086614173228,2846.1067067099193,-2.685443654800378
0.0182086614173228,2845.407191390735,7.259815519344411
0.0182086614173228,2831.96447785636,-2.6521536905152745
0.0182086614173228,2834.0884595086463,-2.692627694040801
0.0182086614173228,2834.796451216567,-2.6934452498770183
0.0182086614173228,2834.0884985540747,-2.692271236277171
0.0182086614173228,2818.5384475708092,7.290704700173138
0.0182086614173228,2846.1084527662115,-0.5421514562202535
0.0182086614173228,2843.9823976379957,-2.6394935437389457
0.0187007874015748,2818.530316206785,-2.638321822399007
0.0182086614173228,2843.9828422340925,-2.091570257979363
0.0187007874015748,2842.566547472039,-2.636538438681658
0.0182086614173228,2846.1066070497914,-2.6491697731662662
0.0182086614173228,2828.424648838332,-2.61672531213553
0.0182086614173228,2846.109267612757,0.21356280176803874
0.0182086614173228,2846.814886663295,-2.689219465353512
0.0182086614173228,2845.398513207939,-2.637843878965084
0.0182086614173228,2844.6901794046125,-2.587765409832433
0.0182086614173228,2834.088244446812,-2.691540979294336
0.0182086614173228,2843.2772846108505,0.2472356097560261
0.0187007874015748,2834.0885747305692,-2.680968212598322
0.0182086614173228,2829.8408503890423,-2.6402350999770396
0.0182086614173228,2832.672961933722,-2.6824763099443563
0.0182086614173228,2817.83074819169,7.282712241107717
0.0182086614173228,2844.69065248368,-2.650628251921351
0.0182086614173228,2843.275106190982,-2.6503516917540604
0.0182086614173228,2819.9458895073644,-2.6154389234025452
0.0187007874015748,2842.5668043036208,-2.6377009502107076
0.0182086614173228,2820.662567177414,7.261925824644004
0.0182086614173228,2791.6617612451887,-2.628683377337581
0.0182086614173228,2834.088667204476,-2.709126254437726
0.0182086614173228,2834.0884839485225,-2.6878158120589
0.0182086614173228,2831.256549790266,-2.653378084836487
0.0187007874015748,2829.132672158716,-2.635097613303361
0.0187007874015748,2833.380660685124,-2.688754994012744
0.0182086614173228,2834.095246069592,5.424711008477555
0.0182086614173228,2834.0885873562665,-2.707677726649167
0.0182086614173228,2814.999495805134,7.284776968018571
0.0182086614173228,2834.0886186569246,-2.7111257344264494
0.0182086614173228,2842.5669472550744,-2.6479482825264107
0.0182086614173228,2802.2640783642228,-2.628719523112942
0.0187007874015748,2819.954143721006,6.4882603915469685
0.0182086614173228,2834.796209486426,-2.6244662397293506
0.0182086614173228,2830.550084072555,-0.8198635208245233
0.0182086614173228,2834.0884995601464,-2.6984953660371866
0.0187007874015748,2843.2775358350855,0.41096686509152197
0.0187007874015748,2834.08820030512,-2.63274735238105
0.0182086614173228,2831.2566214040044,-2.646844408682292
0.0182086614173228,2818.538009903795,6.7598146705078195
0.0182086614173228,2834.0884723509116,-2.6831506351241896
0.0182086614173228,2832.6726662992614,-2.6667165786500866
0.0182086614173228,2833.3805616763884,-2.6430836917504674
0.0182086614173228,2820.6542901678076,-2.6325128676474727
0.0182086614173228,2843.9822667306184,-2.595957169377784
0.0187007874015748,2831.9645917082244,-2.675172453488602
0.0182086614173228,2842.566945189908,-2.6878764425991544
0.0187007874015748,2831.9646044906353,-2.6410235396203827
0.0182086614173228,2833.3805438978648,-2.6937103019566284
0.0182086614173228,2819.946310219826,-2.6316004925819
0.0182086614173228,2834.7963285123496,-2.662094999344083
0.0182086614173228,2828.4247683791323,-2.6260381729070406
0.0182086614173228,2833.380539791105,-2.6868967411657656
0.0187007874015748,2831.964491047965,-2.6423541823894974
0.0182086614173228,2831.256302524625,-2.6494613031235374
0.0182086614173228,2831.964596714049,-2.6521925565067344
0.0187007874015748,2843.274597671266,-2.620982710021194
0.0187007874015748,2834.7962469208255,-2.6556514816974337
0.0182086614173228,2843.2752104046967,-2.664156784988921
0.0182086614173228,2845.399475572164,-1.6069241135860863
0.0182086614173228,2833.380287418113,-2.6836310422682867
0.0182086614173228,2834.7961863206756,-2.585441938287489
0.0187007874015748,2830.5485398451087,-2.6383619052166347
0.0187007874015748,2829.846128317376,3.719498030542693
0.0187007874015748,2833.3804918295755,-2.639309623138838
0.0182086614173228,2829.8405112609385,-2.6514400253609614
0.0187007874015748,2829.840580959215,-2.6295161548657404
0.0182086614173228,2843.9826531559165,-2.6325491926609965
0.0187007874015748,2842.570921855572,2.181340463686887
0.0187007874015748,2831.9644626668432,-2.661210572629778
0.0182086614173228,2842.5668967319552,-2.6658335264680058
0.0187007874015748,2845.4005620400135,-0.34861397486282314
0.0187007874015748,2834.0882754395266,-2.636492802707449
0.0177165354330708,2819.2467849751483,7.279791635763017
0.0182086614173228,2848.2310488340927,-2.1294702083530823
0.0177165354330708,2842.5669088481663,-2.684850615579753
0.0177165354330708,2834.795848611168,-2.621980706234139
0.0177165354330708,2834.7965147063755,-2.6132440059672457
0.0177165354330708,2833.3802525258325,-2.6708918100141825
0.0182086614173228,2834.089357952358,-1.6009014063891578
0.0177165354330708,2819.2463732871724,6.7397862545866785
0.0177165354330708,2831.256533884991,-2.654499898295513
0.0177165354330708,2842.567157128949,-2.3704444203257204
0.0177165354330708,2834.7994515964024,0.8210259591847762
0.0177165354330708,2820.6627295542917,7.281753829462771
0.0182086614173228,2845.3992024174645,-1.852037932801801
0.0177165354330708,2828.4246736056843,-2.6492528363536456
0.0177165354330708,2819.954220840498,6.738425699620052
0.0177165354330708,2834.796196920865,-2.6232501528987724
0.0177165354330708,2834.7963559695418,-2.6715161580014137
0.0177165354330708,2848.231059094683,-2.380976442386298
0.0177165354330708,2833.3803548584483,-2.6336385082708555
0.0177165354330708,2842.5671665061286,-2.646852502258873
0.0177165354330708,2843.983026670556,-2.6410138267891705
0.0177165354330708,2847.5226782074296,-2.6876581611844017
0.0182086614173228,2848.2306137810174,-2.366470716768796
0.0177165354330708,2834.795996761736,-2.6227201393664465
0.0177165354330708,2834.796226443687,-2.6370636554155436
0.0177165354330708,2842.566942476406,-2.6470864000531527
0.0177165354330708,2831.964771186212,-2.678277928026025
0.0177165354330708,2832.6727601948483,-2.0914352097083646
0.0177165354330708,2820.6543107193056,-2.6778794674115747
0.0177165354330708,2833.380487559384,-2.677308906404572
0.0177165354330708,2829.840760699127,-2.6341886820342384
0.0177165354330708,2817.1229522901117,7.282639657613704
0.0177165354330708,2830.548711738719,-2.648823672793818
0.0177165354330708,2833.3885469939332,7.280654956210843
0.0182086614173228,2845.3984551058284,-2.6648701169797904
0.0177165354330708,2834.7961317806958,-2.68894567338945
0.0177165354330708,2834.088368164089,-2.698590909633992
0.0177165354330708,2832.672997962804,-2.691635506437937
0.0177165354330708,2831.256558263282,-2.6483809781056906
0.0182086614173228,2834.796586599444,-2.69626877173764
0.0177165354330708,2834.796241296878,-2.6350611019817416
0.0177165354330708,2846.8146707944024,-2.63106362648746
0.0177165354330708,2833.380536012477,-2.6959861592884153
0.0177165354330708,2843.9826984864535,-2.6462350824319976
0.0177165354330708,2846.8158238356705,-0.7435294308499686
0.0177165354330708,2832.6725571857355,-2.6941447641809098
0.0177165354330708,2829.8405099353986,-2.6428271279233404
0.0177165354330708,2843.2746324376794,-2.6815505966527438
0.0177165354330708,2830.5487178986714,-2.6364106299338466
0.0177165354330708,2845.398504864263,-2.637381809135841
0.0177165354330708,2833.380479072245,-2.6895675216638746
0.0177165354330708,2829.8407306865524,-2.646156217065619
0.0177165354330708,2832.6726906732347,-2.6788242512038276
0.0177165354330708,2833.380636828144,-2.6780201091561198
0.0177165354330708,2844.6908317220773,-2.382014522302293
0.0177165354330708,2834.0895179827467,-1.5941295191146203
0.0177165354330708,2829.840539346885,-2.66177926132373
0.0177165354330708,2830.5567559053857,7.006567609793055
0.0177165354330708,2833.380329543098,-2.6286696776644134
0.0177165354330708,2846.1066224133574,-2.643939064005256
0.0177165354330708,2842.568148045303,-1.8646260707817102
0.0177165354330708,2817.1229163659928,7.2889920663795875
0.0177165354330708,2828.4321280992963,5.940113680449873
0.0182086614173228,2846.8185647912637,1.5141144902144255
0.0177165354330708,2848.230576178956,-2.629214693820654
0.0177165354330708,2843.2749848619897,-2.3762642073222042
0.0177165354330708,2834.7977107242787,-1.5707382444404776
0.0177165354330708,2844.6907966029444,-2.6513373490556984
0.0182086614173228,2832.673090864341,-2.4151181727986843
0.0177165354330708,2834.796625310529,-2.653143482477139
0.0177165354330708,2843.990843365951,7.276514040112615
0.0177165354330708,2831.9644869079443,-2.667068627750588
0.0182086614173228,2842.5669852460433,-2.3700088757054596
0.0177165354330708,2832.6724073057453,-2.643574290299616
0.0177165354330708,2848.234070543132,1.912751947203947
0.0177165354330708,2842.5682704424394,-1.0267926520726132
0.0177165354330708,2817.1227980077188,7.292068659462481
0.0177165354330708,2832.6727176264844,-2.6629321790385108
0.0177165354330708,2801.5565393085985,-2.638169426887536
0.0177165354330708,2848.234528268996,2.4510951125491856
0.0177165354330708,2833.380398395759,-2.649767879139451
0.0177165354330708,2834.796334770498,-2.6614209945342964
0.0177165354330708,2834.0884996144014,-2.6924856669737047
0.0177165354330708,2833.3798934837537,-2.617592566861804
0.0182086614173228,2834.08851219887,-2.6845150605930694
0.0177165354330708,2817.827133342579,2.9876373511270633
0.0177165354330708,2831.964602598529,-2.6919715278715772
0.0177165354330708,2817.830762022103,7.278746214471738
0.0177165354330708,2820.6541899742438,-2.6591026114166105
0.0177165354330708,2843.275238376263,-2.645904692732997
0.0177165354330708,2843.2747161467187,-2.6348851724170905
0.0177165354330708,2834.796360210033,-2.6470325170918847
0.0177165354330708,2804.387997789803,-2.6459567796219488
0.0177165354330708,2846.815683621907,-1.292661922272322
0.0177165354330708,2829.1326812056845,-2.6321730722655086
0.0172244094488189,2842.57523785303,7.27894750096166
0.0172244094488189,2834.7975489973364,-1.5539583105808978
0.0177165354330708,2834.0931248920997,2.9767707233478435
0.0172244094488189,2834.0885178940857,-2.6938505049402184
0.0172244094488189,2819.238129241023,-2.616585674801923
0.0177165354330708,2831.256558263282,-2.6483809781056906
0.0172244094488189,2844.690433197172,-2.6543164837944535
0.0172244094488189,2831.2649882583632,7.274371820170672
0.0172244094488189,2834.796055441972,-2.641232295001944
0.0172244094488189,2820.66261746466,7.275270653088023
0.0182086614173228,2847.523320873735,-1.8686694988009924
0.0172244094488189,2834.7966416891577,-2.6057526381071927
0.0172244094488189,2845.4050634935393,4.788497905645654
0.0172244094488189,2833.3805139804813,-2.6801141547188143
0.0177165354330708,2829.1344789243594,-0.48132916230574346
0.0172244094488189,2829.84043165456,-2.6628147978242063
0.0172244094488189,2843.982214951039,-2.649923699187294
0.0172244094488189,2817.122959267875,7.290142413334069
0.0177165354330708,2830.5487178986714,-2.6364106299338466
0.0172244094488189,2843.2753832527387,-1.5420243457758303
0.0172244094488189,2817.1229266248565,7.297284308338562
0.0172244094488189,2816.4145698018447,7.3087581251941
0.0172244094488189,2817.8302010713605,6.465592911254789
0.0172244094488189,2817.8309259715206,7.30435036790977
0.0177165354330708,2830.548575449853,-2.6278001467518473
0.0172244094488189,2843.2829226289655,7.303430365916255
0.0172244094488189,2846.106395023477,-2.6323261651577172
0.0172244094488189,2834.796998800068,-2.390005148800113
0.0172244094488189,2846.1066989348146,-2.6814184300207162
0.0172244094488189,2834.0886315815446,-2.694488044004094
0.0177165354330708,2829.1326805046956,-2.6541281772668377
0.0172244094488189,2834.088017790032,-2.6233134863448258
0.0172244094488189,2829.8489189863967,7.003790766803965
0.0172244094488189,2819.244071608447,3.689033382707729
0.0177165354330708,2828.4247200178597,-2.6340162243504683
0.0177165354330708,2843.274687035565,-2.6404988758237753
0.0172244094488189,2829.1326221864792,-2.6414708816804002
0.0172244094488189,2820.6540140276065,-2.625374382500793
0.0172244094488189,2833.3806412747454,-2.6807644723308486
0.0172244094488189,2829.1326454089053,-2.6376854005565957
0.0172244094488189,2819.2466693445126,7.2835033348826
0.0177165354330708,2830.548419366085,-2.6227781718297236
0.0172244094488189,2848.2314404832478,-1.856416745461282
0.0172244094488189,2817.1225451188257,7.306989311300947
0.0172244094488189,2829.1327632786656,-2.644057551453581
0.0172244094488189,2829.849182724852,7.292406713247756
0.0177165354330708,2831.964616290701,-2.6285797996801414
0.0172244094488189,2834.796415352441,-2.6830378658053453
0.0172244094488189,2818.5388572432776,7.2979350449338884
0.0172244094488189,2820.6540523233166,-2.639563783020259
0.0172244094488189,2834.0886019296904,-2.689969493635273
0.0177165354330708,2829.1359600037404,1.1220649709519392
0.0172244094488189,2828.4324115265667,6.461659704464272
0.0172244094488189,2843.274948494626,-2.6683204947734427
0.0172244094488189,2843.2761080038167,-1.2889710972375625
0.0172244094488189,2831.9654795146485,-2.1316533826744197
0.0177165354330708,2830.548946248288,-2.652860856852609
0.0172244094488189,2819.245949643216,6.74033569648729
0.0172244094488189,2819.2382427246666,-2.6367611823531862
0.0172244094488189,2831.256659747064,-2.6541518667865884
0.0172244094488189,2828.4246716971898,-2.6487323794461393
0.0177165354330708,2845.4040133787394,4.06640514989978
0.0172244094488189,2834.7962132704233,-2.636378286967246
0.0172244094488189,2842.5670573875313,-2.6778324397144773
0.0177165354330708,2842.567044496016,-2.397183460542613
0.0177165354330708,2831.9644326855873,-2.6439641421185427
0.0172244094488189,2834.7963352866204,-2.663072592874747
0.0172244094488189,2801.556517864484,-2.632423188149074
0.0177165354330708,2829.840704730588,-2.6417534854474836
0.0172244094488189,2844.6928883757732,-0.44798846208575366
0.0172244094488189,2848.234429246099,2.317870067321823
0.0177165354330708,2834.088085575368,-2.5866566427929527
0.0177165354330708,2847.5232130400614,-1.8525827934687267
0.0172244094488189,2834.088194196102,-2.669541835911183
0.0172244094488189,2829.840637858264,-2.6502006415105854
0.0172244094488189,2834.0886052156675,-2.669402121343499
0.0172244094488189,2816.4065282742345,-2.6281010616821407
0.0172244094488189,2819.9516184231557,3.690637688626764
0.0172244094488189,2833.3802068046384,-2.6756955533478948
0.0177165354330708,2848.232301710253,-0.5189311949282356
0.0172244094488189,2842.5672395235956,-2.673366383856858
0.0172244094488189,2844.6987960197057,7.28942252118502
0.0172244094488189,2843.274429586892,-2.6179898043262426
0.0172244094488189,2831.964199571242,-2.6450453206139035
0.0172244094488189,2843.9911310146144,7.282089571824724
0.0172244094488189,2829.1409555145874,7.007846573100636
0.0172244094488189,2830.548341880239,-2.646244828023472
0.0172244094488189,2843.9827994526368,-2.645679342434833
0.0172244094488189,2819.238262339623,-2.6468953300683005
0.0177165354330708,2831.9644351789543,-2.6465460385281054
0.0172244094488189,2831.256519655249,-2.668109132169633
0.0172244094488189,2848.230545523957,-2.6757124856793637
0.0167322834645669,2834.088396719331,-2.6720230136739773
0.0167322834645669,2844.6913679708186,-2.394801893480632
0.0167322834645669,2844.6907638158286,-2.6484549951303524
0.0167322834645669,2842.5669675305103,-2.6564582581079166
0.0172244094488189,2834.7964400953188,-2.6985543635677502
0.0167322834645669,2846.108747649925,-0.08316764736653763
0.0167322834645669,2846.814440119798,-2.618252154574268
0.0167322834645669,2843.278374367226,1.6191027514865046
0.0167322834645669,2830.5522563669383,1.9246552582677714
0.0167322834645669,2818.53845681907,7.311483641748871
0.0167322834645669,2846.11042680146,2.1818423201145904
0.0167322834645669,2829.1338651488395,-1.2184116183527962
0.0172244094488189,2846.814419117661,-2.6721773317982653
0.0172244094488189,2844.690642934499,-2.6534444032895843
0.0167322834645669,2847.525828356795,1.023611751461249
0.0167322834645669,2819.945851930672,-2.6204136754152363
0.0167322834645669,2829.840589330569,-2.6533015693870294
0.0167322834645669,2843.274647906801,-2.63592089697119
0.0167322834645669,2830.5485455423977,-2.6537116074171485
0.0167322834645669,2834.09144486132,1.3237414780298673
0.0167322834645669,2848.230574054271,-2.644085887368163
0.0167322834645669,2833.3800978722056,-2.6737656322802708
0.0167322834645669,2842.5667586024842,-2.6450425891930225
0.0167322834645669,2831.256441396134,-2.6394038197936323
0.0172244094488189,2834.796667201875,-2.653210358341642
0.0167322834645669,2843.2748709128587,-2.64695369666982
0.0167322834645669,2831.9645113667257,-2.656959766737575
0.0167322834645669,2834.796201049837,-2.589122036893423
0.0167322834645669,2830.5482902117333,-2.630452639590053
0.0167322834645669,2846.8141018888,-2.5926270383681294
0.0172244094488189,2834.796295408445,-2.6382138655088827
0.0167322834645669,2834.7962356643875,-2.632816767675291
0.0167322834645669,2831.964326479574,-2.61118528328435
0.0167322834645669,2817.829300651124,5.888543250032891
0.0167322834645669,2830.5485210953543,-2.6568662386598256
0.0167322834645669,2834.088449221682,-2.640314232096434
0.0167322834645669,2829.8403160648522,-2.6230525846401638
0.0167322834645669,2832.672448549545,-2.6715498607583243
0.0167322834645669,2832.6728700486183,-2.680270259867141
0.0167322834645669,2817.1228140855337,7.295082672093238
0.0167322834645669,2830.548548987319,-2.640176178630551
0.0172244094488189,2831.9645125035604,-2.6496659634795594
0.0167322834645669,2834.0882445773454,-2.6359280057696117
0.0167322834645669,2819.9463096847826,-2.631302153106257
0.0167322834645669,2829.841036973253,-2.6407226257839516
0.0167322834645669,2830.548559623329,-2.625833012178084
0.0172244094488189,2834.796745062928,-2.6704894226031213
0.0167322834645669,2830.5568842422663,7.304122303635702
0.0167322834645669,2844.69047517544,-2.6608866940740943
0.0167322834645669,2842.567314063472,-2.6740137273435938
0.0167322834645669,2848.2301335287084,-2.6081388995539436
0.0167322834645669,2846.1061579046464,-2.594117972875123
0.0172244094488189,2831.25667213895,-2.6376956153077153
0.0167322834645669,2830.5486134906623,-2.6656558927716922
0.0167322834645669,2833.380121025522,-2.632241263914906
0.0167322834645669,2830.548717320778,-2.6506076344263763
0.0167322834645669,2834.79630827956,-2.6487067617170914
0.0167322834645669,2846.8164818256882,-0.06798953185505548
0.0172244094488189,2828.42805069324,1.5265371638152312
0.0167322834645669,2828.425185961467,-2.6187402298383478
0.0167322834645669,2832.677175869369,2.7615897343371305
0.0167322834645669,2828.4318763590004,5.305392033945057
0.0167322834645669,2843.2751261093385,-2.6459805143751196
0.0172244094488189,2834.796457127035,-2.700398141806614
0.0167322834645669,2834.088637219687,-2.6831833794854805
0.0167322834645669,2831.2568512090847,-2.6551181156317774
0.0167322834645669,2828.4331694289313,7.292314650730912
0.0167322834645669,2830.548533308044,-2.633989344540471
0.0167322834645669,2834.7963120930103,-2.640855170879876
0.0167322834645669,2829.1400850218893,6.4624209468863505
0.0172244094488189,2834.7961645376063,-2.6053935896671243
0.0172244094488189,2834.0886315815446,-2.694488044004094
0.0167322834645669,2832.6809126261987,7.278982963333261
0.0172244094488189,2834.7965941301018,-2.6932110403696923
0.0167322834645669,2828.4317462987697,5.577731924321586
0.0167322834645669,2818.538711073901,7.293194623408432
0.0167322834645669,2831.9644684936093,-2.644675461259021
0.0167322834645669,2830.548672743756,-2.631243557483813
0.0167322834645669,2843.2745162824945,-2.648648275375257
0.0167322834645669,2832.673013721098,-2.6881127025159164
0.0167322834645669,2843.982604034331,-2.680384588799108
0.0167322834645669,2831.9645017936355,-2.6606711750910166
0.0167322834645669,2833.3801892550987,-2.6722386771809656
0.0167322834645669,2828.4246175976514,-2.6275220948268667
0.0167322834645669,2833.3802585841486,-2.611812730267725
0.0167322834645669,2842.5699413692228,1.346316444956394
0.0167322834645669,2842.566850479664,-2.6634789561678294
0.0167322834645669,2834.796648901862,-2.6534611156661696
0.0167322834645669,2829.84057236607,-2.64916245007926
0.0162401574803149,2834.087974227433,-2.612727946013362
0.0167322834645669,2831.964619931543,-2.649763810913781
0.0162401574803149,2844.69063724255,-2.6517586986758563
0.0162401574803149,2834.088353324225,-2.6466080588555485
0.0162401574803149,2834.088427886699,-2.6728222236952313
0.0162401574803149,2834.0886089808178,-2.6764743900617693
0.0162401574803149,2846.111357361657,3.2120451879896335
0.0162401574803149,2834.7965661517997,-2.7010906548922673
0.0162401574803149,2843.275005467373,-2.6750147625013816
0.0162401574803149,2818.5388525559483,7.30838550317941
0.0162401574803149,2834.0884764918424,-2.6858662913132476
0.0162401574803149,2829.132636049327,-2.631824207544411
0.0162401574803149,2833.380469040661,-2.686630598120592
0.0167322834645669,2832.6736767234843,-1.8394070128947086
0.0167322834645669,2830.55327293163,2.754326685097606
0.0167322834645669,2843.274908192083,-2.6491334576380035
0.0162401574803149,2833.3813832428154,-2.100056921136145
0.0162401574803149,2843.2746874916006,-2.638043275966097
0.0162401574803149,2831.2562316276894,-2.639478736653768
0.0162401574803149,2834.0881576062943,-2.659702488434963
0.0162401574803149,2829.132753940809,-2.626632574838621
0.0167322834645669,2842.567235227276,-2.6644872627784184
0.0162401574803149,2819.946340495065,-2.629557166822706
0.0162401574803149,2820.654159062329,-2.642661725052328
0.0167322834645669,2845.402399318399,1.6130689366978852
0.0162401574803149,2831.2563881401366,-2.61388155622765
0.0162401574803149,2831.964349754585,-2.6145389466512645
0.0162401574803149,2842.567021325706,-2.3477412707276377
0.0162401574803149,2834.79975460034,1.7328399741261304
0.0162401574803149,2820.6541320021806,-2.636503912771566
0.0162401574803149,2802.26449636088,-2.640342125308728
0.0162401574803149,2843.2831890668763,7.299691744364922
0.0162401574803149,2833.382845596979,-0.3420472975491898
0.0162401574803149,2831.9645924826063,-2.628910935529939
0.0162401574803149,2802.264111407793,-2.637836280765033
0.0162401574803149,2831.964577392128,-2.6782002386655277
0.0162401574803149,2800.8481970087037,-2.633392384965816
0.0162401574803149,2818.5302655512187,-2.6338154771646085
0.0162401574803149,2834.8021535561575,4.674538202578074
0.0162401574803149,2842.5667186176343,-2.620748783388295
0.0162401574803149,2844.6905588947843,-2.6249484925278965
0.0167322834645669,2834.7962543290273,-2.6435987168634147
0.0167322834645669,2832.675010952965,0.7753586233444398
0.0167322834645669,2833.3807357347564,-2.398565525535009
0.0162401574803149,2830.5483022704075,-2.6364008400566155
0.0162401574803149,2833.3810550860712,-2.0952610328465706
0.0162401574803149,2801.5565391613354,-2.6381201774091187
0.0162401574803149,2833.380313819277,-2.636727669295948
0.0162401574803149,2802.26449636088,-2.640342125308728
0.0162401574803149,2846.1066321156322,-2.6642015824661156
0.0162401574803149,2846.814622439248,-2.6770054969070234
0.0167322834645669,2846.107710337265,-1.499754127390289
0.0162401574803149,2834.8007379766887,2.018170555633477
0.0167322834645669,2829.8406064533533,-2.6546158594423725
0.0167322834645669,2831.2613272819817,3.0231037648182446
0.0167322834645669,2831.2565208524425,-2.6590597552415898
0.0162401574803149,2843.2786742962835,2.345358393210449
0.0162401574803149,2829.8406054171137,-2.656990743510806
0.0162401574803149,2818.538464658794,7.319911311413691
0.0162401574803149,2831.9649152119273,-2.6688008370693277
0.0162401574803149,2846.8168509398874,-0.022794134868568863
0.0162401574803149,2833.3812392111663,-1.802144158589852
0.0162401574803149,2843.9826906269404,-2.3414539817951794
0.0162401574803149,2832.673090901353,-2.6884989142736404
0.0162401574803149,2847.522344189338,-2.6635370966476115
0.0167322834645669,2843.2748671946993,-2.643107572405199
0.0162401574803149,2819.951660574987,4.0912149265997035
0.0162401574803149,2844.6914258353954,-1.7411114169511872
0.0162401574803149,2831.9646099688694,-2.657317983625453
0.0162401574803149,2819.9459604653666,-2.6448532537299605
0.0162401574803149,2801.5565667916326,-2.6432854422193723
0.0167322834645669,2834.088580486802,-2.676976768435134
0.0167322834645669,2843.982856912916,-2.6938873701559083
0.0162401574803149,2843.982682851435,-2.6451665320660784
0.0167322834645669,2834.796965499272,-2.713039859122604
0.0162401574803149,2831.2565417812602,-2.666115791634491
0.0162401574803149,2846.8148548724052,-2.063861339340589
0.0162401574803149,2834.0882269261547,-2.6806170281821395
0.0162401574803149,2832.672200354366,-2.6553612176673287
0.0162401574803149,2819.2379698725817,-2.614758601303463
0.0162401574803149,2846.8161722898076,-0.9255836052952648
0.0167322834645669,2842.566769893558,-2.6277426451070056
0.0162401574803149,2843.274603578728,-2.6732804878052585
0.0162401574803149,2845.4070496103695,7.289955387824567
0.0162401574803149,2842.5667117215917,-2.6396967231089836
0.0162401574803149,2833.380108963132,-2.5627780597955385
0.0162401574803149,2834.0885031835173,-2.693207605800557
0.0167322834645669,2834.088597078018,-2.6775566662110077
0.0162401574803149,2833.380521290189,-2.6896080345232813
0.0162401574803149,2842.5666248678635,-2.6556871145363408
0.0162401574803149,2831.964552004044,-2.6557398303336752
0.0162401574803149,2833.3887220484253,7.303906473741901
0.0162401574803149,2820.6621394020367,6.702571074770363
0.0167322834645669,2843.2747865729334,-2.663349995218788
0.0162401574803149,2845.3986553218215,-2.6609710466861434
0.0162401574803149,2844.6906013382,-2.6404616375055965
0.0162401574803149,2828.4246715255726,-2.6302383644207206
0.0167322834645669,2834.088212210514,-2.6403891246519873
0.0157480314960629,2842.566788346568,-2.629007248429862
0.0157480314960629,2830.5489978741293,-2.6387007387934944
0.0157480314960629,2829.141083178242,7.318435948166226
0.0157480314960629,2832.672579732521,-2.6759126607641814
0.0157480314960629,2842.5668440180593,-2.630376250740546
0.0157480314960629,2834.0965162177054,7.307785680459285
0.0157480314960629,2832.672410097308,-2.665639591849298
0.0157480314960629,2819.9463302856457,-2.6445987763185306
0.0157480314960629,2818.5358263084736,3.6887792826716055
0.0162401574803149,2830.5485510455555,-2.653180441026521
0.0157480314960629,2817.83015888809,6.413551106708541
0.0162401574803149,2843.9838816676997,-1.789737996047593
0.0157480314960629,2832.673198161245,-2.0583274674639416
0.0162401574803149,2843.2750437662353,-2.371988604502195
0.0157480314960629,2829.8405870874094,-2.6302791056707506
0.0162401574803149,2830.5489875293006,-2.664365815571668
0.0157480314960629,2834.0957799530656,6.08082114757319
0.0162401574803149,2830.5485613100986,-2.656167090235358
0.0157480314960629,2848.2355708468544,3.378278497511706
0.0157480314960629,2831.972784238183,6.999258680845383
0.0157480314960629,2831.9649090418266,-2.677576026453135
0.0157480314960629,2832.6724195551437,-2.6604827028131783
0.0157480314960629,2834.088362737861,-2.649247315943292
0.0157480314960629,2848.2305992407228,-2.649225350552526
0.0157480314960629,2818.5380200765335,6.715110423530259
0.0157480314960629,2845.398750048547,-2.658412462890538
0.0157480314960629,2833.3805065733973,-2.6365485288143184
0.0157480314960629,2843.27472133533,-2.6370938452822643
0.0157480314960629,2843.274435403116,-2.617539203551396
0.0157480314960629,2845.3985963962577,-2.629677704205385
0.0157480314960629,2834.796646633166,-2.68086594337957
0.0157480314960629,2830.5516492028883,0.9872209599654735
0.0157480314960629,2845.4067778537587,7.310452389015774
0.0157480314960629,2831.968965534053,2.1623140012408153
0.0157480314960629,2834.0884449723035,-2.69337748292611
0.0162401574803149,2819.951395960915,3.7995708686074434
0.0157480314960629,2834.796553354823,-2.6831322956415775
0.0157480314960629,2833.384949951419,2.15774715717283
0.0157480314960629,2814.9986743220684,7.339233764796635
0.0157480314960629,2833.380365595313,-2.637910347473062
0.0157480314960629,2829.1324106840375,-2.65070282849051
0.0157480314960629,2848.2305208544817,-2.6766690937315407
0.0162401574803149,2829.133056719186,-2.6619538303246078
0.0157480314960629,2843.2746827816813,-2.5888055534600896
0.0157480314960629,2834.7965499512025,-2.6795310849286116
0.0157480314960629,2834.796431301966,-2.6885190929046034
0.0157480314960629,2833.3832048164318,0.02736018019543609
0.0157480314960629,2842.5669273835842,-2.680519896968649
0.0157480314960629,2834.7962427082703,-2.6378829316511574
0.0157480314960629,2834.796146836879,-2.676303523637038
0.0157480314960629,2829.8406363837585,-2.642329084593006
0.0157480314960629,2820.661896680952,6.702888615705904
0.0157480314960629,2814.998708156505,7.330201617757095
0.0162401574803149,2819.945907432501,-2.620006769857917
0.0157480314960629,2833.3806352673696,-2.682446575820108
0.0157480314960629,2828.4246680602437,-2.6296069552648547
0.0157480314960629,2831.964690943202,-2.663627613999428
0.0162401574803149,2834.7962083321045,-2.689441128800381
0.0162401574803149,2831.9646348433507,-2.659841258989095
0.0157480314960629,2820.6618842016014,6.7132801555637815
0.0157480314960629,2843.274681011945,-2.6582752647749386
0.0157480314960629,2817.1227167548323,7.328437963084148
0.0157480314960629,2833.380562008525,-2.691631795693887
0.0157480314960629,2818.5310844448773,-1.4241331393123913
0.0157480314960629,2834.0889002991935,-2.6859010481543972
0.0162401574803149,2846.814510800451,-2.645381089366553
0.0157480314960629,2830.5490102747935,-2.670568862201595
0.0157480314960629,2833.383168233374,0.04801487340266411
0.0157480314960629,2843.982658050042,-2.648551700768166
0.0157480314960629,2832.6724635321425,-2.667904489229089
0.0162401574803149,2832.6725784883615,-2.628855611573296
0.0162401574803149,2842.568655939175,-0.883188798648751
0.0157480314960629,2830.5487250228844,-2.6196489759030466
0.0157480314960629,2846.817066608733,-0.24875499378199384
0.0157480314960629,2846.81470571988,-2.654004857907337
0.0157480314960629,2832.6765550017913,1.8942665892431572
0.0157480314960629,2843.274821580432,-2.623310452627244
0.0162401574803149,2846.816336808896,-0.29654802619392895
0.0157480314960629,2843.277542060817,0.3618273518553898
0.0157480314960629,2834.088864511191,-2.6893402460512945
0.0157480314960629,2832.672323907666,-2.627493932809155
0.0157480314960629,2843.2750373993595,-2.686980241908769
0.0157480314960629,2842.5667255821368,-2.5865836055604805
0.0157480314960629,2842.566926248951,-2.676876205644923
0.0157480314960629,2834.08848706755,-2.699723609007522
0.0157480314960629,2833.383473452853,0.3467639196745172
0.0157480314960629,2843.2747175270915,-2.651059671385886
0.0157480314960629,2802.972453506082,-2.6425458356327938
0.0157480314960629,2842.5667316267527,-2.6350967308116284
0.0157480314960629,2801.5563814908746,-2.6352555942899927
0.0157480314960629,2843.2747196968917,-2.644179339787403
0.0162401574803149,2831.964463950042,-2.659293112705747
0.0157480314960629,2843.9862825053597,1.5718920007233719
0.0157480314960629,2831.2623894938342,4.291998502740963
0.0157480314960629,2832.6730505714795,-1.747729260421571
0.0157480314960629,2842.56627093016,-2.6554270412566483
0.0157480314960629,2831.256643691517,-2.6288612005046392
0.0157480314960629,2819.246368900512,6.703380500622272
0.0157480314960629,2842.5669397515912,-2.686735759564759
0.0157480314960629,2842.5666779116505,-2.6028231332003173
0.0162401574803149,2830.5485479763374,-2.6561759980897763
0.0157480314960629,2829.1348670387824,-0.21678461096011611
0.0162401574803149,2831.256270071854,-2.6529438862674235
0.0157480314960629,2831.2589580231815,0.06793356764262437
0.0157480314960629,2819.9459195319428,-2.626669952758678
0.0157480314960629,2832.6724495116914,-2.668751559338779
0.0157480314960629,2833.3889964544082,7.299894647160106
0.0157480314960629,2831.9642582041847,-2.656449888790627
0.0157480314960629,2832.6724549202036,-2.6624701109555065
0.0157480314960629,2834.796327333327,-2.6524057577334763
0.0157480314960629,2829.13266973697,-2.6346301745366083
0.0157480314960629,2814.9991112305765,7.322136506383316
0.0157480314960629,2845.3990437364173,-2.0323489862448225
0.0157480314960629,2843.282916705505,7.3115669930830105
0.0157480314960629,2843.282916705505,7.3115669930830105
0.0157480314960629,2847.522576966887,-2.631625511304248
0.0162401574803149,2834.7962149285477,-2.6327767933276016
0.0157480314960629,2847.522268636552,-2.656152617197761
0.0157480314960629,2830.5486889007743,-2.6532804217126627
0.0157480314960629,2834.796595391492,-2.0280818567968266
0.0157480314960629,2834.0882406613036,-2.65469726045031
0.0162401574803149,2833.3804980830746,-2.6943603299280015
0.0157480314960629,2829.840577127929,-2.632003882989491
0.0162401574803149,2848.2301377382373,-2.633090808474468
0.0157480314960629,2833.3806408510404,-2.689954944928031
0.0157480314960629,2845.398587898826,-2.6492067720525405
0.0157480314960629,2834.796247607762,-2.6535714111033086
0.0157480314960629,2834.796274018917,-2.653145868308401
0.0157480314960629,2834.79601480945,-2.6401395185811265
0.015255905511811,2833.3821854177413,-1.1118696643614938
0.015255905511811,2816.4147469965424,7.353072671905555
0.015255905511811,2817.1229702704654,7.337883423606289
0.015255905511811,2833.382539833788,-0.18597612986621873
0.0157480314960629,2843.277628647302,0.6700581352864113
0.015255905511811,2818.538898660258,7.331212766652998
0.015255905511811,2820.6545486691366,-2.6465841411487983
0.015255905511811,2845.3984506563033,-2.6262301836046373
0.015255905511811,2834.0884942523,-2.689506074428106
0.015255905511811,2818.5303074171807,-2.63461235661594
0.015255905511811,2818.538736116317,7.320112122683229
0.015255905511811,2814.9990799580746,7.3326297458804754
0.015255905511811,2846.823158719761,7.30548293222892
0.015255905511811,2834.7965430617196,-2.345929789745342
0.015255905511811,2842.57524712631,7.304619997222493
0.015255905511811,2834.096696450661,7.320174355452269
0.015255905511811,2843.2749150701134,-2.6957077647942134
0.015255905511811,2831.2646962906133,7.326207827849833
0.015255905511811,2831.260602640408,2.037807032711099
0.0157480314960629,2834.796351995927,-2.67735170666935
0.0157480314960629,2833.382900776514,-0.2549183682809748
0.015255905511811,2846.108415165769,-0.4697562939768808
0.015255905511811,2828.425096506596,-2.6449886382689627
0.015255905511811,2830.5483055725576,-2.6203604941710577
0.0157480314960629,2833.3807462802247,-2.065595222016863
0.015255905511811,2843.9911779413237,7.32347817333106
0.015255905511811,2831.964216965084,-2.650869923758195
0.015255905511811,2819.946324257509,-2.6343852247590283
0.015255905511811,2843.982685494699,-2.6407881024713893
0.015255905511811,2829.132682927396,-2.6543959330700813
0.015255905511811,2828.427977511504,1.1020444487862333
0.015255905511811,2833.380520082406,-2.688431754589507
0.015255905511811,2842.566826375565,-2.6496046068122525
0.015255905511811,2828.4247016361846,-2.635771398342526
0.015255905511811,2829.1412443129343,7.321735090605799
0.015255905511811,2848.230618727595,-2.65808779842342
0.015255905511811,2819.2463452834136,6.692567339067103
0.015255905511811,2834.796429261987,-2.6878369373081834
0.015255905511811,2829.8406948929646,-2.6375327900069387
0.015255905511811,2819.2382492607253,-2.626450906682865
0.015255905511811,2834.0886068417435,-2.6696099675171587
0.015255905511811,2829.8411381029327,-2.6403012616690797
0.0157480314960629,2843.982509295048,-2.6398687926144406
0.015255905511811,2830.5487850060454,-2.651355722559064
0.0157480314960629,2845.4024582293196,2.1858606842957187
0.015255905511811,2829.8405960753457,-2.620512300668657
0.015255905511811,2819.246339011149,6.694401197464166
0.015255905511811,2831.2566581409387,-2.653459401338027
0.015255905511811,2829.8445603243676,2.357001761957908
0.0157480314960629,2842.5668456805565,-2.6577485506248957
0.015255905511811,2834.7965359024056,-2.6755159616077
0.015255905511811,2834.796449914056,-2.645239221462507
0.015255905511811,2829.840630549998,-2.6524104260436094
0.015255905511811,2834.7965495882627,-2.68505182856464
0.015255905511811,2843.9826723213637,-2.629130098377455
0.015255905511811,2818.53862702019,7.338828281150126
0.0157480314960629,2834.7962087321935,-2.6953819068405873
0.015255905511811,2828.4246874505125,-2.637392648688154
0.015255905511811,2819.9463198766753,-2.6741526029142686
0.015255905511811,2820.6626328331236,7.309274016582492
0.0157480314960629,2833.3842717836465,1.8530525095836476
0.015255905511811,2834.088164854483,-2.619107286740857
0.015255905511811,2834.088256128485,-2.6840630394985796
0.015255905511811,2844.6906361683655,-2.657427245677214
0.015255905511811,2833.3805539289756,-2.6922887003892972
0.015255905511811,2831.9650546095445,-2.7026641912167118
0.015255905511811,2819.9496946516106,1.3952869184780259
0.015255905511811,2828.4244251225637,-2.626683256111857
0.015255905511811,2819.946234821088,-2.6443561104882365
0.015255905511811,2834.088428914042,-2.6999531758089073
0.015255905511811,2843.274690523684,-2.6028676040651573
0.015255905511811,2828.4328857684836,7.331949937266316
0.015255905511811,2830.548602886673,-2.6469557924101723
0.015255905511811,2834.0969755298574,7.301907196979532
0.015255905511811,2842.5669335107395,-2.6891681446504503
0.015255905511811,2834.796346540912,-2.660805740766117
0.015255905511811,2829.8403893468335,-2.6451642730723655
0.015255905511811,2831.2565434328867,-2.6442696563920185
0.015255905511811,2830.548736865513,-2.657589862204303
0.015255905511811,2831.964440421853,-2.6653803791472375
0.0157480314960629,2831.256238645685,-2.6314853846525614
0.0157480314960629,2832.6742950530847,-0.2474512879872616
0.015255905511811,2831.256243955845,-2.6275755166192
0.015255905511811,2820.6619068833934,6.69872975134405
0.015255905511811,2834.0881890762435,-2.631558473607022
0.0157480314960629,2834.0882384929087,-2.6415470049473315
0.015255905511811,2834.0965800740755,7.322331913497598
0.015255905511811,2831.2565416224356,-2.634335820095343
0.015255905511811,2831.9644924403906,-2.656334462316083
0.015255905511811,2843.2748455676856,-2.6345588746995756
0.015255905511811,2845.4034646285477,3.255265028243155
0.0157480314960629,2843.274529355193,-2.6506596869071357
0.015255905511811,2834.7969999304405,-2.7124022439654714
0.015255905511811,2834.796257805046,-2.6489827668346946
0.015255905511811,2843.2747213710895,-2.6467276719465587
0.0157480314960629,2843.27456701175,-2.664068818474554
0.015255905511811,2843.2773782722197,0.4646900222944295
0.015255905511811,2843.983360565966,-1.6983343107469127
0.015255905511811,2834.088339532782,-2.6537355534197826
0.015255905511811,2819.2438059848682,3.889473548430528
0.015255905511811,2848.2302107556834,-2.654161052712366
0.0157480314960629,2843.2745719856857,-2.654419564460383
0.015255905511811,2834.7962293118585,-2.6488875880509957
0.0157480314960629,2846.814493983501,-2.3317082356422607
0.015255905511811,2829.1326135046834,-2.6479071971984207
0.015255905511811,2802.264496249143,-2.640304592754763
0.015255905511811,2834.796207697306,-2.635120148271088
0.015255905511811,2829.1325983195707,-2.635858726735175
0.015255905511811,2833.3805589606204,-2.674406789519369
0.015255905511811,2829.840729879044,-2.627843549233835
0.015255905511811,2845.402275142475,1.6958843857946675
0.015255905511811,2845.4004514974577,-0.46356356777434937
0.015255905511811,2830.5570214743598,7.317593445368746
0.015255905511811,2829.1326562919025,-2.6383445072882017
0.015255905511811,2843.982609854506,-2.6268374691998533
0.015255905511811,2834.7965404147926,-2.6906687120012474
0.015255905511811,2832.6808965588007,7.3124473901887415
0.015255905511811,2832.673073454238,-2.687483658676361
0.015255905511811,2843.982814660612,-2.641184996523981
0.015255905511811,2842.5672860966124,-2.687081774148202
0.015255905511811,2834.0887497082167,-2.64887392331024
0.015255905511811,2847.5227120092404,-2.009050929982358
0.015255905511811,2834.0886068025784,-2.695909167204343
0.015255905511811,2832.673420824811,-2.059829941592262
0.015255905511811,2829.1327825740805,-2.6340730691727545
0.015255905511811,2834.7964110406715,-2.637583227582882
0.015255905511811,2843.2762808291045,-0.4478848724407406
0.015255905511811,2831.9645715179704,-2.668948257198952
0.015255905511811,2842.5676639215294,-2.0322490096626837
0.015255905511811,2829.848683263376,6.699823669803999
0.015255905511811,2819.238249725435,-2.639466327330796
0.015255905511811,2843.2751540163435,-2.656493018133435
0.0157480314960629,2842.566761412373,-2.644984338690054
0.015255905511811,2831.964483183749,-2.6447069673632315
0.015255905511811,2833.3804440445033,-2.6879010282623224
0.015255905511811,2846.1066962186314,-2.6383149484640787
0.015255905511811,2830.548697543318,-2.6375244175014636
0.014763779527559,2829.840806870447,-2.6603574527302016
0.014763779527559,2834.7961927810984,-2.640172856146116
0.014763779527559,2846.8227865517024,7.3385355476962975
0.014763779527559,2819.2467180644267,7.337901103936589
0.014763779527559,2829.140718631121,6.691346120048292
0.014763779527559,2818.5388941340707,7.34361065377099
0.014763779527559,2846.1063004472903,-2.6155843216464594
0.015255905511811,2844.6929020371404,-0.15153399947277044
0.015255905511811,2830.548447803901,-2.6471624536618292
0.014763779527559,2830.548703327432,-2.6308415783964327
0.014763779527559,2843.9824693290793,-2.633733216004171
0.014763779527559,2829.8407450566506,-2.6476514236035045
0.014763779527559,2817.1225747659882,7.35359477368376
0.015255905511811,2819.9496612626845,1.3995118501162833
0.014763779527559,2818.5387680963486,7.329060753398949
0.014763779527559,2830.5484464077504,-2.6455953104946244
0.014763779527559,2820.6619792396386,6.692323747730578
0.014763779527559,2834.804770855043,7.313643397696403
0.014763779527559,2843.2746853557933,-2.5792945447556757
0.014763779527559,2831.964491444344,-2.639556912311097
0.014763779527559,2843.276015677715,-1.7093539636736221
0.014763779527559,2842.566877063179,-2.6257958978539517
0.014763779527559,2829.1408315332515,7.00240169994394
0.015255905511811,2845.3987058896796,-2.6479693527178334
0.014763779527559,2845.3987322966586,-2.645303230353422
0.014763779527559,2846.1066454790616,-2.624571627967098
0.014763779527559,2828.424706468851,-2.626345587913239
0.014763779527559,2843.282965456594,7.345435766290534
0.014763779527559,2834.088449093334,-2.679677419388095
0.014763779527559,2833.385116777062,3.14828593053168
0.014763779527559,2820.654213367932,-2.6665477941105733
0.014763779527559,2842.566771149025,-2.6558829232515446
0.014763779527559,2829.8403334680274,-2.6397433019394447
0.015255905511811,2833.380362677556,-2.637541742626156
0.014763779527559,2843.274660784048,-2.6231096517154793
0.014763779527559,2834.7962778042856,-2.661897400180503
0.014763779527559,2833.38038130818,-2.6666152342406066
0.014763779527559,2834.7965683166067,-2.687072165936276
0.014763779527559,2833.3806289550243,-2.6759428142448214
0.014763779527559,2843.982717493308,-2.6499302433195213
0.014763779527559,2834.7963752046744,-2.6799833400040907
0.014763779527559,2816.414629816219,7.35424499030701
0.014763779527559,2818.5303114024773,-2.6348060733253478
0.014763779527559,2833.3889043326753,7.313849640672367
0.014763779527559,2833.380285263656,-2.6798932142344336
0.014763779527559,2817.8305442153082,7.349801094507793
0.014763779527559,2820.65423502766,-2.6355068707046776
0.014763779527559,2832.67269873416,-2.6688812479325974
0.014763779527559,2828.4247730733705,-2.625635350136137
0.014763779527559,2819.946339078926,-2.6296786729360377
0.014763779527559,2834.088474428995,-2.3509885417564855
0.014763779527559,2830.548577045254,-2.63511301651188
0.014763779527559,2819.946339078926,-2.6296786729360377
0.014763779527559,2834.7960840749397,-2.5900698480694886
0.014763779527559,2828.424652262787,-2.6319656099278124
0.014763779527559,2834.0885016842017,-2.6944939816611226
0.014763779527559,2833.388644175609,7.329180837248231
0.014763779527559,2831.9646019692323,-2.6887423989712205
0.014763779527559,2834.0884730623206,-2.693221429872679
0.015255905511811,2834.7960815856563,-2.600389698992255
0.014763779527559,2846.8159447916228,-1.0026836704104807
0.014763779527559,2820.654327976869,-2.6570089320855104
0.014763779527559,2831.9641966360305,-2.6470992060202225
0.014763779527559,2846.106564321516,-2.638024377641301
0.014763779527559,2847.522543316019,-2.6678479717809664
0.014763779527559,2830.5485949308263,-2.6581481278972405
0.014763779527559,2833.3802566573518,-2.6698856187516964
0.014763779527559,2819.245442495246,5.706646163825765
0.014763779527559,2834.7962583446856,-2.6509674679502138
0.014763779527559,2829.139777871774,5.710794201926569
0.014763779527559,2829.1326756509834,-2.6359689787857437
0.014763779527559,2834.096844766148,7.319254886821493
0.014763779527559,2820.662654349147,7.319836543750199
0.014763779527559,2830.552795359135,2.521684464760997
0.014763779527559,2833.3801871718665,-2.6038361805009766
0.014763779527559,2818.5304216775958,-2.6182599091569783
0.014763779527559,2833.3805449319893,-2.680251705237347
0.014763779527559,2832.672547221912,-2.6669419572869346
0.014763779527559,2842.5674678392484,-2.2992532719516086
0.014763779527559,2792.3697256827263,-2.635136854834542
0.014763779527559,2801.5565389888475,-2.638062186733566
0.014763779527559,2829.8405924891863,-2.638819649395414
0.014763779527559,2829.8403090387883,-2.622114255008342
0.014763779527559,2842.5668364822704,-2.658395068032699
0.014763779527559,2845.398505593988,-2.6216921014867913
0.014763779527559,2802.264496188392,-2.6402841346331742
0.014763779527559,2834.0884428370377,-2.68771305586389
0.014763779527559,2842.566838841977,-2.6716298085196373
0.015255905511811,2833.38044810471,-2.6181944726762287
0.014763779527559,2831.9644576699375,-2.662225561958359
0.014763779527559,2842.569489640393,0.24133938035866936
0.014763779527559,2846.814729066324,-2.6535822590028824
0.014763779527559,2842.5669918964454,-2.603369846036238
0.015255905511811,2819.238246960616,-2.635778237654983
0.015255905511811,2834.0884372832797,-2.64850505510959
0.014763779527559,2820.6578336785296,1.5132854347477243
0.014763779527559,2842.5702970331545,0.8602939391509449
0.014763779527559,2847.522768462148,-2.3210546879250598
0.014763779527559,2831.964467106743,-2.6619569789737674
0.014763779527559,2842.56697624074,-2.299194265429411
0.014763779527559,2831.9642837071005,-2.6571498934895934
0.014763779527559,2829.132717634009,-2.626789919787141
0.014763779527559,2831.964220870049,-2.6506532731882406
0.014763779527559,2829.8405108651687,-2.6428829000257683
0.014763779527559,2831.9643683531676,-2.629875973245294
0.014763779527559,2846.107826924213,-1.0056792804027488
0.014763779527559,2845.398132361188,-2.6517407137793327
0.014763779527559,2845.3984974578675,-2.6188214522614466
0.014763779527559,2842.566832265913,-2.655758621388157
0.014763779527559,2834.08847602923,-2.692639210709738
0.014763779527559,2831.256548374902,-2.6598601571898626
0.014763779527559,2843.276237898641,-0.6922525817908939
0.014763779527559,2834.088094835907,-2.6448823536750203
0.014763779527559,2820.654309283289,-2.637200478908726
0.014763779527559,2843.274800400965,-2.6238856712078698
0.014763779527559,2834.7961781154404,-2.6879067718664964
0.014763779527559,2831.2565338807417,-2.6530911437722087
0.014763779527559,2832.672534087955,-2.6860095305095464
0.014763779527559,2845.399975305504,-0.6983201909560746
0.014763779527559,2834.7965924814685,-2.6855531690613175
0.014763779527559,2834.088592864164,-2.682890810437502
0.014763779527559,2820.6536661897608,-2.6296058757345167
0.014763779527559,2820.6541050055034,-2.6416987507494643
0.014763779527559,2843.9860653587784,1.2006409457008407
0.014763779527559,2819.9462604679593,-2.665825400275886
0.014763779527559,2820.654286534852,-2.6385100517427613
0.014763779527559,2829.8411452129194,-2.6424227603555432
0.014763779527559,2843.274877009636,-2.7029796031068782
0.014271653543307,2834.79636951334,-2.678870417133266
0.014271653543307,2819.238252780451,-2.640889234781451
0.014271653543307,2828.4247971284112,-2.633275616477581
0.014271653543307,2820.6542900445593,-2.6578049116262052
0.014271653543307,2833.3804874821826,-2.683048699182555
0.014763779527559,2843.276282067655,-1.3751276307978806
0.014763779527559,2820.654265963217,-2.630065716898339
0.014271653543307,2834.088467773225,-2.6830262715025843
0.014271653543307,2843.274432747492,-2.6500340155983944
0.014271653543307,2834.8048010595116,7.331913274811046
0.014271653543307,2843.2778464411213,0.3196201261552016
0.014271653543307,2844.6905671385684,-2.626865671375121
0.014271653543307,2832.6729559080195,-2.674818354598159
0.014271653543307,2834.7962794746595,-2.6587539851361703
0.014763779527559,2842.567311630928,-2.680894102583914
0.014271653543307,2817.8308226654854,7.34489796233377
0.014271653543307,2843.982285934652,-2.5956185000119576
0.014271653543307,2830.548720746952,-2.6532415276407586
0.014271653543307,2817.830567888981,7.354472744595478
0.014271653543307,2842.5669124070946,-2.6815845822100757
0.014271653543307,2845.39813497487,-2.589778997046992
0.014271653543307,2843.9827061960696,-2.6506386525346897
0.014763779527559,2830.548689846905,-2.6495784178461173
0.014271653543307,2831.96430059073,-2.6672957303958182
0.014763779527559,2817.8280999118965,4.1098118263150365
0.014763779527559,2831.964604245994,-2.6540223136453345
0.014763779527559,2828.4247604344646,-2.624567971887532
0.014271653543307,2834.0897223765905,-0.6484708764024771
0.014271653543307,2833.380231955388,-2.6723554756532435
0.014763779527559,2831.9642029873853,-2.6489075326162284
0.014271653543307,2846.1111562454025,3.016239664786634
0.014271653543307,2833.38062400069,-2.681869077969348
0.014763779527559,2831.9646199370204,-2.6434696271143054
0.014763779527559,2831.9644884421027,-2.632582044331255
0.014763779527559,2832.6806050654045,6.992607379598072
0.014271653543307,2844.698802587963,7.337500929610033
0.014271653543307,2833.3803671672613,-2.6470956411564144
0.014763779527559,2847.5238101136088,-1.3783687348084868
0.014271653543307,2834.796444782266,-2.6918619314290266
0.014271653543307,2819.2461956609864,6.66811053927804
0.014271653543307,2834.0884799316655,-2.69122596102748
0.014271653543307,2819.9461851081555,-2.6343427340211667
0.014271653543307,2820.662764640538,7.336924137305613
0.014271653543307,2831.2565254753617,-2.639410454749617
0.014271653543307,2830.5482884874023,-2.6332684297490467
0.014271653543307,2842.566857416305,-2.665284902495533
0.014271653543307,2843.27713293213,-0.3324573793590959
0.014763779527559,2830.5485138044155,-2.634047858381002
0.014271653543307,2846.8152881894193,-1.6242876317322381
0.014271653543307,2834.7989888444718,-0.018159594421653824
0.014271653543307,2830.5485380332884,-2.6513204469746845
0.014271653543307,2828.424770068262,-2.627117804196819
0.014271653543307,2848.2306346602204,-2.3497581879963287
0.014763779527559,2843.982484130228,-2.607145322214466
0.014271653543307,2814.290779888594,7.3613675964138645
0.014271653543307,2818.538535305613,7.354283959135822
0.014271653543307,2829.8406364297107,-2.639985831253369
0.014271653543307,2829.8408192350635,-2.65899588649864
0.014271653543307,2829.8406285741303,-2.6618925593574483
0.014271653543307,2831.256917331335,-2.6630651116773483
0.014271653543307,2831.256531214074,-2.6650185818278374
0.014271653543307,2842.5673779534786,-2.6637742197422836
0.014763779527559,2833.3812328227423,-2.371580211339632
0.014271653543307,2832.6810677098015,7.3326958457278035
0.014271653543307,2847.52250349184,-2.6571669982476975
0.014271653543307,2829.840606900681,-2.654557266571983
0.014271653543307,2848.2302515148854,-2.6644046823799803
0.014271653543307,2844.6906252159292,-2.6436193624743085
0.014271653543307,2842.56702736733,-2.67891274689996
0.014271653543307,2829.1328298928065,-2.6374916992195128
0.014271653543307,2818.539064963272,7.354780238498783
0.014271653543307,2831.9649091961014,-2.6519712115110567
0.014271653543307,2847.5224852042656,-2.646409767027937
0.014763779527559,2843.98262778436,-2.6396342378982642
0.014271653543307,2832.6739985398945,-1.0066809609989609
0.014271653543307,2842.5667449678094,-2.6495519120457636
0.014763779527559,2847.5225801393553,-2.2967015564639075
0.014763779527559,2844.690842056399,-2.6079774368371353
0.014271653543307,2843.9911986201337,7.336198620674606
0.014271653543307,2818.538778964141,7.353129952804217
0.014271653543307,2832.6724962884564,-2.6979985436321803
0.014271653543307,2834.7962985458785,-2.6508117274540064
0.014763779527559,2832.672571923825,-2.630532554115416
0.014271653543307,2834.7964315746244,-2.676911528918989
0.014271653543307,2833.380470396726,-2.67110557492929
0.014271653543307,2843.2746851537386,-2.6151544758519876
0.014271653543307,2833.389000821789,7.331282156481185
0.014271653543307,2830.5536325807498,3.7014647010339177
0.014271653543307,2833.3890019900455,7.331526448520998
0.014271653543307,2847.5226883129767,-2.6656279017855877
0.014271653543307,2832.672990258448,-2.6861215243185073
0.014271653543307,2846.814713190007,-2.650450045407834
0.014271653543307,2830.5567891136093,6.995382918208714
0.014271653543307,2833.3889156202667,7.324967701624236
0.014271653543307,2834.7961413337025,-2.6768224593217145
0.014271653543307,2831.9727026149317,7.355016835872678
0.014763779527559,2831.964495432624,-2.6354918123265283
0.014763779527559,2832.6729705922953,-2.6415128869005615
0.014271653543307,2819.2465796387237,7.356132231251532
0.014271653543307,2848.2318279531173,-1.3405142805882082
0.014271653543307,2846.1076104694885,-0.9253011311415511
0.014271653543307,2830.54857065251,-2.6395565545438067
0.014271653543307,2818.534260779036,2.3741033757084145
0.014271653543307,2831.256517550078,-2.6386787451216587
0.014271653543307,2846.1063961119635,-2.6008923609261503
0.014271653543307,2843.9836060678767,-1.6676628380353613
0.014271653543307,2846.1066677664066,-2.6718190963526474
0.014271653543307,2846.106398827853,-2.6611365434112177
0.014271653543307,2848.2307452252717,-2.6904411838643334
0.014271653543307,2820.6542163373174,-2.666532333110088
0.014271653543307,2817.1229898543165,7.358928318482263
0.014271653543307,2828.427401006544,0.7158841499760208
0.014271653543307,2846.106402916747,-2.6453316737698156
0.014271653543307,2834.7982522111824,-0.31684738197899026
0.014763779527559,2829.840741597009,-2.6503880823024377
0.014271653543307,2830.548511895378,-2.6598516821675457
0.014271653543307,2834.0884499473864,-2.6945074013562316
0.014271653543307,2818.538778215684,7.3399345223110055
0.014271653543307,2817.830680979483,7.369673670982312
0.014271653543307,2843.2746039780864,-2.670236087042516
0.014271653543307,2843.274907630725,-2.6825224145277575
0.014271653543307,2845.399373784345,-1.6421937235371409
0.014271653543307,2829.8410333937454,-2.669019888203536
0.014271653543307,2842.5750280564152,7.342679535431897
0.014271653543307,2848.2305626115426,-2.6392634072690115
0.014271653543307,2842.5668256202684,-2.6648374154146035
0.0137795275590551,2834.089223307243,-1.6174436939537478
0.0137795275590551,2831.2562574159,-2.6274354932621162
0.0137795275590551,2845.398541184028,-2.655722111557607
0.0137795275590551,2817.1230091236425,7.363001466458786
0.0137795275590551,2843.2748566726723,-2.671493325727918
0.0137795275590551,2818.5361940454472,4.611911076669735
0.0137795275590551,2834.0879879843305,-2.6764548450564893
0.0137795275590551,2842.567069533021,-2.671218757483132
0.0137795275590551,2843.2745035840535,-2.643186015449966
0.0137795275590551,2846.8150766009257,-1.9524141820858454
0.014271653543307,2844.6908083108306,-2.6555910173363486
0.0137795275590551,2845.400351131208,-0.5789482472509704
0.0137795275590551,2831.9643567635394,-2.685338307745598
0.0137795275590551,2818.538546149926,7.365935654168948
0.0137795275590551,2848.2304043920044,-2.69783060638003
0.0137795275590551,2834.0968836641246,7.334397448757755
0.0137795275590551,2830.548718065687,-2.652470891816084
0.0137795275590551,2818.5303167625584,-2.638773768599345
0.0137795275590551,2820.6543206719516,-2.6487653577489336
0.0137795275590551,2844.6991400416805,7.343363755243252
0.0137795275590551,2831.2647552717876,7.366295156937071
0.0137795275590551,2847.524396625132,-0.9215004340033326
0.0137795275590551,2829.841024015904,-2.6387603602196212
0.0137795275590551,2829.848782615469,7.002509197676626
0.0137795275590551,2819.2382738898887,-2.6496675180633877
0.0137795275590551,2832.6725126916426,-2.677839337601261
0.014271653543307,2848.2342287251345,1.6628758620307227
0.0137795275590551,2842.5679302075814,-1.2591680606712696
0.0137795275590551,2833.3805038437445,-2.6336990755047975
0.0137795275590551,2831.256965019348,-2.6621570816788904
0.0137795275590551,2842.5717805226564,2.524897454238489
0.0137795275590551,2831.964489190695,-2.6465852602864604
0.014271653543307,2848.231336066667,-2.333701774492292
0.0137795275590551,2831.25648414341,-2.5935931320309136
0.0137795275590551,2820.661853347191,6.668860744274431
0.014271653543307,2843.9828805714183,-2.652499147508938
0.0137795275590551,2818.5387898084537,7.364781647837343
0.0137795275590551,2842.5692592150954,0.09211962829396199
0.0137795275590551,2831.9647434292947,-2.6564560733633464
0.0137795275590551,2856.70912798894,-2.6953303034161933
0.0137795275590551,2834.088604016438,-2.6909702864983296
0.0137795275590551,2834.796482856344,-2.67764484741151
0.0137795275590551,2842.571194690433,2.52949362188245
0.0137795275590551,2833.3806072164048,-2.66694167400891
0.0137795275590551,2833.3811464178943,-2.338257230040781
0.0137795275590551,2843.9846296778023,-0.2087388444292677
0.0137795275590551,2814.9988691295634,7.392191514862064
0.0137795275590551,2819.9528005445186,4.937682922088958
0.0137795275590551,2842.5670788227794,-2.684626659119211
0.0137795275590551,2844.693395525069,0.42205172264855306
0.0137795275590551,2834.7964624237547,-2.6913641477755257
0.0137795275590551,2828.4248029303,-2.625507816121394
0.014271653543307,2831.2565319863766,-2.6530908098008
0.0137795275590551,2818.538380846557,6.66118303723253
0.0137795275590551,2843.9823360220494,-2.6093914476781186
0.0137795275590551,2829.840752888333,-2.6301501009073838
0.0137795275590551,2843.2832784881434,7.341548742462427
0.0137795275590551,2846.814539507746,-2.6527692812264014
0.0137795275590551,2845.3987212091793,-2.6309164946389747
0.0137795275590551,2833.380343185191,-2.6412826396557865
0.0137795275590551,2848.230487193933,-2.665547745850062
0.0137795275590551,2842.566851909386,-2.6186981411635584
0.0137795275590551,2820.654777886897,-1.96655623878607
0.0137795275590551,2834.0885772714128,-2.6838074300302814
0.0137795275590551,2830.5487233808803,-2.6467553431544464
0.0137795275590551,2828.433306243076,7.363123856113069
0.0137795275590551,2846.1098773580097,1.1313203602408397
0.0137795275590551,2834.7964600220125,-2.6959351972058987
0.0137795275590551,2830.556882923598,6.999807728363529
0.0137795275590551,2820.653932524393,-2.623467083323955
0.014271653543307,2831.9643926789663,-2.6516310098785008
0.0137795275590551,2829.8407876111673,-2.6574118003845224
0.0137795275590551,2843.2746980626516,-2.631747300984008
0.0137795275590551,2834.088443857696,-2.6791638253166146
0.0137795275590551,2819.2459141424115,6.67075848967316
0.0137795275590551,2846.8232359310637,7.350221334617824
0.014271653543307,2831.2636016016704,5.679743265233638
0.014271653543307,2834.796078740486,-2.6563660720348783
0.014271653543307,2845.398634204087,-2.647594148154676
0.0137795275590551,2842.567055982123,-2.2762398456104873
0.0137795275590551,2829.849079677037,7.358444945967832
0.0137795275590551,2831.2565257309784,-2.6455569362568787
0.0137795275590551,2829.1411820990556,7.3497067920152
0.0137795275590551,2820.6542234910594,-2.6576025270279633
0.0137795275590551,2834.7964180518106,-2.6977814650001255
0.0137795275590551,2833.3801827310936,-2.6642300301788677
0.014271653543307,2805.095976783431,-2.64773272041415
0.014271653543307,2829.8488319140647,6.997604866108323
0.0137795275590551,2844.690962270523,-2.3107239826761057
0.0137795275590551,2843.982654713923,-2.6470640393951905
0.0137795275590551,2833.380161037772,-2.5907948486075214
0.0137795275590551,2833.380478800122,-2.685580645659809
0.0137795275590551,2831.2599529629038,0.7706922755566705
0.0137795275590551,2834.088458450195,-2.6810387280955013
0.0137795275590551,2834.797745029917,-0.9404859186405328
0.0137795275590551,2802.2641111022954,-2.6377333859268717
0.014271653543307,2833.3804848725376,-2.6845425062843393
0.0137795275590551,2833.3801976279387,-2.6743644137794536
0.0137795275590551,2832.672437502543,-2.6671304465386876
0.0137795275590551,2843.274594545098,-2.6197635282747633
0.0137795275590551,2842.5723580354497,4.2460216239614335
0.0137795275590551,2834.8024355431626,4.935300471599353
0.0137795275590551,2833.380463307262,-2.694664297170954
0.0137795275590551,2834.7964850504036,-2.6920201563029096
0.0137795275590551,2832.672563729595,-2.687891730129406
0.0137795275590551,2842.5685504136427,-0.21870840757142657
0.0137795275590551,2834.8021432722476,4.237079373647612
0.0137795275590551,2831.9680592298046,1.4798602253386546
0.0137795275590551,2834.7963270966156,-2.6466689419010305
0.0137795275590551,2834.801173759878,3.2356981199218686
0.0137795275590551,2834.0966074999988,7.362003371386541
0.0137795275590551,2847.5223557790273,-2.621685454424011
0.0137795275590551,2843.9909196268563,7.344146387495694
0.0137795275590551,2834.7962153781364,-2.644749106474347
0.0137795275590551,2801.556404642498,-2.6414386674157795
0.0137795275590551,2829.845017332148,2.889539471038081
0.0137795275590551,2816.4146284100857,7.376920744193705
0.0137795275590551,2847.529409443575,5.267908022939426
0.0137795275590551,2830.548706365578,-2.6408721992107806
0.0137795275590551,2820.654156995093,-2.6411413403624944
0.0137795275590551,2847.5225227107476,-2.656270125267785
0.0137795275590551,2831.2566457530666,-2.657885134563115
0.0137795275590551,2829.1326398566057,-2.6487998193721123
0.0137795275590551,2846.8155698300016,-1.616154804098397
0.0137795275590551,2833.380235774175,-2.683488415986581
0.0137795275590551,2847.522460135694,-2.276926177159456
0.0137795275590551,2831.964513845224,-2.672334743123105
0.0137795275590551,2834.088345496292,-2.685461072815649
0.0137795275590551,2828.424793186681,-2.6321172470285092
0.014271653543307,2830.5485751016568,-2.6601195993586058
0.014271653543307,2834.0884937140554,-2.6455630935796535
0.0137795275590551,2831.9646147433486,-2.6434253755133246
0.0137795275590551,2828.4246980380294,-2.6542728743674697
0.0137795275590551,2820.6542094320266,-2.6654656717947773
0.0137795275590551,2819.946373366988,-2.6549948776878542
0.014271653543307,2842.5699126310988,1.0079889937517148
0.0137795275590551,2843.2750265255404,-2.692831810812176
0.0137795275590551,2843.274716491663,-2.652627370773327
0.0137795275590551,2829.1323870510946,-2.6227361445794286
0.0137795275590551,2834.7967073946998,-2.310346369326449
0.0137795275590551,2831.9645046485384,-2.6697407255605454
0.0137795275590551,2818.530317094545,-2.6361975361855623
0.0137795275590551,2833.382121249306,-1.3220833527519933
0.0137795275590551,2828.424815935118,-2.630807674194474
0.0137795275590551,2833.3801683573993,-2.6441748688903064
0.0137795275590551,2834.796722058824,-2.6733281955716377
0.0137795275590551,2819.9466625610594,-2.6660274712218666
0.0137795275590551,2842.5668793183468,-2.665954148268363
0.0137795275590551,2828.4326441158732,6.656795264904213
0.0132874015748031,2832.6806760780996,7.368060741512336
0.0132874015748031,2834.0912936084364,0.6045896913219614
0.0132874015748031,2843.280319969795,3.419925211016772
0.0137795275590551,2829.840336708074,-2.6276740515459696
0.0132874015748031,2843.986443395178,1.6621500106197487
0.0132874015748031,2842.5667948233163,-2.655492386766411
0.0132874015748031,2829.840616004607,-2.6569493022427815
0.0132874015748031,2829.132649096821,-2.6519855469168205
0.0132874015748031,2846.8145198941256,-2.638901612636089
0.0132874015748031,2815.707096630779,7.3733519887409065
0.0132874015748031,2834.796846044224,-2.7082517068153074
0.0137795275590551,2829.8406335101777,-2.6407960150941343
0.0132874015748031,2831.2563111288596,-2.6574316471481785
0.0137795275590551,2817.8221037262147,-2.6145792917255215
0.0132874015748031,2815.707119379216,7.374661561574942
0.0137795275590551,2830.548319759957,-2.6477895565009404
0.0137795275590551,2831.2565139673416,-2.637693860524443
0.0132874015748031,2843.274695123619,-2.610337762804868
0.0137795275590551,2834.0881200980825,-2.6449199578839084
0.0132874015748031,2829.140877139175,6.999205703128544
0.0132874015748031,2832.6733416587376,-1.5779106819190407
0.0137795275590551,2829.1326855073185,-2.6411680847570858
0.0137795275590551,2829.8406335101777,-2.6407960150941343
0.0132874015748031,2818.538791335978,7.363097451885586
0.0132874015748031,2817.830977973031,7.3732955759491965
0.0132874015748031,2832.672288952682,-2.6764276656689603
0.0137795275590551,2830.5485826620816,-2.6635226577988678
0.0137795275590551,2830.5483007207918,-2.629729610758179
0.0137795275590551,2819.2383778278304,-2.6354576188037595
0.0137795275590551,2830.548581695023,-2.647969487690099
0.0137795275590551,2828.4248514940623,-2.6310060631812466
0.0137795275590551,2834.088369803423,-2.6477532264204817
0.0132874015748031,2843.2747527358833,-2.5973030626340163
0.0137795275590551,2842.56683927966,-2.659500852767583
0.0132874015748031,2848.2349001657726,1.9742619095367766
0.0132874015748031,2834.7962375743646,-2.6552062997590298
0.0132874015748031,2829.8492602375236,7.365507097709569
0.0132874015748031,2834.796321155875,-2.6545656458283937
0.0132874015748031,2834.7962950277793,-2.6556394328104007
0.0132874015748031,2802.264495982271,-2.640214489028107
0.0137795275590551,2831.2565017249967,-2.6377842693955063
0.0132874015748031,2842.5677879737386,-1.9306748553373874
0.0137795275590551,2843.2747379996827,-2.646607543192989
0.0132874015748031,2834.79622686881,-2.646460878277038
0.0132874015748031,2833.3804966099005,-2.6944731879888373
0.0137795275590551,2830.5485521496043,-2.6410725136406605
0.0137795275590551,2834.7963143548686,-2.6569777464997077
0.0137795275590551,2833.3806500082205,-2.678612888575244
0.0137795275590551,2831.9644639973963,-2.6591132863755207
0.0132874015748031,2842.5669442161366,-2.6889222339778316
0.0132874015748031,2843.274698457202,-2.650435296162602
0.0137795275590551,2828.4247842370323,-2.6290856346725806
0.0132874015748031,2833.3838313138504,1.6437830813693413
0.0132874015748031,2819.246869036193,7.369866032188897
0.0132874015748031,2819.9466202390518,-2.6457085471689576
0.0137795275590551,2844.6960114173726,3.89250570369008
0.0132874015748031,2845.398663751492,-2.6687135568331994
0.0137795275590551,2846.8146284467034,-2.6762917955641137
0.0132874015748031,2842.5673427584175,-2.6650175087346195
0.0137795275590551,2830.5485421413846,-2.638431173537501
0.0132874015748031,2829.84056632568,-2.6508506855444636
0.0132874015748031,2845.3985613817767,-2.6492163186712463
0.0132874015748031,2831.964490677221,-2.6684154443675023
0.0132874015748031,2846.8143656114753,-2.5990368025445676
0.0137795275590551,2833.380502082289,-2.641711459031779
0.0132874015748031,2834.088271707083,-2.6829863650838632
0.0137795275590551,2829.840680525622,-2.630403330546964
0.0132874015748031,2834.088479705476,-2.692676227056685
0.0137795275590551,2843.277631354488,0.1016252783288164
0.0132874015748031,2831.964607512155,-2.6586670440952664
0.0137795275590551,2833.3841915436556,2.177432673112619
0.0137795275590551,2829.132635199218,-2.650225494777087
0.0132874015748031,2847.522508245033,-2.655476854858798
0.0132874015748031,2842.566798077363,-2.6498441814106877
0.0132874015748031,2829.8405798356125,-2.6529930562645108
0.0137795275590551,2833.380403430408,-2.65114816195748
0.0132874015748031,2830.548720743363,-2.6593884131063037
0.0132874015748031,2844.6991820659696,7.340486311252204
0.0132874015748031,2831.9645175515975,-2.6732128279514664
0.0132874015748031,2843.274725073338,-2.2723284620726147
0.0132874015748031,2833.3806794937464,-2.67508771887465
0.0137795275590551,2831.964372186795,-2.638142014330382
0.0137795275590551,2831.2562904146994,-2.6434758995978487
0.0132874015748031,2834.796273806783,-2.643399270931266
0.0132874015748031,2832.6725243330884,-2.671553884944587
0.0137795275590551,2829.840631236856,-2.6321632409035334
0.0132874015748031,2829.8406688871733,-2.6665978401154034
0.0132874015748031,2846.10636908075,-2.647694464852674
0.0137795275590551,2830.5485919499706,-2.6432794129842274
0.0137795275590551,2842.567340422486,-1.9510522393913299
0.0132874015748031,2846.8147847199334,-2.677772324113657
0.0132874015748031,2817.1225972594743,7.387214853684116
0.0132874015748031,2814.998759582296,7.383313400937402
0.0132874015748031,2833.3805768515695,-2.6963504529035642
0.0132874015748031,2833.3809680830723,-2.6914393554047686
0.0132874015748031,2843.2746357432966,-2.682280616168464
0.0132874015748031,2817.830608526886,7.383120576321102
0.0132874015748031,2843.2746113698095,-2.6602672916753347
0.0132874015748031,2843.2746534542594,-2.6792196261394157
0.0132874015748031,2817.8306940947978,7.384380188860221
0.0132874015748031,2829.1326891223694,-2.657206828624261
0.0137795275590551,2830.548589604431,-2.642512223234546
0.0132874015748031,2843.9826542259207,-2.638717448698552
0.0132874015748031,2831.2566731158113,-2.684426897067242
0.0132874015748031,2833.380549014017,-2.6925922948309875
0.0132874015748031,2847.5226550713464,-2.6468131778269166
0.0132874015748031,2844.690662753909,-2.6629221921272794
0.0132874015748031,2845.3985373512387,-2.5975335398489436
0.0137795275590551,2842.566731553159,-2.584728505489094
0.0132874015748031,2833.3806064120586,-2.6064237911679156
0.0132874015748031,2834.0884826361403,-2.691001797878938
0.0132874015748031,2846.108342032084,-0.8853851747787652
0.0132874015748031,2834.0965694770634,7.364227156623195
0.0132874015748031,2833.3810232884207,-2.675333373211009
0.0132874015748031,2834.796660554837,-2.6983246276491384
0.0132874015748031,2847.5231051826636,-2.667064562583892
0.0132874015748031,2847.527784382551,3.7729060499705036
0.0132874015748031,2828.433156224315,7.364384372181761
0.0132874015748031,2832.672280877404,-2.6699673680122196
0.0132874015748031,2832.672615129721,-2.6614981356754273
0.0137795275590551,2831.9648558615477,-2.6621678660193555
0.0137795275590551,2834.088336095545,-2.6518734806076183
0.0132874015748031,2829.1326564200795,-2.649985590627711
0.0132874015748031,2830.5484747763808,-2.5797858541013343
0.0132874015748031,2842.566685239441,-2.6154236181518136
0.0132874015748031,2819.950625643399,2.736721482489696
0.0137795275590551,2832.6721839596653,-2.6284318098749506
0.0132874015748031,2820.662393593358,7.379587006372384
0.0137795275590551,2833.3887673792374,7.003540239873754
0.0132874015748031,2843.2832628418632,7.3699202176378185
0.0137795275590551,2833.380931319571,-2.64088031688136
0.0132874015748031,2819.954155390309,6.6509532279
0.0132874015748031,2846.1113050195504,2.3444788427956005
0.0132874015748031,2843.9831108267294,-2.6439984947224846
0.0132874015748031,2829.135684477679,0.945260658216146
0.0132874015748031,2848.231947961615,-0.8432394904237334
0.0132874015748031,2834.08860641651,-2.682900599992427
0.0137795275590551,2831.256510894987,-2.6526708935314605
0.0132874015748031,2831.9645035432163,-2.6646222347448143
0.0132874015748031,2819.949782644031,0.9358508052080868
0.0137795275590551,2833.380263952358,-2.6207806885317777
0.0132874015748031,2846.1067160520342,-2.6743209175999856
0.0132874015748031,2817.8309583348314,7.37513761288061
0.0132874015748031,2818.5389151177487,7.3728774663271155
0.0132874015748031,2830.548707571702,-2.651931301151455
0.0132874015748031,2829.8405432920335,-2.6492395093884427
0.0132874015748031,2833.3818069316562,-1.6046908547081995
0.0132874015748031,2820.6541440214423,-2.6350612391767907
0.0132874015748031,2830.556830818419,7.3672371606928095
0.0132874015748031,2834.088529514062,-2.6975244665034115
0.0132874015748031,2834.7965776525098,-2.694016922962544
0.0132874015748031,2831.964500767375,-2.6715470024261307
0.0132874015748031,2846.8150120747955,-1.8971411561790386
0.0132874015748031,2832.6759880502545,0.8904184407178134
0.0132874015748031,2832.672617850463,-2.659211679912413
0.0132874015748031,2817.8290649219007,5.591523957764442
0.0132874015748031,2834.796247744424,-2.650676145518812
0.0132874015748031,2830.548973440954,-2.650102764702396
0.0132874015748031,2831.264722332057,6.996528052210466
0.0132874015748031,2843.9913449129494,7.356068478264185
0.0132874015748031,2842.568892995623,-0.8820518723494036
0.0132874015748031,2829.8457327129477,3.4352823958527723
0.0132874015748031,2820.6542984755674,-2.6823262641942542
0.0132874015748031,2843.2750220801377,-2.292305695708982
0.0132874015748031,2843.275115120648,-2.6107724500024734
0.0137795275590551,2829.840619958426,-2.6446996054907292
0.0132874015748031,2844.69103066189,-2.6563881565360283
0.0132874015748031,2831.9639955115886,-2.591502987150504
0.0132874015748031,2830.5486468423,-2.654301869301801
0.0127952755905511,2833.380376320971,-2.648737804238904
0.0127952755905511,2831.964241660678,-2.6599278697686337
0.0127952755905511,2846.8150201052363,-2.2806209048769266
0.0127952755905511,2843.982575757043,-2.626141787481053
0.0127952755905511,2828.4288483984697,2.566701409364658
0.0127952755905511,2834.7964608121606,-2.69590357992096
0.0127952755905511,2830.548663805664,-2.6260818157613843
0.0127952755905511,2831.2569717766405,-2.660593599254327
0.0127952755905511,2834.796173100142,-2.6757367791174285
0.0127952755905511,2833.380373212246,-2.654808674601738
0.0127952755905511,2817.122645342237,7.394442669288113
0.0127952755905511,2832.672747371036,-2.695447266645196
0.0127952755905511,2842.5666403825753,-2.6746960295083033
0.0127952755905511,2829.1324374963965,-2.650160326545656
0.0127952755905511,2819.9547544762313,7.370521701676281
0.0127952755905511,2819.946330725978,-2.6694020184745177
0.0127952755905511,2842.5670951030156,-2.6906340616760303
0.0127952755905511,2832.672446406916,-2.6462542178050223
0.0127952755905511,2819.9463195316102,-2.6740359966981133
0.0127952755905511,2829.1326568144773,-2.6486591961155317
0.0127952755905511,2832.67241832308,-2.6592787878496114
0.0127952755905511,2817.830621075207,7.396600730186054
0.0127952755905511,2834.0885447879464,-2.673665461489304
0.0127952755905511,2828.424696222405,-2.6366850862072195
0.0127952755905511,2834.7964769850073,-2.7085330498794824
0.0127952755905511,2829.8406570741136,-2.663091633468701
0.0127952755905511,2830.5483505686875,-2.64826226960675
0.0127952755905511,2819.2463320776014,6.6263341459052185
0.0127952755905511,2842.5696468142505,0.6943834311614588
0.0127952755905511,2819.2427898071396,2.564195110296361
0.0127952755905511,2831.964440967089,-2.630223460998437
0.0127952755905511,2846.817201295371,0.33279760514142925
0.0127952755905511,2828.424859296271,-2.632772430405867
0.0127952755905511,2844.690517153934,-2.6711435535413726
0.0132874015748031,2843.988016962938,3.8172989010742495
0.0127952755905511,2831.256524374885,-2.6370937521452604
0.0127952755905511,2834.804847127506,7.365554614122038
0.0127952755905511,2828.424688822702,-2.6373555488410276
0.0127952755905511,2842.5668953540044,-2.6710655525941402
0.0132874015748031,2833.3804314162967,-2.655141287450517
0.0127952755905511,2829.8406146084144,-2.6503623579941062
0.0127952755905511,2834.0885951370988,-2.68318281999152
0.0127952755905511,2834.088229361512,-2.6746593082832413
0.0127952755905511,2831.2564993486967,-2.6454750477189193
0.0127952755905511,2843.2750567530084,-2.6813111063345274
0.0127952755905511,2833.3889301279137,7.366426529841757
0.0127952755905511,2845.398657935674,-2.2692221084409856
0.0127952755905511,2800.140276156125,-2.630564679669733
0.0132874015748031,2845.398270874392,-2.6340462624185044
0.0132874015748031,2845.3990761351383,-2.6477946534539756
0.0132874015748031,2843.9827091876246,-2.6539368978362217
0.0127952755905511,2844.690632336864,-2.651579113434279
0.0132874015748031,2846.8147272685214,-2.6571253807380355
0.0132874015748031,2848.231725301984,-0.8518540888071137
0.0127952755905511,2845.399158172877,-1.8914405028610122
0.0127952755905511,2834.796167297005,-2.6907933771931787
0.0127952755905511,2829.8406402544615,-2.664699425903614
0.0127952755905511,2843.274656066889,-2.6852776849623106
0.0127952755905511,2831.9645894427713,-2.6424987293686493
0.0127952755905511,2833.3805342583146,-2.682964673131196
0.0127952755905511,2845.406896091228,7.372369160765274
0.0127952755905511,2844.6908764726195,-2.6559039765287276
0.0127952755905511,2834.796590463912,-2.7080400321798552
0.0127952755905511,2844.6902980907016,-2.6109982492253314
0.0132874015748031,2842.5669148887096,-2.6811127176577596
0.0127952755905511,2843.2749221394947,-2.697670872131544
0.0127952755905511,2844.6995856954327,7.3584323864224555
0.0127952755905511,2834.088502260891,-2.6857993617641633
0.0127952755905511,2842.567099553464,-2.6790891584349192
0.0127952755905511,2843.2749399180743,-2.6910595066067633
0.0127952755905511,2842.56686066443,-2.676967486307
0.0127952755905511,2846.1126007523035,4.794838084752404
0.0127952755905511,2829.132632386994,-2.648041904181341
0.0127952755905511,2844.6906590877566,-2.6613714204526366
0.0127952755905511,2831.9674378802915,1.052459760131849
0.0127952755905511,2833.380536843463,-2.691888600761358
0.0127952755905511,2817.830966356491,7.38525673293919
0.0127952755905511,2833.3806600297517,-2.683948527085128
0.0127952755905511,2832.6721448009403,-2.646309914715171
0.0127952755905511,2831.964363557621,-2.6512481645205868
0.0127952755905511,2844.691009855283,-2.6492815115370383
0.0127952755905511,2842.5667779617947,-2.650938974029219
0.0127952755905511,2846.814657539382,-2.685114488974595
0.0127952755905511,2844.691407546311,-1.9027839155203634
0.0127952755905511,2833.3804459436633,-2.6922115642015676
0.0127952755905511,2834.7965985937026,-2.686873426009386
0.0127952755905511,2842.566265388224,-2.638778784601446
0.0127952755905511,2831.9644886433916,-2.667809967463805
0.0132874015748031,2802.264495982271,-2.640214489028107
0.0127952755905511,2846.8142568708745,-2.6395100007516477
0.0127952755905511,2832.672849583744,-2.320053099620213
0.0132874015748031,2819.241313778525,1.304721127720478
0.0127952755905511,2829.1327298955416,-2.629787356544654
0.0127952755905511,2843.2751540398153,-2.664793174023374
0.0132874015748031,2842.566725610286,-2.647874993124614
0.0127952755905511,2847.522744185216,-2.682841041476401
0.0127952755905511,2843.2764072595796,-1.1729253535115287
0.0127952755905511,2831.2562222288093,-2.6220164249112305
0.0127952755905511,2791.6617681988673,-2.6328187588403664
0.0127952755905511,2834.796515437039,-2.7018236150016923
0.0127952755905511,2831.964166869767,-2.6194597004870235
0.0127952755905511,2846.106524450715,-2.6217819817348693
0.0127952755905511,2842.566944424793,-2.64044467083431
0.0127952755905511,2847.5265280411227,1.7727720828076117
0.0127952755905511,2834.0884686699683,-2.6918426953357266
0.0127952755905511,2842.566811368814,-2.6419178797592457
0.0127952755905511,2829.8407140796853,-2.628695443594124
0.0127952755905511,2843.2747156503706,-2.6617892998625514
0.0127952755905511,2842.5669797162886,-2.681862690727313
0.0127952755905511,2828.4246833112347,-2.62807899571508
0.0127952755905511,2834.8022374185816,4.414534496957489
0.0127952755905511,2833.3803851141315,-2.6354622778830312
0.0127952755905511,2842.566881199367,-2.6549167497335073
0.0127952755905511,2847.5226925465104,-2.653342338183841
0.0127952755905511,2834.088344798946,-2.6384233875513163
0.0127952755905511,2830.548505345385,-2.643704718445664
0.0127952755905511,2820.654198388607,-2.654191686553
0.0127952755905511,2820.6541433925954,-2.6473962954413937
0.0127952755905511,2843.27448660728,-2.6282299433839675
0.0127952755905511,2842.566736206602,-2.625304784411806
0.0127952755905511,2842.575322567464,7.370819452309811
0.0127952755905511,2842.5674681062233,-2.684108445468785
0.0127952755905511,2842.56712777462,-2.6393130975053247
0.0127952755905511,2846.106662029025,-2.672508624147069
0.0127952755905511,2845.40152980738,1.0643477899685703
0.0127952755905511,2848.2312747291708,-1.9196265889011785
0.0127952755905511,2802.9721111417607,-2.649258957104407
0.0127952755905511,2834.088736818719,-2.6634989978323147
0.0127952755905511,2831.2564955842445,-2.6383376056432186
0.0127952755905511,2831.96501150614,-2.702971704777481
0.0127952755905511,2846.8148394254345,-2.685763247369443
0.0127952755905511,2844.6907185556615,-2.6281937035891016
0.0127952755905511,2817.8224705683547,-2.6316271494313326
0.0127952755905511,2834.7964045412846,-2.653681583640646
0.0127952755905511,2829.132694105759,-2.6593680711535326
0.0127952755905511,2829.1327797041276,-2.6346355959913805
0.0127952755905511,2829.1326462158627,-2.6394759123458544
0.0127952755905511,2830.5487861133806,-2.6637158948604687
0.0127952755905511,2843.274788356325,-2.661438518600245
0.0127952755905511,2819.954166983249,6.623905859874732
0.0127952755905511,2818.5304202943335,-2.6290135215985937
0.0127952755905511,2817.123016674772,7.3882163700094985
0.0127952755905511,2832.6721989708863,-2.658890137106573
0.0127952755905511,2842.56738050812,-2.688747015343138
0.0127952755905511,2844.6989032351885,7.382648238413722
0.0127952755905511,2848.230518903293,-2.6351119023193736
0.0127952755905511,2831.256216755718,-2.620166992785855
0.0127952755905511,2848.2315737141016,-1.5314187720618024
0.0127952755905511,2818.5389363064055,7.389597742053399
0.0127952755905511,2847.5311862854837,7.3710513294249465
0.0127952755905511,2820.65430011499,-2.6273195105365557
0.0127952755905511,2834.8012373257734,2.920528429028901
0.0127952755905511,2831.2647794699533,7.392291368192043
0.0127952755905511,2847.5274171051983,2.5254036210845197
0.0127952755905511,2830.5565113070807,7.022627004519559
0.0127952755905511,2828.4333088648004,7.3907161659290415
0.0127952755905511,2842.56734646497,-2.6801721244728953
0.0127952755905511,2829.1408495350447,7.010250767599254
0.0127952755905511,2828.424684189594,-2.629283676787185
0.0132874015748031,2819.2446813400625,5.232953208654441
0.0127952755905511,2816.414922237563,7.39074056847127
0.0132874015748031,2830.5487102786333,-2.651929492738283
0.0132874015748031,2818.5383520719306,6.6498669517049045
0.0132874015748031,2831.256530423524,-2.6574979670682746
0.0127952755905511,2829.840575019649,-2.6419309224146406
0.0127952755905511,2832.6729461585114,-2.6765352526658424
0.0127952755905511,2829.132622628111,-2.6324079439142785
0.0127952755905511,2843.2748840610802,-2.6986300400536734
0.0127952755905511,2829.840708100519,-2.6424423165769393
0.0127952755905511,2829.8403126204457,-2.622618485268442
0.0127952755905511,2790.9538534204,-2.640944225621152
0.0127952755905511,2842.566577245853,-2.6483376792857714
0.0127952755905511,2829.132622821727,-2.632306359519497
0.0127952755905511,2829.8403700620443,-2.653262026069809
0.0127952755905511,2828.4246731419817,-2.6405708914550376
0.0127952755905511,2830.557095369133,7.368839601542854
0.0127952755905511,2831.964361178299,-2.677944950102313
0.0127952755905511,2834.796873975947,-2.6885240672511936
0.0127952755905511,2832.672907731243,-2.318561056431858
0.0127952755905511,2842.575349182226,7.3650144341640775
0.0127952755905511,2833.381723304449,-0.7354695776546171
0.0123031496062992,2843.984030505955,-1.1077733737344895
0.0123031496062992,2831.9649320050703,-2.6805313607023318
0.0123031496062992,2834.796811082373,-2.647475201886027
0.0123031496062992,2829.840554226414,-2.6510916102890674
0.0123031496062992,2832.6806871566164,7.394944105262187
0.0123031496062992,2846.1066150894258,-2.6623491926081164
0.0123031496062992,2834.0884034865603,-2.678764460358445
0.0123031496062992,2819.2382811169773,-2.6587739928870753
0.0123031496062992,2831.259838240957,1.6069503624438939
0.0123031496062992,2843.9830598812637,-2.280543240442381
0.0123031496062992,2834.088392862143,-2.679069710543959
0.0123031496062992,2834.088431823769,-2.6847128740876993
0.0123031496062992,2829.132754088745,-2.627787784705347
0.0123031496062992,2829.84058350042,-2.65107205327278
0.0123031496062992,2829.8405277474662,-2.6461363620451257
0.0123031496062992,2831.2565359125933,-2.65035984095717
0.0123031496062992,2831.964609947072,-2.6428333885845423
0.0123031496062992,2831.964221832813,-2.653495122760016
0.0123031496062992,2829.1326521597844,-2.638218843514729
0.0123031496062992,2843.9825075978033,-2.655122906291923
0.0123031496062992,2829.840738348438,-2.636167544885718
0.0123031496062992,2828.424661959821,-2.637284477683428
0.0123031496062992,2830.5484596935526,-2.6494809084176913
0.0123031496062992,2819.954255907294,6.607501520986995
0.0123031496062992,2830.548592014242,-2.641351358066738
0.0123031496062992,2831.2567008217134,-2.6883076617642554
0.0123031496062992,2831.257017392977,-2.676152110877181
0.0123031496062992,2833.380308800706,-2.615834878212964
0.0123031496062992,2817.12290889002,7.392686896200956
0.0123031496062992,2848.238803039679,7.381149823748791
0.0123031496062992,2829.8407915556195,-2.6576863690605568
0.0123031496062992,2829.8406480040408,-2.6604305120644245
0.0123031496062992,2828.424697062017,-2.639383434702234
0.0123031496062992,2842.5666384023134,-2.68349475414222
0.0123031496062992,2843.283102353058,6.989567439182206
0.0123031496062992,2843.2833199363863,7.37735242818125
0.0123031496062992,2844.6901563893584,-2.5749613258970916
0.0123031496062992,2834.7962989777116,-2.659190098310771
0.0123031496062992,2830.5487386918503,-2.6578121436095588
0.0123031496062992,2801.556176503623,-2.632855075069137
0.0123031496062992,2833.3806794197585,-2.6943631641873567
0.0123031496062992,2847.522418119339,-2.6259783373094265
0.0123031496062992,2844.699096472307,7.3884460670887755
0.0123031496062992,2843.283051884339,7.401511359884229
0.0123031496062992,2834.7963042006827,-2.697025623063134
0.0123031496062992,2842.5668539748144,-2.66698013330484
0.0123031496062992,2818.538583902707,7.406491807340701
0.0123031496062992,2833.380308156715,-2.6838343252301535
0.0127952755905511,2820.6621241827934,6.621683911975124
0.0127952755905511,2818.5303023601264,-2.6378177425182137
0.0123031496062992,2832.6724575120797,-2.6490918197637865
0.0123031496062992,2834.7964587301303,-2.702761628554558
0.0123031496062992,2830.556794360579,6.994046821680109
0.0123031496062992,2833.3801581022617,-2.642106023055518
0.0123031496062992,2834.0886387787896,-2.69659282800149
0.0123031496062992,2829.840638802978,-2.635064310182561
0.0123031496062992,2834.0886402269966,-2.6780730567805366
0.0123031496062992,2829.840618807638,-2.6268546841142073
0.0123031496062992,2834.0885073324666,-2.683271323030415
0.0123031496062992,2834.796115104266,-2.588297036092453
0.0123031496062992,2832.672709852666,-2.669272007956941
0.0123031496062992,2843.2744428292813,-2.6115458130824085
0.0127952755905511,2834.0883271760063,-2.6783639537378017
0.0123031496062992,2845.4069078608613,7.39588378890257
0.0123031496062992,2831.264857846961,7.004305937964301
0.0123031496062992,2829.840740488235,-2.635705492990354
0.0123031496062992,2829.1324321086086,-2.640806673932999
0.0123031496062992,2846.1149163119094,7.398695730740209
0.0123031496062992,2833.38051276586,-2.693435250384912
0.0123031496062992,2834.087739922467,-2.6826536501955727
0.0123031496062992,2828.42526094332,-2.653196151294057
0.0127952755905511,2831.2608031428863,2.5668842905089324
0.0123031496062992,2834.7964476772436,-2.703284233508269
0.0123031496062992,2833.380536488127,-2.6888055508149082
0.0123031496062992,2833.380134211891,-2.6391706946406557
0.0123031496062992,2834.8045888075294,7.392581400974583
0.0127952755905511,2828.4246760177944,-2.6376434979951875
0.0123031496062992,2834.0884936876714,-2.6910274987145164
0.0123031496062992,2834.7963832879072,-2.6858085881863305
0.0123031496062992,2848.2306170465863,-2.658019350395809
0.0123031496062992,2833.3886646232027,7.400185466409998
0.0123031496062992,2842.5728552444293,4.311476785480305
0.0123031496062992,2819.246909633417,7.404432124334431
0.0123031496062992,2829.8405427682414,-2.6407501753577725
0.0123031496062992,2844.695717309101,2.7374756676385683
0.0123031496062992,2834.0940903171936,3.505786972201824
0.0127952755905511,2818.533647831387,1.4688389017254537
0.0123031496062992,2844.6993197904176,7.389465173202915
0.0123031496062992,2833.3820491730494,-0.7078949811448721
0.0123031496062992,2846.1090897115123,-0.35947394648331954
0.0123031496062992,2831.972874518246,7.398594460583999
0.0123031496062992,2834.796435565787,-2.6950975310869656
0.0127952755905511,2828.4286465777864,2.2017248287617703
0.0123031496062992,2843.275701149166,-1.4842400448554574
0.0123031496062992,2818.5389524338725,7.40665407223404
0.0123031496062992,2831.2566744615633,-2.6471556863794827
0.0127952755905511,2832.6807888817484,7.00508077698074
0.0123031496062992,2848.2356854731343,3.5492642384487425
0.0123031496062992,2846.819004880281,2.3737842204639925
0.0123031496062992,2830.548319314748,-2.6386680348056
0.0123031496062992,2829.8406059851627,-2.6269214676712536
0.0123031496062992,2843.982698975961,-2.6435323209342863
0.0123031496062992,2833.3804497458655,-2.676590208888741
0.0127952755905511,2846.1065496395977,-2.633336783511853
0.0123031496062992,2843.275224138599,-2.638935540265406
0.0123031496062992,2842.567055095075,-2.6195569073352067
0.0123031496062992,2829.8489235308125,7.00282751647648
0.0123031496062992,2843.274733131266,-2.632679191051021
0.0123031496062992,2831.2564950414526,-2.644300345514787
0.0123031496062992,2830.5496911251053,-1.4750022733732664
0.0123031496062992,2844.6989461038966,7.391671917644217
0.0123031496062992,2834.7964817795464,-2.696257880635979
0.0123031496062992,2833.3889436825298,7.380986471758537
0.0127952755905511,2820.660008711832,4.03464153382961
0.0123031496062992,2831.965691894103,-1.9131846429887704
0.0123031496062992,2831.9645168998322,-2.664896255011926
0.0123031496062992,2834.7963632678916,-2.668191039324464
0.0123031496062992,2842.5667395922046,-2.6279139266826346
0.0123031496062992,2834.7963328776837,-2.6588640317638665
0.0123031496062992,2834.796582973516,-2.693514917828018
0.0127952755905511,2832.674408320919,-0.04169735846182382
0.0123031496062992,2829.8405737091202,-2.646484848224193
0.0123031496062992,2829.8423417052127,-1.1098212487066592
0.0123031496062992,2834.7963126488994,-2.66879587425188
0.0123031496062992,2846.8166558534194,-0.369299640264204
0.0123031496062992,2831.964276263885,-2.6665338171295607
0.0123031496062992,2831.256557421689,-2.6701566256101157
0.0127952755905511,2819.9466364473237,-2.647704866429297
0.0123031496062992,2829.8405590533766,-2.654226684515458
0.0123031496062992,2831.968552348025,1.5742274525684754
0.0123031496062992,2820.6541825826657,-2.6634910433215873
0.0123031496062992,2820.6543400315218,-2.6586347196714493
0.0123031496062992,2844.690683120346,-2.6681062952778927
0.0123031496062992,2844.691439878449,-1.8771826828795781
0.0123031496062992,2834.088303221166,-2.63314304739845
0.0123031496062992,2805.0959403230577,-2.6442818399307066
0.0123031496062992,2842.567074759807,-2.6913475336901587
0.0123031496062992,2820.663096758266,7.375869952415346
0.0123031496062992,2830.5503361562405,-1.1227986215318047
0.0123031496062992,2834.0883652809202,-2.6582550850850954
0.0123031496062992,2829.840769377331,-2.658003394424084
0.0123031496062992,2843.2748527034746,-2.675287071572078
0.0123031496062992,2831.2566428529462,-2.6321599728464053
0.0123031496062992,2846.8150289260902,-2.2720105176693544
0.0123031496062992,2820.6538934154883,-2.6210406390692214
0.0123031496062992,2848.232676134579,-0.3651498904463633
0.0123031496062992,2847.523051573193,-1.8996086838059116
0.0123031496062992,2829.840728453857,-2.627716077047189
0.0123031496062992,2845.406882521738,7.3899819038149195
0.0123031496062992,2819.246507241975,7.4094319362049115
0.0123031496062992,2843.9827861138097,-2.6811916132546654
0.0123031496062992,2834.7961928581167,-2.5842171969498566
0.0123031496062992,2833.380896904544,-2.6884896293833815
0.0123031496062992,2856.7174759471413,7.373178141758254
0.0127952755905511,2846.8145717445295,-2.623177822306776
0.0123031496062992,2834.8045419891782,7.395905455612096
0.0123031496062992,2842.566469226964,-2.620142272080007
0.0123031496062992,2832.6757754332048,1.6050739253946822
0.0123031496062992,2830.548195640626,-2.6222441971660704
0.0123031496062992,2843.9860032897845,1.6205365408929342
0.0123031496062992,2842.566921680739,-2.6604252281066687
0.0123031496062992,2832.67221703334,-2.680456831681707
0.0118110236220472,2832.6726940149706,-2.681485285444912
0.0118110236220472,2834.0880361681816,-2.6273779951632092
0.0118110236220472,2843.274921536232,-2.625945961878275
0.0123031496062992,2834.7966003660863,-2.690623319220865
0.0118110236220472,2832.6723992738725,-2.6455096644659784
0.0118110236220472,2834.804585533691,7.406082377593361
0.0118110236220472,2832.6724943364843,-2.6542450170737193
0.0123031496062992,2846.8152334295173,-1.8812035385441506
0.0118110236220472,2829.8405879285556,-2.6502733443232764
0.0118110236220472,2802.264481169299,-2.6363111261885743
0.0118110236220472,2842.5666130163645,-2.6033705917020558
0.0118110236220472,2842.5670859218667,-2.686160288110947
0.0118110236220472,2829.840782749853,-2.6541209099919856
0.0118110236220472,2842.566938132105,-2.692549101919362
0.0118110236220472,2843.2771973548283,0.5862123942883396
0.0118110236220472,2834.088509921555,-2.695246878298026
0.0118110236220472,2831.2565660062164,-2.6641723118953573
0.0118110236220472,2834.796602417372,-2.6876995105173838
0.0123031496062992,2833.3805989707466,-2.6754892547728093
0.0123031496062992,2833.380686029693,-2.6828259768607707
0.0118110236220472,2831.964537513553,-2.670535153963047
0.0118110236220472,2831.964249752374,-2.657912788333215
0.0118110236220472,2834.79646463583,-2.696729664428958
0.0118110236220472,2833.381239581109,-1.4654289736737274
0.0118110236220472,2830.5487233023614,-2.657124165595853
0.0118110236220472,2834.0883956003113,-2.622717543505424
0.0118110236220472,2833.3803823067205,-2.6500628250855462
0.0118110236220472,2833.3808084413813,-2.2774209388482167
0.0123031496062992,2818.530732003238,-2.6450099736685324
0.0118110236220472,2834.0882267676084,-2.6944068828988343
0.0118110236220472,2829.8407340558924,-2.634830703617658
0.0118110236220472,2819.238180554944,-2.628504583859826
0.0118110236220472,2819.2384229754753,-2.654608138030857
0.0118110236220472,2834.796392786149,-2.6453251587349556
0.0118110236220472,2833.380550092152,-2.700010252030326
0.0118110236220472,2819.9545129884928,7.417822615016743
0.0118110236220472,2834.796308293502,-2.6698207114108374
0.0118110236220472,2828.4246808081925,-2.6424450041486898
0.0118110236220472,2829.840719495286,-2.6310130119112745
0.0118110236220472,2831.9641770365347,-2.5669368378709674
0.0118110236220472,2834.0882111162937,-2.684198363143514
0.0118110236220472,2844.6905036052553,-2.6217671943124956
0.0123031496062992,2844.690863937838,-2.6202089515075744
0.0118110236220472,2817.822366924589,-2.6380245531159323
0.0118110236220472,2831.9646341475654,-2.6520382505078484
0.0118110236220472,2833.3809434817385,-2.711611958638208
0.0118110236220472,2846.1065818590587,-2.652070633033203
0.0118110236220472,2843.982849274241,-2.6891383771936614
0.0123031496062992,2829.1327255874817,-2.6285082969478006
0.0118110236220472,2834.796433191201,-2.6896077886597527
0.0118110236220472,2829.1362380252967,1.3718806451534795
0.0118110236220472,2834.0883937085664,-2.6527781529210905
0.0118110236220472,2834.796373249795,-2.67332868777632
0.0123031496062992,2846.1064850791804,-2.635864373359209
0.0118110236220472,2819.946402923457,-2.655520513096431
0.0118110236220472,2820.654230299091,-2.659437735270575
0.0118110236220472,2820.654277662273,-2.676704515713268
0.0118110236220472,2828.433236242047,7.407966068060519
0.0118110236220472,2829.840669140507,-2.6662684385942956
0.0118110236220472,2817.123038255748,7.418168187916705
0.0118110236220472,2830.5491497949947,-2.6594157916348973
0.0118110236220472,2845.4003708459413,-0.21903389149885258
0.0118110236220472,2831.9642783609684,-2.662224923269685
0.0118110236220472,2834.0880749087846,-2.622569699749337
0.0118110236220472,2834.0883366323865,-2.6045989445780413
0.0118110236220472,2832.6746654247395,-0.26487317202014043
0.0118110236220472,2819.238363263184,-2.6722606199140517
0.0118110236220472,2828.4248424052403,-2.6290772349844054
0.0118110236220472,2833.3802101812557,-2.661022275753983
0.0118110236220472,2832.6725607625713,-2.6976576791386693
0.0118110236220472,2842.5669266777136,-2.688137287243401
0.0118110236220472,2830.5487695949646,-2.66618138216586
0.0118110236220472,2831.96464782045,-2.6397987393286813
0.0123031496062992,2819.954278655731,6.60881109382103
0.0123031496062992,2842.566361598318,-2.600106567522443
0.0118110236220472,2834.7960712080394,-2.643451509549632
0.0118110236220472,2829.8406456951993,-2.657467436422369
0.0118110236220472,2847.525079033065,0.16661362816056663
0.0118110236220472,2834.088483994538,-2.634578092128351
0.0118110236220472,2834.796599415131,-2.6807246425375415
0.0118110236220472,2819.95488694243,7.4173812008333195
0.0118110236220472,2834.088141009159,-2.655504119889324
0.0118110236220472,2832.672555034842,-2.6263165046227503
0.0118110236220472,2834.0883462476427,-2.6387004740981976
0.0123031496062992,2845.398572243633,-2.653659395906582
0.0118110236220472,2845.3985152786972,-2.63333090682316
0.0118110236220472,2843.9847740837386,-0.2566573128604905
0.0118110236220472,2829.1323720566547,-2.6269417944780034
0.0123031496062992,2820.6542845937433,-2.631776961064893
0.0118110236220472,2828.4247975277754,-2.627145865780931
0.0118110236220472,2833.388596548095,7.005707327319523
0.0123031496062992,2843.2755184821663,-1.8629531101889012
0.0118110236220472,2846.1115758780206,2.9845253741514317
0.0118110236220472,2842.571484175978,2.9998592269882467
0.0118110236220472,2834.7964113694898,-2.666767331844287
0.0118110236220472,2834.8007507718053,2.175565569260447
0.0118110236220472,2820.6559141099383,-0.6337555627512845
0.0123031496062992,2834.796696189605,-2.6042606810172346
0.0118110236220472,2829.8410635340683,-2.6660523113380563
0.0118110236220472,2844.6902617424244,-2.5896986408689897
0.0123031496062992,2848.231095097346,-2.3078071073173136
0.0118110236220472,2845.3984554997037,-2.669092671773257
0.0118110236220472,2829.8485785953144,7.011199936325932
0.0118110236220472,2829.848914408508,7.41327390784941
0.0118110236220472,2833.3805469355275,-2.693443870968214
0.0123031496062992,2832.6724719637646,-2.6596454907197384
0.0118110236220472,2848.2320642598725,-1.498033165345174
0.0118110236220472,2830.548595734756,-2.65897245182619
0.0118110236220472,2831.964473518589,-2.6464050086367847
0.0118110236220472,2845.398617549036,-2.656301980094969
0.0118110236220472,2842.5668030332263,-2.649279620490308
0.0118110236220472,2818.535450807172,3.3823783371191998
0.0123031496062992,2820.654304231943,-2.6336189979963063
0.0123031496062992,2842.566934813582,-2.675402153988375
0.0118110236220472,2844.6906313881086,-2.641053663258012
0.0118110236220472,2843.9827017692983,-2.661082978446628
0.0118110236220472,2846.81460623768,-2.628174259124141
0.0123031496062992,2829.843023114691,-0.3398802290129787
0.0118110236220472,2847.522669490865,-2.6468372460782263
0.0118110236220472,2834.0970279374146,7.389989456440694
0.0118110236220472,2842.566755175534,-2.5932838328109704
0.0118110236220472,2834.8049594280697,7.39277989031412
0.0118110236220472,2819.9463590066694,-2.634550222387203
0.0118110236220472,2830.5485823498198,-2.6394312285861425
0.0118110236220472,2842.5669081949573,-2.6721687373314613
0.0118110236220472,2831.964611671288,-2.648407945003522
0.0118110236220472,2831.2565215772133,-2.651384263353792
0.0118110236220472,2843.2746368040935,-2.6799994789501724
0.0118110236220472,2829.132650490136,-2.6448662095187587
0.0118110236220472,2831.2565215772133,-2.651384263353792
0.0123031496062992,2842.566791029666,-2.6478538605301636
0.0118110236220472,2846.823280674627,7.394343997798674
0.0118110236220472,2830.5485891312364,-2.6370593499081747
0.0118110236220472,2846.8144074178463,-2.661548780507645
0.0118110236220472,2829.840731647641,-2.6341635542480923
0.0123031496062992,2828.4247674926855,-2.618275740381522
0.0118110236220472,2842.5667993093566,-2.651243800441771
0.0123031496062992,2834.797690473882,-0.7144026679896224
0.0118110236220472,2817.830875684302,7.4066149767612215
0.0123031496062992,2829.133159389722,-2.6408690355699695
0.0118110236220472,2831.96492961394,-2.679583427752253
0.0118110236220472,2830.5485622044453,-2.657331750700634
0.0118110236220472,2832.672257091242,-2.6720155430088735
0.0118110236220472,2842.566927401562,-2.693139514137177
0.0118110236220472,2831.9644308924067,-2.6674940537425433
0.0118110236220472,2831.256687975472,-2.664181689227809
0.0118110236220472,2831.9645265257805,-2.67539164510341
0.0118110236220472,2834.796728346522,-2.668643133926894
0.0118110236220472,2818.530052983146,-2.6205983515796083
0.0118110236220472,2831.260601255132,2.1735385048900424
0.0123031496062992,2834.08830144294,-2.6089410698030924
0.0118110236220472,2844.6946764315735,2.1762595224449632
0.0118110236220472,2846.822832419794,7.409704137430414
0.0118110236220472,2843.274771368233,-2.6762783509968724
0.0118110236220472,2819.9544521565144,7.4206995638745585
0.0118110236220472,2831.2562411862045,-2.611095948218876
0.0118110236220472,2842.5666667845085,-2.6738396142638097
0.0118110236220472,2829.840673994881,-2.6422132769473374
0.0118110236220472,2815.706723650019,7.435473548740325
0.0123031496062992,2817.1224139334336,6.624051294185349
0.0123031496062992,2848.2313480065936,-2.2647580501766824
0.0118110236220472,2833.3805105729602,-2.697892352188781
0.0118110236220472,2831.970346788629,4.603141559573709
0.0118110236220472,2848.2306212166923,-2.657372669609771
0.0118110236220472,2820.6541459141818,-2.6420641052676395
0.0123031496062992,2843.9837177859563,-1.5095934754022968
0.0118110236220472,2834.7964491283647,-2.656380465735432
0.0118110236220472,2834.7963647604097,-2.6859899097792583
0.0118110236220472,2834.0884282091047,-2.6974035174994953
0.0118110236220472,2834.796405939349,-2.7002670334198102
0.0118110236220472,2834.088316747754,-2.6581200524917503
0.0118110236220472,2843.274499832521,-2.6535854207261576
0.0118110236220472,2819.9462207318975,-2.656018329763375
0.0118110236220472,2834.0966079564337,7.406347482807512
0.0118110236220472,2833.380235690249,-2.6790831212275803
0.0118110236220472,2819.2462872037454,6.593148705752054
0.0123031496062992,2831.2598080893968,1.2007802692536986
0.0118110236220472,2820.654606267918,-2.6406481111353894
0.0118110236220472,2844.69430584214,1.3609560356603094
0.0118110236220472,2818.538203722023,6.591099215536216
0.0118110236220472,2831.9649426320916,-2.6678822267430284
0.0118110236220472,2848.2330108857077,0.571805228343749
0.0118110236220472,2829.141293526687,7.418219275656801
0.0118110236220472,2819.246288522351,6.607336683715774
0.0118110236220472,2828.424673112169,-2.6361841982268555
0.0118110236220472,2843.982666763534,-2.6091100287041424
0.0113188976377952,2843.2745990623,-2.664683072143496
0.0113188976377952,2834.796225721271,-2.5989856955583805
0.0113188976377952,2846.106716941981,-2.6485113228554242
0.0113188976377952,2847.522536852755,-2.620075257872477
0.0113188976377952,2843.2830574632408,7.4313960253960625
0.0118110236220472,2846.112503142638,4.597805640615132
0.0113188976377952,2834.0882213963037,-2.616216432852883
0.0113188976377952,2834.7960230188323,-2.581730095232381
0.0113188976377952,2833.3804033104566,-2.635836806185269
0.0118110236220472,2847.527378202183,2.9662247985605092
0.0118110236220472,2842.5669614764374,-2.677546429957361
0.0118110236220472,2847.525327424997,0.5576845896379096
0.0113188976377952,2830.557265768129,7.431826408317014
0.0113188976377952,2833.3803070036324,-2.632015511255568
0.0113188976377952,2820.654211920619,-2.6663670145873795
0.0113188976377952,2833.3805572504994,-2.698272277653543
0.0113188976377952,2829.132813945481,-2.657936183387764
0.0113188976377952,2831.256631872267,-2.6431766111881116
0.0113188976377952,2834.7963635130677,-2.682428013854475
0.0113188976377952,2831.9646183534546,-2.644779582795084
0.0113188976377952,2833.38041591761,-2.658971878866536
0.0118110236220472,2819.2377102402447,-2.62993756809753
0.0118110236220472,2831.964909782328,-2.6751537749900534
0.0113188976377952,2843.274727288621,-2.661900353217915
0.0113188976377952,2843.2795432312123,2.807849381638007
0.0113188976377952,2834.7964741911496,-2.658783708542597
0.0118110236220472,2843.983043043141,-2.243816890547994
0.0113188976377952,2831.964434813137,-2.648592544162414
0.0113188976377952,2830.556851136765,7.434470462166457
0.0113188976377952,2834.7966601323956,-2.647544648765022
0.0113188976377952,2834.796450762298,-2.6814092622244665
0.0113188976377952,2848.230953661384,-2.689558239662229
0.0113188976377952,2833.3805796012302,-2.676828795307033
0.0113188976377952,2843.27476336723,-2.6805109615676432
0.0113188976377952,2829.1327868853323,-2.651778371107002
0.0113188976377952,2834.7963984339635,-2.695506127027787
0.0113188976377952,2834.7962543204444,-2.6798572875085087
0.0113188976377952,2846.10662716761,-2.6585315042729887
0.0113188976377952,2801.556523239331,-2.633890033526741
0.0113188976377952,2830.548641560517,-2.639412346705488
0.0113188976377952,2845.399351446876,-1.8171098083320576
0.0113188976377952,2832.6725225357577,-2.6873407292640414
0.0118110236220472,2831.9644947978572,-2.6687257929156285
0.0113188976377952,2842.567146469058,-2.6526832232254947
0.0113188976377952,2834.796015508555,-2.650058602291571
0.0113188976377952,2834.088485703546,-2.6877126108211042
0.0113188976377952,2831.256598709838,-2.641634328157957
0.0113188976377952,2819.946317854634,-2.6336933269837757
0.0113188976377952,2834.7963820090486,-2.6851003438940153
0.0113188976377952,2828.424713427314,-2.649379298543237
0.0113188976377952,2820.6541661480105,-2.656688032536664
0.0113188976377952,2843.2745085496076,-2.636449098392155
0.0113188976377952,2842.5725846615865,4.047125380495759
0.0113188976377952,2831.96455300555,-2.6685490903571436
0.0113188976377952,2844.690857551658,-2.667593550697096
0.0113188976377952,2834.088444381477,-2.6829353012077335
0.0113188976377952,2846.1065663743643,-2.637236889511036
0.0113188976377952,2830.5485295857384,-2.6421657228710105
0.0113188976377952,2831.964444195972,-2.6486777502569345
0.0113188976377952,2843.9830079616145,-2.236198546184717
0.0113188976377952,2828.4246591790056,-2.6378794075811522
0.0113188976377952,2834.797500084366,-0.9921654284538477
0.0113188976377952,2806.5118386830563,-2.646937824280305
0.0113188976377952,2842.567109926505,-2.642450904664252
0.0113188976377952,2831.2565419923812,-2.6229328173318582
0.0113188976377952,2842.566808164038,-2.641023076312155
0.0113188976377952,2831.264715655736,6.99122462766939
0.0113188976377952,2831.964497789097,-2.6520358815318907
0.0113188976377952,2830.5483292912513,-2.6521356627605437
0.0113188976377952,2843.274728847004,-2.6566437219853505
0.0113188976377952,2819.946211996666,-2.643698908148503
0.0113188976377952,2801.556550869628,-2.6390552983369946
0.0113188976377952,2842.567006766132,-2.611539274864916
0.0118110236220472,2832.672684553032,-2.684451236819168
0.0113188976377952,2834.088469826376,-2.692567966805842
0.0113188976377952,2847.52301368429,-2.6892633726449855
0.0113188976377952,2847.522809751431,-2.6922963353265943
0.0113188976377952,2828.424803644237,-2.63329627211917
0.0113188976377952,2842.567680584793,-2.270246281133049
0.0113188976377952,2834.7984161321024,-0.15321413185543833
0.0113188976377952,2834.088613176456,-2.6821503033608147
0.0113188976377952,2834.0885305450174,-2.6956931212420425
0.0113188976377952,2819.946354658401,-2.633241708357422
0.0113188976377952,2831.9642381360763,-2.625454011651623
0.0113188976377952,2833.3805558902063,-2.6997162185104644
0.0113188976377952,2847.530842433013,7.424731986011213
0.0113188976377952,2831.2565026692987,-2.6463809422286206
0.0113188976377952,2834.796468474993,-2.7033997220134376
0.0113188976377952,2834.0884740619276,-2.6909666860801544
0.0113188976377952,2843.9893100389127,4.895670730133092
0.0113188976377952,2846.81935914103,2.816252646475887
0.0113188976377952,2833.3821683490933,-0.9620492817832086
0.0113188976377952,2842.566980605156,-2.660490924249415
0.0113188976377952,2844.698982429532,7.434798694772264
0.0113188976377952,2830.548587415806,-2.6379976942041985
0.0113188976377952,2843.2748023956765,-2.6647563752569514
0.0113188976377952,2830.5571408954916,7.43051013709207
0.0118110236220472,2831.965046183488,-2.65814270077235
0.0113188976377952,2831.964193346077,-2.646735457863445
0.0113188976377952,2846.823301744691,7.403391476771738
0.0113188976377952,2843.2747740897275,-2.6775028707209385
0.0113188976377952,2843.2751122206982,-2.232519448821578
0.0113188976377952,2834.796533305509,-2.6596406999820483
0.0113188976377952,2832.672642527955,-2.6710683605091683
0.0113188976377952,2832.6725949768907,-2.6368548013244437
0.0113188976377952,2829.840633312151,-2.6394443818653732
0.0113188976377952,2843.274502943513,-2.6481157767264647
0.0113188976377952,2846.8145672642436,-2.645333551852502
0.0118110236220472,2843.2748394159157,-2.6662223477600815
0.0113188976377952,2844.6926207788633,-0.5672711587931712
0.0113188976377952,2846.107132674041,-2.6520066154925948
0.0113188976377952,2834.089568358527,-1.4381300491193885
0.0113188976377952,2842.5753922950203,7.420821439282002
0.0113188976377952,2834.0969509017864,7.407631925558409
0.0113188976377952,2829.8406446306203,-2.638120437487167
0.0113188976377952,2830.548624478843,-2.667918176882175
0.0118110236220472,2834.7962126905236,-2.6971048895715497
0.0118110236220472,2829.1405602166806,6.595370364330853
0.0118110236220472,2818.5359455428047,3.7880987968848094
0.0118110236220472,2831.965056549571,-2.688190262329537
0.0113188976377952,2843.283349494565,7.418599491382393
0.0113188976377952,2842.566661878337,-2.6279210504307655
0.0113188976377952,2844.6904992134273,-2.6740901909878563
0.0113188976377952,2843.98270281303,-2.644377443958201
0.0113188976377952,2830.5486044089052,-2.6392324522927098
0.0118110236220472,2818.5379606323672,6.605329580735285
0.0113188976377952,2834.79653012283,-2.261543858597946
0.0118110236220472,2847.5227442528585,-2.7081914204644626
0.0113188976377952,2843.27493358694,-2.645987294904229
0.0113188976377952,2828.4246884254753,-2.6475408448853077
0.0113188976377952,2848.230979108529,-1.8104920769750856
0.0113188976377952,2832.673157055673,-1.8046258606151617
0.0113188976377952,2832.672548573207,-2.6408669814025547
0.0113188976377952,2843.9827591571366,-2.6102948291896735
0.0113188976377952,2834.7960099768957,-2.6220817767593356
0.0113188976377952,2846.814473500233,-2.635047157146018
0.0118110236220472,2820.6597844984203,3.7885748481904775
0.0113188976377952,2831.9642349330793,-2.6521099795169745
0.0118110236220472,2832.672727816497,-2.674058798838716
0.0113188976377952,2843.2743695494314,-2.614966852733327
0.0113188976377952,2830.548735085948,-2.6487957803000226
0.0113188976377952,2833.380479747788,-2.6669944442911815
0.0113188976377952,2831.2566325615876,-2.6342078079989
0.0113188976377952,2800.1402463831305,-2.622347780389395
0.0113188976377952,2830.5487283445705,-2.6623800791869803
0.0113188976377952,2830.5485948563055,-2.667220395541454
0.0118110236220472,2829.1326594862494,-2.664515816549322
0.0113188976377952,2817.8223694504213,-2.6387233932609067
0.0113188976377952,2834.0884729070767,-2.632362550453852
0.0113188976377952,2831.265497750409,7.416564324898371
0.0113188976377952,2834.096906209212,7.424318798946122
0.0113188976377952,2833.3826069390784,-0.14541228087434946
0.0113188976377952,2834.8008030938445,2.3690754120203175
0.0113188976377952,2847.523064250087,-1.806639005322505
0.0113188976377952,2831.256946888315,-2.6409040874160956
0.0113188976377952,2819.946317854634,-2.6336933269837757
0.0113188976377952,2833.3801418747476,-2.644931968890603
0.0113188976377952,2831.2565517587404,-2.6682709504956943
0.0113188976377952,2834.79622644541,-2.642253442768596
0.0113188976377952,2846.1077134751017,-1.3639085863516522
0.0113188976377952,2832.6724472242754,-2.6641154849343303
0.0118110236220472,2820.6618122484538,6.60965779160068
0.0118110236220472,2832.6730031311326,-2.6687191788518874
0.0113188976377952,2843.9835427277408,-1.8037973134630534
0.0113188976377952,2834.7963325408414,-2.6608006082785502
0.0113188976377952,2846.1067370987125,-2.64884101193333
0.0113188976377952,2834.0885075466267,-2.694666102350296
0.0113188976377952,2834.088360754774,-2.6458236414219316
0.0113188976377952,2834.7961907380645,-2.6858415748851767
0.0113188976377952,2828.425212521756,-2.6516821097281476
0.0113188976377952,2820.6543229713498,-2.6528949153928094
0.0118110236220472,2828.424780362208,-2.629439521338698
0.0113188976377952,2848.2305657371876,-2.6476077469715924
0.0113188976377952,2829.842127250217,-0.5445029115533058
0.0113188976377952,2819.2382343729114,-2.635742817199614
0.0113188976377952,2843.274473376827,-2.6493258002301716
0.0113188976377952,2834.08837865588,-2.6713384116272763
0.0113188976377952,2842.5685448529557,-1.410514647166635
0.0118110236220472,2843.982695320431,-2.633681747201831
0.0113188976377952,2848.2304358891606,-2.651727426723936
0.0113188976377952,2847.522659005989,-2.6531484211357936
0.0113188976377952,2833.3830307458857,0.28609103636852573
0.0113188976377952,2818.5389835036367,7.439614886556641
0.0113188976377952,2834.0969221734154,7.420159655304096
0.0108267716535433,2832.675909364376,1.7584615256253622
0.0108267716535433,2832.6810251950214,7.443311927749183
0.0108267716535433,2843.983043864759,-2.161802014409174
0.0108267716535433,2818.5390005077047,7.458285064548624
0.0108267716535433,2845.4030008038026,2.6462523149753134
0.0108267716535433,2831.256231218683,-2.621574560999689
0.0108267716535433,2829.1326517674843,-2.639362496565656
0.0108267716535433,2843.9823578939463,-2.627121833077428
0.0108267716535433,2833.380665340843,-2.6970870444230965
0.0108267716535433,2831.964460711601,-2.641523597644301
0.0113188976377952,2848.233247847633,0.6935668005142216
0.0113188976377952,2830.5568840540686,6.999772219087525
0.0108267716535433,2846.1149179549107,7.446621916219937
0.0113188976377952,2843.2748953295422,-2.6611259071537776
0.0108267716535433,2833.380375050338,-2.6344832024954656
0.0108267716535433,2847.5228148151045,-2.6480330980235123
0.0108267716535433,2847.522555851411,-2.6092265409727875
0.0108267716535433,2832.672614054801,-2.703303923961688
0.0108267716535433,2834.0882552500243,-2.6893855520281034
0.0113188976377952,2828.4247021468314,-2.6372489435636397
0.0108267716535433,2830.5482637508844,-2.630508978707872
0.0108267716535433,2843.2747595039455,-2.6508213175854642
0.0108267716535433,2819.9461947354916,-2.638335321507767
0.0108267716535433,2847.522464880306,-2.6475055888368844
0.0108267716535433,2820.662766151859,7.435016993625997
0.0113188976377952,2834.79605681641,-2.5943145493018025
0.0108267716535433,2829.840666991056,-2.659540768995568
0.0108267716535433,2829.840638921553,-2.639705993392202
0.0108267716535433,2829.840638921553,-2.639705993392202
0.0108267716535433,2842.566686418667,-2.6297914470847124
0.0108267716535433,2842.5669696942105,-2.6956945741722476
0.0108267716535433,2834.0967018236383,7.439507072611316
0.0108267716535433,2842.5751506536076,7.446536564971307
0.0108267716535433,2830.5485900203016,-2.6430025592900335
0.0113188976377952,2829.84066136737,-2.6634352493087947
0.0108267716535433,2843.991285974079,7.440002053965634
0.0108267716535433,2843.2775871928734,0.39390103105327373
0.0108267716535433,2834.79654605004,-2.679013571377553
0.0108267716535433,2842.575137841123,7.451996660863635
0.0113188976377952,2834.7965879324597,-2.688947976573674
0.0108267716535433,2819.95490411192,7.4429849257246845
0.0113188976377952,2819.9467680936755,-2.6412025161307935
0.0108267716535433,2843.9914024426826,7.434958258656244
0.0108267716535433,2834.0884837962467,-2.6878921339074964
0.0108267716535433,2833.38068808928,-2.6957774715890612
0.0113188976377952,2833.380618557247,-2.685683473732084
0.0108267716535433,2831.964508449351,-2.663374765377513
0.0108267716535433,2842.5665638656033,-2.635630863195733
0.0108267716535433,2831.965156360081,-2.6749898358262976
0.0108267716535433,2843.982606646364,-2.687749488407236
0.0108267716535433,2829.840631418356,-2.63910347868586
0.0108267716535433,2846.1066912733304,-2.6670190197633024
0.0108267716535433,2832.681051344652,7.42967426490943
0.0108267716535433,2828.4249746547844,-2.6685548822127494
0.0108267716535433,2830.548597530638,-2.638972774401307
0.0108267716535433,2829.840638921553,-2.639705993392202
0.0108267716535433,2834.0885022051293,-2.6912298255556775
0.0108267716535433,2833.380310585916,-2.6793839728969413
0.0108267716535433,2830.5485961210975,-2.64192794129181
0.0108267716535433,2842.5721666048303,3.027405438457427
0.0113188976377952,2847.5225558262764,-2.663652817437168
0.0108267716535433,2834.796218151179,-2.6924120232000592
0.0108267716535433,2843.2746692908163,-2.6767395908327702
0.0108267716535433,2830.5571797460184,7.436340108608255
0.0108267716535433,2842.56710344813,-2.69243709981381
0.0108267716535433,2842.5667103009046,-2.644811426374818
0.0108267716535433,2829.8407430254424,-2.635751580640282
0.0113188976377952,2845.398963014502,-2.236337374937862
0.0108267716535433,2830.548605750443,-2.669012317241075
0.0108267716535433,2830.548610050015,-2.670511871305996
0.0108267716535433,2831.9646358506275,-2.676111454627729
0.0113188976377952,2831.964517673477,-2.6614956553006612
0.0108267716535433,2842.5668553351984,-2.6583952705462592
0.0113188976377952,2834.088505201018,-2.68162364827164
0.0108267716535433,2842.5717241817933,3.044363916635188
0.0108267716535433,2834.7983369905305,-0.4730610540180787
0.0108267716535433,2831.9728064096585,7.456827211159338
0.0113188976377952,2842.5669458124194,-2.6634117070018783
0.0113188976377952,2829.8406229503707,-2.6622491652139253
0.0108267716535433,2845.406916048616,7.441032182926661
0.0108267716535433,2817.8268318314736,2.6193904105085277
0.0113188976377952,2829.8404994398475,-2.645167656319444
0.0113188976377952,2829.1327608437814,-2.635518220018779
0.0108267716535433,2814.999214178152,7.456237572207341
0.0108267716535433,2830.548567330457,-2.6431717947897684
0.0108267716535433,2846.1067761358813,-2.6621516780965844
0.0113188976377952,2834.0883847067375,-2.6619383299970365
0.0108267716535433,2843.9828254266577,-2.6529546988511004
0.0108267716535433,2834.0883442396294,-2.659314853132087
0.0108267716535433,2846.8154865405018,-1.7849042312500256
0.0108267716535433,2830.54869070519,-2.6359344636544697
0.0113188976377952,2829.84063309716,-2.6628056129339015
0.0113188976377952,2846.1065164097276,-2.6326243192266805
0.0108267716535433,2845.3982318733665,-2.6222669131822505
0.0108267716535433,2834.796354931331,-2.6592177309176086
0.0108267716535433,2834.8046202862774,7.459336923533687
0.0108267716535433,2833.380401743563,-2.6392229931892683
0.0108267716535433,2831.256540409472,-2.63554379869928
0.0108267716535433,2832.6807254243145,7.446583625228535
0.0113188976377952,2843.2747032136567,-2.6185367218056217
0.0108267716535433,2846.1090842374783,-0.02351050746082057
0.0108267716535433,2842.5669785214873,-2.650455196870029
0.0108267716535433,2834.0883691140025,-2.6477378227167727
0.0113188976377952,2834.796586800916,-2.6947780343941954
0.0108267716535433,2834.088621283639,-2.6930730147664454
0.0108267716535433,2831.2565443041044,-2.6347849311337703
0.0108267716535433,2845.4069581447307,7.442960675986098
0.0113188976377952,2843.2746205554013,-2.6758996975951423
0.0113188976377952,2834.0885951964337,-2.6827178398728395
0.0108267716535433,2832.672196807278,-2.6383243262298266
0.0108267716535433,2834.088479981913,-2.681505548417998
0.0108267716535433,2831.96474465953,-2.6674528330838854
0.0108267716535433,2842.5670171322586,-2.6561362158303172
0.0108267716535433,2831.2565764230303,-2.667116935768997
0.0108267716535433,2833.3803400258666,-2.649357237361029
0.0108267716535433,2834.088476140303,-2.6855707014110295
0.0108267716535433,2848.2306797411043,-2.67926629652239
0.0108267716535433,2833.3805958970765,-2.6809699728936223
0.0113188976377952,2834.795815436899,-2.5863764342632707
0.0113188976377952,2844.690768677244,-2.6411976957043137
0.0113188976377952,2843.2749136553743,-2.689822397429981
0.0108267716535433,2834.08855967095,-2.6728947768216833
0.0108267716535433,2843.2748334660714,-2.6612766345208896
0.0108267716535433,2834.0883354061243,-2.6518580769039093
0.0108267716535433,2820.653860950467,-2.626635653745916
0.0108267716535433,2843.9866814963093,2.2051723024252614
0.0108267716535433,2846.815807396809,-1.3338522528073873
0.0108267716535433,2830.54867259469,-2.6328082637296366
0.0113188976377952,2818.5304034555447,-2.6292494311845584
0.0113188976377952,2831.9647207582743,-2.677797242526209
0.0108267716535433,2831.2566564541967,-2.657820154123115
0.0108267716535433,2842.5672857304276,-1.7666549124772142
0.0108267716535433,2819.2383457076244,-2.6287157355678787
0.0108267716535433,2829.8407153951453,-2.6305863158300284
0.0108267716535433,2843.2744947427777,-2.6474859517249665
0.0113188976377952,2830.54831214164,-2.6516828206921987
0.0108267716535433,2831.9646136537413,-2.660042102022723
0.0108267716535433,2843.274777751744,-2.660925677505312
0.0108267716535433,2848.232458799975,-0.45944019308905243
0.0108267716535433,2843.982842819785,-2.6448048679859344
0.0113188976377952,2834.0884571075558,-2.696893429607684
0.0108267716535433,2834.804582872001,7.439284570263535
0.0108267716535433,2833.3801245875025,-2.636498797952459
0.0108267716535433,2845.398625540423,-2.65553503571273
0.0113188976377952,2820.6541634610876,-2.6363602733881684
0.0113188976377952,2828.424392195118,-2.6150925021037144
0.0108267716535433,2818.5388510881194,7.451223375344071
0.0108267716535433,2819.9504280693004,2.6351912472888417
0.0108267716535433,2819.954164129785,6.5721571999818575
0.0108267716535433,2817.8310288424286,7.451802528856422
0.0108267716535433,2833.3804787364134,-2.68408459853508
0.0108267716535433,2834.097059141617,7.433932827379464
0.0108267716535433,2834.7962015282224,-2.6854407967916605
0.0108267716535433,2842.5669022010766,-2.6328992319628926
0.0108267716535433,2831.9672353940377,-0.0449718892753609
0.0108267716535433,2818.5388523710944,7.444995858078666
0.0108267716535433,2829.840616173116,-2.6410155662262373
0.0108267716535433,2843.2748896551793,-2.6921466478100053
0.0108267716535433,2830.5485659729575,-2.6439079767596536
0.0108267716535433,2833.3805659611753,-2.7005903995273015
0.0108267716535433,2834.088464401356,-2.6864592049165594
0.0108267716535433,2845.3985230150483,-2.6434466973959845
0.0108267716535433,2845.3985182263627,-2.6377208503518736
0.0113188976377952,2830.548337466774,-2.658088569483283
0.0108267716535433,2831.2565257116576,-2.646795530014163
0.0108267716535433,2830.5486970407947,-2.6617755755205548
0.0108267716535433,2847.5225041639987,-2.6115139201193296
0.0108267716535433,2846.1064706556162,-2.6172956574714483
0.0108267716535433,2820.6621180482293,6.569145765843639
0.0108267716535433,2834.0947403458963,5.279185984736372
0.0108267716535433,2832.6726908275778,-2.6620979752343406
0.0108267716535433,2834.0929317056084,2.61676876161771
0.0108267716535433,2819.238809482104,-2.62786152023341
0.0108267716535433,2833.3824223879933,-0.9184824431521112
0.0113188976377952,2842.5702938623026,0.6929770768425637
0.0108267716535433,2833.380194517163,-2.6640643959827357
0.0108267716535433,2843.274801469202,-2.6323914125037557
0.0113188976377952,2843.274579407477,-2.607935872084714
0.0113188976377952,2844.690674155923,-2.6601888764596233
0.0108267716535433,2832.6751625634643,0.8684005891851042
0.0108267716535433,2816.4149807724607,7.451661701777492
0.0108267716535433,2834.088443053958,-2.687054820056146
0.0103346456692913,2845.4024580727555,1.9472150140251443
0.0103346456692913,2846.8190370568655,2.4060424646345036
0.0103346456692913,2848.233337759876,0.5780232495354105
0.0103346456692913,2834.804898421089,7.450892803473976
0.0103346456692913,2834.796535976771,-2.691148077167686
0.0103346456692913,2844.699270478346,7.466631725418539
0.0103346456692913,2847.5221326807787,-2.6118666775578707
0.0108267716535433,2846.814676505592,-2.640716637276618
0.0103346456692913,2842.566726586762,-2.627095154362647
0.0103346456692913,2848.230664035159,-2.6597174222528306
0.0103346456692913,2820.654143712643,-2.641577113411653
0.0103346456692913,2834.0887157665848,-2.723044427557497
0.0103346456692913,2829.8406399295836,-2.6501795817869125
0.0103346456692913,2843.2773041206583,0.11004327550782188
0.0103346456692913,2834.0885794188944,-2.7046944018224646
0.0103346456692913,2834.088464401377,-2.694485099331535
0.0103346456692913,2828.43342264141,7.475311563668733
0.0103346456692913,2845.3986059137665,-2.6640286823447865
0.0103346456692913,2848.230506848714,-2.6733550458303075
0.0103346456692913,2848.946775254232,7.452729702901699
0.0103346456692913,2815.7071809405998,7.4765464537848025
0.0103346456692913,2831.256513834897,-2.6543395257911753
0.0103346456692913,2832.6724232387246,-2.6593022418862784
0.0103346456692913,2829.8408531369196,-2.6574358859897678
0.0103346456692913,2829.1327457548923,-2.6264563746954432
0.0103346456692913,2831.964652120124,-2.682533848613754
0.0103346456692913,2832.6810730060924,7.451275962595145
0.0103346456692913,2843.2744279390868,-2.636462407501406
0.0103346456692913,2834.088209888529,-2.6855443119222797
0.0103346456692913,2834.7965465286197,-2.679074908796799
0.0103346456692913,2832.672367781582,-2.685880420610014
0.0103346456692913,2842.5676879861194,-1.2437088699088668
0.0103346456692913,2834.088258557864,-2.6950625745440777
0.0103346456692913,2829.132688825145,-2.641739977135507
0.0103346456692913,2830.548554257254,-2.648228532728882
0.0103346456692913,2845.3984960874036,-2.6865993016834278
0.0103346456692913,2834.796462312656,-2.6898336237278606
0.0108267716535433,2833.38068808928,-2.6957774715890612
0.0103346456692913,2831.96505551984,-2.6937120215456107
0.0108267716535433,2829.840765203731,-2.635434555276755
0.0103346456692913,2829.8407498611004,-2.6346030583118205
0.0103346456692913,2846.819040441171,2.3913463750805666
0.0103346456692913,2834.7965926841366,-2.6901765328635387
0.0103346456692913,2834.796397234022,-2.6889494037788526
0.0103346456692913,2843.9840289615076,-0.8120351813864018
0.0103346456692913,2832.6725126480887,-2.693798428058401
0.0108267716535433,2834.088528087795,-2.688467656243708
0.0103346456692913,2848.231725081335,-1.748070601609256
0.0103346456692913,2842.570207758985,1.5343449051216667
0.0108267716535433,2834.7964671340756,-2.6857384079948394
0.0103346456692913,2833.389137660731,7.46177937091915
0.0103346456692913,2834.7995929396343,1.013833815503619
0.0103346456692913,2831.2565779526553,-2.6605763700167553
0.0103346456692913,2829.8406298240143,-2.631788783376974
0.0103346456692913,2819.9512865119045,2.869150173922522
0.0103346456692913,2834.0950037601183,5.159678744289904
0.0108267716535433,2831.2628698856356,4.8099053327064
0.0103346456692913,2828.424706520178,-2.6507901935365585
0.0103346456692913,2842.568546154211,-1.2905971478845646
0.0103346456692913,2843.991299879473,7.454003229421919
0.0103346456692913,2843.98285402871,-2.702798200465837
0.0103346456692913,2843.9828039011113,-2.684106623557153
0.0108267716535433,2829.8405830121715,-2.635932371943699
0.0108267716535433,2843.274547851466,-2.6549656914970825
0.0103346456692913,2829.8405667398765,-2.6419836041427103
0.0103346456692913,2831.2563262682065,-2.6606195126897503
0.0103346456692913,2831.256945326258,-2.6622172090575917
0.0103346456692913,2834.096703106002,7.467692866036182
0.0103346456692913,2829.8407766364653,-2.652241320647995
0.0108267716535433,2834.7965894835506,-2.6949215093151975
0.0103346456692913,2834.0885310385797,-2.70830634295377
0.0103346456692913,2820.6540276251544,-2.6170730367224544
0.0103346456692913,2843.283064821716,7.469640073661571
0.0108267716535433,2831.2562694373305,-2.6488623630088095
0.0108267716535433,2834.0882199899597,-2.6842353386975097
0.0103346456692913,2818.5302825086874,-2.630193167025951
0.0103346456692913,2820.654287595586,-2.6320186943703026
0.0103346456692913,2829.132696068636,-2.663096177763826
0.0108267716535433,2833.380255628972,-2.6542541214575346
0.0108267716535433,2843.274621659759,-2.675612706484189
0.0103346456692913,2818.5302825086874,-2.630193167025951
0.0108267716535433,2832.675274103556,0.3914727255773449
0.0103346456692913,2843.2746399208468,-2.682704191625482
0.0103346456692913,2817.830693859695,7.480836512146543
0.0103346456692913,2834.0882211744943,-2.583878005495483
0.0103346456692913,2818.5390430821876,7.461854634429391
0.0108267716535433,2843.27516548443,-2.659000777036051
0.0103346456692913,2831.2565481802035,-2.6672440006330738
0.0103346456692913,2844.690764954267,-2.6484755369564974
0.0103346456692913,2846.106676793604,-2.6290605227251205
0.0103346456692913,2846.1114718722247,2.8569086429138
0.0103346456692913,2834.796250029213,-2.652873097927251
0.0108267716535433,2831.256684084494,-2.6629854189333684
0.0108267716535433,2831.256257801064,-2.630943607483571
0.0103346456692913,2817.1229429826885,7.472907663836909
0.0108267716535433,2829.8433350414393,0.8800294505237142
0.0103346456692913,2844.6919446432757,-1.2678148978522845
0.0103346456692913,2833.380552269066,-2.6953498757266776
0.0103346456692913,2845.3987993093015,-2.651793805328276
0.0103346456692913,2842.5668192360563,-2.648213484554321
0.0103346456692913,2829.84029122316,-2.6322688563768626
0.0103346456692913,2848.23663910628,4.69048797960404
0.0103346456692913,2831.964507702028,-2.672033131118565
0.0103346456692913,2833.3804804155166,-2.6405656249415563
0.0103346456692913,2834.8015652089157,3.3016396040627023
0.0103346456692913,2842.566893440536,-2.6742816294273637
0.0103346456692913,2846.1075405793354,-1.2667880411094592
0.0103346456692913,2833.380465626451,-2.6225743120971097
0.0103346456692913,2843.274306468231,-2.6634613377439473
0.0103346456692913,2831.9645086656474,-2.670530060885882
0.0103346456692913,2848.2302365676014,-2.6611946707122325
0.0103346456692913,2801.5561592822187,-2.636719529123306
0.0103346456692913,2846.106704275512,-2.6863909271499837
0.0103346456692913,2831.2565218488135,-2.6624828911872354
0.0103346456692913,2829.134332181471,-0.34109505421814806
0.0103346456692913,2820.653922726867,-2.649503822693139
0.0103346456692913,2828.424606363788,-2.624732243462779
0.0103346456692913,2833.3889551641837,7.460934480767186
0.0103346456692913,2843.2834584832717,7.462854210197516
0.0103346456692913,2834.796717216174,-2.6730523359689675
0.0103346456692913,2843.2830683999755,7.46526608466076
0.0108267716535433,2847.5234437400463,-1.7871261791496338
0.0108267716535433,2843.2744767777535,-2.605788726874351
0.0103346456692913,2801.5565848597867,-2.648150497607834
0.0103346456692913,2831.2565172330155,-2.655219348691948
0.0103346456692913,2846.1066854949217,-2.6693194479604236
0.0103346456692913,2831.9729590212487,7.471971407098368
0.0103346456692913,2831.256495556676,-2.653653666018503
0.0103346456692913,2831.9648593548386,-2.6658357169121674
0.0103346456692913,2831.2565283922922,-2.653221319427315
0.0103346456692913,2834.088529137673,-2.6949531131166533
0.0103346456692913,2846.1064732683135,-2.6272741247880957
0.0103346456692913,2834.796286347273,-2.693439569205324
0.0103346456692913,2834.7961270553897,-2.5989322101557146
0.0103346456692913,2834.0886333064036,-2.681826111893495
0.0103346456692913,2844.6945182139098,1.9430794719521896
0.0108267716535433,2831.964464727625,-2.6385666894463475
0.0103346456692913,2830.5486134533753,-2.662229532775233
0.0108267716535433,2843.274665191893,-2.6742343311953536
0.0103346456692913,2830.5485342529832,-2.6410520259391554
0.0103346456692913,2846.8233182221006,7.452377429090966
0.0103346456692913,2842.566959274081,-2.6909532392920332
0.0103346456692913,2843.2748138282977,-2.6590024856825134
0.0103346456692913,2829.8406330198713,-2.638662066962035
0.0103346456692913,2834.0967272481153,7.462163263371791
0.0103346456692913,2829.1327896881885,-2.6413572094786115
0.0103346456692913,2819.2468530304136,7.462611450529353
0.0103346456692913,2834.796315922795,-2.688660570040972
0.0108267716535433,2846.107818266596,-1.7878720973761377
0.0103346456692913,2832.672544075925,-2.676341004104424
0.0103346456692913,2842.566756746827,-2.6427140124477413
0.0108267716535433,2842.5668657726305,-2.6609212879317643
0.0103346456692913,2831.9730777467057,7.4539753059128016
0.0103346456692913,2842.566533424755,-2.647994799872256
0.0103346456692913,2831.2565385787593,-2.6628014370092727
0.0103346456692913,2801.5565572294895,-2.6429852327975802
0.0103346456692913,2848.2331446455346,0.09361687309420277
0.0103346456692913,2843.2747029288275,-2.6361409252293964
0.0103346456692913,2847.5225163380105,-2.655325397604911
0.0103346456692913,2834.7961985038437,-2.641632177520995
0.0103346456692913,2830.5486853940106,-2.6493789238290155
0.0103346456692913,2847.522661559333,-2.663475595128815
0.0103346456692913,2802.264514429034,-2.6452071806971884
0.0108267716535433,2831.9646140539276,-2.6434099718096156
0.0103346456692913,2819.946702055012,-2.633209584224176
0.0103346456692913,2829.8405759230345,-2.664670744132987
0.0103346456692913,2828.424701696407,-2.6529798343975615
0.0103346456692913,2843.2748385207938,-2.7049337467537375
0.0103346456692913,2819.2468286533394,7.463265674770707
0.0103346456692913,2842.566953195497,-2.6466612238120266
0.0103346456692913,2833.3801844782774,-2.596939334142741
0.0103346456692913,2842.566934218669,-2.6663966099736505
0.0103346456692913,2831.964470211897,-2.636376232686665
0.0103346456692913,2847.522281575273,-2.5732398351208103
0.0103346456692913,2834.088911904915,-2.690082919197265
0.0103346456692913,2842.571322120601,2.39592381611793
0.0103346456692913,2829.1351104506994,0.13352520324238232
0.0103346456692913,2845.3985771324737,-2.634924564866651
0.0103346456692913,2833.380411228285,-2.640802346329907
0.0103346456692913,2843.274879082304,-2.64641655032114
0.0103346456692913,2843.9913132788015,7.468853673318147
0.0103346456692913,2830.5490437262997,-2.6583064406582104
0.0098425196850393,2830.548603568863,-2.6684149470150595
0.0098425196850393,2819.2469977839555,7.499097541969886
0.0098425196850393,2829.1327116711745,-2.663099073175176
0.0098425196850393,2829.8408563984513,-2.66285230616466
0.0103346456692913,2847.5258312886053,1.0205138421030322
0.0098425196850393,2848.233418929182,0.22527266175363886
0.0103346456692913,2846.1115027523874,2.858654763834765
0.0103346456692913,2842.5668580523516,-2.6243546918869223
0.0098425196850393,2828.4246809052192,-2.6592088424629052
0.0098425196850393,2834.7962940648626,-2.6253620641984536
0.0098425196850393,2829.1326742027272,-2.645067707586425
0.0098425196850393,2820.654295208716,-2.6413487467651278
0.0098425196850393,2831.96480378941,-2.6822071728377743
0.0098425196850393,2829.8406504125774,-2.639047507669627
0.0098425196850393,2843.9912274233,7.485333432623838
0.0098425196850393,2843.278066263581,1.2055925477194493
0.0098425196850393,2834.7972661471726,-1.7020784423932946
0.0103346456692913,2842.566628512547,-2.673929437606896
0.0098425196850393,2829.8418447897416,-1.2072995829626136
0.0098425196850393,2842.5665296135503,-2.646794228399422
0.0098425196850393,2846.8146597826876,-2.640634211390256
0.0103346456692913,2831.256552514371,-2.6538630852898857
0.0103346456692913,2831.256537481726,-2.649816978063149
0.0098425196850393,2828.4246538909224,-2.630459067465802
0.0098425196850393,2843.982875847678,-2.149648161202992
0.0103346456692913,2833.380620940766,-2.6842401001661758
0.0098425196850393,2829.840701617918,-2.634976762633948
0.0098425196850393,2820.6543379662044,-2.658592334830863
0.0098425196850393,2830.54854446615,-2.6687645748861692
0.0103346456692913,2834.7963312239963,-2.6565196156419484
0.0098425196850393,2831.9646116941385,-2.6760136133457495
0.0098425196850393,2831.9642050491807,-2.653261267621973
0.0098425196850393,2819.2379260217376,-2.6415935220934426
0.0098425196850393,2819.946256635438,-2.658890605124884
0.0098425196850393,2818.539029371224,7.495582979744303
0.0098425196850393,2845.4014789344983,0.707489525406958
0.0098425196850393,2834.796078981232,-2.5895854091655015
0.0098425196850393,2791.661931330216,-2.6335140733499984
0.0103346456692913,2831.256537396853,-2.666885235345801
0.0103346456692913,2834.088491430559,-2.679200989304284
0.0098425196850393,2829.840630669095,-2.632792904991229
0.0098425196850393,2834.0969582838416,7.486665279989624
0.0098425196850393,2848.2301689936367,-2.648521579628644
0.0098425196850393,2818.538666710574,7.011964507885561
0.0098425196850393,2831.264469283409,7.006495127684263
0.0098425196850393,2818.5304146604335,-2.6316512907103737
0.0098425196850393,2831.9644814003886,-2.64634396403072
0.0098425196850393,2833.380962422851,-2.208724000586529
0.0103346456692913,2844.6930663633143,0.08792849526827583
0.0103346456692913,2832.6725322653065,-2.6894249360023337
0.0098425196850393,2830.554841563878,4.592161691194692
0.0103346456692913,2832.672458550218,-2.6724467524221676
0.0098425196850393,2842.575128616177,7.4944046822904005
0.0098425196850393,2848.2310685838656,-1.687658580320161
0.0098425196850393,2845.398722828384,-2.647266263841534
0.0098425196850393,2834.088398549504,-2.684381080290671
0.0103346456692913,2847.524626599421,-0.8268255072389529
0.0103346456692913,2843.2747975594884,-2.661054370611054
0.0098425196850393,2846.1133280932877,5.575565228562797
0.0098425196850393,2847.522599663527,-2.684215063037064
0.0098425196850393,2831.25651111706,-2.6400655468597254
0.0098425196850393,2834.0884777225024,-2.7022643372062802
0.0103346456692913,2834.088516219459,-2.702246092584446
0.0098425196850393,2843.2753440271854,-2.7056624960356572
0.0098425196850393,2831.9644966308265,-2.643044074723888
0.0103346456692913,2842.566914517506,-2.6807501488568755
0.0103346456692913,2834.088615851137,-2.688071157061526
0.0098425196850393,2833.380522925006,-2.695571250826646
0.0098425196850393,2846.1080198307204,-0.7048043183082324
0.0098425196850393,2843.2753357337497,-2.7060341409733413
0.0098425196850393,2832.6809372147995,7.49229211992798
0.0098425196850393,2843.9911990093583,7.494105188257237
0.0098425196850393,2834.7968348413815,-2.706616369610437
0.0098425196850393,2832.6808097009193,7.494679422564619
0.0098425196850393,2829.84062071186,-2.640366835654791
0.0098425196850393,2834.0888686128687,-2.6853630259737753
0.0098425196850393,2843.2774227396785,0.7363001594931007
0.0098425196850393,2834.804922376074,7.473154513007427
0.0098425196850393,2843.2750419923605,-2.68563725346669
0.0098425196850393,2834.0884658616983,-2.6903244279814538
0.0098425196850393,2831.2562668079636,-2.6297167707263354
0.0098425196850393,2829.1336406769183,-1.1606905120063293
0.0098425196850393,2842.5663441679567,-2.6046273535691458
0.0098425196850393,2844.6906907745365,-2.6563042809567694
0.0098425196850393,2818.538672133346,7.011360828808799
0.0098425196850393,2831.2565069914995,-2.6475600171047557
0.0098425196850393,2834.796370923154,-2.634671636406569
0.0098425196850393,2819.9540187082594,6.528871290333547
0.0098425196850393,2828.4251796117037,-2.617143069611781
0.0103346456692913,2829.8407674629952,-2.657858204084602
0.0103346456692913,2831.9645103029707,-2.6672627018459782
0.0098425196850393,2842.5669048159793,-2.6880035046735995
0.0098425196850393,2847.5227855961543,-2.692399770500342
0.0098425196850393,2842.5667586239997,-2.6515498594923073
0.0103346456692913,2831.2565697369173,-2.673096533534902
0.0098425196850393,2843.2751841126556,-2.667283095322876
0.0098425196850393,2844.690349033809,-2.614655344565466
0.0098425196850393,2834.0885039384134,-2.6991923897278394
0.0103346456692913,2843.274744532866,-2.6470230701124224
0.0098425196850393,2820.6543566594714,-2.6550145162796763
0.0103346456692913,2844.6906774730437,-2.64638764000943
0.0098425196850393,2831.964274347833,-2.666440242851694
0.0103346456692913,2831.964527555355,-2.6655020356290806
0.0098425196850393,2843.2745706533406,-2.597382511114797
0.0098425196850393,2834.796327714245,-2.671890729508557
0.0098425196850393,2829.132674772876,-2.644075160115917
0.0098425196850393,2820.6539480217775,-2.6498225078513293
0.0098425196850393,2819.2470032067276,7.498493862893124
0.0103346456692913,2843.275064680571,-2.6766977996853307
0.0098425196850393,2834.796358294305,-2.6672083092214818
0.0098425196850393,2846.814776014121,-2.6681802309694307
0.0098425196850393,2829.8407337854046,-2.648115766329945
0.0098425196850393,2846.8146861222845,-2.651188993756614
0.0098425196850393,2831.2565398484794,-2.64270207901179
0.0098425196850393,2844.6931661478975,0.23055070986923462
0.0103346456692913,2829.8406398316565,-2.663052954166718
0.0103346456692913,2830.54871419781,-2.6526212316161897
0.0103346456692913,2834.796487872029,-2.691248127336181
0.0098425196850393,2834.7964283079464,-2.6725393871522916
0.0098425196850393,2831.96460271122,-2.670159994374197
0.0103346456692913,2834.7961157585146,-2.5972878744877543
0.0103346456692913,2834.088499572423,-2.7030274002887054
0.0098425196850393,2834.7964658467426,-2.6981578326399536
0.0103346456692913,2832.672741941768,-2.6940992315265464
0.0103346456692913,2833.3803013583192,-2.6928406266444695
0.0103346456692913,2832.6726189518877,-2.6947202555170002
0.0098425196850393,2829.8410059368134,-2.645015046978193
0.0098425196850393,2834.088346475324,-2.6559666679413274
0.0098425196850393,2831.964507821163,-2.6723023950942997
0.0098425196850393,2844.690806490487,-2.66393304250105
0.0098425196850393,2834.796547055762,-2.6791425647410603
0.0098425196850393,2843.275736184348,-1.1857330226242537
0.0098425196850393,2844.690481955864,-2.6096173869933943
0.0098425196850393,2834.7965876253256,-2.6963145391479095
0.0098425196850393,2834.796234598071,-2.662878693713031
0.0098425196850393,2830.5480649612364,-2.6558317672244174
0.0103346456692913,2834.796604749745,-2.701146210937892
0.0103346456692913,2846.1067276241547,-2.6352784443034576
0.0098425196850393,2846.8233043298833,7.478082951405596
0.0098425196850393,2831.964473888974,-2.647488914373012
0.0098425196850393,2834.7975804246585,-1.237197111684634
0.0098425196850393,2846.115212681953,7.474993336405732
0.0098425196850393,2830.5485256940083,-2.6593539001740125
0.0098425196850393,2829.840565496884,-2.646309547358244
0.0103346456692913,2831.964824303497,-2.6856492703722776
0.0103346456692913,2831.9643789493784,-2.6758125468440546
0.0098425196850393,2801.5562099155654,-2.6417840167766333
0.0103346456692913,2831.964630866464,-2.682548047496246
0.0098425196850393,2819.24662925279,7.498935277076547
0.0098425196850393,2833.3887799052823,7.487157616591931
0.0098425196850393,2842.5669794085115,-2.684255482653586
0.0098425196850393,2833.3806770483015,-2.6833332906149465
0.0103346456692913,2830.5486300058947,-2.669511526892919
0.0103346456692913,2846.1064709247294,-2.667338934933719
0.0103346456692913,2834.088516730788,-2.7041654487856897
0.0103346456692913,2831.964523991714,-2.6681538750733593
0.0098425196850393,2828.4247385922286,-2.633493678776345
0.0098425196850393,2834.0885513377093,-2.7026758580809815
0.0098425196850393,2833.3803042021823,-2.693455186939712
0.0103346456692913,2834.7964484839827,-2.6999061360444245
0.0098425196850393,2828.424696623017,-2.6324612444875033
0.0098425196850393,2843.983317340807,-2.1934319992719935
0.0098425196850393,2831.96420342295,-2.629545083798189
0.0098425196850393,2843.982784404341,-2.678602405971104
0.0098425196850393,2846.106786342667,-2.6663471604794533
0.0098425196850393,2828.42466513939,-2.6333618575594464
0.0098425196850393,2818.5389006125656,7.492844325681752
0.0098425196850393,2829.1360496772368,1.2292151039581953
0.0103346456692913,2844.690599225746,-2.6542870888934016
0.0103346456692913,2844.6909792944425,-2.6394363193685892
0.0098425196850393,2819.238115619547,-2.6098162681851473
0.0098425196850393,2834.088351626124,-2.6473424136826615
0.0098425196850393,2848.234302395612,1.6834696965671911
0.0103346456692913,2842.5672441538163,-2.6538358892856784
0.0098425196850393,2828.4252063157332,-2.626570200178544
0.0098425196850393,2828.4329129867915,7.008811493645756
0.0098425196850393,2842.5754198957943,7.494847678954615
0.0098425196850393,2834.7985373315923,-0.2454746339446734
0.0098425196850393,2847.5234864563577,-1.1781315102459677
0.0098425196850393,2833.3890192111476,7.481232015404412
0.0103346456692913,2832.6806232773265,6.989830126550487
0.0098425196850393,2818.538895541351,7.49330008432468
0.0098425196850393,2828.424652785631,-2.6299533277066054
0.0098425196850393,2843.984375483973,-0.19529790474337316
0.0103346456692913,2829.1326991271217,-2.644839734457263
0.0098425196850393,2829.1327761164594,-2.634476854256233
0.0098425196850393,2843.274813366278,-2.624834329735507
0.0098425196850393,2831.2566682544725,-2.629296727114216
0.0098425196850393,2834.088596759635,-2.682748740044308
0.0098425196850393,2834.088495734046,-2.652372496676369
0.0098425196850393,2828.4248381376888,-2.634596913479502
0.0098425196850393,2834.088301035563,-2.661047129455695
0.0103346456692913,2846.814309393256,-2.652018143527288
0.0098425196850393,2842.566881548212,-2.6820734536721007
0.0098425196850393,2830.548681465152,-2.6482986493441327
0.0098425196850393,2847.5226811602784,-2.698930415666045
0.0098425196850393,2842.57545088738,7.474239793716313
0.0098425196850393,2830.553621658621,3.151382550305592
0.0098425196850393,2831.256684124494,-2.6566525805112007
0.0098425196850393,2832.680833843032,7.489149819900229
0.0098425196850393,2847.522025471167,-2.585887876262024
0.0098425196850393,2834.796547055762,-2.6791425647410603
0.0098425196850393,2834.7962138531316,-2.683476802408909
0.0098425196850393,2829.840380733068,-2.648346996217778
0.0093503937007874,2834.088483900337,-2.6841543549445404
0.0093503937007874,2818.5390642081347,7.526275071095984
0.0093503937007874,2819.948150760241,-0.10810182782040333
0.0093503937007874,2818.530246092773,-2.627924114685565
0.0093503937007874,2846.814581251207,-2.666169278848776
0.0093503937007874,2843.281751060583,5.4805956624109164
0.0093503937007874,2831.964613422322,-2.643745139835211
0.0093503937007874,2828.424841949076,-2.6501839575143036
0.0093503937007874,2831.265111377687,7.499837090540445
0.0093503937007874,2842.5675011148596,-2.170977804557552
0.0093503937007874,2847.530911907767,7.51536353690992
0.0093503937007874,2832.67263194117,-2.6659189379101726
0.0093503937007874,2842.5668610963194,-2.6212025720780496
0.0093503937007874,2833.380237475011,-2.6702301851828425
0.0098425196850393,2833.3805584005413,-2.6834346108836087
0.0093503937007874,2834.799007713089,-0.10484377956791782
0.0093503937007874,2829.1336506076564,-1.620949915663626
0.0098425196850393,2831.2565411512846,-2.650201492994243
0.0093503937007874,2828.4247198509506,-2.659935873954301
0.0098425196850393,2831.2565282826276,-2.6377718913019583
0.0098425196850393,2848.230411681394,-2.6819366234266506
0.0093503937007874,2830.5484283935407,-2.565719591359935
0.0093503937007874,2829.141704217569,7.514235350835836
0.0093503937007874,2843.9913633900355,7.514806200057747
0.0093503937007874,2814.9992996402434,7.524506405464343
0.0093503937007874,2830.5485300135247,-2.649631877553607
0.0093503937007874,2834.79652698455,-2.6791425688852204
0.0093503937007874,2842.5754729995183,7.507481623821345
0.0093503937007874,2819.9462778416905,-2.662817888992488
0.0093503937007874,2842.56671525278,-2.6902459334817697
0.0093503937007874,2834.796065383614,-2.5967793410416053
0.0093503937007874,2829.840673132985,-2.667038227136258
0.0093503937007874,2843.9912495354383,7.518575262728871
0.0093503937007874,2842.569925547079,0.91145845329016
0.0093503937007874,2828.4247132525597,-2.658565142151664
0.0093503937007874,2830.548739967067,-2.665223691756231
0.0098425196850393,2834.088495734046,-2.652372496676369
0.0093503937007874,2847.522750691707,-2.606347805101844
0.0093503937007874,2817.831092126231,7.519754336749896
0.0093503937007874,2831.9645172961823,-2.6578430257922028
0.0093503937007874,2828.424664033438,-2.6361457446823917
0.0093503937007874,2820.6538887011957,-2.5960125176345494
0.0098425196850393,2829.841467748109,-1.697258859726875
0.0093503937007874,2832.6726115657007,-2.6718895354550565
0.0093503937007874,2834.08832564772,-2.6751082297958715
0.0093503937007874,2845.398520710037,-2.627928090789881
0.0098425196850393,2829.84105760764,-2.6738225180001125
0.0093503937007874,2833.380556755106,-2.709054293901339
0.0093503937007874,2832.6726073373675,-2.6860551267506896
0.0093503937007874,2834.095476723725,5.969752282692921
0.0093503937007874,2831.9650180863828,-2.6815032133938552
0.0093503937007874,2843.283430199063,7.505259675921737
0.0093503937007874,2846.8229310517427,7.516776980035575
0.0093503937007874,2843.9823991044636,-2.6264227051078977
0.0093503937007874,2842.5666224886627,-2.659483898731975
0.0093503937007874,2829.8404151968243,-2.6514885297902584
0.0093503937007874,2819.238734314624,-2.6658894374910966
0.0093503937007874,2844.699206734983,7.516353314829263
0.0093503937007874,2829.1327148281493,-2.6643105394774524
0.0093503937007874,2830.5486361013395,-2.6707617894514257
0.0098425196850393,2830.5486062025816,-2.644224622459739
0.0093503937007874,2834.796598864292,-2.6913103007006836
0.0093503937007874,2829.132590457483,-2.631928667031093
0.0098425196850393,2834.7963384338236,-2.657231724395402
0.0093503937007874,2830.5485672439677,-2.651944888109395
0.0098425196850393,2831.2565648116665,-2.643491403468844
0.0093503937007874,2829.840688681025,-2.6714405712948235
0.0093503937007874,2844.6992078299418,7.508028867296835
0.0098425196850393,2833.3804444480043,-2.6585893762149615
0.0093503937007874,2843.2745534291207,-2.658270494675008
0.0098425196850393,2832.6782227222207,4.088973670725629
0.0093503937007874,2831.9649893195565,-2.6511203090945417
0.0093503937007874,2842.5669162647196,-2.6500200333594868
0.0093503937007874,2842.566800624871,-2.649264074702586
0.0093503937007874,2831.2559908914754,-2.65041830474768
0.0093503937007874,2846.107985771188,-1.1475848132425412
0.0093503937007874,2833.388755713796,7.512304957570637
0.0093503937007874,2831.256869194968,-2.6599225064254632
0.0093503937007874,2829.840751853859,-2.648817444180015
0.0093503937007874,2844.690604890185,-2.6422268414227634
0.0098425196850393,2842.56693224735,-2.686901610912859
0.0098425196850393,2831.256560768408,-2.6706368949146677
0.0093503937007874,2830.5486817560045,-2.6474896676189132
0.0093503937007874,2845.398644828909,-2.671440278502043
0.0093503937007874,2828.4334636608064,7.519415926429992
0.0098425196850393,2845.4028441172095,2.1751914165965864
0.0093503937007874,2831.256959372349,-2.677602692226303
0.0098425196850393,2834.0884858394643,-2.6439210288378403
0.0093503937007874,2817.1231349266864,7.521976284649504
0.0098425196850393,2830.556753472475,6.996868249399303
0.0093503937007874,2829.8406447196567,-2.6656492255031523
0.0093503937007874,2833.3803563237143,-2.659115998319731
0.0093503937007874,2829.840578346337,-2.648000900687893
0.0098425196850393,2842.5670858314497,-2.152437887983104
0.0098425196850393,2843.98404591032,-1.2372341620643355
0.0093503937007874,2843.982819351324,-2.6809505956973303
0.0098425196850393,2845.3994534995136,-1.6561637715015662
0.0093503937007874,2842.5668897241994,-2.6560937062277126
0.0098425196850393,2845.398965693549,-2.6575300805384843
0.0093503937007874,2846.1066258766377,-2.6571208702697824
0.0093503937007874,2828.4337452713035,7.508780237403462
0.0093503937007874,2832.6735273482855,-1.6472330898720358
0.0093503937007874,2833.3810272547466,-2.668543174395927
0.0093503937007874,2820.662392143704,6.995491106459049
0.0093503937007874,2834.7991408558632,0.9076150883673851
0.0093503937007874,2831.96463123491,-2.6537037653502025
0.0098425196850393,2831.9646338790303,-2.6390972220704283
0.0093503937007874,2834.7964210168334,-2.691710597526923
0.0093503937007874,2834.087831069731,-2.568296240519785
0.0093503937007874,2830.5569552741727,7.5201599147556815
0.0093503937007874,2834.796603696554,-2.688991142358821
0.0093503937007874,2834.0884736357943,-2.6811677057357035
0.0093503937007874,2843.2746178733146,-2.6015300488264703
0.0093503937007874,2829.8493976980953,7.513129993699362
0.0093503937007874,2831.9644580391523,-2.6468177755684064
0.0093503937007874,2834.7964850473177,-2.6979791503348127
0.0093503937007874,2831.2649124737172,7.517937966856073
0.0098425196850393,2831.256693854791,-2.6348117795855606
0.0093503937007874,2843.2745920565026,-2.604279435855855
0.0098425196850393,2834.0886174209627,-2.6887927331752213
0.0093503937007874,2818.53904929722,7.519710876078298
0.0093503937007874,2820.662922957805,7.509001242798275
0.0093503937007874,2819.2449381156016,5.4887359523848005
0.0093503937007874,2828.433289458854,7.516637637415545
0.0093503937007874,2817.830691529913,7.532715872279228
0.0093503937007874,2832.6731012608857,-2.682628494988724
0.0093503937007874,2831.967252662701,0.927801954647477
0.0093503937007874,2834.7963310853083,-2.659417747590297
0.0093503937007874,2831.9643960035155,-2.644683364642219
0.0098425196850393,2846.8186556872624,2.1826250680629546
0.0098425196850393,2834.088552168633,-2.680301526809574
0.0098425196850393,2834.0886785948614,-2.7060883872052
0.0093503937007874,2843.2782194463366,1.4022494197230264
0.0093503937007874,2819.946255663402,-2.6631349143560152
0.0098425196850393,2842.5676216171983,-1.6915238584883836
0.0093503937007874,2817.8307158825087,7.527979530084841
0.0093503937007874,2842.566720672337,-2.5857987975045713
0.0098425196850393,2831.96453666122,-2.669281024263089
0.0093503937007874,2834.088214300584,-2.570574707060033
0.0093503937007874,2842.566908148236,-2.6689618037375102
0.0093503937007874,2834.7963079286105,-2.653290843812725
0.0093503937007874,2846.814343121554,-2.639419985467064
0.0093503937007874,2843.9911037244483,7.528234932442275
0.0093503937007874,2843.9827766653975,-2.679692183428216
0.0093503937007874,2834.7961868787193,-2.5863123826033556
0.0093503937007874,2831.2567339180655,-2.656402131017269
0.0093503937007874,2834.796242681294,-2.5941963227857134
0.0093503937007874,2842.56774932322,-1.6580475278432085
0.0093503937007874,2843.2744620022268,-2.632950845992599
0.0098425196850393,2834.796462677209,-2.647985013668862
0.0093503937007874,2829.8407895088994,-2.6494174449696652
0.0093503937007874,2834.796362907878,-2.615670893444893
0.0093503937007874,2829.8406261480113,-2.651878238005851
0.0098425196850393,2843.2748799170004,-2.6852043955646248
0.0093503937007874,2846.8147513137305,-2.6688249038693606
0.0093503937007874,2832.6722723515013,-2.6740061257565406
0.0093503937007874,2818.5389287965504,7.5107203478753775
0.0093503937007874,2844.6906576635247,-2.6207520721967197
0.0098425196850393,2830.5486965606406,-2.633600775578408
0.0093503937007874,2843.9826091588675,-2.62613159856049
0.0098425196850393,2831.9644909201857,-2.6483830289161405
0.0093503937007874,2819.9463327264584,-2.636444078771295
0.0093503937007874,2846.8144528395715,-2.6305839952196974
0.0093503937007874,2833.380557325255,-2.7080617464308308
0.0093503937007874,2833.3804853162846,-2.6917345810645736
0.0093503937007874,2831.256188457612,-2.6514508167812174
0.0093503937007874,2832.6812276645305,7.504486494140742
0.0093503937007874,2842.575183902587,7.533282507318253
0.0093503937007874,2843.2783504532363,0.9047296828098281
0.0093503937007874,2843.2834047809506,7.514072981066852
0.0093503937007874,2848.234872649717,2.41108073048818
0.0093503937007874,2834.088612836534,-2.1022768516153167
0.0093503937007874,2832.672488379412,-2.6798296091312865
0.0098425196850393,2834.796427202575,-2.6756807045952313
0.0098425196850393,2834.088818639131,-2.2009918031452966
0.0098425196850393,2834.088518482483,-2.6510629238423338
0.0093503937007874,2830.557245608561,7.505401849595795
0.0093503937007874,2842.5698070428366,0.929122094493151
0.0093503937007874,2843.283406190491,7.5170281479573555
0.0093503937007874,2819.242559335998,1.9287685942894832
0.0093503937007874,2843.2835310631285,7.5183444191822995
0.0098425196850393,2831.9645157411233,-2.6500045862476638
0.0093503937007874,2831.964288122256,-2.664496326227207
0.0093503937007874,2828.4333740099273,7.51206769329462
0.0093503937007874,2843.274604084134,-2.666436521600103
0.0093503937007874,2829.8407840861273,-2.6488137658929034
0.0098425196850393,2831.9646172319945,-2.6398785297746876
0.0093503937007874,2833.3840397420877,1.9188273267933564
0.0093503937007874,2843.991334943716,7.503101311887
0.0093503937007874,2830.5486477980753,-2.6272084802074884
0.0093503937007874,2834.8050750983025,7.496301653566958
0.0093503937007874,2830.548602359535,-2.6680733314003042
0.0093503937007874,2843.9830270356274,-2.6934300248177614
0.0093503937007874,2829.1326431786056,-2.643010321914855
0.0093503937007874,2843.9830253588216,-2.6878814976832848
0.0093503937007874,2843.274548965611,-2.6589816408381615
0.0093503937007874,2829.8480620556898,6.51202326599513
0.0098425196850393,2834.796393299133,-2.686970018484153
0.0093503937007874,2834.797352928441,-1.137143541111597
0.0093503937007874,2846.115239554666,7.50541352721509
0.0093503937007874,2831.967694783387,0.8850473411056095
0.0098425196850393,2829.840752536778,-2.6390408092787183
0.0093503937007874,2834.7963264624914,-2.6719828393495395
0.0098425196850393,2831.964214624299,-2.6244239822517965
0.0093503937007874,2842.5672291470814,-2.1413212584497585
0.0093503937007874,2834.796056133923,-2.652022436142822
0.0093503937007874,2829.840720225893,-2.636483008460476
0.0093503937007874,2843.2769133353663,-0.6337808582102212
0.0093503937007874,2828.424744864166,-2.6208944129333602
0.0093503937007874,2829.132336723118,-2.6309157714869427
0.0093503937007874,2833.380226046585,-2.6766063576453094
0.0093503937007874,2834.0960837387643,6.485774138582932
0.0093503937007874,2831.964506171501,-2.6717586214820015
0.0093503937007874,2843.2744976599056,-2.6448345248685396
0.0093503937007874,2831.2565532715284,-2.6710362276473134
0.0093503937007874,2829.1328255679773,-2.660779795957014
0.0093503937007874,2817.12314849044,7.516530988931482
0.0093503937007874,2832.6725920154868,-2.6929885945739507
0.0098425196850393,2831.2565357931417,-2.649092211182091
0.0098425196850393,2831.2565087329926,-2.642934398901329
0.0093503937007874,2834.796398815379,-2.683530516380778
0.0093503937007874,2847.5226103400423,-2.640791973322215
0.0093503937007874,2843.2747358754646,-2.6491001437630883
0.0088582677165354,2843.283532441208,7.541313222032757
0.0088582677165354,2831.9645074503183,-2.644553144102549
0.0088582677165354,2818.539098422184,7.54638441542951
0.0093503937007873,2834.7965986719582,-2.6914705385199342
0.0088582677165354,2843.2751204685005,-2.64938125355258
0.0088582677165354,2834.796420901326,-2.7011226131977595
0.0088582677165354,2843.2762691853613,-0.4948352940005383
0.0088582677165354,2829.8420252475166,-1.0571001034281275
0.0088582677165354,2820.6629465830524,6.991061501110278
0.0088582677165354,2834.09577902965,5.922958602597623
0.0088582677165354,2843.274495088201,-2.643921803248285
0.0088582677165354,2847.5226606043598,-2.6087252938291954
0.0088582677165354,2842.566601872356,-2.6666819450599815
0.0088582677165354,2820.654171551831,-2.648672402236445
0.0088582677165354,2834.0886326880222,-2.6882202912548174
0.0088582677165354,2843.2751371702866,-2.6561770159101075
0.0088582677165354,2834.0885805367157,-2.6891522650259154
0.0088582677165354,2842.566937136494,-2.654361734403152
0.0088582677165354,2843.2746650127324,-2.696070449457734
0.0093503937007874,2830.548616780778,-2.673163765432461
0.0093503937007873,2843.274646725435,-2.686539907648177
0.0093503937007873,2843.274721372273,-2.645699111856478
0.0088582677165354,2843.9832359840893,-2.0859156308527913
0.0088582677165354,2843.2749230292648,-2.6527602212575223
0.0088582677165354,2842.5665930945993,-2.6398414847698706
0.0088582677165354,2832.6722765787163,-2.6658142978455746
0.0093503937007874,2846.818458560342,1.927091165457245
0.0088582677165354,2831.256696653043,-2.652653674104115
0.0088582677165354,2834.797498714852,-1.6069705097038816
0.0088582677165354,2843.274669700917,-2.6395675463744146
0.0088582677165354,2831.256625189875,-2.63352799439482
0.0088582677165354,2834.0884724393286,-2.6860671046310203
0.0088582677165354,2834.796429638873,-2.6882890525306284
0.0088582677165354,2834.796143440702,-2.686826046572284
0.0088582677165354,2834.796732148592,-2.6765595603422416
0.0088582677165354,2816.4152101765144,7.552268951424076
0.0088582677165354,2817.8224277390423,-2.617974976480892
0.0088582677165354,2843.2748166899473,-2.661445011840836
0.0088582677165354,2833.388832528676,7.537124427754715
0.0093503937007873,2832.672413584081,-2.657623392044454
0.0088582677165354,2843.9915194744813,7.5432066835960585
0.0088582677165354,2846.1150368321987,7.547458501658042
0.0088582677165354,2834.0884835046236,-2.6885979584070605
0.0088582677165354,2844.6993015142434,7.527260207054629
0.0088582677165354,2844.699028423247,7.541121202207418
0.0088582677165354,2818.5304202657803,-2.6295042605832264
0.0088582677165354,2819.2462285081874,7.012580279434267
0.0088582677165354,2842.566328873882,-2.574089127894716
0.0088582677165354,2834.0883374494942,-2.6400777932015864
0.0088582677165354,2828.424692857956,-2.6276020680777985
0.0088582677165354,2830.548639748824,-2.671558977541505
0.0088582677165354,2834.088426678202,-2.662162269704348
0.0088582677165354,2831.2565441910847,-2.651439235875769
0.0088582677165354,2831.9646507426287,-2.676285680913809
0.0093503937007874,2829.8403089453086,-2.635431817734723
0.0088582677165354,2829.8406201933185,-2.661181844737111
0.0088582677165354,2819.2381881960255,-2.6257581066113076
0.0093503937007873,2848.231570977863,-1.6488301713685694
0.0088582677165354,2844.699324450543,7.525216273859342
0.0088582677165354,2830.557357767376,7.539648487882687
0.0088582677165354,2834.0886227063215,-2.6993009121551963
0.0088582677165354,2819.23835657731,-2.654925522022631
0.0088582677165354,2819.9462531752065,-2.662445571254639
0.0088582677165354,2834.804977833453,7.535594873705361
0.0088582677165354,2834.0967700939,7.5498156687079785
0.0088582677165354,2831.9645829595684,-2.634757394823921
0.0088582677165354,2829.133012371472,-2.6500607097309605
0.0088582677165354,2843.275620842646,-2.1343681742183476
0.0088582677165354,2831.9644171904533,-2.6393547627212564
0.0088582677165354,2833.380196052917,-2.673855895578089
0.0088582677165354,2833.3887732168637,7.54006541883005
0.0088582677165354,2843.276109963041,-1.0515799693844312
0.0088582677165354,2831.2569088769155,-2.644665722044237
0.0088582677165354,2842.566872909898,-2.609960965959747
0.0088582677165354,2833.380515150841,-2.672447029184989
0.0088582677165354,2842.5668289416644,-2.645056980906957
0.0088582677165354,2830.5485336801426,-2.6318929111026077
0.0088582677165354,2831.256580941309,-2.661506199388192
0.0088582677165354,2848.230841532104,-2.7067434348331396
0.0088582677165354,2831.964565359244,-2.6784213516045026
0.0088582677165354,2842.566692214097,-2.6377020261620165
0.0088582677165354,2847.522620343527,-2.6378669703345694
0.0088582677165354,2843.2748549361813,-2.6720464218711104
0.0088582677165354,2834.0926494289206,2.7019800105124965
0.0088582677165354,2842.567090847328,-2.682657971579958
0.0088582677165354,2834.796208039472,-2.6953367220175606
0.0088582677165354,2834.0882005884228,-2.630565526781699
0.0088582677165354,2834.0882643819714,-2.6849331390068634
0.0088582677165354,2834.08825362122,-2.6518028363793924
0.0088582677165354,2830.548668560479,-2.630313499024704
0.0088582677165354,2829.1326318674924,-2.626075941356366
0.0088582677165354,2847.5224647630907,-2.6477601454363353
0.0088582677165354,2846.8148143557487,-2.6828676863442578
0.0088582677165354,2843.9827448013784,-2.673354302391147
0.0088582677165354,2832.6772037364617,3.2478401383837463
0.0088582677165354,2817.1234735701496,7.540447168771198
0.0088582677165354,2830.5485260559904,-2.6263827189578444
0.0088582677165354,2845.398509705045,-2.632557905004451
0.0088582677165354,2844.6904694806453,-2.6121503094706444
0.0093503937007873,2834.796779988031,-2.1629029168262983
0.0093503937007873,2842.566847043614,-2.642821240686286
0.0093503937007873,2834.796209410694,-2.6194515823823106
0.0093503937007873,2843.274786523141,-2.661730017926568
0.0093503937007874,2832.672994905944,-2.6737977418182055
0.0093503937007874,2830.548712258181,-2.656801383633935
0.0088582677165354,2831.9644304566336,-2.6309084012386115
0.0088582677165354,2844.6906751029587,-2.6636596958916843
0.0088582677165354,2831.9644290470933,-2.6338635681291147
0.0088582677165354,2833.381088067828,-1.5984706897681462
0.0088582677165354,2843.274836312619,-2.6342767041558663
0.0093503937007873,2843.983555019754,-1.6369106595143832
0.0088582677165354,2830.5486816459165,-2.6135789952080475
0.0088582677165354,2832.6722735724125,-2.6664225269573794
0.0088582677165354,2844.690442391006,-2.592185365959203
0.0088582677165354,2834.7965571337163,-2.714593885370221
0.0088582677165354,2831.9645672864344,-2.645132602030387
0.0088582677165354,2846.814608700723,-2.671541797763896
0.0088582677165354,2818.5303483049347,-2.623016541964338
0.0088582677165354,2845.398576597667,-2.613503706249488
0.0088582677165354,2842.5668053070367,-2.61436677813339
0.0088582677165354,2830.548688764588,-2.6406842179378986
0.0088582677165354,2846.8191884260223,2.7061295272642027
0.0093503937007874,2843.277588189995,0.3734868618535495
0.0088582677165354,2819.945946767715,-2.6224223481481617
0.0088582677165354,2846.1110207697116,2.699591578767958
0.0088582677165354,2829.840786459567,-2.6348947653970005
0.0093503937007874,2842.572023185056,2.9113770936201893
0.0088582677165354,2844.699218209854,7.5391886562472825
0.0088582677165354,2834.0884864502186,-2.697591092464116
0.0088582677165354,2842.567103043916,-2.69342156711681
0.0088582677165354,2818.5303989618965,-2.6295184930185793
0.0088582677165354,2843.2746368079024,-2.6093720345696827
0.0088582677165354,2829.8410350782187,-2.654635069111467
0.0088582677165354,2845.4028979335426,2.170398768151794
0.0088582677165354,2848.947258407027,7.5239521141320695
0.0088582677165354,2818.538526595853,7.002596399966575
0.0093503937007873,2846.8145805997083,-2.6531045393129347
0.0088582677165354,2845.398760895061,-2.0964245116402367
0.0088582677165354,2834.7963645575137,-2.681355705770822
0.0088582677165354,2831.9645452847603,-2.6660545318016866
0.0093503937007874,2832.672580713655,-2.6666076261400855
0.0088582677165354,2847.530004376944,5.922208036927344
0.0088582677165354,2843.991514051709,7.54381036267282
0.0088582677165354,2834.7968010320355,-2.6883791004060034
0.0088582677165354,2830.548669308936,-2.6171180685314925
0.0088582677165354,2829.1417140663602,7.541912593064097
0.0088582677165354,2845.398575504543,-2.6398468508441923
0.0088582677165354,2831.9728694892574,7.546660855040471
0.0088582677165354,2833.3804699433776,-2.6881175750153417
0.0088582677165354,2829.840692559459,-2.646499535162494
0.0093503937007873,2846.1067790555308,-2.664833155984533
0.0093503937007873,2834.0879154943805,-2.615406553069615
0.0088582677165354,2842.575496188051,7.531597535131977
0.0088582677165354,2830.5487478785117,-2.65801027326111
0.0088582677165354,2842.5680177825334,-1.060783269151747
0.0088582677165354,2834.7964759998117,-2.6737756973638582
0.0088582677165354,2831.2570744462314,-2.6678793135989882
0.0088582677165354,2834.7996414631457,1.6345112671539268
0.0093503937007873,2843.2745663544692,-2.670987071099269
0.0088582677165354,2842.566931669024,-2.686025406766373
0.0088582677165354,2834.7961673224822,-2.693851750700856
0.0093503937007873,2843.983015385339,-2.1352597206598194
0.0088582677165354,2847.5230935594604,-2.1120847665813876
0.0088582677165354,2819.2383555140873,-2.649742508609263
0.0093503937007874,2831.25622590249,-2.6439392948757225
0.0088582677165354,2842.575571273866,7.54022409278908
0.0088582677165354,2846.107965944406,-1.0401037104254869
0.0088582677165354,2833.3890778269597,7.535232031336569
0.0088582677165354,2846.8147433486915,-2.64604267477461
0.0088582677165354,2834.0881308069474,-2.6458558779381574
0.0088582677165354,2834.7964258284014,-2.686777922014558
0.0088582677165354,2829.840602396497,-2.633382031865724
0.0088582677165354,2843.2777394465684,0.5384622823351259
0.0088582677165354,2801.5566097896276,-2.6485549155432784
0.0088582677165354,2842.5666740960164,-2.607019325814879
0.0088582677165354,2818.538989133105,7.540878219225552
0.0088582677165354,2830.548558355794,-2.635342529774847
0.0088582677165354,2843.283578761058,7.519525958265794
0.0088582677165354,2833.389100195776,7.524201949387491
0.0088582677165354,2842.5667160423914,-2.682166472511997
0.0088582677165354,2843.9912764194332,7.537938706586572
0.0088582677165354,2829.8407689853434,-2.651329992453244
0.0088582677165354,2842.5666934863175,-2.6861659505238307
0.0088582677165354,2834.096790896477,7.535146771894919
0.0088582677165354,2828.42443668917,-2.608205771517366
0.0088582677165354,2843.2745899146707,-2.6608242030905647
0.0088582677165354,2843.2745668076877,-2.6642089682059344
0.0088582677165354,2832.6728951665195,-2.6779642936456223
0.0088582677165354,2820.6542861890753,-2.6313813184481463
0.0088582677165354,2820.662565084005,6.991109755336765
0.0088582677165354,2818.5302811021766,-2.629555791103795
0.0088582677165354,2831.2563599997957,-2.606439411614057
0.0088582677165354,2843.274573639849,-2.650070890246059
0.0088582677165354,2833.3823466775802,-0.4987145740983621
0.0088582677165354,2819.238018656163,-2.6408915267614415
0.0093503937007873,2843.277759114187,0.9056285044584583
0.0088582677165354,2834.804705797469,7.540181781650677
0.0088582677165354,2829.8406775773005,-2.6353405584067287
0.0088582677165354,2844.6907973220327,-2.660872164683217
0.0088582677165354,2848.2345607791217,1.6221620861831745
0.0088582677165354,2842.566721401267,-2.583108532183092
0.0088582677165354,2832.6808333904164,7.541927414781033
0.0088582677165354,2846.814471996361,-2.6215825610745185
0.0088582677165354,2845.4070337259895,7.5456867530417835
0.0088582677165354,2817.831140806012,7.548568164675232
0.0088582677165354,2831.256495885627,-2.6445311018294704
0.0088582677165354,2834.7963979383126,-2.6907443559725457
0.0088582677165354,2846.8141077576224,-2.5906533270294267
0.0088582677165354,2829.1330924395993,-2.6611385101390908
0.0088582677165354,2843.9827990827066,-2.6751659491061512
0.0088582677165354,2834.0881369532076,-2.665102877034096
0.0088582677165354,2848.2311674700964,-2.1304759736815164
0.0088582677165354,2819.245723516411,5.921026663893576
0.0088582677165354,2834.796523315017,-2.6862837788933667
0.0088582677165354,2843.275052999843,-2.6872408148012408
0.0088582677165354,2818.5391130723265,7.537002569121346
0.0088582677165354,2834.0883599015565,-2.6508546134314552
0.0093503937007873,2834.088521155048,-2.70556432480835
0.0088582677165354,2834.8050157631214,7.520002345628087
0.0088582677165354,2819.2462682339524,7.010678509580967
0.0088582677165354,2829.840607257045,-2.6320459638770157
0.0088582677165354,2818.5391114270024,7.54108455735643
0.0088582677165354,2818.538990778429,7.5367962309904675
0.0088582677165354,2834.796471238331,-2.6994302471304175
0.0088582677165354,2843.9911090645573,7.545722816384833
0.0093503937007873,2843.2748918805746,-2.6884158952388937
0.0088582677165354,2834.796589887567,-2.6904422391544256
0.0088582677165354,2818.5389564858833,7.544248637846421
0.0088582677165354,2844.699052229829,7.542152656097613
0.0088582677165354,2834.7964354119817,-2.6455824811180517
0.0088582677165354,2829.8404146914486,-2.657226494940376
0.0093503937007874,2843.275059472568,-2.693062952919285
0.0088582677165354,2831.2565037907684,-2.63252606959186
0.0088582677165354,2842.5669717492005,-2.6905462207493924
0.0088582677165354,2834.0886066909125,-2.6806578847308304
0.0088582677165354,2830.5486111943897,-2.655977306030523
0.0088582677165354,2842.566845086546,-2.653021252764959
0.0088582677165354,2842.575240558757,7.5553925358313405
0.0088582677165354,2829.8407846693854,-2.631120557186317
0.0088582677165354,2830.5485514517713,-2.628968053703544
0.0088582677165354,2820.654351931195,-2.6537045796039695
0.0088582677165354,2832.68111853139,7.52867261913262
0.0088582677165354,2829.8405864882966,-2.6294078223500397
0.0088582677165354,2831.9644907736515,-2.649567512832814
0.0088582677165354,2842.5676713407674,-1.5636315847019238
0.0088582677165354,2834.796991973267,-2.696414913249527
0.0088582677165354,2818.5304340116104,-2.6361736947126375
0.0088582677165354,2833.383237915889,0.5330670137730333
0.0088582677165354,2831.2656233726325,7.527732857824571
0.0088582677165354,2843.274622408331,-2.676923995803302
0.0088582677165354,2842.5753599375835,7.54626010980617
0.0088582677165354,2834.7962806453784,-2.6728543634361785
0.0088582677165354,2834.088463731672,-2.6358063550861393
0.0088582677165354,2845.407039636121,7.544179236479558
0.0088582677165354,2829.132637052682,-2.6245241579043275
0.0088582677165354,2848.2304561339656,-2.7038531008075273
0.0088582677165354,2817.123026857294,7.549559767848021
0.0088582677165354,2842.566840311188,-2.6667621437033784
0.0088582677165354,2845.3984207144695,-2.603619327152013
0.0088582677165354,2845.3986819630386,-2.6836142158499023
0.0093503937007873,2842.5669691919124,-2.6906850448645265
0.0088582677165354,2816.4152268235503,7.5530502591283355
0.0088582677165354,2833.3803853976215,-2.641833253393845
0.0088582677165354,2842.5668751414555,-2.6340967100225114
0.0083661417322834,2831.2565206126515,-2.631160508447781
0.0083661417322834,2834.796419813177,-2.700455770409077
0.0083661417322834,2820.6543003970605,-2.6279015557893666
0.0083661417322834,2834.091145273371,0.17738256156800825
0.0088582677165354,2834.801471981182,3.2489346265001204
0.0088582677165354,2831.964521469614,-2.6602216781173937
0.0083661417322834,2844.6993549809317,7.567874423666634
0.0083661417322834,2831.256271701243,-2.618097734244805
0.0083661417322834,2819.246632404539,7.007664206450957
0.0083661417322834,2842.5683599260715,-0.9317554750543369
0.0083661417322834,2820.654205919216,-2.6643841019676593
0.0083661417322834,2842.566959958643,-2.7037863391836736
0.0083661417322834,2818.53911708855,7.5706840993967575
0.0083661417322834,2831.9645273007986,-2.676328846084245
0.0083661417322834,2834.0883654864333,-2.6532260970275745
0.0083661417322834,2843.985056529184,0.2080703153744275
0.0088582677165354,2846.108429814701,-0.4692538967990236
0.0083661417322834,2834.7962085467334,-2.637242444102066
0.0088582677165354,2829.132845922442,-2.6662270843769265
0.0083661417322834,2832.6725759599817,-2.6474659300034133
0.0083661417322834,2842.5670395191614,-2.671330097555033
0.0083661417322834,2848.2307965307955,-2.702278967360835
0.0083661417322834,2842.5670865022685,-2.684144465950506
0.0083661417322834,2834.7965855425073,-2.6919287335249726
0.0083661417322834,2829.1325087672035,-2.618771337977434
0.0083661417322834,2831.9644608237204,-2.666710736896432
0.0083661417322834,2842.5668126960386,-2.6593476258129836
0.0083661417322834,2842.5667684736222,-2.629569012664968
0.0083661417322834,2815.706885589617,7.590843437082933
0.0083661417322834,2829.13241008986,-2.6501049557022354
0.0083661417322834,2830.548569267286,-2.658952613950556
0.0083661417322834,2831.9644816145924,-2.6630877372186874
0.0083661417322834,2842.5667275487635,-2.581099302589412
0.0088582677165354,2834.08783611207,-2.6383946034749393
0.0083661417322834,2831.9647103693255,-2.656343442581926
0.0083661417322834,2819.954630414803,7.5854279934317415
0.0083661417322834,2834.088418654158,-2.6696750068076747
0.0083661417322834,2831.2566516663114,-2.6345705663656673
0.0083661417322834,2846.8154074393747,-1.4800567603265047
0.0083661417322834,2845.3986110984506,-2.623468403647485
0.0083661417322834,2819.9541797123625,7.003537761899486
0.0088582677165354,2843.2752015088254,-2.6743654736448987
0.0083661417322834,2833.3804533141774,-2.682574862374113
0.0083661417322834,2834.088616585814,-2.6293130856283726
0.0088582677165354,2831.2566959045857,-2.6658491045973265
0.0088582677165354,2846.814681880394,-2.6895692128890336
0.0083661417322834,2843.982749234339,-2.670821958346498
0.0083661417322834,2831.256662131041,-2.642029486733688
0.0083661417322834,2843.2747303560354,-2.6586731762977993
0.0088582677165354,2829.840648144262,-2.667616798533176
0.0083661417322834,2843.2765573957163,-0.405253285122326
0.0083661417322834,2843.2746806780206,-2.646586867422676
0.0083661417322834,2842.566772404414,-2.664512039162455
0.0083661417322834,2814.9991855183835,7.585264157956324
0.0083661417322834,2814.9993183317724,7.5894940191486056
0.0083661417322834,2832.675350630576,0.16958174464535825
0.0083661417322834,2834.088888812325,-2.722948198183881
0.0083661417322834,2817.1204341359835,4.747745109399283
0.0083661417322834,2842.567055365703,-2.6945704485721866
0.0083661417322834,2832.6726444389956,-2.66864470046621
0.0083661417322834,2843.982765932969,-2.6691037573048857
0.0083661417322834,2843.2834859096693,7.555570433307688
0.0083661417322834,2842.56672479413,-2.6540444345001006
0.0083661417322834,2844.6954099793825,3.027833073116728
0.0083661417322834,2842.566608162476,-2.6607675398431763
0.0083661417322834,2843.2749498589833,-2.688754414644208
0.0083661417322834,2828.4333850110716,7.569388274012317
0.0083661417322834,2830.548595485713,-2.6592734777943643
0.0083661417322834,2829.1324363290846,-2.6503501363181217
0.0083661417322834,2843.2746913438227,-2.6959713995187675
0.0083661417322834,2819.946660896539,-2.6536846862060304
0.0083661417322834,2834.088128154421,-2.6480944084249005
0.0083661417322834,2831.2565188826907,-2.660274818285185
0.0083661417322834,2834.0881539563616,-2.669453533569108
0.0083661417322834,2842.567120036575,-2.690585476161581
0.0083661417322834,2830.548632222271,-2.6694829743039934
0.0083661417322834,2847.5227161225994,-2.6726699019387516
0.0083661417322834,2834.796963310999,-2.120680765558803
0.0083661417322834,2831.9642862131764,-2.6389713008584375
0.0083661417322834,2830.5485848205476,-2.6314872255330775
0.0083661417322834,2829.1323507449765,-2.620621407447723
0.0083661417322834,2834.088188376716,-2.674984834974083
0.0083661417322834,2846.1068286370146,-2.655083337818531
0.0088582677165354,2831.2565797819175,-2.6534636913117553
0.0083661417322834,2834.0880723687983,-2.6354132513024613
0.0083661417322834,2842.5668389702437,-2.600482994212323
0.0083661417322834,2847.5289417713384,4.737450945125514
0.0083661417322834,2842.5668859533503,-2.6132973626077938
0.0083661417322834,2834.796430704762,-2.6698667386260815
0.0083661417322834,2845.3987842402694,-2.639716999633147
0.0083661417322834,2834.088482273224,-2.6773565441547174
0.0083661417322834,2829.132763979139,-2.62294291519127
0.0083661417322834,2842.56694043253,-2.671794224479859
0.0083661417322834,2834.796528857531,-2.6790649049842923
0.0083661417322834,2831.9728861242206,7.575392585939997
0.0083661417322834,2829.1326038954344,-2.634640839912913
0.0088582677165354,2834.7960903560224,-2.587733095655283
0.0083661417322834,2830.5487220998775,-2.6524258072651343
0.0083661417322834,2845.398324747064,-2.64098875274506
0.0083661417322834,2828.4248227866537,-2.6329956933445833
0.0083661417322834,2817.1228212252727,7.5912835997653545
0.0083661417322834,2831.964926591735,-2.6803569661378166
0.0088582677165354,2831.96444610265,-2.6098578537073447
0.0083661417322834,2843.2748466521202,-2.642801146403071
0.0088582677165354,2831.9646531041303,-2.6680710524969347
0.0088582677165354,2831.964478163613,-2.673445539928449
0.0083661417322834,2843.9911521461,7.575955965595261
0.0083661417322834,2842.5669874808414,-2.6905655427517776
0.0083661417322834,2831.9731808641277,7.568455110852202
0.0083661417322834,2843.275360500493,-2.7026342391746967
0.0083661417322834,2843.2748332589053,-2.673403799028474
0.0083661417322834,2842.5666119017687,-2.597062178545246
0.0083661417322834,2831.2565364706934,-2.6510431713661986
0.0083661417322834,2829.132680327722,-2.6403926737850067
0.0083661417322834,2829.1326481627625,-2.648213131194017
0.0083661417322834,2833.3802437937466,-2.6785075543527688
0.0083661417322834,2828.4248227866537,-2.6329956933445833
0.0083661417322834,2842.5668936012316,-2.6775296435017077
0.0083661417322834,2842.5669585327378,-2.6467531048808253
0.0083661417322834,2828.433392163436,7.5688619683943585
0.0083661417322834,2842.567106216682,-2.6941703723166586
0.0083661417322834,2834.0970862219324,7.552927315016132
0.0083661417322834,2829.8404113177558,-2.650209714642825
0.0083661417322834,2829.8403874592764,-2.622143707125959
0.0083661417322834,2832.6725940067654,-2.6665382050677224
0.0088582677165354,2829.1326945384885,-2.6545540232970315
0.0083661417322834,2832.680997691074,7.574590517810829
0.0083661417322834,2829.840607875412,-2.638096071315794
0.0083661417322834,2847.5227556321406,-2.6806486946018757
0.0088582677165354,2846.8188933773395,2.1437907129348055
0.0088582677165354,2843.2745441592347,-2.664735607186553
0.0083661417322834,2842.566854849429,-2.6712682061881625
0.0083661417322834,2844.6990730349507,7.576452648815628
0.0088582677165354,2842.5690465684047,0.0078054248788430695
0.0083661417322834,2828.4247729780677,-2.628147453897857
0.0083661417322834,2845.407414584491,7.557431064746786
0.0083661417322834,2829.8406003294062,-2.65693158937888
0.0083661417322834,2843.283167216726,7.571361332880964
0.0083661417322834,2843.27543492846,-1.51060632936741
0.0083661417322834,2846.1130673792713,5.316608191314657
0.0083661417322834,2834.0886525078245,-2.688187788750406
0.0083661417322834,2843.2750504114083,-2.6910924621431866
0.0083661417322834,2819.2382681408067,-2.6353076451622006
0.0083661417322834,2820.6543491510997,-2.65293435470607
0.0083661417322834,2831.9646234941483,-2.6515698449912706
0.0083661417322834,2829.13276698138,-2.6299177831711122
0.0083661417322834,2848.230263603762,-2.6473181855175145
0.0083661417322834,2842.5671106671302,-2.6826254690755476
0.0083661417322834,2831.2565450223333,-2.640684041412528
0.0083661417322834,2842.5668476854585,-2.620476411914681
0.0083661417322834,2831.2560624481152,-2.6501422601504205
0.0083661417322834,2843.2746316792104,-2.6774908526934653
0.0083661417322834,2845.402238913741,1.9374116072831353
0.0083661417322834,2831.9645264453316,-2.6654482649100046
0.0083661417322834,2834.796555448335,-2.6971064004443988
0.0083661417322834,2829.1325964957314,-2.635311302546721
0.0083661417322834,2834.088580020428,-2.688473752179293
0.0088582677165354,2843.2745666691862,-2.670420562837719
0.0088582677165354,2842.56660473827,-2.6559022937621632
0.0083661417322834,2833.3805072953255,-2.69591997900362
0.0088582677165354,2834.796410937939,-2.6839090843148123
0.0083661417322834,2834.7965731272393,-2.6915124545099753
0.0083661417322834,2847.524185606243,-0.37139053845123554
0.0083661417322834,2831.964627270489,-2.69172196395017
0.0083661417322834,2846.110591112892,1.8913868948264843
0.0083661417322834,2847.5309428669357,7.5731902370543445
0.0083661417322834,2831.25654939246,-2.669757412499881
0.0088582677165354,2830.548711074744,-2.658461891887464
0.0083661417322834,2830.5486773011994,-2.6346422740238262
0.0083661417322834,2828.4247729780677,-2.628147453897857
0.0083661417322834,2833.380425642503,-2.6870974813421595
0.0083661417322834,2829.1323507007583,-2.640871212774607
0.0083661417322834,2833.3804238480984,-2.677023813067792
0.0083661417322834,2833.3805378260276,-2.6666748559264706
0.0083661417322834,2834.088442791679,-2.6786915261251196
0.0083661417322834,2834.7965077163967,-2.7077284615462007
0.0083661417322834,2845.3984710566388,-2.580512395902017
0.0083661417322834,2844.6917198511624,-1.5482251378532228
0.0083661417322834,2833.380664188437,-2.6800243338618532
0.0083661417322834,2830.5531795185057,3.0434725386289685
0.0083661417322834,2842.567071543206,-2.615847979859314
0.0083661417322834,2829.8406417140445,-2.6581439330417553
0.0083661417322834,2834.796453311169,-2.6976424276531827
0.0083661417322834,2832.67616283139,1.9067523241562818
0.0083661417322834,2834.0970588977257,7.549647649348329
0.0083661417322834,2843.2747230821024,-2.6366142575176403
0.0083661417322834,2834.7961879505146,-2.688355510732673
0.0088582677165354,2844.696067068444,3.787636852472246
0.0083661417322834,2830.5485878227887,-2.6384620935129197
0.0088582677165354,2829.8407906789666,-2.655788325361502
0.0083661417322834,2829.841026924732,-2.657706981208516
0.0083661417322834,2833.3892524845414,7.555599893086431
0.0083661417322834,2831.96461185702,-2.639415858900949
0.0088582677165354,2846.8192707131907,2.7076000408700684
0.0088582677165354,2845.400598093963,-0.5351398311383216
0.0088582677165354,2834.796402676207,-2.688621359684243
0.0088582677165354,2843.275017867102,-2.623360163774549
0.0088582677165354,2829.137810459736,3.252520490425818
0.0083661417322834,2843.982298057421,-2.602305381823184
0.0083661417322834,2831.964501925503,-2.654992382376041
0.0083661417322834,2831.9645153263878,-2.683624457713678
0.0083661417322834,2832.672542196945,-2.681522508694836
0.0083661417322834,2831.2566516663114,-2.6345705663656673
0.0083661417322834,2819.2474758788712,7.569721695244386
0.0083661417322834,2829.841044528371,-2.6662322020709714
0.0083661417322834,2829.8406003042405,-2.635858057554316
0.0083661417322834,2834.8049822644903,7.564090002507331
0.0083661417322834,2834.0970250649457,7.56631195040694
0.0083661417322834,2831.9732754080555,7.562593773233718
0.0088582677165354,2846.8198480907063,3.7775222686759142
0.0083661417322834,2843.982610602832,-2.593086223140555
0.0083661417322834,2843.9829864676876,-2.6956011703043243
0.0083661417322834,2820.6628524074677,7.572779163559612
0.0083661417322834,2846.823279748613,7.569856949916819
0.0083661417322834,2833.3811071571195,-2.692172834807152
0.0083661417322834,2834.7968657323227,-2.686184329243042
0.0078740157480314,2833.3890943153656,7.60222569634167
0.0078740157480314,2843.9911549345293,7.617898031934861
0.0078740157480314,2846.1093108908867,1.006221588171312
0.0078740157480314,2847.5242899259274,-0.22813918926305818
0.0078740157480314,2834.7964127559844,-2.6806684032070165
0.0078740157480314,2842.5755335923136,7.599309245390155
0.0078740157480314,2848.2305983636666,-2.6905843529836106
0.0078740157480314,2832.6811661967345,7.5926664835506745
0.0078740157480314,2831.9645852022823,-2.677077710894665
0.0078740157480314,2831.2652090538986,7.593297272217346
0.0083661417322834,2817.8223268974302,-2.6295905906705976
0.0078740157480314,2842.566828170474,-2.652328674834142
0.0078740157480314,2820.6603917483185,4.602059911404737
0.0078740157480314,2843.9826612770507,-2.5947855387805863
0.0083661417322834,2847.5226325428716,-2.6707814246181982
0.0078740157480314,2834.7964502783093,-2.68473927628699
0.0078740157480314,2831.9690889625917,2.7773472211807015
0.0078740157480314,2828.4247444331772,-2.6204612816971093
0.0078740157480314,2843.274844235734,-2.6423483086613566
0.0078740157480314,2829.84071422054,-2.6305675079638675
0.0078740157480314,2819.9545819378286,6.998844066982608
0.0078740157480314,2845.398523944214,-2.640563292291528
0.0078740157480314,2830.5485542981146,-2.6530800310863123
0.0078740157480314,2828.4247444331772,-2.6204612816971093
0.0078740157480314,2842.566797345932,-2.649109212406959
0.0078740157480314,2847.523130885639,-2.6844333413001853
0.0078740157480314,2834.796188710234,-2.6919656185800993
0.0078740157480314,2846.8144897596567,-2.6953191296095733
0.0078740157480314,2828.42462213928,-2.6206676198279877
0.0078740157480314,2831.2564191782867,-2.63757862299643
0.0078740157480314,2834.088435578882,-2.6381731633269014
0.0078740157480314,2834.0884774797823,-2.692422863566405
0.0078740157480314,2801.556515594546,-2.6318054809315736
0.0078740157480314,2802.2644727940906,-2.6340274288311827
0.0078740157480314,2802.972429993635,-2.636249376730791
0.0078740157480314,2818.530371874782,-2.6215797055727506
0.0083661417322834,2830.5487090278493,-2.657787064328037
0.0078740157480314,2846.8202730888993,4.000182978571143
0.0083661417322834,2834.7967156222394,-2.6793096261621576
0.0078740157480314,2844.690350267279,-2.623488312308211
0.0078740157480314,2831.964495713104,-2.658243249922682
0.0078740157480314,2843.2746936167514,-2.5916473107978764
0.0083661417322834,2843.274859698281,-2.6738021238105754
0.0078740157480314,2833.380343267472,-2.6611113489474314
0.0078740157480314,2834.088349196361,-2.645661618376778
0.0078740157480314,2834.7960489638085,-2.581818030502533
0.0078740157480314,2834.089808719447,-0.8544713571892459
0.0078740157480314,2831.2565187118335,-2.630150024327058
0.0078740157480314,2830.5485613467204,-2.6521149727200397
0.0078740157480314,2831.9645970604665,-2.644577144211835
0.0078740157480314,2833.3892719134565,7.595717628476789
0.0078740157480314,2842.5668537108054,-2.610410641375365
0.0078740157480314,2834.0886386228008,-2.695275470747129
0.0078740157480314,2831.256506966392,-2.647553462562104
0.0083661417322834,2834.796103924962,-2.594826376614645
0.0078740157480314,2834.0880961515372,-2.6889412404592115
0.0078740157480314,2842.567114237373,-2.6834681059042396
0.0078740157480314,2844.699143696922,7.612166375224693
0.0078740157480314,2842.575257934428,7.620769905553184
0.0078740157480314,2845.3988582497027,-2.678817616842783
0.0078740157480314,2843.274816277689,-2.663263406100598
0.0078740157480314,2842.5683743240793,-1.4916380975268106
0.0078740157480314,2831.264999929531,7.624891232629521
0.0078740157480314,2832.672974989937,-2.6903036397703173
0.0078740157480314,2848.2305915357338,-2.647158454031709
0.0078740157480314,2829.1326287539537,-2.633617656664878
0.0078740157480314,2842.5669191235215,-2.645033638249532
0.0078740157480314,2834.088384302941,-2.661808802071006
0.0078740157480314,2848.230707383387,-2.6797859547451615
0.0083661417322834,2830.548745831617,-2.6573354457016833
0.0078740157480314,2834.7968376355234,-2.055048868861748
0.0078740157480314,2828.4246793628167,-2.647933433980129
0.0078740157480314,2818.538884434681,7.6195000232380865
0.0078740157480314,2831.256503268275,-2.640058142642877
0.0078740157480314,2830.5485523031775,-2.6539990116094008
0.0078740157480314,2818.5382157215604,7.029405926124775
0.0078740157480314,2833.389267742959,7.6024482044168185
0.0078740157480314,2831.2644274611407,7.024078781228559
0.0078740157480314,2843.2747227400428,-2.593623392435377
0.0078740157480314,2832.6721399339162,-2.6473149170217427
0.0083661417322834,2831.964515226696,-2.648205847385217
0.0078740157480314,2832.6724722730237,-2.6738011235608785
0.0083661417322834,2829.8406279686656,-2.6620644346196016
0.0078740157480314,2833.381065603997,-2.6928168037373523
0.0078740157480314,2829.8407162883627,-2.6435281839496167
0.0078740157480314,2846.817022742934,0.33330735578062165
0.0078740157480314,2843.982640928607,-2.6428294978773277
0.0078740157480314,2842.5668781376858,-2.6639586777452386
0.0078740157480314,2842.566930867375,-2.674806368549068
0.0078740157480314,2843.27445369768,-2.628648705406371
0.0083661417322834,2845.3988024459322,-2.665421064540566
0.0083661417322834,2845.4028705809833,2.469653672586629
0.0083661417322834,2831.964459317315,-2.644432225936714
0.0083661417322834,2831.9644635040922,-2.6599615372938543
0.0078740157480314,2842.5666100677636,-2.6624203619562854
0.0078740157480314,2818.5383047259756,7.016570784295397
0.0078740157480314,2834.7961964690157,-2.588576124066227
0.0078740157480314,2831.256528805318,-2.653279494596721
0.0078740157480314,2831.256661699848,-2.6480812283468427
0.0078740157480314,2831.256528805318,-2.653279494596721
0.0078740157480314,2831.2565318759375,-2.649776502621379
0.0078740157480314,2833.380508471194,-2.6764552917982996
0.0078740157480314,2834.088338931818,-2.642674969167941
0.0078740157480314,2832.672511763908,-2.7014369946829646
0.0078740157480314,2842.5669279862414,-2.6469232589583
0.0083661417322834,2848.231879929709,-1.5518437179727438
0.0078740157480314,2842.575255712025,7.613716692622169
0.0078740157480314,2828.424799821451,-2.626123612164651
0.0078740157480314,2843.2742653571454,-2.655982271302712
0.0078740157480314,2834.7962270445173,-2.681999038958617
0.0078740157480314,2820.6625557733323,7.001754950131429
0.0078740157480314,2845.407512235934,7.583928805057019
0.0078740157480314,2843.2747352533033,-2.6600527365001136
0.0078740157480314,2834.805000813757,7.597403710505451
0.0078740157480314,2833.380798791122,-2.685749633057007
0.0083661417322834,2830.548442193349,-2.6458766457458074
0.0078740157480314,2842.5669328285653,-2.6896280149102805
0.0083661417322834,2831.2562725750813,-2.6500052553290523
0.0083661417322834,2818.5302835847383,-2.639014278045735
0.0078740157480314,2831.9643667757755,-2.645797953321434
0.0078740157480314,2831.9644438632517,-2.6614199307454216
0.0078740157480314,2829.132651538129,-2.646941137868263
0.0078740157480314,2834.088223650021,-2.686561008461863
0.0078740157480314,2820.6629190026056,7.597442979454508
0.0078740157480314,2834.088376083668,-2.6543549409124
0.0078740157480314,2834.7960664786674,-2.6447036790335785
0.0078740157480314,2844.6992937843647,7.609806397064919
0.0078740157480314,2831.2564308925444,-2.639913157013727
0.0078740157480314,2829.848260345202,6.40976711959902
0.0078740157480314,2843.2759975029912,-0.80024724948795
0.0083661417322834,2831.2565614747173,-2.6705203331515692
0.0083661417322834,2830.5487366581465,-2.6629523291382906
0.0078740157480314,2832.6729590304462,-2.6951064668972173
0.0078740157480314,2829.1358516093683,0.9892254129001926
0.0078740157480314,2842.5669760330047,-2.698270483503788
0.0078740157480314,2842.567109786925,-2.6950130091453506
0.0078740157480314,2833.380519440895,-2.7036252202366553
0.0083661417322834,2830.5485752424747,-2.661455987737142
0.0078740157480314,2834.0878037654566,-2.594833075951538
0.0078740157480314,2831.256413765242,-2.6477975450253752
0.0078740157480314,2842.568808089225,-0.23090366491596975
0.0078740157480314,2834.796412670493,-2.6672819948186905
0.0078740157480314,2843.275146966227,-2.0400134651227435
0.0078740157480314,2834.0884980292126,-2.688963968036929
0.0078740157480314,2832.6724251446976,-2.6626921201936034
0.0078740157480314,2829.8403644056584,-2.6261638784546655
0.0083661417322834,2830.548492001935,-2.650724885192534
0.0078740157480314,2833.3807118833406,-2.69210833575257
0.0078740157480314,2834.0885354085817,-2.7050202294479213
0.0083661417322834,2829.840645037603,-2.6385848367958884
0.0078740157480314,2829.1328031060325,-2.6467152427210974
0.0083661417322834,2829.1327967036364,-2.622771891618414
0.0083661417322834,2829.132790532407,-2.6353636430348635
0.0083661417322834,2834.7966958541665,-2.623510561326126
0.0083661417322834,2830.5487366581465,-2.6629523291382906
0.0078740157480314,2829.1327846512927,-2.633510824874513
0.0083661417322834,2830.548727109785,-2.6394905134705526
0.0078740157480314,2833.3891626243776,7.590211432272831
0.0078740157480314,2834.7962067483595,-2.689920717271481
0.0078740157480314,2830.548642906718,-2.6398259961121333
0.0083661417322834,2834.0910725299923,0.7617753022435114
0.0078740157480314,2847.522844146689,-2.693064030345454
0.0083661417322834,2829.132637696961,-2.627214353306717
0.0078740157480314,2834.7963059783165,-2.640630791679827
0.0078740157480314,2828.4302091216528,4.00745337450248
0.0083661417322834,2834.088200332253,-2.664612201829167
0.0083661417322834,2828.4248067795943,-2.620720967291661
0.0078740157480314,2832.6729777602195,-2.6847591687181596
0.0078740157480314,2845.407048332613,7.602496986088373
0.0083661417322834,2829.840619445331,-2.6609111725420984
0.0078740157480314,2831.964173344061,-2.6472808921389634
0.0078740157480314,2846.1154554692725,7.595060883901701
0.0083661417322834,2834.796113318306,-2.6111891920251633
0.0078740157480314,2819.2469561662124,7.606702703200399
0.0078740157480314,2843.2751796185375,-2.649893626577487
0.0078740157480314,2833.3802538020477,-2.6730741000980007
0.0078740157480314,2842.5669960994655,-2.694375470081475
0.0078740157480314,2831.2565521460374,-2.6441310813252583
0.0083661417322834,2834.088543947377,-2.697571748576247
0.0078740157480314,2834.088534792685,-2.710323729092445
0.0078740157480314,2844.6977425298487,5.807354425040308
0.0078740157480314,2834.0889443218593,-2.698405419269063
0.0078740157480314,2834.7960678927743,-2.5933786206369986
0.0078740157480314,2842.56699409876,-2.669243012308678
0.0078740157480314,2834.7960398923115,-2.6376702908694227
0.0078740157480314,2831.964487506656,-2.6406269971902496
0.0078740157480314,2818.530421683368,-2.626427945019477
0.0078740157480314,2829.8416780970015,-1.4409780356278945
0.0078740157480314,2844.690872810945,-2.7039740568435655
0.0078740157480314,2834.796477684438,-2.7084047828239735
0.0078740157480314,2833.3802640960894,-2.6834349383865015
0.0078740157480314,2830.5485390371114,-2.638135511977146
0.0078740157480314,2834.08821645267,-2.67887652773558
0.0078740157480314,2842.567109786925,-2.6950130091453506
0.0078740157480314,2816.415035014336,7.626482892300439
0.0078740157480314,2846.106960741685,-2.703281104758121
0.0078740157480314,2834.08835910529,-2.647292840889075
0.0078740157480314,2848.230429640077,-2.6438135212157725
0.0078740157480314,2819.2470000629824,7.602932526027812
0.0078740157480314,2832.672492683532,-2.6507285567341228
0.0078740157480314,2820.66255035056,7.0023586292081905
0.0078740157480314,2844.6936396662004,0.9842972001714196
0.0078740157480314,2830.5571674476305,7.624906975491671
0.0078740157480314,2829.8424032251064,-0.22203283223374617
0.0078740157480314,2844.6939304501147,0.9635822858725495
0.0078740157480314,2834.804778597565,7.60902174509431
0.0078740157480314,2847.522448191447,-2.6433162566274264
0.0078740157480314,2834.8050347453964,7.592070172014484
0.0083661417322834,2830.54856323753,-2.6604548665358116
0.0078740157480314,2847.5226592957724,-2.651744087043383
0.0078740157480314,2829.132728692871,-2.6288410418774792
0.0078740157480314,2845.3989295421998,-2.707402619429795
0.0078740157480314,2834.796244005286,-2.6506383733084475
0.0078740157480314,2845.4017292886942,0.966646221866581
0.0078740157480314,2817.828518295058,4.602423901545679
0.0078740157480314,2829.840226600076,-2.6409861425288605
0.0078740157480314,2829.8403358976666,-2.644189469065533
0.0078740157480314,2843.2747122744636,-2.648092043561847
0.0078740157480314,2843.2743613619227,-2.621459829994268
0.0078740157480314,2831.964648185212,-2.6676298223825223
0.0078740157480314,2819.9550540267915,7.609509548753347
0.0078740157480314,2818.5385412565615,6.999016524666378
0.0078740157480314,2834.097074093205,7.591672040623959
0.0078740157480314,2842.5667758298155,-2.5830130306616765
0.0078740157480314,2832.6721524747554,-2.654634848709428
0.0078740157480314,2834.7963158929188,-2.6589957434581954
0.0083661417322834,2848.2317665787136,-0.9668554163613768
0.0078740157480314,2830.548683056773,-2.6503413770237607
0.0078740157480314,2831.9644770198365,-2.6618210684738686
0.0078740157480314,2820.6541304411903,-2.6369792553005644
0.0078740157480314,2834.796383130459,-2.6926038233030205
0.0078740157480314,2829.8405925319257,-2.652460805096355
0.0078740157480314,2831.964612879323,-2.6433911639434546
0.0078740157480314,2834.0887536603746,-2.655727975597069
0.0078740157480314,2843.9826746921503,-2.6376553555857134
0.0078740157480314,2843.2746652831274,-2.6315752831909434
0.0078740157480314,2820.663018609244,7.596428582146036
0.0078740157480314,2820.654228857364,-2.670831150606864
0.0078740157480314,2817.8224417353863,-2.625515569953904
0.0078740157480314,2844.690593267374,-2.6413183626885886
0.0078740157480314,2818.53916300814,7.617537815971141
0.0078740157480314,2831.964469896765,-2.656213087869607
0.0083661417322834,2842.566753459357,-2.6426406736929917
0.0078740157480314,2833.380507722881,-2.6972440614377216
0.0083661417322834,2834.088169767254,-2.665922659744533
0.0078740157480314,2820.6578932064504,1.58112881767228
0.0078740157480314,2848.2307774306614,-2.6384169845159184
0.0078740157480314,2828.433104568786,7.6219212558085
0.0078740157480314,2834.7962696232607,-2.611915610308556
0.0078740157480314,2818.5387361685175,7.623846936110348
0.0083661417322834,2834.7962993925953,-2.6230061718096223
0.0078740157480314,2834.088614457939,-2.6967944676220874
0.0078740157480314,2832.6722248981523,-2.6486847257612554
0.0078740157480314,2845.4006660344016,-0.26291422428633016
0.0078740157480314,2846.8171368063936,0.34242283910235405
0.0078740157480314,2843.982848935824,-2.690157633542048
0.0078740157480314,2842.5668311575705,-2.653907616482963
0.0083661417322834,2843.2746673559955,-2.6232134972686225
0.0078740157480314,2834.088614457939,-2.6967944676220874
0.0078740157480314,2848.230774744311,-2.700946386649705
0.0078740157480314,2831.967263568467,0.3466610907167461
0.0078740157480314,2820.662134871883,7.006577482491825
0.0078740157480314,2830.549083506372,-2.638486084937168
0.0073818897637795,2848.2319960096042,-1.3734410883340722
0.0073818897637795,2829.8493868025644,7.649352738740154
0.0073818897637795,2833.3891683217726,7.64171313180287
0.0073818897637795,2842.567100829321,-2.690668385855573
0.0073818897637795,2842.5671182845877,-2.684423340687542
0.0073818897637795,2842.5670683666476,-2.6710542767339773
0.0073818897637795,2842.566982180085,-2.6996563938315647
0.0073818897637795,2843.982871940577,-2.6907714779706615
0.0073818897637795,2843.2832661524385,7.648947583170564
0.0073818897637795,2834.088514180603,-2.6486093263841877
0.0073818897637795,2832.6813514761907,7.6374021302403765
0.0078740157480314,2834.7964260021326,-2.6770336596098416
0.0073818897637795,2834.79659986956,-2.6984526534300404
0.0073818897637795,2856.7132404408385,2.5098224787331285
0.0073818897637795,2833.380570031207,-2.6929619787126704
0.0073818897637795,2834.7964394922897,-2.694448763935177
0.0073818897637795,2845.404410365534,4.429378992697306
0.0073818897637795,2819.9543456295,7.01097340830077
0.0073818897637795,2819.9463922672953,-2.6542839331057517
0.0073818897637795,2828.4248504266016,-2.6487216134308933
0.0073818897637795,2830.5485756501503,-2.64085581620461
0.0073818897637795,2834.088417913529,-2.668208970318855
0.0073818897637795,2834.0884161545328,-2.6925053418978555
0.0073818897637795,2834.0889198179116,-2.035054412977591
0.0073818897637795,2834.8048209856606,7.64770318191795
0.0073818897637795,2832.673787056805,-1.386196688243166
0.0073818897637795,2847.5242191386997,-0.7325806933201678
0.0073818897637795,2833.3872990723867,5.075768853839514
0.0073818897637795,2817.1228712292636,7.668634414865317
0.0073818897637795,2818.537433861819,5.714610188669649
0.0073818897637795,2843.2742142920283,-2.5860366360138984
0.0073818897637795,2842.5668967571632,-2.6737896555352814
0.0078740157480314,2842.566665948513,-2.656929482563726
0.0073818897637795,2831.9645101989954,-2.6472895387990327
0.0073818897637795,2831.9732644527353,7.6379288038654485
0.0073818897637795,2843.2749279175623,-2.6581034985984635
0.0073818897637795,2830.54872818288,-2.637499586886145
0.0073818897637795,2832.67260574904,-2.7019051136336847
0.0073818897637795,2842.5668655783816,-2.6625111229815137
0.0073818897637795,2830.548711535844,-2.6382808945904044
0.0073818897637795,2843.27484981095,-2.669462995096782
0.0073818897637795,2829.840362237832,-2.6382746307567464
0.0073818897637795,2816.415308199138,7.657496696133581
0.0073818897637795,2833.3822038313465,-0.7261494530956536
0.0073818897637795,2818.5370861193874,5.05870955136711
0.0073818897637795,2834.097100533222,7.638758523191132
0.0073818897637795,2834.0886434782456,-2.6907669680666606
0.0073818897637795,2848.2306554453407,-2.660228873906991
0.0073818897637795,2834.0884124498043,-2.661568102995765
0.0073818897637795,2846.107630077709,-1.3609974290152158
0.0073818897637795,2828.4247279382093,-2.6625191373830925
0.0078740157480314,2847.523214336338,-2.0606121794153047
0.0073818897637795,2829.1326728974464,-2.6452726280981995
0.0073818897637795,2829.1328040401722,-2.639665121994044
0.0073818897637795,2829.840585260085,-2.6640466453497083
0.0078740157480314,2834.090828934349,-0.24687020147530075
0.0073818897637795,2833.3804156469864,-2.6844513427709606
0.0073818897637795,2845.3987002017407,-2.649417113653913
0.0073818897637795,2819.246661405206,6.99294984047945
0.0073818897637795,2829.139323235284,5.0528811388434445
0.0073818897637795,2833.3803149626106,-2.696848102887782
0.0073818897637795,2831.964595864466,-2.684653423900844
0.0073818897637795,2819.9546186047505,6.990727892579842
0.0073818897637795,2832.6747840855187,-0.11228781248536475
0.0073818897637795,2831.2563487572647,-2.6666380800232012
0.0073818897637795,2842.5753366541117,7.655728456496844
0.0073818897637795,2829.8406149696025,-2.6511425792593344
0.0073818897637795,2834.7959851312075,-2.7022249561516727
0.0073818897637795,2832.6725925789883,-2.702809726989445
0.0073818897637795,2831.256572105065,-2.6492928309742814
0.0073818897637795,2830.548350868564,-2.632595803726896
0.0073818897637795,2834.088481189711,-2.7084102151712095
0.0073818897637795,2831.964530134822,-2.66936916031572
0.0073818897637795,2828.432677140589,7.005542081210629
0.0073818897637795,2843.2749707486155,-2.6637565879999805
0.0073818897637795,2834.7965116804085,-2.7064954743110814
0.0073818897637795,2834.8048281843176,7.645535470713737
0.0073818897637795,2834.088527857514,-2.697012162558172
0.0073818897637795,2834.7966125510648,-2.70411883185987
0.0073818897637795,2818.530073554153,-2.633332406602359
0.0073818897637795,2830.548583142347,-2.6575478904179137
0.0073818897637795,2830.5486243527644,-2.652547845231461
0.0073818897637795,2844.690532656924,-2.6142689266289163
0.0073818897637795,2829.840578589799,-2.644491394959724
0.0073818897637795,2844.6907895265326,-2.6496881711398217
0.0073818897637795,2846.1150957214027,7.644942685336834
0.0078740157480314,2843.9828222943784,-2.6919239752922253
0.0073818897637795,2846.115557449261,7.626203300758635
0.0073818897637795,2834.088554480864,-2.7042735264114732
0.0073818897637795,2815.707380651448,7.655200093664369
0.0073818897637795,2817.822378732781,-2.641819817726187
0.0073818897637795,2846.1151472615466,7.645778060207406
0.0073818897637795,2828.4247088227075,-2.6403471093363713
0.0073818897637795,2828.4326943130927,7.011415070699686
0.0073818897637795,2842.5665702433016,-2.657660697586675
0.0073818897637795,2833.380561842982,-2.6979519687128395
0.0073818897637795,2832.681241018855,7.631651641996605
0.0073818897637795,2817.830869799118,7.663659108410529
0.0073818897637795,2831.2566209146676,-2.6802481687896433
0.0073818897637795,2819.2470443552734,7.643884016035448
0.0073818897637795,2834.796432110614,-2.688607859988696
0.0073818897637795,2834.795810578861,-2.5825276807972064
0.0073818897637795,2848.2307851656583,-2.704856709489718
0.0073818897637795,2834.0888587627064,-2.0201060217777864
0.0073818897637795,2856.7090944946076,-2.7008405842583376
0.0073818897637795,2834.7964594060445,-2.6969840794954054
0.0078740157480314,2844.69072626112,-2.6802220699661765
0.0073818897637795,2834.7964025035526,-2.644735603209001
0.0073818897637795,2842.5667363565035,-2.5862308007180665
0.0073818897637795,2833.3806089811565,-2.678799799588168
0.0073818897637795,2843.2832579295373,7.6598589173631195
0.0073818897637795,2831.9723550224944,7.011861318650351
0.0073818897637795,2834.0968302651363,7.6565039981393666
0.0073818897637795,2829.8407150459398,-2.6388803391349454
0.0078740157480314,2847.5226227941444,-2.683002728805357
0.0073818897637795,2834.7981413337147,-0.7488784966980057
0.0073818897637795,2834.088098079242,-2.63398319428737
0.0073818897637795,2829.840619907094,-2.644201513651394
0.0073818897637795,2833.380823120844,-2.037399446630673
0.0073818897637795,2832.6724159031396,-2.6589014984240533
0.0073818897637795,2834.7984170679492,-0.7603194851824568
0.0073818897637795,2829.8407829031016,-2.6621626199987163
0.0073818897637795,2820.6543200307337,-2.6639914578309143
0.0073818897637795,2820.654243096636,-2.6737132016456173
0.0073818897637795,2845.3986435556817,-2.671719598399795
0.0073818897637795,2831.2566762089546,-2.6453384182223614
0.0073818897637795,2832.672708922425,-2.6859933831895377
0.0073818897637795,2834.088432762019,-2.6912533338794513
0.0073818897637795,2829.1326016101175,-2.642264065316994
0.0073818897637795,2819.9462484321457,-2.665570954773306
0.0073818897637795,2829.1327904605787,-2.6532372168882685
0.0073818897637795,2832.6725058660863,-2.6721493653058666
0.0073818897637795,2831.9647250995304,-2.6765100714366286
0.0073818897637795,2842.56708148082,-2.6848749593138956
0.0073818897637795,2830.5483312772476,-2.6526206893061186
0.0073818897637795,2842.566797191053,-2.679209585899697
0.0073818897637795,2831.9644404836727,-2.658243082911511
0.0073818897637795,2834.088233644945,-2.6865931881295584
0.0073818897637795,2842.5668972726794,-2.687499340800598
0.0073818897637795,2831.9645743470146,-2.6502958762411746
0.0073818897637795,2834.796418905267,-2.6519801463938437
0.0073818897637795,2843.275020901785,-2.6937082727382844
0.0073818897637795,2843.276918310914,-0.7294047893836773
0.0073818897637795,2834.0888564411725,-2.6874230804591623
0.0073818897637795,2846.81477413622,-2.6699780167364713
0.0073818897637795,2843.2832214507443,7.652521691720027
0.0073818897637795,2833.3802394283966,-2.6796170462191045
0.0073818897637795,2843.9841159509324,-0.7270122295617848
0.0073818897637795,2830.549100207763,-2.645144904464103
0.0073818897637795,2844.6908330506894,-2.660070643473281
0.0073818897637795,2832.672686225387,-2.6771187694365004
0.0073818897637795,2832.673061126566,-2.67093272171981
0.0073818897637795,2842.567719801566,-1.3698437067984635
0.0073818897637795,2833.3888957954377,7.648948873269917
0.0073818897637795,2830.548613483212,-2.6675329179560707
0.0073818897637795,2831.256574092687,-2.6663356884749967
0.0073818897637795,2833.3804401461243,-2.6561357787568154
0.0073818897637795,2843.2748724277935,-2.672801270703479
0.0073818897637795,2842.5670086728514,-2.6751037901708976
0.0073818897637795,2834.796461510996,-2.6963533238190838
0.0073818897637795,2828.425131463656,-2.65839652317502
0.0073818897637795,2843.2748453646373,-2.6740412816510712
0.0073818897637795,2843.2748570243098,-2.6793550884025947
0.0073818897637795,2828.4327976848604,7.014557370727437
0.0073818897637795,2843.274418014223,-2.61066479951675
0.0073818897637795,2834.0943700648277,4.435045836565189
0.0073818897637795,2842.566991010366,-2.6550143828192767
0.0073818897637795,2832.6725929143126,-2.679245606406271
0.0073818897637795,2845.3984649162735,-2.6111377882752564
0.0073818897637795,2843.9827103554635,-2.663658232278415
0.0073818897637795,2846.106773011811,-2.6620158064247708
0.0073818897637795,2829.8406344928294,-2.6331430873611685
0.0073818897637795,2829.132778903854,-2.6260211517601597
0.0073818897637795,2831.256534799922,-2.6350766687338387
0.0073818897637795,2819.955107425029,7.654104933665755
0.0073818897637795,2845.39870165688,-2.6336241385985826
0.0073818897637795,2846.817640361201,0.5729488742587333
0.0073818897637795,2844.690769596715,-2.647356382700945
0.0073818897637795,2844.6905459749964,-2.6169710975776903
0.0073818897637795,2844.6929956786626,-0.07504352915571771
0.0073818897637795,2843.9830206599963,-2.64241415743822
0.0073818897637795,2844.692332011553,-0.6964914366147726
0.0073818897637795,2847.5223187112542,-2.65496272987891
0.0073818897637795,2846.1068504405443,-2.621291514007726
0.0078740157480314,2846.814456660381,-2.6844919229946678
0.0073818897637795,2845.403152021865,2.4854554207919537
0.0078740157480314,2842.5668939432235,-2.673873339281451
0.0073818897637795,2842.566700443554,-2.650725608318478
0.0073818897637795,2842.5668701455124,-2.662090116367565
0.0073818897637795,2832.6724135929335,-2.662480626355895
0.0073818897637795,2830.5486891134356,-2.652136951393546
0.0073818897637795,2843.283497737376,7.640491235536425
0.0073818897637795,2847.52506492765,0.5524833064880232
0.0073818897637795,2819.2382362555677,-2.6395097042987032
0.0073818897637795,2843.283612181869,7.638377339626867
0.0073818897637795,2829.840681995951,-2.636545939540372
0.0073818897637795,2818.530291603398,-2.640594701857154
0.0073818897637795,2842.5700646075356,1.191858126310295
0.0078740157480314,2834.08852725914,-2.7071631803066745
0.0078740157480314,2834.088461847585,-2.670239510611828
0.0073818897637795,2843.2746969376894,-2.622723358968559
0.0073818897637795,2831.265016143327,7.655754791597292
0.0073818897637795,2818.538289907102,7.003504117265117
0.0073818897637795,2831.9646727708573,-2.673038741780543
0.0073818897637795,2847.5225365716447,-2.667194975115193
0.0073818897637795,2834.796435744045,-2.6893835219620668
0.0073818897637795,2830.5485940379135,-2.636132225010458
0.0073818897637795,2834.0886396677743,-2.68925583755059
0.0073818897637795,2815.7073646443887,7.667474819717292
0.0073818897637795,2831.964551636351,-2.6812875879878577
0.0078740157480314,2843.2751639019766,-2.660661275240406
0.0073818897637795,2833.380691876575,-2.6962696985246857
0.0073818897637795,2829.8406395159677,-2.6411008605540225
0.0073818897637795,2831.964522744794,-2.644717014977756
0.0073818897637795,2842.5712024666263,2.489341048415419
0.0073818897637795,2831.964163918015,-2.639367692380001
0.0073818897637795,2843.9837825647314,-1.3541777172902594
0.0073818897637795,2834.796536442442,-2.691642908203093
0.0073818897637795,2845.40708921281,7.649102622197179
0.0073818897637795,2834.796103910861,-2.6834116912115484
0.0073818897637795,2846.115376857906,7.631242785542643
0.0073818897637795,2847.523235073407,-2.6858773513097685
0.0073818897637795,2847.5264180637873,1.844636020814944
0.0073818897637795,2843.9872379060816,2.5000520254571246
0.0073818897637795,2843.283255584821,7.661429520642068
0.0073818897637795,2843.991201274931,7.657962203467591
0.0078740157480314,2832.6726794293168,-2.657835844387019
0.0073818897637795,2842.575697675244,7.6534820031815425
0.0073818897637795,2817.822217093078,-2.6095993571243534
0.0073818897637795,2848.232699722686,-0.0767424961349328
0.0073818897637795,2834.0905257167524,-0.7618284448780988
0.0073818897637795,2830.548711535844,-2.6382808945904044
0.0073818897637795,2842.5668791336416,-2.679785680762712
0.0073818897637795,2834.088466505099,-2.6949489156312687
0.0073818897637795,2834.796426906162,-2.690343298860945
0.0073818897637795,2832.672457682512,-2.6670725578465073
0.0073818897637795,2834.0885038840293,-2.6839089594849272
0.0073818897637795,2842.569085154099,-0.7354826153098935
0.0073818897637795,2829.8407589740395,-2.6560728157747
0.0073818897637795,2820.6542269784477,-2.67030340495756
0.0073818897637795,2820.654236175133,-2.6728974225201196
0.0073818897637795,2831.973384683376,7.646958333156776
0.0073818897637795,2832.6726760341326,-2.6634458479337733
0.0073818897637795,2820.662553055858,6.987196371846197
0.0073818897637795,2829.1326286702665,-2.6484218775977557
0.0073818897637795,2818.5303211488167,-2.6474916759065925
0.0073818897637795,2828.4245460432735,-2.6256482626784505
0.0073818897637795,2828.4263687132852,-0.7177665708359664
0.0073818897637795,2833.3805588919176,-2.7103665888101744
0.0073818897637795,2830.548613739725,-2.673318930352514
0.0073818897637795,2831.9646014071636,-2.6564536885219363
0.0073818897637795,2843.2746140757126,-2.6126816571044102
0.0073818897637795,2832.672590037895,-2.650774861492086
0.0073818897637795,2829.1352674543095,-0.08826495924574992
0.0073818897637795,2831.2564935810547,-2.648842955447748
0.0068897637795275,2829.84105035838,-2.665677550121386
0.0068897637795275,2830.5486012914225,-2.6696162991216847
0.0073818897637795,2829.1326705519073,-2.644505438348518
0.0068897637795275,2829.1331169746436,-2.6723519033915797
0.0068897637795275,2831.2565970882815,-2.6810938752649487
0.0068897637795275,2820.662426124986,6.996823941043105
0.0068897637795275,2856.71777248744,7.687983762794378
0.0068897637795275,2830.5489464961647,-2.6360614747022204
0.0068897637795275,2847.5313532661626,7.678917518220492
0.0068897637795275,2817.830603897191,7.004889697806998
0.0068897637795275,2846.109987410483,1.4810020791147214
0.0073818897637795,2820.6543211403055,-2.6385600807223106
0.0068897637795275,2831.9645033739876,-2.66020601183062
0.0068897637795275,2834.088262343323,-2.6948168218577893
0.0068897637795275,2831.2565459866287,-2.6427827494968446
0.0068897637795275,2842.5671229109826,-2.6855153015585937
0.0068897637795275,2817.122909877486,7.710791911810213
0.0068897637795275,2832.6812384416035,7.681781299300885
0.0068897637795275,2831.9647117777836,-2.657325675025978
0.0068897637795275,2818.5390841618505,7.696197422585452
0.0068897637795275,2842.575598198796,7.678418758567131
0.0068897637795275,2831.9645084751996,-2.6556602355303047
0.0068897637795275,2831.2566711206214,-2.692482416386592
0.0068897637795275,2843.274731078476,-2.6019589801393574
0.0068897637795275,2819.9462869926024,-2.6325101582015598
0.0068897637795275,2829.8406162730257,-2.6492385190130547
0.0068897637795275,2831.256304484038,-2.655699388454679
0.0068897637795275,2819.2467856468984,7.709012708995698
0.0068897637795275,2846.111154488267,2.856119591719425
0.0068897637795275,2831.9642700499235,-2.6543796330581215
0.0068897637795275,2834.7964460280327,-2.6471085513142176
0.0068897637795275,2819.238432921424,-2.6514591112970707
0.0068897637795275,2834.796222073332,-2.691802410297073
0.0068897637795275,2843.274802033162,-2.6650924021366698
0.0068897637795275,2829.1323734193193,-2.6166345167182175
0.0068897637795275,2819.247051826125,7.686516554317823
0.0068897637795275,2830.548713295495,-2.6412357842845884
0.0068897637795275,2830.548591561452,-2.664429579425447
0.0068897637795275,2834.7962103693976,-2.7026556531940047
0.0068897637795275,2829.8406709803085,-2.6674381193309595
0.0068897637795275,2832.6725932931954,-2.6933509885590725
0.0068897637795275,2843.27459377189,-2.62679467452215
0.0068897637795275,2843.9822090486246,-2.5847280993605612
0.0068897637795275,2842.566983077658,-2.694236682939083
0.0068897637795275,2842.5670777391483,-2.6785166363329598
0.0068897637795275,2829.8407706767252,-2.6567259116647466
0.0068897637795275,2834.7965878489185,-2.7003259220053515
0.0068897637795275,2844.6917928808207,-1.2215933941645363
0.0068897637795275,2834.7964683125197,-2.703499588031651
0.0073818897637795,2847.5294084638867,5.70850673795449
0.0073818897637795,2833.3803455530806,-2.665061793550558
0.0068897637795275,2831.9643732011664,-2.6828748150567083
0.0068897637795275,2802.264137744699,-2.644869361712234
0.0068897637795275,2829.8406413212515,-2.66635127301689
0.0073818897637795,2842.5666713239943,-2.6752287658723954
0.0068897637795275,2847.5246339590285,0.10570426315905931
0.0073818897637795,2845.4015342336897,0.5415560658443399
0.0068897637795275,2831.9646384139055,-2.68784050904443
0.0068897637795275,2843.274898365058,-2.6550059051355976
0.0068897637795275,2834.0971200371723,7.673246203688895
0.0068897637795275,2846.106477332041,-2.609338371575293
0.0068897637795275,2845.4071447227598,7.687118762667516
0.0068897637795275,2831.9642097881806,-2.651615273347899
0.0068897637795275,2834.7962622875793,-2.647231450926385
0.0068897637795275,2829.141870156956,7.691646276380505
0.0068897637795275,2848.9470045808253,7.683848163367365
0.0068897637795275,2831.9646516426924,-2.646104610194887
0.0068897637795275,2843.2834366134625,7.709344295167684
0.0068897637795275,2834.088519421531,-2.6916640696465857
0.0068897637795275,2828.4248123155335,-2.621781251579493
0.0073818897637795,2830.548595823121,-2.6510565439989824
0.0068897637795275,2846.107132689613,-2.654163494843535
0.0068897637795275,2831.964357866256,-2.667651973063873
0.0068897637795275,2846.8163184819045,-0.590149699700479
0.0068897637795275,2843.2742658178204,-2.6387077012882925
0.0068897637795275,2831.2565887822025,-2.6389135512023048
0.0068897637795275,2842.566773437758,-2.661703812600743
0.0068897637795275,2844.6903986391185,-2.6483971785619587
0.0068897637795275,2842.5668956067875,-2.675360398792553
0.0068897637795275,2831.9644959664533,-2.665798979040767
0.0068897637795275,2842.56694624169,-2.679131510129642
0.0068897637795275,2834.7964833614487,-2.707793460508407
0.0068897637795275,2831.964290905382,-2.654241851748861
0.0068897637795275,2843.283328495985,7.696511435455311
0.0068897637795275,2834.08854361717,-2.699326467440768
0.0068897637795275,2843.983019854805,-2.696204242525842
0.0068897637795275,2833.380560378098,-2.6900637083799426
0.0068897637795275,2833.3806366138615,-2.680776853396693
0.0068897637795275,2845.4009860467636,0.10221482626329702
0.0068897637795275,2818.530426423377,-2.622908583309553
0.0073818897637795,2846.818479562629,1.8847164494963322
0.0068897637795275,2819.246523719052,6.999842122931019
0.0068897637795275,2833.388935001021,7.709750781568432
0.0068897637795275,2814.28238154645,-2.6477243006534428
0.0068897637795275,2831.9645521077205,-2.669696646047758
0.0068897637795275,2834.089213418563,-1.992565064934323
0.0068897637795275,2831.2564779352765,-2.666484930109615
0.0068897637795275,2831.256546174443,-2.657984063931012
0.0068897637795275,2834.7966041726413,-2.699910934657842
0.0068897637795275,2843.982526165485,-2.659314847589252
0.0068897637795275,2831.256546174443,-2.657984063931012
0.0068897637795275,2843.27494003805,-2.6945549531138617
0.0068897637795275,2834.796487661021,-2.709293014573328
0.0073818897637795,2848.2305947023283,-1.9605417941994043
0.0068897637795275,2843.274768232488,-2.664642750332995
0.0068897637795275,2832.6724683676257,-2.6748298247610465
0.0068897637795275,2832.6724624832386,-2.6750324144575104
0.0068897637795275,2842.567128113036,-2.646655928786475
0.0068897637795275,2834.7962385655696,-2.684388542280509
0.0073818897637795,2834.0903615804427,-0.10562434786639514
0.0068897637795275,2845.4006735350467,0.11649722257656783
0.0068897637795275,2842.5666216024697,-2.673174248990744
0.0068897637795275,2831.964892998318,-1.9857823616501522
0.0068897637795275,2815.707422669818,7.700302611906787
0.0068897637795275,2829.1326947925163,-2.640746301237291
0.0073818897637795,2833.380521794941,-2.6914953710903204
0.0073818897637795,2833.381716262493,-1.4026131883522688
0.0068897637795275,2831.25669254938,-2.666005383196311
0.0068897637795275,2845.398653877754,-2.6763297143368234
0.0068897637795275,2829.8408000942745,-2.6659090317229883
0.0068897637795275,2834.804894478792,7.685419513116061
0.0068897637795275,2834.796500665839,-2.714592872646408
0.0068897637795275,2842.5662286505326,-2.6761123629531918
0.0068897637795275,2834.091311632186,0.7862352041413972
0.0068897637795275,2843.991415365468,7.696593417070924
0.0068897637795275,2830.54865459947,-2.6691302254840132
0.0068897637795275,2842.5670088263087,-2.698114707922752
0.0068897637795275,2829.1323965298006,-2.6324162370378175
0.0068897637795275,2833.3803010228794,-2.687524017126619
0.0068897637795275,2842.5667219973734,-2.6842761096343004
0.0068897637795275,2842.566984706614,-2.7003176791581422
0.0068897637795275,2843.2746729653777,-2.6917090928955005
0.0068897637795275,2848.230442631973,-2.7069782050836246
0.0068897637795275,2834.796170906702,-2.684198622710671
0.0068897637795275,2834.0885346349473,-2.7015904629454877
0.0068897637795275,2828.4247375929717,-2.638524353337683
0.0068897637795275,2830.548722468965,-2.635618900847981
0.0068897637795275,2843.274652129341,-2.6696293501666535
0.0068897637795275,2831.9645827855143,-2.6406838804755592
0.0068897637795275,2831.9644579128767,-2.642000151700503
0.0068897637795275,2843.274447576544,-2.6275228645352664
0.0068897637795275,2843.274945897187,-2.691158634303024
0.0068897637795275,2843.2750626552606,-2.6939822946262337
0.0068897637795275,2845.3986467003947,-2.6261283432969846
0.0068897637795275,2834.0922413356257,2.1507629172627487
0.0068897637795275,2828.433250031036,7.709935594581358
0.0068897637795275,2843.982917310062,-2.674011951797168
0.0068897637795275,2842.567102453475,-2.6847854787467824
0.0068897637795275,2845.4075756074585,7.671965774723734
0.0068897637795275,2834.088544566207,-2.7047516455958345
0.0068897637795275,2817.8309038908274,7.706314709790421
0.0068897637795275,2834.088137958828,-2.6495679856029817
0.0068897637795275,2831.9660875745744,-0.6007611472030476
0.0068897637795275,2832.6725932931954,-2.6933509885590725
0.0068897637795275,2843.274631640289,-2.5737927331393538
0.0068897637795275,2833.3805045126755,-2.6940380086968183
0.0068897637795275,2833.381055721,-2.689793720811447
0.0068897637795275,2832.672325148313,-2.6680053418637337
0.0068897637795275,2847.522714614057,-2.6711576652237117
0.0073818897637795,2842.5697393932246,0.5600647797537447
0.0068897637795275,2843.2837023159304,7.695758894447591
0.0068897637795275,2833.380488480636,-2.678311439092593
0.0068897637795275,2831.964657947078,-2.6659054412924026
0.0068897637795275,2856.717736235134,7.6760334321444015
0.0068897637795275,2820.65469229724,-2.6426868599735367
0.0068897637795275,2819.2462290997814,7.008936093406863
0.0068897637795275,2834.7962990249835,-2.6768826911815693
0.0068897637795275,2819.2467801342177,7.704586564127694
0.0068897637795275,2834.0894932603965,-2.0079194521356487
0.0068897637795275,2831.2565833506383,-2.67596043362636
0.0068897637795275,2834.088382458284,-2.662093924054866
0.0068897637795275,2843.9827350459936,-2.660173199597997
0.0068897637795275,2830.548563217596,-2.65844757816751
0.0068897637795275,2842.5666309050844,-2.5829087349870714
0.0073818897637795,2833.3806733001456,-2.673527480629649
0.0068897637795275,2833.3809641619387,-2.703575495122198
0.0068897637795275,2819.946221132672,-2.6451993082567564
0.0073818897637795,2834.7964399929892,-2.7061071145168345
0.0073818897637795,2819.946354197142,-2.642947563729818
0.0068897637795275,2831.964244673472,-2.6315473691093274
0.0068897637795275,2834.7966122076027,-2.6999090000401766
0.0068897637795275,2819.247204506066,7.683752614095964
0.0068897637795275,2829.132671712093,-2.6446321064851093
0.0068897637795275,2843.2747046909094,-2.6406139921776832
0.0073818897637795,2831.964502842335,-2.667407236450926
0.0068897637795275,2828.424677975271,-2.641321946086514
0.0068897637795275,2831.2564398695486,-2.6569139386105127
0.0068897637795275,2834.097289200382,7.67448293413239
0.0068897637795275,2843.275886845118,-1.9671707443037536
0.0068897637795275,2845.3983996509714,-2.6076433994004806
0.0073818897637795,2828.4244148694565,-2.6313313761423585
0.0073818897637795,2819.2383969975976,-2.6407256158302097
0.0068897637795275,2834.088470268877,-2.6880211532754648
0.0068897637795275,2834.0885411237464,-2.6767378252413656
0.0073818897637795,2848.2306300339856,-2.7052661931527853
0.0068897637795275,2844.6914287948866,-2.7047931137105197
0.0068897637795275,2829.840644785974,-2.643537127375926
0.0068897637795275,2828.4302264963508,3.530833183852094
0.0068897637795275,2834.796603257954,-2.696877387684248
0.0068897637795275,2831.9646227486887,-2.6881496968321503
0.0068897637795275,2829.1415828712597,7.6862293080493025
0.0068897637795275,2829.8410995793324,-2.6732625035968414
0.0068897637795275,2843.982691607259,-2.651194041871009
0.0068897637795275,2843.2749380885616,-2.7035953257095233
0.0068897637795275,2828.4326989161764,7.01030406521378
0.0068897637795275,2832.681284205481,7.676998452278836
0.0068897637795275,2834.0883842233025,-2.6559753510725628
0.0068897637795275,2831.2566031833876,-2.6748762185131514
0.0068897637795275,2828.424679789573,-2.642082338382758
0.0068897637795275,2832.6726605769786,-2.6824600023733733
0.0068897637795275,2843.9823749390744,-2.626488413892785
0.0068897637795275,2832.672207452017,-2.65832656130878
0.0068897637795275,2834.088490237018,-2.7040399295263207
0.0068897637795275,2834.796198439189,-2.5858989449895007
0.0068897637795275,2818.5390844744056,7.693500407231939
0.0068897637795275,2843.275055138351,-2.692284356508792
0.0068897637795275,2829.1327086427004,-2.6696215320431427
0.0068897637795275,2829.840355902334,-2.630754514899559
0.0068897637795275,2830.548565277797,-2.6510447153367935
0.0068897637795275,2834.796419030579,-2.684899042484326
0.0073818897637795,2847.5232719592836,-2.033066207048147
0.0068897637795275,2831.9645170428394,-2.6741283398867295
0.0068897637795275,2843.2752151818504,-2.6819403144424263
0.0068897637795275,2830.548343379075,-2.6466195119662967
0.0068897637795275,2830.5487993893453,-2.6663526254382792
0.0068897637795275,2791.6618448011614,-2.6448542180044137
0.0068897637795275,2832.6812662711527,7.684381354287757
0.0068897637795275,2846.8149144529193,-2.7065512604021777
0.0068897637795275,2834.796090616398,-2.667762829816555
0.0068897637795275,2832.672260192945,-2.6701882882541974
0.0068897637795275,2831.264712291842,7.000827001481089
0.0068897637795275,2834.7964802525694,-2.708791325027632
0.0073818897637795,2831.2566980311694,-2.6687830871293095
0.0068897637795275,2831.964250269566,-2.66225830615188
0.0068897637795275,2843.9827314060135,-2.661213726092283
0.0068897637795275,2831.2565815988337,-2.675551193772083
0.0068897637795275,2829.1326660018754,-2.6419901547352493
0.0068897637795275,2819.9542226131225,7.000261666236443
0.0073818897637795,2834.088437697501,-2.6817508180498875
0.0068897637795275,2829.8406737144155,-2.6680921325627973
0.0068897637795275,2842.5669873178085,-2.70266771090386
0.0068897637795275,2834.7964383230724,-2.694097454452625
0.0073818897637795,2829.1328040401722,-2.639665121994044
0.0068897637795275,2846.814834310973,-2.6815224251183403
0.0068897637795275,2831.2566688611482,-2.680013493132147
0.0068897637795275,2829.8406144626024,-2.6522666530420533
0.0068897637795275,2834.804878807679,7.684722259632367
0.0068897637795275,2831.964459279479,-2.6430158967032407
0.0068897637795275,2819.9468288691155,-2.6557330527982965
0.0068897637795275,2847.5226786531375,-2.6671581051857007
0.0068897637795275,2844.690640927691,-2.641944936403741
0.0068897637795275,2831.2565974783042,-2.665701249781985
0.0068897637795275,2842.5697716371915,0.10113056223905001
0.0068897637795275,2830.5490526251187,-2.6634384198646868
0.0068897637795275,2843.985267675759,0.09554881841776348
0.0068897637795275,2820.6624462059344,6.9847350478445165
0.0068897637795275,2845.4071766605693,7.692470688004373
0.0068897637795275,2846.1066912395163,-2.6186386925944403
0.0068897637795275,2831.963757616092,-2.6370466258448535
0.0068897637795275,2842.5668247663507,-2.6428287798512464
0.0068897637795275,2844.6915865508604,-1.9941843517010551
0.0068897637795275,2830.5483353337117,-2.6412041522134833
0.0068897637795275,2844.6995887560597,7.678706272992163
0.0068897637795275,2831.9645027230877,-2.6386954347715106
0.0068897637795275,2847.5232916973487,-1.9895772190233585
0.0068897637795275,2829.1323808347483,-2.6359359746120234
0.0068897637795275,2830.5487567236705,-2.6691235270931046
0.0073818897637795,2819.2446057697557,5.079576118042665
0.0073818897637795,2833.380239824834,-2.663701154362643
0.0073818897637795,2829.1326796071808,-2.6378564710953487
0.0068897637795275,2833.381733924218,-1.305557199523846
0.0068897637795275,2834.088615719147,-2.6825678590446085
0.0068897637795275,2847.5310519023933,7.690743626617769
0.0068897637795275,2834.0886104926426,-2.6977742850278377
0.0068897637795275,2842.5668402215115,-2.6557401963305716
0.0068897637795275,2831.965001374642,-2.655915926389282
0.0068897637795275,2847.528186646729,4.22487269232361
0.0068897637795275,2831.964447501118,-2.656987047387797
0.0068897637795275,2843.274696568625,-2.6450259071355897
0.0068897637795275,2846.814195969631,-2.6177590773996036
0.0068897637795275,2847.5225233085384,-2.624148138566442
0.0068897637795275,2846.1066596567107,-2.6748963998642203
0.0068897637795275,2846.8148873927707,-2.700393448121416
0.0068897637795275,2842.566840961101,-2.672442875016992
0.0068897637795275,2846.1065942499827,-2.6535627885493533
0.0068897637795275,2847.528526724263,4.235349904452064
0.0068897637795275,2846.823108412342,7.684444010733185
0.0068897637795275,2832.672392049794,-2.654629072489195
0.0073818897637795,2831.9642331725668,-2.6236200859813232
0.0068897637795275,2846.115438264041,7.686999163787372
0.0073818897637795,2831.964648141875,-2.6745791712284492
0.0068897637795275,2846.1086743747305,-0.6146444080337474
0.0068897637795275,2846.818705679518,2.171585579628117
0.0068897637795275,2843.280024906289,3.572217174118265
0.0068897637795275,2820.6541607193117,-2.6467404060323925
0.0068897637795275,2846.1151387174505,7.689381720441327
0.0073818897637795,2845.402118515383,1.1842942140971386
0.0068897637795275,2818.5392300381645,7.704293225438038
0.0068897637795275,2833.3808593368394,-1.9865822391575707
0.0068897637795275,2834.804861911666,7.698527662837056
0.0068897637795275,2834.7965413960283,-2.671409614546316
0.0073818897637795,2831.96463676344,-2.634363194321308
0.0068897637795275,2833.389211126366,7.682253741535635
0.0068897637795275,2842.570707854632,1.4819773267989502
0.0063976377952755,2833.3892599958035,7.73910395494695
0.0063976377952755,2847.527198023663,2.5184254937994517
0.0063976377952755,2831.256535694974,-2.653144710530275
0.0063976377952755,2848.230600707566,-2.648891358306826
0.0063976377952755,2834.0884844099705,-2.6848278350563417
0.0063976377952755,2831.2563278078737,-2.645487648274686
0.0063976377952755,2832.6813315246295,7.728798173100871
0.0063976377952755,2834.0885283922566,-2.707829616260917
0.0063976377952755,2830.548569879802,-2.6544468077601966
0.0063976377952755,2819.9462537704294,-2.6446381139705433
0.0063976377952755,2834.7962440596,-2.6922813417257063
0.0063976377952755,2831.9647202544766,-2.6628653643301075
0.0063976377952755,2834.0882914712406,-2.6863802106944896
0.0063976377952755,2843.982249349996,-2.572202001408047
0.0063976377952755,2842.5669896604422,-2.7012694320668333
0.0063976377952755,2834.796609835187,-2.700804853433985
0.0063976377952755,2829.141654815986,7.745414108802872
0.0063976377952755,2845.407379346921,7.735869086601127
0.0068897637795275,2829.840689889589,-2.6709380624731316
0.0063976377952755,2834.7961178448463,-2.6579532317232393
0.0063976377952755,2843.2749437511075,-2.7044892444856665
0.0063976377952755,2832.6727581261634,-2.6974143295692263
0.0063976377952755,2833.380549638926,-2.667366055659291
0.0063976377952755,2833.380655294825,-2.6746903537250724
0.0063976377952755,2834.7965279547434,-2.6857616223447343
0.0063976377952755,2834.0923738265433,1.7884217320987448
0.0063976377952755,2830.548530708269,-2.590296971969026
0.0063976377952755,2842.5665481506776,-2.5780423532601433
0.0063976377952755,2834.088275963891,-2.7000386727482604
0.0063976377952755,2834.7966228400055,-2.706104711507065
0.0063976377952755,2832.672634083124,-2.7095535884372253
0.0063976377952755,2819.2381690233806,-2.6315341674463384
0.0063976377952755,2833.3803063621117,-2.688784256259512
0.0063976377952755,2847.5226352744035,-2.6827303893120793
0.0063976377952755,2845.402887885157,2.5388068649435245
0.0063976377952755,2846.818561545084,1.7917733098741264
0.0063976377952755,2834.796652015411,-2.6024439903000087
0.0063976377952755,2843.2833506240486,7.763516897382684
0.0063976377952755,2829.8411825952444,-2.654866191256238
0.0063976377952755,2834.804602578584,7.013966551612924
0.0063976377952755,2828.4248297869003,-2.6272258091236336
0.0063976377952755,2834.0892772362954,-1.9536586365098532
0.0063976377952755,2831.2566946219217,-2.6496663621324195
0.0063976377952755,2829.8407722024863,-2.6452278244669976
0.0063976377952755,2818.5366698979346,4.763672331984928
0.0063976377952755,2843.982917001341,-2.6782637042513624
0.0063976377952755,2833.3806393330383,-2.6123634581320063
0.0063976377952755,2832.6726119048353,-2.7098706138007524
0.0063976377952755,2844.690702009425,-2.673357816762536
0.0063976377952755,2833.380703717894,-2.695732795903345
0.0063976377952755,2829.840376051377,-2.6516142789816057
0.0063976377952755,2829.8491922500125,7.757345218500776
0.0063976377952755,2828.4248352096724,-2.6278294882003954
0.0063976377952755,2819.247240731259,7.75347341266963
0.0068897637795275,2829.8408062655035,-2.653317280306539
0.0063976377952755,2820.6625697162403,6.99839038149951
0.0063976377952755,2829.132670590737,-2.646681899417741
0.0063976377952755,2829.8494260682955,7.737329359263996
0.0063976377952755,2834.7964777488874,-2.7005393822200916
0.0063976377952755,2842.5671116031785,-2.687556848395747
0.0063976377952755,2834.796460293621,-2.7067844273881225
0.0063976377952755,2834.7965624693743,-2.693207793119974
0.0063976377952755,2819.244975438686,5.519273381723295
0.0063976377952755,2846.1064115292097,-2.604360824237545
0.0063976377952755,2832.6726983443064,-2.6913775251534964
0.0063976377952755,2829.840638348982,-2.6490613073301303
0.0063976377952755,2848.9470400906494,7.736456112285371
0.0063976377952755,2829.8406652595554,-2.6408795611240676
0.0063976377952755,2833.380709889123,-2.6831410444868955
0.0063976377952755,2834.79635518151,-2.678758194692777
0.0063976377952755,2834.0886359886063,-2.699364213238636
0.0063976377952755,2846.106648065255,-2.624789874370966
0.0063976377952755,2843.9825944096838,-2.5805516079206274
0.0063976377952755,2829.1326619047254,-2.6426755699778144
0.0063976377952755,2802.2641266630253,-2.641610953298849
0.0063976377952755,2832.6725813907137,-2.648944993121383
0.0068897637795275,2842.567014662604,-2.659417228690591
0.0063976377952755,2846.1067671392652,-2.6556137279385403
0.0063976377952755,2834.088104611548,-2.642652566924928
0.0063976377952755,2846.1151879587355,7.747772830758399
0.0063976377952755,2846.8183344863814,1.8003093605049467
0.0068897637795275,2832.6730590554253,-1.9841583880928642
0.0063976377952755,2843.283583247889,7.737118946344806
0.0063976377952755,2829.8491584484864,7.74991873189458
0.0063976377952755,2830.548392779178,-2.6379989849187866
0.0063976377952755,2819.2466354000917,6.996911960011689
0.0063976377952755,2819.9545925996363,6.9946900121120805
0.0063976377952755,2843.283334423115,7.754664685187805
0.0068897637795275,2832.6728843790474,-2.6817618336310924
0.0063976377952755,2842.5670023728685,-2.6462872006385596
0.0063976377952755,2831.2569781018983,-2.649067314815682
0.0063976377952755,2833.38066171508,-2.681007721636655
0.0063976377952755,2832.6724920059514,-2.6494585801914172
0.0063976377952755,2843.2837508033354,7.747802907309439
0.0063976377952755,2828.424447534323,-2.643020244179494
0.0063976377952755,2842.5668655361983,-2.665349529621464
0.0068897637795275,2834.7976356018094,-1.3025485898720464
0.0063976377952755,2818.5347196310213,2.5509085514843006
0.0068897637795275,2834.7960715396753,-2.6520616271385435
0.0063976377952755,2819.945745753706,-2.6434209841362137
0.0063976377952755,2834.7964521858553,-2.708032236997102
0.0063976377952755,2843.2833194326067,7.743999059367939
0.0068897637795275,2830.548729663522,-2.662965714812343
0.0063976377952755,2842.5668173621557,-2.663216206771224
0.0063976377952755,2834.8051807544475,7.733162411351124
0.0063976377952755,2817.830307493068,7.009103555447676
0.0063976377952755,2831.2561383386283,-2.6448103951642596
0.0063976377952755,2831.96463496735,-2.670744256473168
0.0063976377952755,2845.403033398237,2.541494164356193
0.0063976377952755,2846.823279779804,7.744779217546203
0.0063976377952755,2834.7964401368895,-2.706454738310217
0.0063976377952755,2829.1326251194255,-2.6423182390606734
0.0063976377952755,2846.106385717722,-2.6546095136705743
0.0063976377952755,2848.2306746337704,-2.671418390747442
0.0063976377952755,2832.6805822462907,7.008242174309143
0.0068897637795275,2847.5227544281834,-2.700005750652769
0.0063976377952755,2834.796341136029,-2.6794830027972183
0.0063976377952755,2843.2776667691683,1.0774288962831178
0.0063976377952755,2834.797635328727,-1.1668142603627512
0.0063976377952755,2843.991674201354,7.738154472803635
0.0063976377952755,2846.823145369178,7.746839147239476
0.0068897637795275,2834.7963545334133,-2.681177506648922
0.0063976377952755,2843.2746953980986,-2.6639218758372283
0.0068897637795275,2833.3803810125446,-2.6499117355401616
0.0068897637795275,2829.8411319808883,-2.641045820246953
0.0063976377952755,2846.1074510259714,-1.9344156309538723
0.0063976377952755,2845.399740247404,-1.9090545027832995
0.0063976377952755,2843.9915517147488,7.726330920116852
0.0063976377952755,2845.3998824347927,-1.172529567316241
0.0063976377952755,2843.2837170018092,7.740376420703243
0.0063976377952755,2833.38857622255,6.992696297911915
0.0063976377952755,2829.8485502891754,7.005049116315999
0.0063976377952755,2844.6996170867333,7.731079974931917
0.0068897637795275,2830.548598520796,-2.6685732209164983
0.0063976377952755,2846.1151879587355,7.747772830758399
0.0063976377952755,2829.1326251194255,-2.6423182390606734
0.0063976377952755,2833.3805018965604,-2.706587632990891
0.0063976377952755,2830.5484700476836,-2.6365637519248897
0.0063976377952755,2846.106460518745,-2.6121109720673976
0.0063976377952755,2846.814663083644,-2.6401895613589756
0.0063976377952755,2829.8403679132516,-2.6595962361634586
0.0063976377952755,2829.8407219203227,-2.661894226167133
0.0063976377952755,2818.539151917699,7.740794790457336
0.0063976377952755,2829.8407502568402,-2.653657598241096
0.0063976377952755,2847.5225895644126,-2.6340331412403124
0.0063976377952755,2830.548667443948,-2.6432540826398387
0.0063976377952755,2817.1232209507552,7.7497842508154875
0.0063976377952755,2834.79655952887,-2.673861535486575
0.0063976377952755,2820.663174886771,7.74504595687937
0.0063976377952755,2833.3843713054525,1.7712561159593
0.0063976377952755,2830.5485842700964,-2.6638196198169344
0.0063976377952755,2830.5485494769046,-2.6565235703439134
0.0063976377952755,2832.672938780205,-2.692435732565364
0.0063976377952755,2833.3886467383204,6.987225717323747
0.0063976377952755,2831.964248450984,-2.651725429928533
0.0063976377952755,2832.6726845731177,-2.6805465933172985
0.0063976377952755,2831.2565696187817,-2.648850258704232
0.0068897637795275,2831.964657947078,-2.6659054412924026
0.0063976377952755,2819.954458398192,6.992030120762269
0.0063976377952755,2842.575396864545,7.751829946909571
0.0063976377952755,2828.424600472786,-2.5808629759311614
0.0063976377952755,2847.5226260165,-2.6517018181340437
0.0063976377952755,2830.55044744485,-0.43002339306343107
0.0063976377952755,2832.672593295955,-2.686630085201886
0.0063976377952755,2843.9912766321513,7.7417771114683305
0.0063976377952755,2842.56682892747,-2.6868745941389616
0.0063976377952755,2843.274901092281,-2.690819139471414
0.0063976377952755,2829.840600010403,-2.6554398596365645
0.0063976377952755,2819.9462141363897,-2.660641438704221
0.0068897637795275,2843.9825534088436,-2.6198143846883304
0.0063976377952755,2831.2595259168816,1.045781256146024
0.0063976377952755,2818.5300503104013,-2.6267054549351667
0.0063976377952755,2843.283357614046,7.744642280682063
0.0063976377952755,2832.6725806478757,-2.6872283592359056
0.0063976377952755,2843.9825033227485,-2.643797398945516
0.0063976377952755,2832.6743784352207,-0.4344052372569048
0.0063976377952755,2829.1327712465963,-2.6385453009548043
0.0068897637795275,2830.5486245877332,-2.674031988413406
0.0068897637795275,2831.2567049735667,-2.668313862636784
0.0063976377952755,2845.398510718475,-2.6430509559165354
0.0063976377952755,2842.566730302944,-2.680509837017213
0.0063976377952755,2843.2750100746402,-2.680183295374211
0.0063976377952755,2846.823146231453,7.743474449238732
0.0063976377952755,2846.8145147464556,-2.6994462251576814
0.0063976377952755,2842.566725087171,-2.5952952843917916
0.0063976377952755,2831.964316588866,-2.640460122361368
0.0063976377952755,2834.0908855938824,0.31565925292277563
0.0068897637795275,2832.6727427930123,-2.6735766369118608
0.0063976377952755,2830.5487267612407,-2.657761391335821
0.0063976377952755,2833.380402349183,-2.6778946783823616
0.0063976377952755,2829.1328135034905,-2.6409614535481736
0.0063976377952755,2829.1328145664897,-2.646331669098743
0.0063976377952755,2829.840741307192,-2.6506259858851675
0.0068897637795275,2831.2567139232156,-2.671345474992713
0.0063976377952755,2834.796494360546,-2.7091093128492996
0.0063976377952755,2833.3893804882428,7.728748894893847
0.0063976377952755,2829.1327767181906,-2.6406041226310326
0.0063976377952755,2844.6904649765565,-2.5978488189762103
0.0063976377952755,2848.2339188547608,1.0142008411794117
0.0063976377952755,2831.9646129058256,-2.657291829583993
0.0063976377952755,2829.1326425048505,-2.644025507475854
0.0063976377952755,2830.5486333184876,-2.6513988269847313
0.0063976377952755,2843.274659848798,-2.63486547480976
0.0063976377952755,2845.398706524422,-2.640547611741612
0.0063976377952755,2842.5670101123073,-2.697682904868723
0.0063976377952755,2829.1328452015764,-2.642683493070067
0.0063976377952755,2843.274632857541,-2.6397643125414576
0.0068897637795275,2831.9644314930247,-2.6615484910348504
0.0068897637795275,2829.8406973999254,-2.666908277584405
0.0063976377952755,2833.380568857545,-2.71271878881412
0.0063976377952755,2829.8406631141247,-2.643877021012042
0.0063976377952755,2842.567005063926,-2.6947156143677176
0.0063976377952755,2834.0885604793134,-2.673447801479563
0.0063976377952755,2833.3805767868616,-2.7053489656107605
0.0063976377952755,2833.380703717894,-2.695732795903345
0.0063976377952755,2829.133098904698,-2.6673763277932623
0.0063976377952755,2847.5226611806465,-2.6613327847830166
0.0063976377952755,2831.9645836318196,-2.65731138660028
0.0063976377952755,2829.8405800372393,-2.645082964856094
0.0063976377952755,2831.2564967818676,-2.6502940504049928
0.0068897637795275,2834.088424907402,-2.630150931344617
0.0063976377952755,2828.424696085321,-2.6467598432010235
0.0063976377952755,2819.2382420521967,-2.6527262135773007
0.0063976377952755,2820.6539556441935,-2.6571349057843165
0.0063976377952755,2832.67250442386,-2.6699779313771512
0.0063976377952755,2834.796418812934,-2.6458085970312855
0.0063976377952755,2834.796603125592,-2.6960788051409126
0.0063976377952755,2834.796603125592,-2.6960788051409126
0.0063976377952755,2830.5487224309854,-2.6433465276711625
0.0063976377952755,2834.0885084287083,-2.6544562671692042
0.0063976377952755,2843.2750435063176,-2.6971278509908347
0.0063976377952755,2843.2753124914216,-2.663730506564924
0.0063976377952755,2819.9547914781497,7.75147329888855
0.0063976377952755,2819.9503472490424,2.5708071313978103
0.0063976377952755,2828.4336864733623,7.752837323895083
0.0068897637795275,2846.1097975812395,0.7706866847879142
0.0063976377952755,2819.246237696803,7.008446295897733
0.0063976377952755,2846.818962960866,2.5273038165232533
0.0063976377952755,2834.09720681594,7.728963856374475
0.0063976377952755,2828.4340776516174,7.742101001899411
0.0068897637795275,2829.84074563122,-2.6315549160169587
0.0063976377952755,2829.1326544612043,-2.6515811667969866
0.0063976377952755,2843.9829948827305,-1.8755348526197444
0.0063976377952755,2817.1233492441215,7.752038451853406
0.0063976377952755,2847.522378719931,-2.6735164899485677
0.0063976377952755,2830.5539796062067,3.287925928464258
0.0063976377952755,2848.230727097731,-2.6864747598438474
0.0063976377952755,2845.406528079307,7.0077491348733
0.0063976377952755,2830.54890122929,-1.887428583838974
0.0063976377952755,2834.088275378561,-2.694287754259236
0.0063976377952755,2846.115634463456,7.730436209634984
0.0063976377952755,2831.2563232598854,-2.661131329879018
0.0068897637795275,2842.5670614109385,-2.6815002589399173
0.0063976377952755,2833.380562182877,-2.711276782574864
0.0068897637795275,2831.9645387397863,-2.6789134790059923
0.0068897637795275,2842.5665920770207,-2.668093923886053
0.0063976377952755,2819.238413109444,-2.6447541588626033
0.0063976377952755,2846.8145591159628,-2.6040353391569786
0.0063976377952755,2834.088683095727,-2.697637718439426
0.0063976377952755,2834.7991090909277,0.2847219979362528
0.0063976377952755,2831.964632693166,-2.6878835175840377
0.0063976377952755,2829.8492169843635,7.749459028897167
0.0063976377952755,2819.9463930574257,-2.645666533928176
0.0063976377952755,2846.1067674661676,-2.6953680341268726
0.0068897637795275,2832.672269430385,-2.6292871300274294
0.0068897637795275,2847.5261872072433,1.452800361002373
0.0068897637795275,2834.8010357512157,2.8472765687480046
0.0063976377952755,2847.529648931248,5.512103057304497
0.0063976377952755,2843.9857856340045,0.2880436151879862
0.0068897637795275,2832.6725723088243,-2.63471510534462
0.0063976377952755,2846.8173930414296,0.28550141201981805
0.0063976377952755,2834.8051723030244,7.732011961421515
0.0063976377952755,2829.840676118943,-2.6491768790851222
0.0063976377952755,2831.2564288616936,-2.6235703268221644
0.0063976377952755,2846.107179207484,-2.6811192237930994
0.0063976377952755,2842.5756574203256,7.749827228731121
0.0063976377952755,2832.6794198144426,5.515809733155699
0.0063976377952755,2845.4074932015183,7.732100023930004
0.0063976377952755,2819.9546070939236,7.001216008475881
0.0063976377952755,2831.2562835235713,-2.6287886576316084
0.0063976377952755,2817.123360756333,7.757836112801581
0.0063976377952755,2834.7966188654405,-2.68698126120935
0.0063976377952755,2848.230972217715,-2.6675900462211093
0.0063976377952755,2843.9827281379576,-2.6232537421305553
0.0063976377952755,2831.9734763574074,7.7443491563008555
0.0063976377952755,2843.276334258292,-0.39698209768245857
0.0063976377952755,2834.0883913159955,-2.648808126518549
0.0063976377952755,2819.946651956541,-2.6479254511469494
0.0063976377952755,2842.570688456234,1.7905275154985896
0.0063976377952755,2845.399913922826,-1.1820890092009306
0.0063976377952755,2833.380712891364,-2.6901159124667378
0.0063976377952755,2843.2746900609277,-2.6260519309007138
0.0063976377952755,2842.566875876916,-2.6765148808041213
0.0063976377952755,2842.5668921326414,-2.691195300142644
0.0063976377952755,2834.088497265238,-2.6813228460407257
0.0063976377952755,2830.554205624683,4.043846698328307
0.0063976377952755,2828.4332656435226,7.770045933702768
0.0063976377952755,2817.8224918069373,-2.63448213986053
0.0063976377952755,2833.3809018941947,-2.696937106307452
0.0063976377952755,2833.3805730580393,-2.698837293847227
0.0063976377952755,2842.5669929539426,-2.6965448563717387
0.0068897637795275,2833.3804296156663,-2.6465198324425643
0.0063976377952755,2817.8313228801862,7.754762790033101
0.0063976377952755,2843.274562403994,-2.6541732248175776
0.0063976377952755,2832.672545254799,-2.6770846391273233
0.0063976377952755,2834.805180282948,7.734145093477478
0.0063976377952755,2830.5490406282247,-2.6656194678866583
0.0063976377952755,2820.654334249911,-2.635613755774863
0.0063976377952755,2843.2837508033354,7.747802907309439
0.0063976377952755,2832.672487457963,-2.6651022617957483
0.0063976377952755,2829.841061734447,-2.6446647302228308
0.0068897637795275,2845.398400168948,-2.586387363762475
0.0063976377952755,2828.4336535172583,7.754317396181021
0.0063976377952755,2831.96428045943,-2.663353277778626
0.0063976377952755,2832.6810541950595,7.738256380187678
0.0063976377952755,2843.982835618204,-2.648611241590835
0.0063976377952755,2831.964547717577,-2.6558427227839476
0.0063976377952755,2829.1326821340986,-2.646597600268373
0.0063976377952755,2820.6542543017968,-2.670289636317451
0.0063976377952755,2834.797239878407,-1.9375456266132887
0.0068897637795275,2832.672989157821,-2.641903446162429
0.0063976377952755,2819.238302369616,-2.648284902383042
0.0063976377952755,2831.2565280415192,-2.656415130160789
0.0063976377952755,2829.84066871924,-2.6498473417189303
0.0063976377952755,2818.5303451700715,-2.6460629544834338
0.0063976377952755,2831.9733754933413,7.731264413040293
0.0063976377952755,2818.530510349438,-2.6332879289149553
0.0063976377952755,2829.8410742988094,-2.6730888776392816
0.0063976377952755,2833.3892724371644,7.720575472073045
0.0059055118110236,2848.2308181282647,-2.707679344100038
0.0063976377952755,2842.566637939328,-2.6051940860579577
0.0059055118110236,2828.4248446488027,-2.638084163197974
0.0059055118110236,2848.2308235675664,-2.7105128005501955
0.0059055118110236,2843.2748295453334,-2.657335269200722
0.0059055118110236,2829.1327125359444,-2.665384739054656
0.0059055118110236,2818.5383282113626,6.999941221819806
0.0059055118110236,2833.380456986938,-2.658453693076364
0.0059055118110236,2834.0882875335487,-2.697544006379428
0.0059055118110236,2846.106778539706,-2.64955254625709
0.0059055118110236,2846.1066163087903,-2.605612191408729
0.0059055118110236,2834.0882865943386,-2.703213826380701
0.0059055118110236,2844.699348917144,7.796196859297201
0.0059055118110236,2828.4247259995664,-2.6470721711739658
0.0059055118110236,2829.1326694653735,-2.6456521672112525
0.0063976377952755,2842.567141255033,-2.6920753987645676
0.0059055118110236,2829.1328018483473,-2.640306111097582
0.0059055118110236,2834.088566139717,-2.7070483790758453
0.0059055118110236,2829.8404059739496,-2.6558765126821307
0.0059055118110236,2843.2749691962504,-2.705697487123864
0.0063976377952755,2831.9646739997547,-2.6515712846685005
0.0059055118110236,2846.1069116533763,-2.685858528742599
0.0059055118110236,2829.841035748675,-2.660143153546651
0.0059055118110236,2834.7965296906164,-2.71107865357146
0.0059055118110236,2834.796505883995,-2.7155153721434853
0.0063976377952755,2829.8410719311764,-2.6674729237333374
0.0059055118110236,2834.8049995398956,7.798184407113893
0.0059055118110236,2828.424712265829,-2.6434302193116443
0.0063976377952755,2834.0881429036876,-2.6506640685635126
0.0059055118110236,2834.0882365135167,-2.68340029549793
0.0059055118110236,2834.0884255015976,-2.6661531441102233
0.0059055118110236,2828.4246736559785,-2.6307655703296597
0.0059055118110236,2843.2745548780063,-2.651153803713716
0.0059055118110236,2832.6724888213676,-2.6559071597147685
0.0059055118110236,2829.8489201259345,7.005442841843157
0.0059055118110236,2818.5304720904073,-2.639202587073616
0.0063976377952755,2831.256703795392,-2.644049478695812
0.0059055118110236,2831.964673579828,-2.692750109731865
0.0059055118110236,2834.088597086154,-2.6780391248658137
0.0059055118110236,2831.973415315225,7.795930927115477
0.0059055118110236,2831.256510011904,-2.6440439160441076
0.0059055118110236,2842.566822262948,-2.603290884017379
0.0059055118110236,2843.2747843230804,-2.6596370366454063
0.0059055118110236,2834.088527463842,-2.651104344787445
0.0059055118110236,2834.7965148714957,-2.705018403202136
0.0059055118110236,2834.088543426657,-2.6990067135764133
0.0059055118110236,2843.2748553644014,-2.6788658307899396
0.0059055118110236,2832.6726204399192,-2.6597888362385573
0.0059055118110236,2833.389064576953,7.803783916576689
0.0059055118110236,2834.796521007281,-2.6711845771440443
0.0059055118110236,2842.566749527406,-2.685740283107982
0.0059055118110236,2834.797040461346,-2.6982770505571216
0.0059055118110236,2843.2745430870204,-2.649353274488716
0.0059055118110236,2842.5754707287665,7.818895726810174
0.0059055118110236,2834.7961978339604,-2.690693100229101
0.0059055118110236,2856.708817528557,-2.6325833584391902
0.0059055118110236,2829.840787873396,-2.656699322777029
0.0059055118110236,2834.796216724454,-2.593357492937646
0.0059055118110236,2819.2473003071987,7.807219425825771
0.0059055118110236,2831.256319041632,-2.6588647520359983
0.0059055118110236,2843.274640170115,-2.6698092397648345
0.0059055118110236,2843.2834281149453,7.81628823998255
0.0059055118110236,2843.274845332847,-2.6764903437203373
0.0059055118110236,2846.82324381321,7.8085038162863345
0.0063976377952755,2831.964928477846,-2.6461000160625443
0.0059055118110236,2819.946640967588,-2.638175214266876
0.0063976377952755,2842.5702282376815,1.042301459198083
0.0059055118110236,2843.283431850442,7.806950113622064
0.0063976377952755,2848.230574960325,-2.6291143018995964
0.0059055118110236,2856.7180044688853,7.794831538656291
0.0059055118110236,2842.5670033377673,-2.693853633755832
0.0059055118110236,2831.9734064339427,7.7939897239819835
0.0059055118110236,2831.256702272485,-2.661143218576246
0.0059055118110236,2833.3807191216424,-2.691586499426927
0.0063976377952755,2831.9646315990926,-2.653714011032806
0.0063976377952755,2834.7963635109368,-2.659430656309301
0.0059055118110236,2829.8407872246594,-2.6544348269354954
0.0059055118110236,2834.08828636019,-2.6810923070901898
0.0059055118110236,2842.5671170252267,-2.6944911728197076
0.0059055118110236,2834.088293090334,-2.6915299807862874
0.0059055118110236,2834.0885370306914,-2.6954153617067793
0.0059055118110236,2834.091907743944,1.3419396012630553
0.0059055118110236,2842.575862689045,7.803966513412872
0.0059055118110236,2846.1138101913293,5.405683188657546
0.0063976377952755,2834.7973600992195,-1.9432232596659806
0.0063976377952755,2846.819088641305,2.5338678935122374
0.0059055118110236,2830.548733041106,-2.632416058232799
0.0059055118110236,2842.5757159960585,7.808610761359241
0.0059055118110236,2817.123290876268,7.81980674096055
0.0059055118110236,2843.99149899674,7.822236716198439
0.0059055118110236,2842.575862689045,7.803966513412872
0.0063976377952755,2843.27526581458,-2.6819219978361737
0.0059055118110236,2831.9649181028694,-2.64750660598515
0.0059055118110236,2817.831377899723,7.819280067335478
0.0059055118110236,2834.08852019483,-2.695922607411419
0.0059055118110236,2847.522466023784,-2.633386695770246
0.0059055118110236,2842.575844754717,7.811349415421793
0.0059055118110236,2830.5572180737922,7.819439106556376
0.0059055118110236,2843.9917448396413,7.802052969650466
0.0059055118110236,2846.8232410084793,7.8048966355890945
0.0059055118110236,2842.567088633821,-2.6143328671455093
0.0059055118110236,2843.283388350129,7.814444382910209
0.0059055118110236,2843.2747839708,-2.667912669158263
0.0059055118110236,2834.0972705089216,7.794710498417293
0.0063976377952755,2842.567094529197,-2.671422304693374
0.0059055118110236,2834.097408784255,7.797556222621438
0.0063976377952755,2831.2565678221995,-2.6372880818409548
0.0059055118110236,2846.1117706789823,3.8074653784718473
0.0059055118110236,2833.3805080745888,-2.697513061632912
0.0059055118110236,2843.2739820951933,-2.6408048837842917
0.0059055118110236,2819.9462042979367,-2.6441442995397764
0.0059055118110236,2847.527409624948,2.9429501251571137
0.0059055118110236,2829.132785841288,-2.6280313850446597
0.0059055118110236,2846.814831282866,-2.670327837311197
0.0059055118110236,2834.0972676246074,7.790239198268276
0.0059055118110236,2831.2565733695255,-2.6354480233400475
0.0059055118110236,2846.8144789088574,-2.6986924165529853
0.0059055118110236,2848.2333638772297,0.5162635656095586
0.0059055118110236,2843.2749172470726,-2.6983276618482868
0.0063976377952755,2846.816977481498,0.2904371687842253
0.0059055118110236,2846.814578449204,-2.6546504250266336
0.0059055118110236,2846.1156420908433,7.7926406322169495
0.0059055118110236,2819.2472918821854,7.814797972882375
0.0059055118110236,2834.0896853408785,-1.0242605896624648
0.0059055118110236,2848.9475008021927,7.787045462668653
0.0059055118110236,2845.3983413416254,-2.6519854702465664
0.0059055118110236,2844.690966096377,-2.6334413515914115
0.0059055118110236,2847.527439458677,2.947065534620024
0.0059055118110236,2834.0885168542395,-2.6856971574015436
0.0059055118110236,2834.8053659837997,7.79533427472183
0.0059055118110236,2843.9917645765786,7.806301840545814
0.0059055118110236,2834.7962455654038,-2.686549682702607
0.0059055118110236,2832.6723028697515,-2.6635596887643302
0.0059055118110236,2848.2306731687063,-2.660540758820132
0.0059055118110236,2842.5669828802597,-2.6931238109440208
0.0059055118110236,2843.2750564293033,-2.680962855534631
0.0059055118110236,2834.0886067621104,-2.6686805881039373
0.0059055118110236,2846.823255760222,7.806839631388544
0.0059055118110236,2842.566909225382,-2.657033028002996
0.0059055118110236,2845.407400665681,7.812917011325659
0.0059055118110236,2834.796320055926,-2.628928367941186
0.0059055118110236,2848.239531815292,7.782743222617634
0.0059055118110236,2819.9462168834966,-2.6422359748562037
0.0059055118110236,2829.8495114684833,7.802305701382239
0.0059055118110236,2843.27463650927,-2.688878115478627
0.0059055118110236,2834.0886534018864,-2.6927558966337313
0.0063976377952755,2832.6722282216915,-2.641465064361337
0.0059055118110236,2818.533062471392,0.5716292500165979
0.0059055118110236,2830.5482816488257,-2.6516314476274037
0.0059055118110236,2845.4034240893143,2.9623657549297384
0.0059055118110236,2842.5668405037895,-2.653158315098731
0.0059055118110236,2832.6722284555076,-2.667889022127897
0.0059055118110236,2831.964587332748,-2.6532637293987418
0.0059055118110236,2829.1326977439444,-2.669026879460766
0.0059055118110236,2820.6541147412345,-2.6554836788966196
0.0059055118110236,2833.3805573979994,-2.707467187208634
0.0059055118110236,2829.8407157341144,-2.6465978856999164
0.0059055118110236,2843.274848347246,-2.6731054939527055
0.0059055118110236,2833.3805549650997,-2.697368280919978
0.0059055118110236,2832.672753517299,-2.690032616482989
0.0059055118110236,2817.830994283675,7.8211712966333655
0.0059055118110236,2830.5486735038075,-2.6478272861290173
0.0059055118110236,2834.796296930515,-2.671014420356179
0.0059055118110236,2830.5489520536275,-2.658133767647741
0.0059055118110236,2842.567040971607,-2.682321385370308
0.0059055118110236,2834.0886496924504,-2.7056703759311733
0.0059055118110236,2843.274680098214,-2.6998241596122283
0.0059055118110236,2816.415334509392,7.806267240119017
0.0059055118110236,2848.230551440673,-2.6842722437004487
0.0059055118110236,2848.2304600528614,-2.6593801238493633
0.0059055118110236,2815.7071231016685,7.827875338986077
0.0059055118110236,2831.964593301714,-2.6890792643632806
0.0059055118110236,2834.08840217964,-2.6979919209835836
0.0059055118110236,2828.4335787306195,7.79920385030868
0.0059055118110236,2819.955524319163,7.790865299732073
0.0063976377952755,2834.796027299371,-2.677237088895791
0.0063976377952755,2830.548589498511,-2.663134103570061
0.0059055118110236,2843.2752501144228,-2.6487415353570163
0.0063976377952755,2834.7962424383036,-2.608445721841617
0.0059055118110236,2830.5486091063603,-2.6535515624022405
0.0059055118110236,2847.522670760506,-2.6543134674198336
0.0059055118110236,2830.549044248761,-2.677701970995277
0.0059055118110236,2834.0884867679383,-2.6756265271730197
0.0059055118110236,2843.9826057211217,-2.6550546269067525
0.0059055118110236,2832.6724841810938,-2.6796839658810416
0.0059055118110236,2831.2562292441125,-2.6439722757029434
0.0059055118110236,2834.0884008852895,-2.6674621759667962
0.0059055118110236,2831.96464612159,-2.651047931995735
0.0059055118110236,2829.84065338845,-2.6526309345042254
0.0059055118110236,2829.8405822458494,-2.6514382020543903
0.0059055118110236,2828.4339873667695,7.793032845648184
0.0059055118110236,2831.9645241757576,-2.6731344821561054
0.0059055118110236,2833.3805925430897,-2.7079443306062783
0.0059055118110236,2832.672482055318,-2.6735128165075217
0.0059055118110236,2829.840657688022,-2.6541304885691464
0.0059055118110236,2831.2564665716895,-2.6512987237664833
0.0059055118110236,2843.274534752416,-2.6506313070663454
0.0059055118110236,2848.230764664745,-2.695276068533986
0.0059055118110236,2843.274721898628,-2.6020538069332675
0.0059055118110236,2846.8145530907987,-2.6452584492906013
0.0059055118110236,2848.2301364419295,-2.6655673964563866
0.0059055118110236,2843.2749159758414,-2.688005616823479
0.0059055118110236,2831.256688922045,-2.648825984096127
0.0059055118110236,2846.1065383269256,-2.5985759492419236
0.0059055118110236,2847.5228698608635,-2.7097649886186055
0.0059055118110236,2833.3806919227573,-2.7044409755020733
0.0059055118110236,2830.548602946348,-2.6708767576974237
0.0063976377952755,2831.9646061765975,-2.6837735577454076
0.0059055118110236,2834.088497194648,-2.706574435756294
0.0059055118110236,2843.274546414395,-2.6645107245972266
0.0059055118110236,2842.5669254978793,-2.6767071733024936
0.0059055118110236,2843.274867875131,-2.69342707727074
0.0059055118110236,2829.1328173234115,-2.6421601403973014
0.0059055118110236,2848.2320703486716,-1.0738055787017122
0.0059055118110236,2834.088788774892,-2.665385434130878
0.0059055118110236,2845.4072716472406,7.80188018341852
0.0059055118110236,2834.088442767519,-2.687880075205948
0.0059055118110236,2847.5225650495245,-2.6283268808605906
0.0059055118110236,2834.088268495896,-2.683853433035123
0.0059055118110236,2832.6814819086276,7.794488234776367
0.0059055118110236,2842.567117833457,-2.689027435355936
0.0059055118110236,2818.5304424385527,-2.6346840367047952
0.0059055118110236,2834.796599418429,-2.7030567480984344
0.0059055118110236,2843.9838993395165,-1.0595277855455
0.0059055118110236,2829.132810419994,-2.6363320171944453
0.0059055118110236,2834.7964957391896,-2.7050605491377184
0.0059055118110236,2834.088532534203,-2.715785096560159
0.0059055118110236,2833.3804641125375,-2.683373440896378
0.0059055118110236,2834.7962216155947,-2.7057527996438373
0.0059055118110236,2834.0882017870094,-2.6832092216625893
0.0063976377952755,2848.236092542784,4.764305050679789
0.0059055118110236,2830.5487358994706,-2.664538154113245
0.0059055118110236,2843.983459649602,-1.8592598138551448
0.0059055118110236,2830.5487082691734,-2.6593728893029915
0.0059055118110236,2842.5669808417915,-2.6984461465502663
0.0059055118110236,2831.9646492695497,-2.6965822302300553
0.0059055118110236,2830.5485860131157,-2.6494342318917488
0.0059055118110236,2843.274837427184,-2.6430720859741537
0.0059055118110236,2834.0882856874323,-2.6725588020305953
0.0059055118110236,2846.1152445324337,7.808493711894382
0.0059055118110236,2819.2468907080015,7.82177760299353
0.0063976377952755,2834.7967616121964,-2.6695446574315986
0.0059055118110236,2830.557206527106,7.81278500002698
0.0059055118110236,2829.840628835003,-2.6574366225263173
0.0059055118110236,2829.8405723512683,-2.6429867342158615
0.0059055118110236,2829.8406427814025,-2.6623465148572523
0.0059055118110236,2829.133162741046,-2.6410309103703136
0.0059055118110236,2832.6727578971754,-2.697758338883156
0.0059055118110236,2844.6996875448986,7.793305025387058
0.0059055118110236,2846.818888143698,2.153730166778897
0.0059055118110236,2846.814859359891,-2.7012206653042528
0.0059055118110236,2834.796462426764,-2.7124754592927647
0.0059055118110236,2829.840619926903,-2.662758447507538
0.0059055118110236,2843.9913359964617,7.81497821582807
0.0063976377952755,2843.2747430601908,-2.657590017495695
0.0059055118110236,2843.2749178684867,-2.6597209078977517
0.0059055118110236,2843.2770484230605,-0.2714038444899702
0.0059055118110236,2834.0884674811323,-2.6606736596139897
0.0059055118110236,2847.522616017815,-2.69013662876382
0.0059055118110236,2829.1328178935596,-2.6411675929267933
0.0059055118110236,2831.9710018038504,5.420424983875316
0.0059055118110236,2842.5754395537765,7.811046658726397
0.0059055118110236,2834.088016757818,-2.640796801190427
0.0059055118110236,2819.9462042979367,-2.6441442995397764
0.0059055118110236,2834.088261666423,-2.6833535978000955
0.0059055118110236,2832.672868298114,-2.678165458401118
0.0059055118110236,2842.570351505457,1.3760879079826265
0.0059055118110236,2846.106684198449,-2.637849492213964
0.0059055118110236,2834.7961390480777,-2.6942532769538317
0.0059055118110236,2819.955109714805,7.804733757394022
0.0059055118110236,2845.401589009829,0.5334076396103202
0.0059055118110236,2829.840751069629,-2.6571509414033825
0.0059055118110236,2830.548990787552,-2.6692386350285204
0.0059055118110236,2843.283382876314,7.798205676657947
0.0059055118110236,2831.9644950886936,-2.665134864740324
0.0059055118110236,2831.9644897737326,-2.669015051352086
0.0059055118110236,2830.550370363426,-0.23830200446585012
0.0059055118110236,2843.2749227925237,-2.661159855276695
0.0059055118110236,2830.5485771264475,-2.664980395407147
0.0059055118110236,2846.1109309441536,2.155952114678505
0.0059055118110236,2842.5754307606767,7.807143750668072
0.0063976377952755,2817.8305947188246,6.997084417695458
0.0063976377952755,2831.9645697029487,-2.668732257410051
0.0059055118110236,2834.088451004906,-2.708477165835618
0.0059055118110236,2848.2306336081715,-2.660446646130565
0.0059055118110236,2832.6726263938967,-2.7026907703507415
0.0059055118110236,2829.840380817237,-2.642891303209458
0.0059055118110236,2831.9645120201044,-2.6696816390895926
0.0059055118110236,2820.6576213248136,1.3625159531722166
0.0059055118110236,2816.4150590646464,7.82076933260483
0.0059055118110236,2830.5485890909713,-2.6485143245898453
0.0059055118110236,2832.6726263938967,-2.7026907703507415
0.0059055118110236,2848.2303870891674,-2.5970393571216164
0.0059055118110236,2832.672876917958,-2.661703404606466
0.0059055118110236,2832.6725355416365,-2.6503703561199754
0.0059055118110236,2831.2565000080413,-2.654175306528073
0.0059055118110236,2829.132650462848,-2.638788668399117
0.0063976377952755,2830.5485798575,-2.6618359417607675
0.0059055118110236,2831.256293619656,-2.6607910770688132
0.0059055118110236,2831.964518522705,-2.657004327615798
0.0059055118110236,2843.279836171133,2.9863652601532458
0.0059055118110236,2844.6992795324277,7.809075364831711
0.0059055118110236,2832.672255949933,-2.6765546057671603
0.0059055118110236,2843.2747491255404,-2.6483080681292632
0.0059055118110236,2832.68146058364,7.794573631814459
0.0059055118110236,2829.840634234695,-2.6668993416756184
0.0063976377952755,2846.1107951441063,2.543543046149377
0.0059055118110236,2844.691558427372,-1.8774988865296647
0.0059055118110236,2834.7964119060466,-2.6972743581143366
0.0059055118110236,2842.56639444691,-2.6069786159108914
0.0059055118110236,2834.7965919006037,-2.7037944372691336
0.0059055118110236,2831.2653767972256,7.792678960556557
0.0059055118110236,2834.0886347010587,-2.7015724893695245
0.0059055118110236,2845.398662388306,-2.6716238035512117
0.0059055118110236,2831.9644596928556,-2.657136416196358
0.0059055118110236,2831.9647527508682,-2.681643926557518
0.0063976377952755,2843.982716614917,-2.6417277132754236
0.0063976377952755,2831.9645071102364,-2.646750483737516
0.0059055118110236,2843.2748548118925,-2.6822826791517747
0.0063976377952755,2843.274887520803,-2.6568677887089507
0.0059055118110236,2843.982793024042,-2.6876781638163267
0.0059055118110236,2834.7966093558703,-2.6975493921011027
0.0063976377952755,2833.382086512896,-0.4354631845046231
0.0059055118110236,2834.0886188779073,-2.6862509485801143
0.0059055118110236,2843.28364702761,7.793861102393569
0.0059055118110236,2842.5671103156315,-2.689765124526635
0.0059055118110236,2845.407247013645,7.802288175977061
0.0059055118110236,2829.8407499344394,-2.658025069508862
0.0059055118110236,2819.9462336569045,-2.650173289558254
0.0059055118110236,2843.9827384346013,-2.672258151466903
0.0059055118110236,2829.132797696709,-2.63913566103548
0.0059055118110236,2847.5226099620454,-2.6806555974895048
0.0059055118110236,2834.7966093558703,-2.6975493921011027
0.0059055118110236,2833.3806949567806,-2.6931054963018854
0.0059055118110236,2834.7964096155665,-2.682353283888098
0.0059055118110236,2833.3805992826997,-2.6673181326962783
0.0059055118110236,2829.132744072319,-2.6372017949457045
0.0059055118110236,2845.4002669254337,-1.0893290669178168
0.0059055118110236,2843.27481231435,-2.644533766248967
0.0059055118110236,2831.256283017754,-2.6464699787576142
0.0059055118110236,2834.0972219523524,7.782260111395139
0.0059055118110236,2843.982772186386,-2.6747736889009706
0.0059055118110236,2844.6907971355295,-2.6799294080449703
0.0059055118110236,2831.2565261285713,-2.6560810508772383
0.0059055118110236,2832.6752468922464,0.540017905571983
0.0059055118110236,2843.984599144042,-0.26047014156672516
0.0059055118110236,2801.5562215045024,-2.6448225786545096
0.0059055118110236,2834.796629070284,-2.707575298467255
0.0059055118110236,2832.672434897756,-2.659522160577986
0.0059055118110236,2847.522692938795,-2.6539964420563065
0.0059055118110236,2846.106527812718,-2.6904789515262935
0.0059055118110236,2829.1415901930577,7.798175240515963
0.0059055118110236,2820.654307669809,-2.6845319488407804
0.0059055118110236,2842.5757618249795,7.79088177015231
0.0059055118110236,2834.089208109963,-1.902977125491889
0.0059055118110236,2830.548752165831,-2.661960149075946
0.0059055118110236,2830.548624589494,-2.669061445104192
0.0059055118110236,2820.654209512431,-2.6506692107808614
0.0059055118110236,2846.1068005638695,-2.660850722903443
0.0059055118110236,2832.6723721952494,-2.6987699305814847
0.0059055118110236,2832.672640944071,-2.6719597780924795
0.0059055118110236,2847.531207033462,7.796875360817361
0.0059055118110236,2819.238046838988,-2.6262996765282387
0.0059055118110236,2843.2743572550394,-2.597023644300458
0.0059055118110236,2831.256312047015,-2.638264542306163
0.0059055118110236,2833.3805438212594,-2.698368080056868
0.0059055118110236,2846.8236617282782,7.7818487650992765
0.0059055118110236,2834.7964924379767,-2.7062186514761915
0.0059055118110236,2842.57549415788,7.803804248519533
0.0059055118110236,2829.848624838154,7.00309125409163
0.0059055118110236,2819.9463864894965,-2.6436464828728323
0.0059055118110236,2832.67297789916,-2.690028539303494
0.0063976377952755,2842.5663762035797,-2.59244866107946
0.0059055118110236,2842.5669983759904,-2.7034791807956995
0.0059055118110236,2842.567134480493,-2.6882461276516767
0.0059055118110236,2846.1064891764254,-2.6781156409952867
0.0059055118110236,2843.2747184811324,-2.6153150928319464
0.0059055118110236,2828.4248446488027,-2.638084163197974
0.0054133858267716,2834.0885445522576,-2.696694633357678
0.0054133858267716,2842.5669837153114,-2.6581964943482013
0.0054133858267716,2847.522787220884,-2.683665970687758
0.0054133858267716,2834.796497763522,-2.702981681241855
0.0054133858267716,2831.964698477545,-2.7010284346067768
0.0059055118110236,2845.398491114306,-2.611731533878665
0.0059055118110236,2842.5671170252267,-2.6944911728197076
0.0054133858267716,2842.5669552511813,-2.6859778445033755
0.0054133858267716,2845.4073299075358,7.871634199872534
0.0054133858267716,2843.991443690964,7.886228043581815
0.0054133858267716,2843.9827156926326,-2.6553153451972404
0.0054133858267716,2833.3891278640385,7.879922073608213
0.0059055118110236,2845.401825880796,1.3788456656109493
0.0054133858267716,2831.9646809441656,-2.694488412108622
0.0054133858267716,2846.113291975249,5.249808554798163
0.0059055118110236,2834.088527463842,-2.651104344787445
0.0054133858267716,2817.831327900817,7.882111218430757
0.0054133858267716,2843.2749190691275,-2.6968580700262668
0.0054133858267716,2832.6724155952365,-2.6624314870213523
0.0054133858267716,2834.0974430163305,7.862138196085769
0.0054133858267716,2831.964389707401,-2.6485864505943666
0.0054133858267716,2846.814658431942,-2.668784697556692
0.0054133858267716,2843.9916952363824,7.8788609329905706
0.0059055118110236,2846.1061942325496,-2.5775150169631456
0.0054133858267716,2831.2563322567744,-2.6495091583761723
0.0054133858267716,2848.230704590482,-2.7032078125877073
0.0054133858267716,2833.3895130272836,7.872146017628522
0.0059055118110236,2820.6542054242755,-2.642738425914993
0.0059055118110236,2831.964792416868,-2.6311512733062647
0.0059055118110236,2820.658853851536,2.995918538581371
0.0059055118110236,2843.274574196903,-2.648284387597176
0.0059055118110236,2819.946370482437,-2.63137175681991
0.0054133858267716,2842.5668526639274,-2.6579547791857703
0.0059055118110236,2831.2566956634228,-2.635241685209169
0.0059055118110236,2831.964386028467,-2.6255532145265477
0.0054133858267716,2847.522779679101,-2.6751178614923488
0.0059055118110236,2834.0884078922954,-2.658704005921094
0.0054133858267716,2829.8421271713014,-0.8970633449659953
0.0054133858267716,2831.256328632144,-2.670143689939317
0.0054133858267716,2829.132653372905,-2.657146521915284
0.0054133858267716,2845.3987793993174,-2.7102292472878236
0.0054133858267716,2844.699491111076,7.881567961098786
0.0054133858267716,2830.5485837100573,-2.650600136390103
0.0059055118110236,2829.8407599604498,-2.630812021845305
0.0054133858267716,2834.088663228017,-2.694816926891481
0.0054133858267716,2833.3893843716296,7.8706950353937986
0.0054133858267716,2846.1104288385222,1.7294787972433712
0.0054133858267716,2856.7180583566496,7.867159642743161
0.0054133858267716,2832.6741116350636,-0.933265426071489
0.0054133858267716,2832.67250050564,-2.6633294261193083
0.0054133858267716,2845.401823068138,0.8489195730950745
0.0054133858267716,2843.274829181225,-2.678613661813753
0.0054133858267716,2842.566624998741,-2.6725679565843294
0.0054133858267716,2847.5227150134283,-2.6754762490327453
0.0054133858267716,2848.2307811233186,-2.707402863480225
0.0054133858267716,2846.111080087047,2.645823684876448
0.0054133858267716,2830.548521073951,-2.65759352693482
0.0054133858267716,2833.380558539487,-2.699383926534192
0.0054133858267716,2843.2837096801595,7.8720601643152515
0.0059055118110236,2818.5304394473887,-2.6320606920691225
0.0054133858267716,2818.539390334799,7.883047578687505
0.0054133858267716,2834.800166229302,1.7332918611947337
0.0054133858267716,2843.2748146894287,-2.6953809649899783
0.0054133858267716,2831.964239413336,-2.6477321596672403
0.0059055118110236,2832.672442475611,-2.6507809910236872
0.0054133858267716,2847.52267870998,-2.665574693516786
0.0059055118110236,2842.5669118490146,-2.6821692302940816
0.0054133858267716,2846.81598621108,-0.8756744765824637
0.0054133858267716,2832.672298005013,-2.68016729660391
0.0054133858267716,2834.796599264941,-2.7055327396458897
0.0054133858267716,2834.7966167202076,-2.6992876944778588
0.0059055118110236,2829.840382342454,-2.639072009400734
0.0054133858267716,2848.231492202507,-1.8181706070629657
0.0054133858267716,2842.566983926049,-2.6947609012618288
0.0054133858267716,2833.380518774196,-2.6924241292955746
0.0054133858267716,2819.246953046685,7.890180737217871
0.0054133858267716,2846.1067280329225,-2.6406993427468777
0.0054133858267716,2846.8235862844735,7.8517607880201306
0.0054133858267716,2820.654375796155,-2.6687601315550826
0.0054133858267716,2820.654679259106,-2.684932964181121
0.0054133858267716,2819.2472236066387,7.874089504080353
0.0054133858267716,2829.1326560688353,-2.662973089616146
0.0054133858267716,2833.380573616103,-2.70170340036329
0.0054133858267716,2832.672611367654,-2.695879325137471
0.0054133858267716,2847.530374859746,6.106396075531394
0.0054133858267716,2843.2745681932347,-2.6606824803628935
0.0054133858267716,2830.548704858727,-2.6584148636204596
0.0059055118110236,2843.982771087464,-2.6822230438642154
0.0054133858267716,2846.115322921332,7.872630206673448
0.0054133858267716,2843.9915212479546,7.885313068761157
0.0054133858267716,2834.7964528721154,-2.7077228357557224
0.0059055118110236,2842.5674187867035,-2.693693921802183
0.0054133858267716,2844.6995167913856,7.867422280223821
0.0054133858267716,2834.8050054593605,7.875026559182643
0.0059055118110236,2830.548571174087,-2.645286540270231
0.0054133858267716,2846.814794117332,-2.683155856649093
0.0054133858267716,2833.3804124243957,-2.6573485455488455
0.0059055118110236,2842.5670643983076,-2.679621250656651
0.0054133858267716,2846.81958227497,3.478523305058009
0.0054133858267716,2834.088508291985,-2.7104922597049916
0.0054133858267716,2831.2564787615356,-2.63083504811579
0.0054133858267716,2817.123476352337,7.887529673140609
0.0059055118110236,2848.232771071276,-0.26641324424924906
0.0054133858267716,2842.5757696461824,7.876575767772627
0.0054133858267716,2831.256545735574,-2.6631834723167747
0.0054133858267716,2833.3805836614915,-2.6994228385484997
0.0054133858267716,2831.9645816623374,-2.6522927284341375
0.0054133858267716,2843.2746362605903,-2.678912350179241
0.0054133858267716,2843.2834439776916,7.885645565035344
0.0054133858267716,2843.2837238389816,7.859206084177246
0.0059055118110236,2820.6625592872488,6.991767918875888
0.0059055118110236,2829.132540778764,-2.6213157876093893
0.0054133858267716,2830.5485908815685,-2.661728714166848
0.0054133858267716,2843.283461143259,7.887939220593111
0.0054133858267716,2845.4030166424814,2.6365543367261304
0.0054133858267716,2843.984047933033,-0.8679491372700483
0.0054133858267716,2831.256545541958,-2.663285056711556
0.0054133858267716,2834.7966047365358,-2.707591561322118
0.0054133858267716,2817.831308262617,7.8839532553621705
0.0054133858267716,2829.840593660649,-2.6481502825433947
0.0054133858267716,2829.849715816374,7.8775192470013735
0.0054133858267716,2846.8212953377356,5.246309997244257
0.0054133858267716,2845.407318405652,7.877413377814146
0.0054133858267716,2829.1413264028106,7.890272825790037
0.0054133858267716,2817.123472683165,7.8845235010201025
0.0054133858267716,2843.275452788493,-1.7912157600493843
0.0054133858267716,2829.840564173054,-2.643845853361364
0.0054133858267716,2832.6724245090513,-2.662963669383626
0.0054133858267716,2842.56698853805,-2.709922014376636
0.0059055118110236,2829.1327701502614,-2.6385840715756887
0.0059055118110236,2834.0882419360746,-2.642771744756402
0.0054133858267716,2819.946238975109,-2.654388035514116
0.0054133858267716,2831.9649398695115,-2.678359175942876
0.0054133858267716,2842.5757842994103,7.8684033795250965
0.0054133858267716,2846.8166603225823,0.0018160181606422209
0.0054133858267716,2817.8314331352544,7.885269526587114
0.0054133858267716,2847.522710306572,-2.7026960146855687
0.0059055118110236,2831.256287849209,-2.6296381942619265
0.0054133858267716,2829.142031705793,7.865626201598643
0.0059055118110236,2834.088508770575,-2.6546821633386317
0.0054133858267716,2831.964436876979,-2.651017436819386
0.0054133858267716,2829.840737613644,-2.6507688865569414
0.0054133858267716,2833.389102332465,7.879251451687579
0.0054133858267716,2831.9643294298307,-2.6755686266650387
0.0054133858267716,2829.1406205220915,7.0055282549679925
0.0054133858267716,2817.8306082668187,6.993837439128685
0.0054133858267716,2832.68137992222,7.8731636883392175
0.0054133858267716,2843.274899571548,-2.6592968196585947
0.0054133858267716,2845.407582351676,7.8580624239759675
0.0054133858267716,2820.6582668253213,1.6937638668151396
0.0054133858267716,2842.567775110261,-1.7975807113250688
0.0054133858267716,2834.796406787269,-2.7031707724843925
0.0054133858267716,2831.2565633338377,-2.673511411717137
0.0054133858267716,2830.549020788093,-2.6787121261982354
0.0059055118110236,2847.522637562773,-2.642557855150871
0.0054133858267716,2847.5228720214764,-2.7058963161680554
0.0054133858267716,2842.5667419669417,-2.6884872711924444
0.0054133858267716,2833.381113999309,-2.712376879639302
0.0054133858267716,2834.088445097304,-2.707660923900671
0.0054133858267716,2842.566982321564,-2.707044624882949
0.0059055118110236,2834.7964957391896,-2.7050605491377184
0.0054133858267716,2842.575538881404,7.882495685127707
0.0054133858267716,2832.6815487739727,7.8662524028070795
0.0059055118110236,2828.425099412747,-2.6461000433134934
0.0054133858267716,2828.433763311507,7.879046269663616
0.0054133858267716,2834.7964013181077,-2.7033812967246127
0.0059055118110236,2829.1327796700584,-2.6406231364611092
0.0054133858267716,2831.2654666240846,7.860350566606557
0.0054133858267716,2844.690741485017,-2.6745065587343904
0.0054133858267716,2842.5669602634093,-2.700932811093105
0.0054133858267716,2846.106687570384,-2.638164637195518
0.0054133858267716,2814.999224040178,7.897472918467085
0.0054133858267716,2843.274514190823,-2.6538821695469155
0.0054133858267716,2834.798647235229,-0.009366083219110519
0.0054133858267716,2829.840594552955,-2.662379384982318
0.0054133858267716,2843.2749994854285,-2.684631515857514
0.0054133858267716,2843.2746281942887,-2.645682290244329
0.0054133858267716,2848.239357631354,7.86463053448979
0.0054133858267716,2828.433100231055,6.990652944454282
0.0059055118110236,2844.6913907421754,-1.8672498141597138
0.0054133858267716,2842.575780110912,7.869116847404606
0.0054133858267716,2829.1416689659504,7.87239296176561
0.0054133858267716,2828.4245444346852,-2.6655293567907106
0.0054133858267716,2818.53050063304,-2.6467171454934304
0.0054133858267716,2843.2768955667407,-0.04334458856756278
0.0054133858267716,2832.6723458275046,-2.695451700412852
0.0054133858267716,2830.548754626305,-2.6611793942447393
0.0054133858267716,2842.567137394383,-2.701529333269544
0.0054133858267716,2842.5670380147153,-2.7050326883737488
0.0054133858267716,2834.088379283893,-2.6807474175509944
0.0054133858267716,2846.1067415125804,-2.6461759261323814
0.0054133858267716,2832.672759864045,-2.6886475485572707
0.0054133858267716,2834.0886792350766,-2.707091652944403
0.0054133858267716,2830.5489983583634,-2.669623007758109
0.0054133858267716,2842.567005928344,-2.707503159730449
0.0054133858267716,2831.2652326442076,7.877183156901119
0.0054133858267716,2842.567006251657,-2.707136839373699
0.0059055118110236,2830.5485975458905,-2.6514048162049386
0.0054133858267716,2847.522851554071,-2.7103461803908706
0.0059055118110236,2831.9646466917384,-2.650055384525227
0.0054133858267716,2834.797345937527,-1.830375310601483
0.0054133858267716,2848.23060679898,-2.6717389966114604
0.0054133858267716,2834.088540221854,-2.717157078580166
0.0054133858267716,2844.6907381399055,-2.683717679861617
0.0054133858267716,2843.274602129415,-2.672134468437782
0.0054133858267716,2834.7965031035274,-2.7067988515144745
0.0054133858267716,2843.9827434853605,-2.662061067407258
0.0054133858267716,2833.380503478127,-2.677560472834465
0.0054133858267716,2834.088667038489,-2.6963280574075514
0.0054133858267716,2834.7965010517446,-2.7064900789833897
0.0054133858267716,2843.2834630630787,7.884224893733126
0.0054133858267716,2832.672609225515,-2.69567543891594
0.0054133858267716,2842.5670630576374,-2.6803875273306734
0.0059055118110236,2834.0884008852895,-2.6674621759667962
0.0054133858267716,2829.840774719331,-2.6623507280016123
0.0054133858267716,2847.5228509839226,-2.7113387278613788
0.0054133858267716,2843.27468656909,-2.7029213298162422
0.0054133858267716,2834.796048735118,-2.6478008451340367
0.0054133858267716,2843.274563188831,-2.6640749457067785
0.0054133858267716,2834.088090848147,-2.594943506004086
0.0054133858267716,2831.9645230906685,-2.674872936554221
0.0054133858267716,2828.4247293084923,-2.6551571406591385
0.0054133858267716,2830.5486086915794,-2.6704290407550046
0.0059055118110236,2834.0884986856368,-2.7077011484092877
0.0054133858267716,2818.539267376819,7.8711467075680694
0.0054133858267716,2848.23079982099,-2.7040448317545627
0.0054133858267716,2845.398652162702,-2.6593794070439527
0.0059055118110236,2830.5483320990334,-2.63735216724059
0.0054133858267716,2834.088673941906,-2.7021561806104075
0.0054133858267716,2842.566772364926,-2.688050773452431
0.0054133858267716,2829.840804868523,-2.647424170309575
0.0054133858267716,2830.5487546673126,-2.663263103067186
0.0054133858267716,2847.522692215118,-2.6605213774475547
0.0059055118110236,2829.8406723987555,-2.644388786687819
0.0054133858267716,2834.7964451282646,-2.6984985313409484
0.0059055118110236,2828.424721462514,-2.646024236874204
0.0054133858267716,2834.796519599687,-2.719062001116247
0.0054133858267716,2834.796255942617,-2.696802852001706
0.0054133858267716,2834.0886792350766,-2.707091652944403
0.0054133858267716,2843.283525732803,7.875755186859278
0.0054133858267716,2843.2750798007005,-2.6949758839643096
0.0054133858267716,2832.6722353881496,-2.665637437062314
0.0054133858267716,2834.0886792350766,-2.707091652944403
0.0054133858267716,2829.8406429569986,-2.66020026146565
0.0059055118110236,2846.1063247727493,-2.6350757947109615
0.0054133858267716,2847.5243550891487,-0.9388932517319802
0.0059055118110236,2831.96453056907,-2.6376699712396556
0.0054133858267716,2846.1088364061884,-0.014588275132438273
0.0054133858267716,2848.230733955471,-2.670657421835689
0.0054133858267716,2842.567029932244,-2.653304895500719
0.0054133858267716,2834.8050552679465,7.870178319735917
0.0054133858267716,2847.5226874370665,-2.692699880261179
0.0054133858267716,2834.7966378828282,-2.690793829623058
0.0054133858267716,2843.9917006039764,7.859241649863787
0.0054133858267716,2848.2392470501695,7.871380273547841
0.0054133858267716,2846.817511349126,-0.05710214835612915
0.0059055118110236,2819.2466615241183,7.001344645723533
0.0059055118110236,2846.8146282848948,-2.6112562257913323
0.0054133858267716,2847.53126319873,7.877873930839294
0.0054133858267716,2843.274795490818,-2.6627733229535964
0.0054133858267716,2832.6726220676883,-2.681016522030759
0.0054133858267716,2829.1326591411516,-2.6684025079065408
0.0059055118110236,2819.238259877568,-2.639912442561814
0.0059055118110236,2833.3806454686573,-2.6877024982807747
0.0054133858267716,2818.538986458987,7.892902871591403
0.0054133858267716,2846.823548395156,7.867242965005238
0.0054133858267716,2818.5304325656844,-2.6284872756770827
0.0054133858267716,2845.3989940720385,-2.703337744811299
0.0054133858267716,2818.5304325656844,-2.6284872756770827
0.0054133858267716,2834.796613686184,-2.7106231736780466
0.0059055118110236,2818.5304200679643,-2.6405317169239386
0.0054133858267716,2842.5669974876982,-2.7129536267325647
0.0054133858267716,2829.840096327956,-2.6494737883675668
0.0054133858267716,2833.380530600673,-2.701623778476542
0.0054133858267716,2833.380593556073,-2.7078743063870285
0.0054133858267716,2819.946392283692,-2.652470614126682
0.0054133858267716,2843.2745309332918,-2.651972205354282
0.0054133858267716,2817.123487565524,7.8932661832657995
0.0054133858267716,2829.1417287330746,7.885184176524871
0.0054133858267716,2846.114574076167,7.011753987908324
0.0054133858267716,2843.9916952363824,7.8788609329905706
0.0054133858267716,2818.5394019646133,7.888822287466582
0.0054133858267716,2847.524814390526,0.011726751020447592
0.0054133858267716,2819.955315947075,7.88434019301348
0.0054133858267716,2820.654149881925,-2.625724117527131
0.0054133858267716,2846.1113123032787,2.605305321287848
0.0054133858267716,2831.964653081928,-2.690311698800453
0.0054133858267716,2848.230280857342,-2.5853953879936413
0.0054133858267716,2843.2747098184855,-2.6432796517542814
0.0059055118110236,2845.4008102148878,-0.27150519024991965
0.0054133858267716,2842.5757987936977,7.874929375888897
0.0054133858267716,2844.699783218696,7.87644773975368
0.0054133858267716,2848.230728532699,-2.670053742758927
0.0054133858267716,2829.8487919307586,7.005396577779693
0.0059055118110236,2843.2744045588115,-2.6065070358171716
0.0054133858267716,2843.274626295855,-2.6063588963840334
0.0054133858267716,2816.4155517958106,7.8826097260357235
0.0054133858267716,2844.69028821904,-2.6234053265835438
0.0054133858267716,2845.4077024226845,7.865207338621788
0.0054133858267716,2842.5759295543908,7.875730681443585
0.0054133858267716,2848.230664288279,-2.6597664757334365
0.0054133858267716,2829.132623130276,-2.6252561473243574
0.0054133858267716,2831.2565772105618,-2.6621983328898637
0.0054133858267716,2843.274508810571,-2.5828045525525627
0.0054133858267716,2819.95423981208,7.008039570364746
0.0054133858267716,2842.5667530571927,-2.6937199890813255
0.0054133858267716,2843.9830036497465,-2.6767706439789953
0.0054133858267716,2829.840640831223,-2.65402911209213
0.0054133858267716,2831.964832473353,-2.691531048204108
0.0054133858267716,2834.088440630213,-2.6644747212797326
0.0054133858267716,2833.380480669447,-2.6593916359755925
0.0054133858267716,2831.2562962363304,-2.6439584559579434
0.0054133858267716,2834.0880706407193,-2.6218083173634064
0.0054133858267716,2833.3891371673485,7.886911489036558
0.0054133858267716,2842.56700594806,-2.6882078282984687
0.0054133858267716,2847.522606467692,-2.6633809252228384
0.0054133858267716,2844.6905126744127,-2.669172564247877
0.0054133858267716,2831.964199131017,-2.6371446070005278
0.0054133858267716,2834.088197932186,-2.6043994100862045
0.0059055118110236,2834.7964934482548,-2.702848098881803
0.0054133858267716,2834.0973448979216,7.859088048313872
0.0054133858267716,2831.964170046961,-2.653181271074027
0.0054133858267716,2845.4077036106632,7.868268633554054
0.0054133858267716,2816.4154075459664,7.8906231595661795
0.0054133858267716,2843.2750996054565,-2.6888282873752396
0.0054133858267716,2847.522505437659,-2.7028365419235483
0.0054133858267716,2843.9824717172023,-2.6507778113020466
0.0054133858267716,2833.380604192083,-2.6935311399345614
0.0054133858267716,2834.7988365943725,-0.05131981741832696
0.0054133858267716,2842.567141844831,-2.689984430028433
0.0054133858267716,2833.389387698377,7.86130999621348
0.0054133858267716,2843.2749088662945,-2.684248890530482
0.0054133858267716,2843.2748852629074,-2.644723460190174
0.0054133858267716,2847.531520088988,7.871547013469429
0.0054133858267716,2832.681427172085,7.872916983293407
0.0054133858267716,2834.7966231064897,-2.704380063127681
0.0054133858267716,2831.256698821031,-2.6581014840712673
0.0054133858267716,2842.566998723283,-2.6951974136673873
0.0054133858267716,2834.7966240457,-2.6987102431264076
0.0054133858267716,2843.2745323901054,-2.6404277507046237
0.0054133858267716,2843.2749629398727,-2.7074394310720638
0.0059055118110236,2833.380412345516,-2.6536588681212328
0.0059055118110236,2828.4252189644803,-2.6414952260911444
0.0054133858267716,2847.5316332143643,7.8586437439888215
0.0054133858267716,2846.8239762732196,7.851990917544782
0.0054133858267716,2834.796599264941,-2.7055327396458897
0.0054133858267716,2834.0886232172147,-2.6871641910622928
0.0054133858267716,2830.548722969227,-2.6615410635452927
0.0054133858267716,2844.6905678947946,-2.6366150216515565
0.0054133858267716,2842.568932332386,0.009876957542398295
0.0059055118110236,2842.566681250199,-2.677632669552378
0.0054133858267716,2834.088659520663,-2.6970657465782506
0.0054133858267716,2833.3807023211184,-2.6948437986786415
0.0059055118110236,2834.796369701644,-2.6887456257043216
0.0059055118110236,2834.7961194925647,-2.7003717209892026
0.0054133858267716,2834.0886232172147,-2.6871641910622928
0.0054133858267716,2832.6726005176633,-2.6942323148799
0.0054133858267716,2845.4077494514513,7.860109316964042
0.0054133858267716,2829.840670812596,-2.66580511687436
0.0054133858267716,2834.0885655476177,-2.7064541138805276
0.0054133858267716,2844.699346397773,7.8808395328624234
0.0054133858267716,2846.814668919921,-2.6833884129149035
0.0054133858267716,2843.28346191202,7.878262663026423
0.0059055118110236,2834.800573095026,2.157906942298746
0.0054133858267716,2848.9475419957153,7.850781273429581
0.0054133858267716,2834.0882641512235,-2.6833667276470865
0.0054133858267716,2843.2749653700716,-2.702896323723784
0.0054133858267716,2843.274715813522,-2.689927911387793
0.0054133858267716,2842.5664905957588,-2.6928838938027426
0.0054133858267716,2843.2749626165596,-2.7078057514288134
0.0054133858267716,2819.955212504269,7.870145516658852
0.0054133858267716,2846.1071233756797,-2.635879033020755
0.0054133858267716,2834.088696690343,-2.700846607776372
0.0049212598425196,2819.955011653336,7.982573095166731
0.0049212598425196,2843.274992765285,-2.6630042355507717
0.0049212598425196,2834.7965218488052,-2.6941964332662933
0.0049212598425196,2834.796509890359,-2.708576411401681
0.0049212598425196,2834.796248123561,-2.6981304931817562
0.0049212598425196,2848.230294358616,-2.6045562493198746
0.0049212598425196,2834.796806112314,-2.684141387624373
0.0049212598425196,2830.548720883324,-2.6555115826230633
0.0049212598425196,2831.2564890094436,-2.626358046825393
0.0049212598425196,2833.3894380020433,7.943104545178421
0.0049212598425196,2834.7964924350927,-2.714821456569712
0.0049212598425196,2834.7962498457946,-2.698357871185203
0.0049212598425196,2834.0889624800225,-2.7090503926171077
0.0049212598425196,2842.5671340364092,-2.6928520701509835
0.0049212598425196,2830.548519902352,-2.626589652144717
0.0049212598425196,2820.654254195008,-2.673744505005027
0.0049212598425196,2828.4247825051625,-2.617263917096081
0.0049212598425196,2848.231114641386,-2.6832241789116558
0.0049212598425196,2832.681246567495,7.967497702245733
0.0049212598425196,2846.8147406910284,-2.6578216467577183
0.0049212598425196,2834.80514030795,7.953904589969447
0.0049212598425196,2834.7964866905145,-2.7094963138488404
0.0049212598425196,2832.6725553542847,-2.635114154862552
0.0049212598425196,2819.247070460851,7.972520317013417
0.0049212598425196,2829.8406249484756,-2.6555711656437584
0.0049212598425196,2843.2756584109557,-1.7071005440846314
0.0049212598425196,2831.9645132004403,-2.6671450932603458
0.0049212598425196,2833.3809966621166,-2.704472191611821
0.0049212598425196,2843.2749847833056,-2.714825621563436
0.0049212598425196,2843.275063175743,-2.6953123065547397
0.0049212598425196,2842.566746898145,-2.5946993917932963
0.0049212598425196,2834.088476740682,-2.6933685570446917
0.0049212598425196,2830.548715636285,-2.6529527971888927
0.0049212598425196,2830.548715636285,-2.6529527971888927
0.0049212598425196,2832.672368212735,-2.687255136607049
0.0049212598425196,2847.5224172829808,-2.686877808199065
0.0049212598425196,2834.796513807197,-2.7173737597232077
0.0049212598425196,2831.973317851548,7.964956807736708
0.0049212598425196,2829.8407025255615,-2.6698388128553465
0.0049212598425196,2833.3894774533974,7.941441200839046
0.0049212598425196,2833.3801521453433,-2.631434716269594
0.0049212598425196,2830.5485907636476,-2.6542690684138366
0.0049212598425196,2842.566760956597,-2.70147614150089
0.0049212598425196,2834.796592334932,-2.6952084477997684
0.0049212598425196,2834.7964139481,-2.636480140488297
0.0049212598425196,2834.7966322684174,-2.7061000751892226
0.0049212598425196,2816.4156320402967,7.968730167029392
0.0049212598425196,2820.654339866028,-2.639241441057746
0.0049212598425196,2818.538586992639,6.994863553243966
0.0054133858267716,2834.7962345614637,-2.694705914447963
0.0049212598425196,2843.274820382788,-2.6667620662505582
0.0049212598425196,2846.8233743130613,7.957014515101542
0.0049212598425196,2833.380718677559,-2.6961924419262338
0.0049212598425196,2817.8223820854087,-2.6477785842361294
0.0049212598425196,2845.3986081217827,-2.6134270019026893
0.0049212598425196,2829.8407303465237,-2.6487868949790396
0.0049212598425196,2834.7960835809963,-2.6940583649978342
0.0049212598425196,2830.5486934579967,-2.65326982255242
0.0049212598425196,2829.8406543224114,-2.667873610728039
0.0049212598425196,2848.2309502957,-2.687519494059758
0.0049212598425196,2831.964575976451,-2.633209232326471
0.0049212598425196,2834.8053656969787,7.947284747143094
0.0049212598425196,2831.964426353897,-2.693693787833753
0.0049212598425196,2846.8177199852307,1.2250962804523744
0.0049212598425196,2831.2566401928116,-2.6480328500840074
0.0049212598425196,2817.822505108944,-2.635479347513635
0.0049212598425196,2820.654264782504,-2.6444133190330277
0.0049212598425196,2834.7974018399796,-1.7370529318375072
0.0049212598425196,2831.2566149014588,-2.6542428952650514
0.0049212598425196,2820.654384284714,-2.671632554531653
0.0049212598425196,2842.5755982003975,7.978622372765969
0.0049212598425196,2828.424443872374,-2.6379648335799395
0.0049212598425196,2834.7966399800653,-2.706464460928307
0.0049212598425196,2842.567028612887,-2.703966301571346
0.0049212598425196,2845.398972634027,-2.7114319488431446
0.0049212598425196,2828.424722467568,-2.645240677507008
0.0049212598425196,2829.8407038076693,-2.6275359360981536
0.0049212598425196,2819.2384294026147,-2.64837471115138
0.0049212598425196,2834.800350161659,2.165663448711016
0.0049212598425196,2831.2565618353747,-2.6621504890682903
0.0049212598425196,2843.2749172763947,-2.695210714731538
0.0049212598425196,2844.6946535209736,2.149737524458409
0.0049212598425196,2848.2311502880784,-2.6916145649947025
0.0049212598425196,2831.2567405396726,-2.69668536419938
0.0049212598425196,2843.274930693782,-2.656971245956547
0.0049212598425196,2843.274706873557,-2.698625609330866
0.0049212598425196,2820.6546246775843,-2.6587524808293788
0.0049212598425196,2832.6812284411985,7.970706518874062
0.0049212598425196,2834.7966328843145,-2.700796575544699
0.0049212598425196,2843.2746087324003,-2.6629741391119746
0.0049212598425196,2817.8306400014226,6.9906795114027585
0.0049212598425196,2828.4330960415405,6.993847425494239
0.0049212598425196,2845.4074394294976,7.959580141243838
0.0049212598425196,2832.6724160672884,-2.634085734904919
0.0049212598425196,2833.380601873763,-2.7003645586893676
0.0049212598425196,2842.567140939827,-2.6986801933538396
0.0054133858267716,2832.6725009042843,-2.704229099035389
0.0049212598425196,2846.1067841245795,-2.654160061645064
0.0049212598425196,2831.964678287357,-2.7027749355797517
0.0049212598425196,2843.9827071101404,-2.655086072393286
0.0049212598425196,2828.4247684095417,-2.6735966872294212
0.0049212598425196,2834.088655430673,-2.702036090358201
0.0049212598425196,2830.5486511126323,-2.621306416159233
0.0049212598425196,2819.247036600574,7.977682393777236
0.0049212598425196,2828.4338816617706,7.968083583794258
0.0049212598425196,2832.6814999864005,7.953435625171664
0.0054133858267716,2843.277617472468,0.8628362275091424
0.0049212598425196,2828.4248447614655,-2.6450343393761298
0.0049212598425196,2843.2748399306756,-2.625580919918099
0.0049212598425196,2843.2750492562373,-2.686978901508066
0.0049212598425196,2845.3987158080845,-2.6755324005684002
0.0049212598425196,2842.566991911978,-2.6913766091696965
0.0049212598425196,2845.3988072773627,-2.670666756311201
0.0049212598425196,2831.9645365773245,-2.6733908051309547
0.0054133858267716,2842.5694169384624,-0.026786641586080146
0.0049212598425196,2843.2771331101935,0.24520307056430277
0.0054133858267716,2831.965863193034,-0.9239599668477514
0.0049212598425196,2834.0885540304166,-2.6685360185044074
0.0049212598425196,2843.2752869949913,-2.6912263713273807
0.0049212598425196,2831.2565146395996,-2.6617051350474066
0.0049212598425196,2829.132804438004,-2.6538641976707735
0.0049212598425196,2834.088400861249,-2.6551121701582687
0.0049212598425196,2834.088308990664,-2.6952482525333843
0.0049212598425196,2832.6816444972383,7.952909859465194
0.0049212598425196,2842.566889918121,-2.673947319479373
0.0049212598425196,2842.5667499973256,-2.6960373410745073
0.0049212598425196,2843.274706873557,-2.698625609330866
0.0049212598425196,2844.6997470155575,7.953673362465801
0.0049212598425196,2834.7968495807354,-2.6935196449821373
0.0049212598425196,2831.9645351506706,-2.648961292129699
0.0049212598425196,2834.7962600471146,-2.696010939161995
0.0049212598425196,2843.2750756344967,-2.691762358309522
0.0049212598425196,2831.2565659712463,-2.6596908768809637
0.0049212598425196,2846.8233966921334,7.959156079733557
0.0049212598425196,2843.9919003744853,7.9523590316182435
0.0049212598425196,2833.3895986945417,7.957662779545428
0.0049212598425196,2831.265571686976,7.959075216591715
0.0049212598425196,2833.379980129923,-2.5883084073802562
0.0049212598425196,2843.9916636976473,7.967823340068444
0.0049212598425196,2832.681535208159,7.947403663261236
0.0049212598425196,2844.6907735890027,-2.5935363067771386
0.0049212598425196,2834.796471020182,-2.694850616351616
0.0049212598425196,2819.2470574560325,7.977820175086497
0.0049212598425196,2847.5292015880214,5.047750863757618
0.0054133858267716,2831.9660836067333,-0.903062376371613
0.0049212598425196,2819.2470464738676,7.982661911010376
0.0049212598425196,2847.5226169598964,-2.624250492779586
0.0049212598425196,2820.6542566858293,-2.677588950151716
0.0049212598425196,2834.088527956916,-2.712394330422294
0.0049212598425196,2829.840545778561,-2.6610946242602918
0.0049212598425196,2830.548560751911,-2.6591708313432294
0.0049212598425196,2832.672320875599,-2.701018422407356
0.0049212598425196,2830.5568137554737,6.986702524653318
0.0049212598425196,2845.4073983887574,7.965318739159327
0.0049212598425196,2829.8406089587884,-2.653337354557027
0.0049212598425196,2828.424834866884,-2.636582871537601
0.0054133858267716,2829.14102208065,6.995571083145994
0.0049212598425196,2828.424701378619,-2.641423187892075
0.0049212598425196,2831.9645839991435,-2.675901246768687
0.0049212598425196,2845.407665736075,7.945079867719125
0.0054133858267716,2834.088518879108,-2.7112508654225116
0.0049212598425196,2833.380711159733,-2.696930131096933
0.0049212598425196,2831.265239235726,7.963518445958416
0.0049212598425196,2834.088535976304,-2.7044981351102124
0.0049212598425196,2834.8006651803776,2.1479598696733673
0.0049212598425196,2834.088298436734,-2.6770241575673337
0.0054133858267716,2834.7964512295835,-2.6923355855250093
0.0049212598425196,2843.283954486865,7.966408397469803
0.0049212598425196,2842.566643263123,-2.6348479850174646
0.0054133858267716,2842.5667718926343,-2.5932117271714135
0.0049212598425196,2834.0971746113787,7.970809982130618
0.0049212598425196,2845.3988108441617,-2.717520156257508
0.0049212598425196,2848.230750632804,-2.698518989844888
0.0049212598425196,2846.1153963396278,7.9702425833415464
0.0049212598425196,2834.796625558822,-2.70137402689615
0.0049212598425196,2843.274562044437,-2.6112244509330647
0.0049212598425196,2833.3805383317176,-2.691236769957358
0.0049212598425196,2842.575834140945,7.945880637311729
0.0049212598425196,2842.5755640215702,7.972012750628171
0.0049212598425196,2846.8149236539457,-2.7088225895843236
0.0049212598425196,2834.796613251837,-2.710044214097159
0.0049212598425196,2834.088656052292,-2.707822266197551
0.0049212598425196,2831.9644994508076,-2.666420912678313
0.0049212598425196,2819.238460935976,-2.664157046376507
0.0049212598425196,2831.9645802267887,-2.6525484535413835
0.0049212598425196,2834.0885222695406,-2.7030381252153304
0.0049212598425196,2831.9645045703046,-2.6570846475071006
0.0054133858267716,2842.5670324341663,-2.6706329376228717
0.0054133858267716,2842.566772314635,-2.650430790601466
0.0049212598425196,2831.2565347398486,-2.665343915120996
0.0049212598425196,2848.2311533349234,-2.6920395607163834
0.0049212598425196,2834.8056332633123,7.95475993136033
0.0049212598425196,2843.2744627926363,-2.6252316930228288
0.0049212598425196,2829.8404035769254,-2.6506443246302376
0.0049212598425196,2833.3802238376134,-2.67791415098361
0.0049212598425196,2843.2748840507015,-2.6413535702740214
0.0049212598425196,2830.548282294224,-2.645719728153967
0.0054133858267716,2842.5670512823485,-2.6867795383068596
0.0049212598425196,2842.567004224686,-2.693796097452561
0.0049212598425196,2832.6814849170682,7.950030048662978
0.0049212598425196,2828.4247718424335,-2.6399829858236865
0.0049212598425196,2842.567126518584,-2.6935897593216827
0.0049212598425196,2848.230807069198,-2.705406470350016
0.0049212598425196,2834.08854849032,-2.7202359584689657
0.0049212598425196,2829.840681463473,-2.677772188140668
0.0049212598425196,2846.1067457560216,-2.6545230275331835
0.0049212598425196,2829.8410509161436,-2.6742550802747678
0.0049212598425196,2828.4248447614655,-2.6450343393761298
0.0049212598425196,2830.5487358806004,-2.6498105560126533
0.0049212598425196,2819.247047712414,7.971210744179381
0.0049212598425196,2833.380588001941,-2.6759570484855084
0.0049212598425196,2843.9828458520155,-2.699431182935182
0.0049212598425196,2829.8406794189646,-2.6777006002423653
0.0049212598425196,2832.6722166014374,-2.6521848900077813
0.0049212598425196,2829.840615320416,-2.6747097364383143
0.0049212598425196,2831.9641865744757,-2.6425446966427906
0.0049212598425196,2834.7959207148315,-2.6283161205102603
0.0049212598425196,2829.840658628904,-2.667251553082392
0.0049212598425196,2829.840360296195,-2.6506814791053017
0.0049212598425196,2834.7963514074536,-2.6698895832276346
0.0049212598425196,2843.2749087212233,-2.662097878122169
0.0049212598425196,2842.5755866636073,7.968931267750778
0.0049212598425196,2831.964866787739,-2.6649333193016194
0.0049212598425196,2843.274318059486,-2.5983140541197827
0.0049212598425196,2833.3798137361164,-2.6789510854940484
0.0049212598425196,2831.9645802267887,-2.6525484535413835
0.0049212598425196,2830.5486658276996,-2.6481045577421662
0.0049212598425196,2846.814490609757,-2.7025394555556055
0.0049212598425196,2843.2746522794796,-2.610341065871965
0.0049212598425196,2843.2835382343746,7.974106769308593
0.0049212598425196,2831.964580082309,-2.6842849233714055
0.0049212598425196,2834.088655720372,-2.698084700747937
0.0049212598425196,2843.991479220722,7.9687070491611225
0.0049212598425196,2834.7966129199167,-2.7003066486475453
0.0049212598425196,2834.7962168394906,-2.6871914123690237
0.0049212598425196,2831.9641683808386,-2.648050149025371
0.0049212598425196,2846.106701708519,-2.6840136972265447
0.0049212598425196,2829.840652188561,-2.6436553860675645
0.0049212598425196,2829.8406266921143,-2.6627083459177854
0.0054133858267716,2833.3803701536876,-2.6789663179815864
0.0049212598425196,2831.9646508498377,-2.6532619043413623
0.0049212598425196,2819.238429972763,-2.647382163680872
0.0049212598425196,2830.5532719233283,3.124795594675662
0.0049212598425196,2844.691069955215,-2.6614385247071377
0.0049212598425196,2829.840603363922,-2.65624614090269
0.0049212598425196,2831.256594388202,-2.6811519485710744
0.0049212598425196,2833.3807083725446,-2.7076393831833623
0.0049212598425196,2833.3894501218283,7.950289480023667
0.0049212598425196,2846.823633743265,7.9452629727785125
0.0049212598425196,2833.3805937560583,-2.7033465915051624
0.0049212598425196,2832.672115144552,-2.651246869478613
0.0049212598425196,2831.9644740717113,-2.661382641760742
0.0049212598425196,2829.84030475435,-2.617291519671717
0.0054133858267716,2842.5674609229914,-2.682997225965663
0.0049212598425196,2831.2652895437477,7.972713821394114
0.0049212598425196,2829.1327321868816,-2.6202235541663885
0.0049212598425196,2833.380711159733,-2.696930131096933
0.0049212598425196,2829.841083810738,-2.681229757335101
0.0049212598425196,2846.8147448597947,-2.69781274451476
0.0049212598425196,2845.399507522483,-1.7090355993217914
0.0049212598425196,2843.2835220211773,7.970928997060731
0.0049212598425196,2832.6726994263636,-2.6862739102354634
0.0049212598425196,2819.9461808394944,-2.6493093693028573
0.0049212598425196,2834.7964054686227,-2.6984129529240266
0.0049212598425196,2843.279630862588,3.179829120703662
0.0049212598425196,2834.7962972321,-2.679471604431998
0.0049212598425196,2833.3803290633628,-2.6374297640646898
0.0049212598425196,2842.569405567871,0.20677986870233536
0.0049212598425196,2843.2744867288106,-2.6381726839302364
0.0049212598425196,2846.11395766254,6.035193862417286
0.0049212598425196,2830.548611602869,-2.6738363237595153
0.0049212598425196,2832.672624486349,-2.703389205220956
0.0049212598425196,2847.5227129619325,-2.6745923658305464
0.0049212598425196,2834.796313224115,-2.6755842848261295
0.0049212598425196,2831.965388669945,-1.7065209547446798
0.0049212598425196,2829.8406640146886,-2.6198917366542105
0.0049212598425196,2829.8407265561063,-2.6262263632641183
0.0049212598425196,2820.6542442562436,-2.6517153722474402
0.0054133858267716,2843.274876773237,-2.644341948073407
0.0054133858267716,2833.3829261698484,-0.06599937191682485
0.0054133858267716,2817.122430822607,7.009103274822842
0.0049212598425196,2831.2567255309277,-2.675544442466919
0.0049212598425196,2848.2310345976894,-2.6645476919613897
0.0049212598425196,2834.0886833506693,-2.7032499655581907
0.0049212598425196,2843.274765799378,-2.678687712487803
0.0049212598425196,2846.1158210723197,7.940624241211428
0.0049212598425196,2829.84059796355,-2.65413295109271
0.0049212598425196,2829.840652508109,-2.667113218431795
0.0049212598425196,2819.238429972763,-2.647382163680872
0.0054133858267716,2843.274719242587,-2.656752121700034
0.0049212598425196,2829.840378029328,-2.643007485004924
0.0049212598425196,2833.380591860924,-2.7170214630988485
0.0049212598425196,2819.238297589789,-2.6527282197945423
0.0049212598425196,2830.548661577362,-2.6287653365272536
0.0049212598425196,2833.3805301992134,-2.6510505984465205
0.0049212598425196,2818.5344672592687,2.1667045130849076
0.0049212598425196,2817.830779288419,6.9896510914451255
0.0049212598425196,2831.964497509282,-2.661983383843568
0.0054133858267716,2831.9647853768315,-2.6802318667306886
0.0049212598425196,2843.274758211195,-2.64340538499002
0.0049212598425196,2834.097433936135,7.942262513978324
0.0049212598425196,2831.256630874282,-2.6849758173756277
0.0049212598425196,2831.2566187769066,-2.6309872844268627
0.0049212598425196,2842.566969314352,-2.662096764257562
0.0049212598425196,2843.2747434029393,-2.6672104025099763
0.0049212598425196,2842.5671506834456,-2.692070762446724
0.0049212598425196,2843.2835754273437,7.958114665929151
0.0049212598425196,2846.1066044061135,-2.6106654424454456
0.0049212598425196,2846.816106271577,-0.702085210014923
0.0049212598425196,2834.796985850066,-2.6808014072788455
0.0049212598425196,2834.0886925241393,-2.6976330821215835
0.0049212598425196,2834.088570230242,-2.697839420252462
0.0049212598425196,2834.796224837112,-2.6864575580880428
0.0049212598425196,2843.2748152545187,-2.6559244670383944
0.0049212598425196,2843.2749692932175,-2.708786601721679
0.0049212598425196,2817.8314081453027,7.968231659424425
0.0049212598425196,2846.8148755628436,-2.7050453000993
0.0049212598425196,2842.567113879678,-2.692522381073078
0.0049212598425196,2834.796147005271,-2.6979307306302514
0.0049212598425196,2819.9462676420467,-2.6685988504649525
0.0049212598425196,2820.6543066968993,-2.6655084981496695
0.0049212598425196,2843.2745438236175,-2.664836721469908
0.0049212598425196,2831.2564576583445,-2.630662335971083
0.0049212598425196,2846.82335415633,7.9573442041794475
0.0049212598425196,2846.1066801629822,-2.6686422770259917
0.0049212598425196,2831.9644251598656,-2.6359840411924473
0.0049212598425196,2842.5671506834456,-2.692070762446724
0.0049212598425196,2834.088515647895,-2.704902404403596
0.0049212598425196,2845.4012190240546,0.25199661010207547
0.0049212598425196,2819.955714684771,7.961973737014649
0.0049212598425196,2834.097384802032,7.949242264351083
0.0049212598425196,2848.2334701939008,0.24967235854474767
0.0049212598425196,2846.115433723496,7.968610373210324
0.0049212598425196,2817.1235648361017,7.97656464676639
0.0049212598425196,2832.68148854546,7.967314295015844
0.0049212598425196,2834.8050961482722,7.976560067868189
0.0049212598425196,2846.8194541192156,3.1345499242967954
0.0049212598425196,2834.088545882926,-2.69350752161937
0.0049212598425196,2846.8233791381076,7.975801018913876
0.0049212598425196,2834.0883146416613,-2.63162154628134
0.0049212598425196,2845.4076755657925,7.9556849282129125
0.0049212598425196,2833.381087381458,-2.684728098734796
0.0049212598425196,2834.0974218156603,7.954593528487858
0.0054133858267716,2834.089865448778,-0.8928087871516037
0.0054133858267716,2834.7987807532913,-0.05135712303772859
0.0049212598425196,2848.2355403499378,3.1073538621865637
0.0049212598425196,2829.8410602048716,-2.660061777730114
0.0049212598425196,2831.9645267256574,-2.641382745073095
0.0049212598425196,2846.8233746267306,7.969867622385558
0.0049212598425196,2831.2566943987504,-2.637844525948542
0.0049212598425196,2834.798479087973,0.24504758043145888
0.0049212598425196,2843.2745540565193,-2.6569554042927948
0.0049212598425196,2834.088552451662,-2.7044507857772424
0.0049212598425196,2832.674113737683,-0.7386486634408151
0.0049212598425196,2834.089048798391,-2.6865487019541896
0.0049212598425196,2843.283826770195,7.966805738415687
0.0054133858267716,2846.814429226702,-2.596107713010727
0.0049212598425196,2817.831390763054,7.97484358228635
0.0049212598425196,2843.990870663491,6.993145078083487
0.0049212598425196,2816.415610610465,7.981608572159076
0.0049212598425196,2831.9732888626813,7.973690968456891
0.0049212598425196,2843.2838148507526,7.963590691701744
0.0049212598425196,2842.5672883976586,-2.634318877378293
0.0049212598425196,2833.389193981802,7.968435923982324
0.0049212598425196,2817.8313917403657,7.973677074425066
0.0049212598425196,2848.2308459084848,-2.6634798787823972
0.0049212598425196,2843.9915114850464,7.980892990535409
0.0049212598425196,2848.9475107452263,7.945968429833928
0.0049212598425196,2831.9735780086144,7.949625611160844
0.0049212598425196,2829.840659847369,-2.66264850144675
0.0049212598425196,2832.672393818205,-2.666700974205401
0.0049212598425196,2830.548598801351,-2.6627011974611285
0.0054133858267716,2842.5670654033825,-2.6764227225931054
0.0049212598425196,2831.256582340317,-2.6555632474327
0.0049212598425196,2834.7966452732358,-2.7113999332623027
0.0049212598425196,2820.654106579709,-2.6365633764687137
0.0049212598425196,2820.6542741805897,-2.6737723849785247
0.0054133858267716,2834.0884772021577,-2.686204882455708
0.0049212598425196,2817.831109503928,7.9812452604846795
0.0049212598425196,2847.5228766274568,-2.706414168239941
0.0054133858267716,2834.088696690343,-2.700846607776372
0.0049212598425196,2831.9644373579836,-2.6278560694220037
0.0049212598425196,2830.5482472368203,-2.6114511232553355
0.0049212598425196,2819.247424497729,7.966156585542955
0.0049212598425196,2828.4248182520223,-2.637381265630629
0.0049212598425196,2831.2567060879487,-2.5930987105893366
0.0054133858267716,2819.2450168893583,5.240048176540573
0.0049212598425196,2842.575851088083,7.958436589966927
0.0049212598425196,2829.1328399969307,-2.6297699693995122
0.0054133858267716,2834.0881739175866,-2.668518358337949
0.0049212598425196,2834.796237127814,-2.6949583884691912
0.0049212598425196,2831.2565406678787,-2.6615071782297637
0.0049212598425196,2846.8148308535697,-2.6846735859723845
0.0049212598425196,2829.1323878009384,-2.6288494560283846
0.0049212598425196,2829.8406260537668,-2.656076905402955
0.0054133858267716,2834.088288033967,-2.7031664635974555
0.0049212598425196,2828.4247416166822,-2.6516666486314975
0.0049212598425196,2819.245503056293,6.032748169738782
0.0049212598425196,2819.955401614333,7.9698569549303855
0.0049212598425196,2843.9824868670057,-2.641164462131224
0.0054133858267716,2819.95462606469,6.997365350832345
0.0049212598425196,2847.5228965445162,-2.700491850952903
0.0049212598425196,2834.796499939887,-2.7081203481794787
0.0049212598425196,2842.5667617178883,-2.6655141021009623
0.0049212598425196,2834.0886318098333,-2.6863779522770677
0.0049212598425196,2834.0886895218982,-2.6906582141417412
0.0049212598425196,2829.1328087023876,-2.633671988388781
0.0049212598425196,2831.9643471938143,-2.633211548352958
0.0049212598425196,2833.381407650044,-1.7243017851709468
0.0049212598425196,2831.2560364435235,-2.641440501861811
0.0049212598425196,2830.5486996292257,-2.6406780711359703
0.0049212598425196,2834.805384437977,7.951767901511488
0.0049212598425196,2843.2753936238128,-2.6702032590833102
0.0049212598425196,2843.991522820371,7.968578142274112
0.0049212598425196,2831.964659297081,-2.6873703015090746
0.0049212598425196,2834.7965742575616,-2.6934827667064316
0.0049212598425196,2831.964504477524,-2.6654906433317596
0.0049212598425196,2828.4341359045634,7.964498203838899
0.0049212598425196,2834.796509890359,-2.708576411401681
0.0049212598425196,2834.8015606770578,3.1507228761066286
0.0049212598425196,2843.2750649472637,-2.676426214977037
0.0049212598425196,2832.6726047281863,-2.6867910470261207
0.0049212598425196,2843.991882947639,7.951746592574857
0.0049212598425196,2834.7965094657206,-2.6664503250410183
0.0049212598425196,2832.681641494997,7.959884727445036
0.0049212598425196,2834.7963520653257,-2.652815418881784
0.0049212598425196,2847.5228965445162,-2.700491850952903
0.0054133858267716,2846.8178622088585,0.8306760181399947
0.0049212598425196,2832.6726519365207,-2.694154392018754
0.0049212598425196,2843.991515201172,7.977963095627569
0.0044291338582677,2842.567161487763,-2.6946211349203892
0.0044291338582677,2834.8051949613537,8.079004158013827
0.0044291338582677,2846.1068128582147,-2.6424153844184106
0.0044291338582677,2834.7963733991896,-2.664867714342427
0.0044291338582677,2829.132821280359,-2.6294923824186074
0.0044291338582677,2834.797411267608,-1.6145378299034
0.0044291338582677,2832.681596530087,8.068502621655659
0.0044291338582677,2830.5487739406235,-2.6605365889829535
0.0049212598425196,2842.5676858404186,-1.7001544713768122
0.0044291338582677,2843.275172825888,-2.6100538663366044
0.0044291338582677,2834.796614968217,-2.6954589658328585
0.0044291338582677,2834.796583881557,-2.683348376296463
0.0044291338582677,2820.663326873556,8.060734061172596
0.0044291338582677,2843.274651984391,-2.6069893996621905
0.0044291338582677,2842.5757308540246,8.081634440082812
0.0044291338582677,2847.529792793262,5.926668219416551
0.0049212598425196,2843.2749246612966,-2.6503645067466275
0.0049212598425196,2834.796460622298,-2.691925221145502
0.0049212598425196,2833.3805755539342,-2.687293039124915
0.0049212598425196,2832.67277812505,-2.6931891863223663
0.0044291338582677,2843.2840555724456,8.064695667767298
0.0044291338582677,2834.796527633471,-2.707603668744734
0.0044291338582677,2843.2837966969723,8.071316877882717
0.0044291338582677,2831.964246019236,-2.6361718982792914
0.0049212598425196,2828.424854505084,-2.6384249084690143
0.0044291338582677,2819.9464362667995,-2.6626070215570214
0.0044291338582677,2833.3805680844116,-2.696549737256545
0.0044291338582677,2833.389700948379,8.056194341882735
0.0044291338582677,2833.389700948379,8.056194341882735
0.0044291338582677,2833.389700948379,8.056194341882735
0.0044291338582677,2843.274627215246,-2.676745173331405
0.0044291338582677,2848.23031449843,-2.662566663804968
0.0044291338582677,2846.106797986657,-2.649674773008575
0.0044291338582677,2834.0972767823355,8.06058234764109
0.0049212598425196,2846.8187825314963,2.1857675950040796
0.0044291338582677,2831.9644419686,-2.666545851811657
0.0044291338582677,2834.0885084677634,-2.7053479269263594
0.0044291338582677,2843.9920262558703,8.043545914617658
0.0044291338582677,2842.5689574386965,-0.5444389573857207
0.0044291338582677,2834.7963065462345,-2.6640303143472663
0.0044291338582677,2843.9919837283333,8.060454342403084
0.0049212598425196,2819.2382993129086,-2.650486661624754
0.0044291338582677,2834.097641500887,8.053191086278867
0.0044291338582677,2833.3805179584606,-2.6823825817468916
0.0044291338582677,2834.088682870949,-2.6994536317834363
0.0044291338582677,2831.2656697703155,8.064337354869052
0.0049212598425196,2833.3806091360652,-2.6963763399183622
0.0044291338582677,2819.2383029192847,-2.6367718714719985
0.0044291338582677,2832.6729038522694,-2.6709484339142664
0.0044291338582677,2830.5484855031686,-2.656917877257981
0.0044291338582677,2830.548761857466,-2.670867360725631
0.0049212598425196,2818.5303392849532,-2.6500005321357376
0.0049212598425196,2842.566682920146,-2.6691636325094454
0.0044291338582677,2843.2750920585704,-2.7087050114246356
0.0044291338582677,2819.238423030233,-2.645092184773001
0.0044291338582677,2848.230737731113,-2.690088716081421
0.0044291338582677,2844.698983602577,6.994812258957073
0.0044291338582677,2848.230719767592,-2.7227634679509722
0.0044291338582677,2848.230687294109,-2.721788027439977
0.0044291338582677,2845.3986745866296,-2.6779840990869976
0.0044291338582677,2846.1068324968023,-2.7182688201963576
0.0044291338582677,2846.8154308149506,-1.6235041534127683
0.0044291338582677,2846.814411625606,-2.673416371199419
0.0044291338582677,2829.8407723086743,-2.644306081734665
0.0044291338582677,2832.674701190109,-0.5230498942036512
0.0044291338582677,2844.6998307637527,8.068021564361965
0.0044291338582677,2832.6771804730392,2.7112535705271172
0.0049212598425196,2834.7965835866057,-2.687996221099914
0.0044291338582677,2829.1326972083507,-2.6378767113178374
0.0044291338582677,2843.2839015673435,8.068079262033804
0.0044291338582677,2818.5395798758113,8.0801666680837
0.0049212598425196,2845.398713856993,-2.6406830149042895
0.0049212598425196,2828.4248315857835,-2.6373723577762105
0.0049212598425196,2843.2746613106733,-2.5908863741378556
0.0044291338582677,2817.831623092894,8.082426814637195
0.0044291338582677,2842.575711419055,8.079897355879993
0.0044291338582677,2834.092136018422,1.6116929462587049
0.0049212598425196,2847.526909580679,2.1409518598385753
0.0044291338582677,2843.2775223521658,0.5562939786720335
0.0044291338582677,2844.6999472323564,8.062977769052575
0.0044291338582677,2843.992004346977,8.070052266924293
0.0044291338582677,2843.2836686185997,8.077675407980385
0.0044291338582677,2846.108559274209,-0.5192823615575644
0.0044291338582677,2843.991861189663,8.068012891609259
0.0044291338582677,2848.2306983622357,-2.7038181573519426
0.0049212598425196,2847.5235650072527,-1.7061554017194873
0.0044291338582677,2843.27505139781,-2.6836888168923556
0.0044291338582677,2829.1417782546223,8.065080881280839
0.0044291338582677,2847.522660646616,-2.658577303083063
0.0044291338582677,2843.274844059718,-2.6803093192120975
0.0044291338582677,2846.1067846052133,-2.651764760125615
0.0044291338582677,2844.699803479957,8.05166695114658
0.0044291338582677,2834.7964181889884,-2.7061624502609183
0.0044291338582677,2846.820148356861,3.7436986834074184
0.0044291338582677,2842.5666991694566,-2.5770458685479767
0.0044291338582677,2831.2566792341977,-2.6439144018015344
0.0044291338582677,2831.964673921433,-2.6749548610779987
0.0044291338582677,2843.9829325641103,-2.6819245844010626
0.0044291338582677,2843.9915795066004,8.06638331754197
0.0044291338582677,2831.9642166535436,-2.6365547916673084
0.0044291338582677,2843.9915629898965,8.06911663746635
0.0044291338582677,2832.6725890961748,-2.6970731289164434
0.0049212598425196,2843.274468199208,-2.655735859248341
0.0044291338582677,2831.2563031915997,-2.6600401458493295
0.0049212598425196,2842.567093294693,-2.687424180225302
0.0049212598425196,2842.567133228179,-2.698315807614755
0.0044291338582677,2833.380705275283,-2.689526053993915
0.0049212598425196,2834.088487020136,-2.69361654078905
0.0049212598425196,2820.653950781542,-2.6300300255982423
0.0044291338582677,2831.9643945677544,-2.6574613137405185
0.0044291338582677,2834.79648397507,-2.7093084044201188
0.0044291338582677,2834.796605945654,-2.70946838664599
0.0044291338582677,2845.4006638441415,-0.5235003724296925
0.0044291338582677,2831.9646821684837,-2.6775722361986203
0.0049212598425196,2828.4246840194355,-2.6438184278446233
0.0044291338582677,2847.5241726857953,-0.5243490591795664
0.0049212598425196,2843.2747796051763,-2.647118113721583
0.0049212598425196,2832.6726247086117,-2.6955671421607232
0.0049212598425196,2834.0886925241393,-2.6976330821215835
0.0049212598425196,2843.2750904277236,-2.700537755514364
0.0044291338582677,2842.5760070181504,8.054028517454027
0.0044291338582677,2843.274684512048,-2.6637489047347604
0.0044291338582677,2831.964571346318,-2.6501264300196983
0.0044291338582677,2845.407481485454,8.070116781739147
0.0049212598425196,2833.3804852030257,-2.6790329225368144
0.0044291338582677,2843.991975968223,8.062022101241336
0.0044291338582677,2847.5224795549516,-2.697016414926195
0.0044291338582677,2829.840638843996,-2.6504968954550514
0.0044291338582677,2834.7966062689675,-2.7091020662892404
0.0044291338582677,2842.5669857709095,-2.7099329652788384
0.0044291338582677,2831.964489994833,-2.650078098738684
0.0044291338582677,2831.2566529274372,-2.655999599431472
0.0044291338582677,2844.6907428316126,-2.676389853873281
0.0044291338582677,2832.672259821148,-2.6557914120491266
0.0044291338582677,2842.5668554689014,-2.674000660986251
0.0044291338582677,2831.2647062691317,7.000918288412436
0.0044291338582677,2832.672433748301,-2.6844181749002356
0.0044291338582677,2829.8406601926904,-2.673228548288005
0.0044291338582677,2834.088961175113,-2.7175753975851293
0.0049212598425196,2829.132774900861,-2.641098474994977
0.0044291338582677,2843.983703916722,-1.5667814190289648
0.0044291338582677,2830.54853376094,-2.653622607896711
0.0044291338582677,2843.274762377812,-2.659795031946256
0.0044291338582677,2843.274367565915,-2.6819461052407134
0.0044291338582677,2834.0884267109886,-2.686019104651659
0.0044291338582677,2834.796260650112,-2.7009082436588674
0.0044291338582677,2834.7965995107684,-2.691084994964277
0.0044291338582677,2830.5487227880412,-2.6599354638126256
0.0049212598425196,2834.7966009988777,-2.693892043794437
0.0044291338582677,2830.548560821089,-2.659780420177473
0.0044291338582677,2832.672372980108,-2.6906728366830777
0.0044291338582677,2829.8406036215442,-2.6575584722778647
0.0044291338582677,2819.95437894919,6.994051915471414
0.0049212598425196,2829.132668472745,-2.6520966036302127
0.0044291338582677,2819.946426523181,-2.669216452464137
0.0049212598425196,2834.088672867272,-2.6946897869418125
0.0044291338582677,2832.6727647645057,-2.697258555670989
0.0044291338582677,2834.7966363631394,-2.7039243993698143
0.0044291338582677,2844.690674221003,-2.6655543038004432
0.0044291338582677,2829.8407123865895,-2.6445279645694777
0.0044291338582677,2843.274707151232,-2.7018882147069254
0.0049212598425196,2842.5670432942766,-2.683508304099713
0.0044291338582677,2846.8146172972856,-2.674334631890366
0.0044291338582677,2834.0885592946374,-2.72278633094263
0.0044291338582677,2843.274868670794,-2.689117923140653
0.0044291338582677,2829.1327950184805,-2.644966308367867
0.0044291338582677,2831.256524371988,-2.6638106946730877
0.0044291338582677,2833.380428977591,-2.6591470227657674
0.0049212598425196,2819.2380303071595,-2.64185048146044
0.0044291338582677,2829.8406469392608,-2.6667015238890093
0.0044291338582677,2846.8148246869155,-2.689550054384049
0.0044291338582677,2831.256601212502,-2.6842829094457494
0.0044291338582677,2830.548596555097,-2.652866633218452
0.0044291338582677,2848.230827826399,-2.7181973806529434
0.0044291338582677,2831.9648219862042,-2.7001270418035377
0.0044291338582677,2828.424884682487,-2.6636541327892775
0.0044291338582677,2831.265644381762,8.050740598407053
0.0049212598425196,2834.0886827805207,-2.704242513028699
0.0044291338582677,2846.81491342731,-2.713753484853726
0.0049212598425196,2834.796623140696,-2.7074060064518144
0.0044291338582677,2830.5486023239064,-2.6543682476340114
0.0044291338582677,2831.96464333716,-2.6519644729039986
0.0044291338582677,2831.964490040251,-2.672335440583737
0.0049212598425196,2856.714828416689,4.110250399846163
0.0044291338582677,2833.380148784549,-2.5812570682637954
0.0044291338582677,2819.243073071927,2.669135938980655
0.0049212598425196,2842.566888560037,-2.685550460880351
0.0044291338582677,2846.11460237164,6.986696877527348
0.0049212598425196,2819.94635954201,-2.6444388467702273
0.0044291338582677,2833.3804138411665,-2.65999895669469
0.0044291338582677,2846.8146329128786,-2.668898596968533
0.0044291338582677,2819.949773271311,1.6489577143851535
0.0044291338582677,2834.7962581302822,-2.7076846020616925
0.0044291338582677,2834.796478596765,-2.6655434447966146
0.0044291338582677,2834.088247696101,-2.5812211994149523
0.0044291338582677,2842.566789539494,-2.6974151484497746
0.0044291338582677,2834.7965103299416,-2.7042745693462704
0.0044291338582677,2831.256545306123,-2.6617407295428084
0.0044291338582677,2829.8407159132043,-2.6803377674085036
0.0044291338582677,2834.088434291063,-2.700955497960181
0.0044291338582677,2819.946449271618,-2.6679068796301015
0.0044291338582677,2842.5668196778083,-2.6627502621241343
0.0044291338582677,2829.849800173053,8.054912260738654
0.0044291338582677,2819.946449271618,-2.6679068796301015
0.0044291338582677,2843.987957894476,3.8170984431973465
0.0044291338582677,2842.567039879067,-2.716280758790486
0.0044291338582677,2832.672656880075,-2.698999054806099
0.0044291338582677,2830.5486574215906,-2.677398005891334
0.0044291338582677,2845.398828467417,-2.6718419058691647
0.0044291338582677,2847.5278402936265,3.7549455187225758
0.0044291338582677,2833.3803145854504,-2.6858329659374602
0.0044291338582677,2829.8405101429003,-2.6515697629864006
0.0049212598425196,2834.7964199212115,-2.6976851993420046
0.0044291338582677,2842.566800948049,-2.612871800594681
0.0044291338582677,2846.106730225427,-2.6924956691927164
0.0044291338582677,2832.6815771211564,8.056269396881452
0.0044291338582677,2834.0885453901833,-2.7088839194289163
0.0044291338582677,2843.2747244279817,-2.6550199030242716
0.0044291338582677,2833.380603129484,-2.680454740020346
0.0044291338582677,2829.84058291275,-2.6532089865931088
0.0044291338582677,2845.398432821273,-2.6095698956970534
0.0044291338582677,2843.274414694944,-2.6237047538026435
0.0044291338582677,2842.5667476463314,-2.692296040936151
0.0044291338582677,2843.2747828283173,-2.653376603600425
0.0044291338582677,2847.522609573723,-2.684636944691993
0.0044291338582677,2845.407531083142,8.063980277911735
0.0044291338582677,2817.8316445227256,8.069548409507512
0.0044291338582677,2846.8147198732872,-2.6538582249465104
0.0044291338582677,2833.380619061253,-2.7100790684243785
0.0044291338582677,2848.2312347026173,-2.720135453751539
0.0049212598425196,2847.5240804178816,-0.7625025248305828
0.0044291338582677,2834.0886988780085,-2.7117283578363587
0.0044291338582677,2830.5550114887196,4.843706540951292
0.0044291338582677,2846.1155395341902,8.066792219749374
0.0044291338582677,2833.3893191966827,8.066004794806137
0.0044291338582677,2843.274994443922,-2.7060897935465373
0.0044291338582677,2831.964694971049,-2.7093721709799805
0.0044291338582677,2831.96464057239,-2.654586434312658
0.0049212598425196,2834.0885313052718,-2.7080347582454762
0.0044291338582677,2848.2305441670383,-2.6816543160402078
0.0044291338582677,2842.5670060394104,-2.692219211537031
0.0049212598425196,2834.089476539529,-1.7315681946444486
0.0044291338582677,2818.538327648326,7.0037654460999255
0.0044291338582677,2847.5226306958657,-2.6768715647526022
0.0044291338582677,2834.7965892860116,-2.6918244925481494
0.0044291338582677,2834.088289202598,-2.688986311233861
0.0044291338582677,2844.69083455194,-2.709059771270275
0.0044291338582677,2844.690842688256,-2.7051226302600764
0.0044291338582677,2842.566757705542,-2.597250601047958
0.0044291338582677,2831.964587511838,-2.687003611107329
0.0044291338582677,2829.1327523623054,-2.6763074929128887
0.0044291338582677,2846.106604970891,-2.7087465197848384
0.0049212598425196,2832.677559176151,3.1285532244562875
0.0049212598425196,2834.7962794976493,-2.702876421554024
0.0044291338582677,2842.5668276268398,-2.607293777543268
0.0049212598425196,2834.7966452732358,-2.7113999332623027
0.0044291338582677,2834.805233595772,8.06156089900692
0.0049212598425196,2831.9646604398117,-2.693175189618652
0.0044291338582677,2832.681634459755,8.052910093578385
0.0044291338582677,2829.8406621039894,-2.6493351124848084
0.0044291338582677,2842.576005849894,8.053784225414214
0.0044291338582677,2831.964528837393,-2.654601752723423
0.0044291338582677,2832.6817388193244,8.060499333718184
0.0044291338582677,2830.557730236923,8.05595078371072
0.0044291338582677,2831.2644070738606,7.013894913304379
0.0044291338582677,2832.6725386360163,-2.655479935977935
0.0044291338582677,2846.8189030685844,1.589202482162252
0.0044291338582677,2843.2747290579787,-2.6585001276888565
0.0044291338582677,2830.548719988422,-2.6444889647488528
0.0044291338582677,2820.6543539556455,-2.6652823964961554
0.0044291338582677,2847.5277093619593,3.793080224287339
0.0044291338582677,2844.6997104226657,8.069045040710519
0.0044291338582677,2819.9464166285993,-2.660764984625608
0.0049212598425196,2828.424834866884,-2.636582871537601
0.0044291338582677,2847.525167984822,0.5667939633340944
0.0044291338582677,2848.2325326806367,-0.5330907844160698
0.0044291338582677,2820.6634739969327,8.06891181045676
0.0044291338582677,2834.0975136370857,8.054498159689595
0.0044291338582677,2831.2567145042094,-2.6678913679309906
0.0044291338582677,2844.6906778782954,-2.6668527331804275
0.0044291338582677,2832.68159119825,8.057873489659205
0.0044291338582677,2845.398747654135,-2.642636847889571
0.0044291338582677,2843.2750535362893,-2.684377865130098
0.0044291338582677,2842.566979825124,-2.691537997145976
0.0044291338582677,2843.2750979064863,-2.6964795803649357
0.0044291338582677,2848.2314982429143,-1.618003015013877
0.0044291338582677,2842.5756947759483,8.084537262789254
0.0044291338582677,2832.672519963974,-2.6559089483925815
0.0044291338582677,2834.796205680547,-2.7004491220654483
0.0044291338582677,2846.1064642359925,-2.6728202163669685
0.0044291338582677,2832.672589106167,-2.693077470163539
0.0044291338582677,2830.548539348076,-2.6659291650520913
0.0044291338582677,2832.6724164876673,-2.665231885970794
0.0044291338582677,2831.256676243034,-2.6412910571658617
0.0049212598425196,2817.830613792839,6.993343583168712
0.0044291338582677,2817.8316217742886,8.068238836673476
0.0044291338582677,2847.531829750638,8.047623303182311
0.0044291338582677,2834.79650929859,-2.7139701924870296
0.0044291338582677,2843.274645539388,-2.608487305485244
0.0044291338582677,2842.566794592013,-2.6402344677291527
0.0044291338582677,2829.132803447474,-2.660842112248897
0.0044291338582677,2834.8054855235578,8.050055171808982
0.0044291338582677,2834.796261196229,-2.5934899653813144
0.0044291338582677,2843.2747176778744,-2.7011759818045302
0.0049212598425196,2818.530361269626,-2.649785091166992
0.0044291338582677,2831.265685133239,8.065971649475033
0.0049212598425196,2834.796390789961,-2.6683280315072153
0.0044291338582677,2833.380333861084,-2.707503908000965
0.0044291338582677,2845.3987606623846,-2.7031738376914927
0.0044291338582677,2846.1069644209188,-2.7060993829733317
0.0044291338582677,2817.83163110128,8.074810068926705
0.0044291338582677,2830.548693750996,-2.6452309155941274
0.0044291338582677,2843.274715040953,-2.6979150568274894
0.0044291338582677,2843.2749381593835,-2.6682939198396274
0.0049212598425196,2844.6934604357793,0.2657192242246671
0.0044291338582677,2819.246280647241,7.000515995557375
0.0044291338582677,2843.2780222606943,1.6858454879609335
0.0044291338582677,2843.982745810053,-2.611534004901755
0.0044291338582677,2834.0974922957985,8.046830731683958
0.0044291338582677,2833.380593638151,-2.6995688730451333
0.0044291338582677,2829.842468483195,-0.5037085998160713
0.0044291338582677,2818.5387146259513,6.992001621461312
0.0044291338582677,2831.256409592968,-2.6288981722164784
0.0044291338582677,2830.551316943558,0.5593664610195679
0.0044291338582677,2818.539568662625,8.07443015795851
0.0044291338582677,2846.106127016244,-2.572512747531442
0.0044291338582677,2846.1079786552054,-1.6004045551939337
0.0044291338582677,2844.6906738810785,-2.6537363388569557
0.0044291338582677,2833.3894174187344,8.062916597114361
0.0044291338582677,2830.548757304665,-2.6656694200313824
0.0044291338582677,2834.796003564458,-2.6868413830726725
0.0044291338582677,2833.389663854912,8.051791333646117
0.0044291338582677,2820.663440356069,8.065358504697961
0.0049212598425196,2819.9462479489193,-2.644883845275012
0.0044291338582677,2830.5483661264097,-2.654933098035711
0.0044291338582677,2834.8054474933083,8.046546132292212
0.0044291338582677,2843.274803990938,-2.644882738745624
0.0044291338582677,2834.0886559560186,-2.6811068713805675
0.0044291338582677,2843.275012491646,-2.6788846975183502
0.0044291338582677,2844.6995600542555,8.07227089126596
0.0044291338582677,2834.7965101782047,-2.713848713912765
0.0049212598425196,2834.088571389633,-2.7058819283288984
0.0049212598425196,2842.5667499973256,-2.6960373410745073
0.0044291338582677,2842.5667989952226,-2.64829767759046
0.0044291338582677,2834.8052162494682,8.066093996824245
0.0044291338582677,2847.522780531568,-2.687866768181813
0.0044291338582677,2842.566981821293,-2.6922887353658025
0.0044291338582677,2842.575947971945,8.06287883360421
0.0044291338582677,2833.3804521005873,-2.6875365295255285
0.0044291338582677,2830.5483401273364,-2.6566644498018697
0.0044291338582677,2842.566830391531,-2.6532938589304735
0.0049212598425196,2834.796248579453,-2.688307990127393
0.0044291338582677,2842.567001964496,-2.7116813297749056
0.0044291338582677,2831.2566867077635,-2.6487499775338823
0.0044291338582677,2831.2562593261064,-2.6379448884853582
0.0044291338582677,2831.2562631574024,-2.6471120972584874
0.0044291338582677,2834.796651354531,-2.708022285931463
0.0044291338582677,2843.9827935303133,-2.675194472107358
0.0044291338582677,2818.5303489957546,-2.6526186371456277
0.0044291338582677,2829.842793268634,-0.5035422257385787
0.0044291338582677,2847.522903670486,-2.7159583257938222
0.0044291338582677,2832.6728990425927,-2.7029287023380464
0.0044291338582677,2831.256724968939,-2.6753502882990112
0.0044291338582677,2829.8407273779812,-2.6486258511311265
0.0044291338582677,2834.7965671080406,-2.7146780565168918
0.0044291338582677,2818.5394456390895,8.062130921236015
0.0044291338582677,2819.247402080399,8.062428195617372
0.0044291338582677,2834.0885604806826,-2.716490283827598
0.0044291338582677,2843.991616289528,8.073035716678634
0.0044291338582677,2843.2748006867764,-2.687870964262418
0.0044291338582677,2847.5226841964177,-2.6645369594580535
0.0044291338582677,2829.8407714218365,-2.656717452274747
0.0044291338582677,2834.0889632606704,-2.7244302489601218
0.0044291338582677,2848.23031637771,-2.618875609289255
0.0044291338582677,2833.3804652550784,-2.681767135803078
0.0049212598425196,2833.3821403230754,-0.767196401048275
0.0044291338582677,2848.2333557235675,0.5270689063498857
0.0049212598425196,2834.796633076648,-2.700636337725451
0.0044291338582677,2848.2308533964647,-2.7133446979610825
0.0044291338582677,2833.389301850379,8.070537892623461
0.0049212598425196,2842.5671340364092,-2.6928520701509835
0.0044291338582677,2834.088549976419,-2.7046518980333145
0.0044291338582677,2834.0976551456824,8.06094726196297
0.0044291338582677,2832.67263648218,-2.7025748517056547
0.0044291338582677,2847.5231541118574,-2.66989183947061
0.0044291338582677,2829.8407648351085,-2.639470506002317
0.0044291338582677,2833.38058925365,-2.6915662505218565
0.0044291338582677,2831.2566730841686,-2.6563292885093777
0.0044291338582677,2834.79622724073,-2.6601593092629754
0.0044291338582677,2834.796260650112,-2.7009082436588674
0.0049212598425196,2829.1327950575924,-2.6414281640728827
0.0044291338582677,2832.681604807901,8.057428643947205
0.0044291338582677,2828.4338304726675,8.076957590788462
0.0044291338582677,2834.097653977426,8.060702969923156
0.0044291338582677,2830.5486552913876,-2.6695245969589454
0.0044291338582677,2843.2840525702045,8.07167053574714
0.0044291338582677,2843.982705934083,-2.648519385974588
0.0044291338582677,2843.2747326848335,-2.6516183764051617
0.0044291338582677,2834.79650323941,-2.717371829043376
0.0044291338582677,2845.401966670461,1.6628015036580415
0.0044291338582677,2842.5671171175654,-2.6825194196855513
0.0044291338582677,2843.982774361082,-2.6567463064126664
0.0044291338582677,2834.0883009201034,-2.703922655219584
0.0044291338582677,2834.7966430727347,-2.7086504476628868
0.0044291338582677,2843.274761419979,-2.6528088349478276
0.0044291338582677,2829.8407019133488,-2.6696446922403005
0.0044291338582677,2834.0887003262155,-2.6932085866154054
0.0044291338582677,2831.9645128267903,-2.6584862756514873
0.0044291338582677,2843.2839139639646,8.06931733179415
0.0044291338582677,2842.569567864029,0.5604738247562302
0.0044291338582677,2833.3895664824718,8.062212325674581
0.0044291338582677,2820.6604530987,4.865461362486406
0.0044291338582677,2834.097516870349,8.058101537758823
0.0044291338582677,2848.9476088285664,8.051230568111265
0.0044291338582677,2843.278094926067,0.561728760450532
0.0044291338582677,2833.389688648178,8.063526788486353
0.0044291338582677,2829.1326907403422,-2.6596477334176836
0.0044291338582677,2829.8405062833194,-2.6186162327456732
0.0044291338582677,2846.8183009810637,1.6248364512104096
0.0044291338582677,2846.10682443578,-2.6610384132858846
0.0044291338582677,2817.122685157871,6.997910589270273
0.0049212598425196,2832.6750613882305,0.21369161050965105
0.0044291338582677,2831.9649383921924,-2.6608185101378306
0.0044291338582677,2834.0894225750235,-1.6264312128642053
0.0044291338582677,2831.9736772602105,8.055132041477993
0.0044291338582677,2833.3805236048916,-2.695167315996849
0.0044291338582677,2834.0975103559854,8.053708673450986
0.0044291338582677,2843.283636189984,8.078532313625505
0.0044291338582677,2843.2750619989583,-2.702412580366704
0.0044291338582677,2842.5673767761223,-2.7031489311169548
0.0044291338582677,2833.3807232096115,-2.6969089560028356
0.0044291338582677,2831.256725717396,-2.6621548578058
0.0044291338582677,2832.6724592040823,-2.6565008645613486
0.0044291338582677,2833.389301850379,8.070537892623461
0.0049212598425196,2834.7964320751717,-2.687101929153858
0.0049212598425196,2844.690468149457,-2.6086312039462203
0.0044291338582677,2831.9643675530106,-2.6370224419658403
0.0044291338582677,2828.4247570836023,-2.6696105284093408
0.0044291338582677,2845.398645550537,-2.6651000043181567
0.0044291338582677,2830.5486167409863,-2.675934950002252
0.0039370078740157,2843.9918360391,8.209815755244598
0.0039370078740157,2831.2566022989604,-2.6750986802144063
0.0039370078740157,2848.230546303698,-2.701761021120403
0.0039370078740157,2829.844364915905,2.1967529339100067
0.0039370078740157,2832.6726189397714,-2.694735357025831
0.0039370078740157,2833.3897855881196,8.187080403259502
0.0039370078740157,2831.9646906412304,-2.671713122009859
0.0044291338582677,2834.796660528001,-2.702405402494856
0.0039370078740157,2846.1157614596927,8.206917776970538
0.0039370078740157,2846.115633795993,8.195854675375559
0.0039370078740157,2831.9645071300097,-2.6796681685303407
0.0039370078740157,2830.5485226211063,-2.648511831629893
0.0039370078740157,2834.0886625765806,-2.710068545939447
0.0039370078740157,2845.3983655759594,-2.5916958033446953
0.0039370078740157,2832.672488132023,-2.6472571586687756
0.0039370078740157,2843.274846957599,-2.669118088744606
0.0044291338582677,2834.796481878957,-2.6542428335953168
0.0039370078740157,2843.2748637233353,-2.683616918360534
0.0039370078740157,2833.3898069131073,8.186995006221409
0.0044291338582677,2848.2307202858738,-2.6770395522565673
0.0039370078740157,2845.3989121706213,-2.6770857811226647
0.0039370078740157,2843.2750624367673,-2.6803838628719068
0.0039370078740157,2834.796487359861,-2.650403767645932
0.0039370078740157,2845.398868193079,-2.6767189573714747
0.0039370078740157,2834.0887138333733,-2.6963970141652203
0.0039370078740157,2834.0886963781068,-2.702642059333251
0.0039370078740157,2834.0885965459333,-2.6754134092501127
0.0039370078740157,2843.9921323815133,8.201030559890464
0.0044291338582677,2832.67235188036,-2.6728188847221546
0.0039370078740157,2819.955622309437,8.206701065250655
0.0044291338582677,2842.5670081357252,-2.699089578358456
0.0039370078740157,2829.840677122033,-2.6744814617160038
0.0044291338582677,2831.9644230769936,-2.6931654693889895
0.0039370078740157,2830.5484907143737,-2.658936626179599
0.0039370078740157,2834.097637193783,8.18066027624993
0.0039370078740157,2817.827262191407,3.3936912274132762
0.0044291338582677,2817.8225011575782,-2.6358127132414357
0.0044291338582677,2818.530332074945,-2.642306099256491
0.0044291338582677,2842.5671448407265,-2.6954024426246486
0.0044291338582677,2846.814515639561,-2.601347291550375
0.0039370078740157,2834.0885777023473,-2.704519765799448
0.0039370078740157,2831.9645214544894,-2.6775107967498832
0.0039370078740157,2842.567552504436,-2.691376512358057
0.0039370078740157,2842.5671575396536,-2.704054607638235
0.0039370078740157,2843.2751147391987,-2.706276555537843
0.0039370078740157,2834.0887168356144,-2.7033718821450625
0.0044291338582677,2842.5671171175654,-2.6825194196855513
0.0039370078740157,2834.088576763137,-2.7101895858007214
0.0039370078740157,2842.575818532879,8.218370397631228
0.0039370078740157,2834.097395306483,8.207654092450888
0.0039370078740157,2834.796430338077,-2.68916009049882
0.0039370078740157,2846.1156444322487,8.20832270201415
0.0039370078740157,2828.4339927106557,8.20578908704751
0.0039370078740157,2848.2306213014945,-2.6856930142846642
0.0039370078740157,2829.850036394164,8.198641761383897
0.0039370078740157,2834.0887168356144,-2.7033718821450625
0.0039370078740157,2842.5665990978127,-2.582642175368216
0.0039370078740157,2842.566758210961,-2.595140007305687
0.0039370078740157,2832.6817365366883,8.18830298755074
0.0039370078740157,2832.6727525204383,-2.6853136613042756
0.0039370078740157,2818.5395906806425,8.199919965357953
0.0039370078740157,2833.389822391887,8.187532021885856
0.0039370078740157,2843.275129192224,-2.69305664238997
0.0039370078740157,2842.566968804043,-2.709290179507515
0.0039370078740157,2834.796674035159,-2.7055938300446707
0.0039370078740157,2828.424505571387,-2.644608776385357
0.0039370078740157,2834.08857927478,-2.6328520237250723
0.0039370078740157,2817.123511043605,8.220832911985799
0.0039370078740157,2845.398516957605,-2.688908875951958
0.0039370078740157,2818.5303735821094,-2.6584628665923273
0.0044291338582677,2834.796589205754,-2.7025319362214058
0.0039370078740157,2846.8149275046158,-2.715949364933033
0.0044291338582677,2834.0897717277435,-1.6092663993260445
0.0039370078740157,2831.2571404684754,-2.680031902523132
0.0039370078740157,2833.380327694306,-2.6065815610241128
0.0039370078740157,2843.9917361269877,8.190850682937258
0.0039370078740157,2830.5490441560823,-2.6834227853086134
0.0044291338582677,2834.7968246408623,-2.6612627976464966
0.0039370078740157,2834.088680687081,-2.71319474586428
0.0039370078740157,2817.8316101471396,8.201497951193508
0.0039370078740157,2831.9645322506603,-2.676698884296379
0.0044291338582677,2842.5671427944953,-2.698198953471576
0.0039370078740157,2844.6905929151617,-2.636296827970303
0.0044291338582677,2831.2566771879665,-2.646710912648462
0.0039370078740157,2830.548620458055,-2.6722532471897114
0.0039370078740157,2828.4248701089728,-2.6504650614767917
0.0039370078740157,2831.9644614820504,-2.657890253949949
0.0039370078740157,2831.9646534413378,-2.6946096056320843
0.0039370078740157,2833.380617756514,-2.712667826472871
0.0039370078740157,2832.672633905018,-2.7140969061787343
0.0039370078740157,2833.3805629620006,-2.6910361122183786
0.0039370078740157,2843.2837800171774,8.203520869898128
0.0039370078740157,2817.831333090455,8.218978927548486
0.0039370078740157,2834.8055741045264,8.188285918951339
0.0039370078740157,2843.991850190447,8.19996616625899
0.0044291338582677,2831.2565419965335,-2.643612151239371
0.0039370078740157,2829.8406721363012,-2.6699340780950123
0.0039370078740157,2831.9737453063476,8.197173710549771
0.0039370078740157,2834.796636462631,-2.6963688911043366
0.0044291338582677,2830.548719043489,-2.6390691092662526
0.0044291338582677,2845.398759220412,-2.6814587202089535
0.0039370078740157,2818.5367664699993,4.560749821849123
0.0039370078740157,2842.566757887648,-2.5955063276624366
0.0039370078740157,2842.566758210961,-2.595140007305687
0.0039370078740157,2845.4076375380205,8.19407248850241
0.0039370078740157,2842.57585646803,8.206241544145904
0.0039370078740157,2834.796541140629,-2.710792096294549
0.0039370078740157,2831.9645648921273,-2.6722256746284807
0.0039370078740157,2846.8149354639045,-2.7121649793222775
0.0039370078740157,2846.1156659570365,8.197523251046821
0.0039370078740157,2842.576221463727,8.184871640532888
0.0039370078740157,2832.6814584652734,8.210097304070542
0.0039370078740157,2819.94631443157,-2.6706136370121825
0.0039370078740157,2843.2748612683235,-2.6892479243532934
0.0039370078740157,2834.796519943952,-2.685061843755917
0.0044291338582677,2831.964807564961,-2.6950366077713808
0.0039370078740157,2831.9734870552716,8.201284221030308
0.0039370078740157,2844.690703649769,-2.658791070494873
0.0039370078740157,2844.691248656268,-2.71131423355427
0.0039370078740157,2831.97262821656,7.004711105639341
0.0039370078740157,2833.380495491382,-2.633643836168263
0.0039370078740157,2829.8407828024633,-2.665591097415073
0.0044291338582677,2843.2749170880893,-2.6585514041827105
0.0039370078740157,2829.840671251113,-2.6743041908646785
0.0039370078740157,2831.264411527251,7.013388520425639
0.0044291338582677,2831.9649315752913,-2.6613106268670603
0.0039370078740157,2832.681683337507,8.187413839635513
0.0039370078740157,2833.389786466677,8.18337330568905
0.0039370078740157,2834.089420281324,-1.4862750399158315
0.0039370078740157,2831.2564719052216,-2.650484920779874
0.0039370078740157,2846.8235748514344,8.194188314499717
0.0039370078740157,2834.097608574324,8.181437070515072
0.0039370078740157,2829.132601446666,-2.6275477050776344
0.0039370078740157,2829.8444724381507,2.169431934309142
0.0039370078740157,2842.566714544296,-2.595909069142875
0.0039370078740157,2828.43368556784,8.21188590751269
0.0039370078740157,2844.6907439552,-2.67842549703387
0.0039370078740157,2842.567071435696,-2.6855884015784945
0.0039370078740157,2831.2569135300273,-2.651285927426705
0.0039370078740157,2834.7964980981246,-2.70719333232541
0.0039370078740157,2828.4242124481516,-2.659126559740177
0.0039370078740157,2834.0880360611354,-2.6273505477606838
0.0039370078740157,2847.531534830798,8.192216148811129
0.0039370078740157,2845.3985536010878,-2.598926135674932
0.0039370078740157,2844.6997920506656,8.204532512412724
0.0039370078740157,2843.284142475401,8.18750157365145
0.0039370078740157,2842.5758073587117,8.205775378071047
0.0044291338582677,2834.7961059999398,-2.61491073087461
0.0039370078740157,2843.27498764156,-2.7134551287648243
0.0039370078740157,2829.1330359733465,-2.6456998859986642
0.0039370078740157,2843.2745376645744,-2.6454162178144753
0.0039370078740157,2832.6762985813925,2.1756870686979255
0.0039370078740157,2829.84080338705,-2.669395729544377
0.0039370078740157,2829.8407193882404,-2.630985564508749
0.0039370078740157,2832.6725877018275,-2.7075349232872044
0.0039370078740157,2831.9646808976117,-2.6783225529169745
0.0039370078740157,2829.84080338705,-2.669395729544377
0.0044291338582677,2843.274030009939,-2.643094673313852
0.0039370078740157,2845.3983258013754,-2.6447770194964986
0.0039370078740157,2830.548544204811,-2.6385535685220285
0.0039370078740157,2831.2565925553417,-2.6817081111215217
0.0039370078740157,2847.5229197235976,-2.7205447395026483
0.0039370078740157,2832.6726579236442,-2.707902915516277
0.0039370078740157,2831.964691226632,-2.70020403901274
0.0039370078740157,2819.9462946171375,-2.663330431623026
0.0039370078740157,2829.840680200761,-2.677335803220607
0.0039370078740157,2834.096955757982,6.984088815127508
0.0039370078740157,2829.8404011310104,-2.6567100160460044
0.0039370078740157,2843.2747623501396,-2.6164631199261574
0.0039370078740157,2820.654383022002,-2.671196169611591
0.0039370078740157,2843.9829740273935,-2.723203234565778
0.0039370078740157,2833.3806825210977,-2.70039008527903
0.0039370078740157,2843.274872025383,-2.683611311075733
0.0039370078740157,2819.238337417593,-2.661108483723418
0.0039370078740157,2818.530513241604,-2.641030798821404
0.0039370078740157,2832.6724280212666,-2.6477511887225225
0.0044291338582677,2829.1326416761535,-2.6430799342025524
0.0039370078740157,2831.9643316294214,-2.626197899910908
0.0039370078740157,2831.964594049018,-2.639672875969131
0.0044291338582677,2843.274936432758,-2.660347445478506
0.0044291338582677,2832.6726516168837,-2.6990025709738603
0.0039370078740157,2847.5267720887064,2.1256421524995637
0.0044291338582677,2834.796623724234,-2.7028570211212095
0.0039370078740157,2834.805435081087,8.195848099899754
0.0039370078740157,2831.964653837463,-2.672164740636213
0.0044291338582677,2842.567124683995,-2.695072753546743
0.0039370078740157,2834.8053063989505,8.19799111049658
0.0044291338582677,2819.9463525994806,-2.6421488678623555
0.0039370078740157,2846.1067692700663,-2.7008677205541414
0.0039370078740157,2848.230876923142,-2.7227666874022565
0.0039370078740157,2831.9646808976117,-2.6783225529169745
0.0044291338582677,2843.276720008686,-0.5491025366778672
0.0039370078740157,2830.5485296876423,-2.6443777902648193
0.0039370078740157,2845.3986957398715,-2.678883930038547
0.0044291338582677,2829.84065060402,-2.653547475412488
0.0039370078740157,2848.230841333557,-2.721385808202758
0.0039370078740157,2831.2565900161862,-2.6810425057666216
0.0039370078740157,2843.274923900176,-2.6913575670480214
0.0044291338582677,2842.5669598421127,-2.6477332708559946
0.0039370078740157,2834.797048072118,-2.714313625312479
0.0039370078740157,2820.654363677617,-2.65619050737503
0.0044291338582677,2834.088634793398,-2.689600736235368
0.0044291338582677,2846.814607958474,-2.6616859491622495
0.0039370078740157,2831.9646537964554,-2.670081031813766
0.0044291338582677,2834.7966062689675,-2.7091020662892404
0.0039370078740157,2834.796345184264,-2.686483432526353
0.0039370078740157,2831.965107830141,-2.679328266962521
0.0039370078740157,2833.380321667121,-2.6919401843226396
0.0044291338582677,2832.672450290267,-2.655968682199075
0.0044291338582677,2846.8145182980707,-2.6471200255951337
0.0044291338582677,2842.5670646585227,-2.7055314521617806
0.0039370078740157,2819.9555134438588,8.193110067972789
0.0039370078740157,2833.380366809182,-2.7035296493478356
0.0044291338582677,2832.672500098853,-2.6608169216458015
0.0039370078740157,2829.840571193585,-2.633076598435302
0.0039370078740157,2846.1068596151235,-2.718931039398661
0.0044291338582677,2833.3802423485054,-2.6821174670204657
0.0039370078740157,2829.8406430210644,-2.6713659445059004
0.0039370078740157,2842.567170221159,-2.7097207860680648
0.0044291338582677,2834.796656077553,-2.713950305735967
0.0039370078740157,2847.5225150920355,-2.606670166742566
0.0039370078740157,2830.548699336222,-2.6318979395743227
0.0039370078740157,2842.567170221159,-2.7097207860680648
0.0039370078740157,2834.796536690181,-2.72233699953566
0.0039370078740157,2833.389713102808,8.182025825681897
0.0039370078740157,2843.2747425045823,-2.697758308639079
0.0039370078740157,2843.2748856296275,-2.6659136303573354
0.0044291338582677,2832.6723060834793,-2.671662156693329
0.0039370078740157,2846.110985987376,2.1397081785368157
0.0039370078740157,2843.27491118441,-2.702862249394862
0.0039370078740157,2831.964537002529,-2.6819131409084487
0.0039370078740157,2829.8406590525406,-2.6734389706136175
0.0044291338582677,2834.0885820430744,-2.7214767581085946
0.0039370078740157,2834.7964035103328,-2.704171432886125
0.0039370078740157,2834.796657388123,-2.70637513774893
0.0039370078740157,2833.380698437407,-2.6945661220967683
0.0039370078740157,2818.5387311009617,6.986170804661
0.0039370078740157,2847.522784301839,-2.6919352102200107
0.0039370078740157,2833.380749892451,-2.7077593651525698
0.0039370078740157,2834.0885723227334,-2.712346811315493
0.0044291338582677,2830.548595449806,-2.6523608934592553
0.0039370078740157,2829.8406861126896,-2.679596782894379
0.0039370078740157,2830.548273285084,-2.639561410100943
0.0039370078740157,2828.424746675648,-2.658842729946391
0.0039370078740157,2830.5485430436333,-2.648424844508961
0.0039370078740157,2842.5671408926178,-2.7048359153424943
0.0039370078740157,2819.238456796353,-2.6510089224051145
0.0039370078740157,2833.3887031036493,7.002585289995885
0.0039370078740157,2820.66346813173,8.188480569204007
0.0044291338582677,2829.1406774034417,6.993008071388781
0.0039370078740157,2834.0885751369624,-2.7188636380396334
0.0039370078740157,2843.9918758348854,8.20284896065306
0.0039370078740157,2834.7965497917735,-2.7148405407712106
0.0039370078740157,2831.2566140635304,-2.6801370882970015
0.0039370078740157,2829.840699664441,-2.6756931924977843
0.0039370078740157,2842.575868304592,8.20069739403301
0.0039370078740157,2848.230858642692,-2.7172427789185654
0.0039370078740157,2833.380330707975,-2.6915080629411534
0.0039370078740157,2834.796279623714,-2.7044225930494363
0.0039370078740157,2843.274701873078,-2.66767194181198
0.0039370078740157,2819.9552483554994,8.207142479434077
0.0039370078740157,2830.548656863986,-2.6779151403973924
0.0044291338582677,2842.5670255712757,-2.7121398646224053
0.0039370078740157,2828.4337460075562,8.201647487604241
0.0044291338582677,2829.132714993521,-2.641973446602408
0.0044291338582677,2831.2563079016627,-2.63768810252292
0.0039370078740157,2830.557872397082,8.188460064061397
0.0044291338582677,2842.567156714001,-2.70653235851825
0.0039370078740157,2829.8408320064073,-2.668263427561667
0.0039370078740157,2834.7966870399773,-2.7108936881177508
0.0039370078740157,2831.256746446504,-2.674791032183331
0.0044291338582677,2833.38056067596,-2.696048047710849
0.0044291338582677,2834.796539242619,-2.7236987060082027
0.0044291338582677,2834.0886988780085,-2.7117283578363587
0.0039370078740157,2829.8406937525133,-2.673432212824012
0.0039370078740157,2833.389696336736,8.189653019730631
0.0039370078740157,2831.9644871211467,-2.643189505902769
0.0039370078740157,2843.2744143619248,-2.6051209310924657
0.0039370078740157,2828.4330110173137,6.982564340036943
0.0039370078740157,2847.525753802798,0.9683118713986789
0.0039370078740157,2843.275127744017,-2.7115764136109233
0.0039370078740157,2829.8407009046896,-2.675954642488269
0.0039370078740157,2834.796237136942,-2.695957283321304
0.0039370078740157,2831.9645813521515,-2.6772193182138175
0.0039370078740157,2834.0885127208194,-2.6604594852198993
0.0039370078740157,2845.407802630596,8.19964313461419
0.0039370078740157,2829.8499271050846,8.193135565179938
0.0039370078740157,2846.1067429029267,-2.6453387664620527
0.0039370078740157,2820.663595516041,8.192204391298125
0.0039370078740157,2847.5234777104524,-1.4839100409082069
0.0039370078740157,2834.0883676300873,-2.670733731111568
0.0039370078740157,2829.848665259337,6.99345164081359
0.0039370078740157,2831.9644210707347,-2.6550501189662867
0.0039370078740157,2843.274467591866,-2.6444309672177053
0.0039370078740157,2856.7086989758354,-2.600926190536503
0.0039370078740157,2843.9919801580304,8.185262098053355
0.0044291338582677,2834.088119309148,-2.6358434765579193
0.0039370078740157,2846.109745175547,0.9917084455570379
0.0039370078740157,2818.5304933245443,-2.6469531161084423
0.0039370078740157,2834.7968386187054,-2.6638383916557506
0.0039370078740157,2831.256481854543,-2.6305879192521484
0.0039370078740157,2832.6730407059886,-2.707435698401575
0.0039370078740157,2831.256472941806,-2.6329405714363094
0.0039370078740157,2832.6726407601204,-2.700695876197144
0.0039370078740157,2831.9644191775983,-2.634242932704094
0.0039370078740157,2832.6724383063856,-2.6801147156988936
0.0039370078740157,2846.115651337626,8.20140010402058
0.0039370078740157,2848.2315790536513,-1.457525847624984
0.0039370078740157,2829.13263065474,-2.6180250419263285
0.0039370078740157,2843.9919818618073,8.196972934332399
0.0039370078740157,2832.682122116588,8.186682315168312
0.0044291338582677,2817.830641608958,6.982493210877452
0.0044291338582677,2831.2565644138663,-2.6489563156647606
0.0044291338582677,2848.2306833892426,-2.669773412754078
0.0044291338582677,2834.79650046536,-2.67832850575173
0.0039370078740157,2831.964501549026,-2.6530518145056385
0.0039370078740157,2829.1328368283143,-2.6547260742618204
0.0039370078740157,2829.840809828119,-2.668580452925194
0.0044291338582677,2842.5670137245197,-2.7147319097323424
0.0039370078740157,2819.9464263926056,-2.667981674241475
0.0039370078740157,2842.5669148093148,-2.6843308583660948
0.0039370078740157,2829.8407199583885,-2.629993017038241
0.0039370078740157,2817.830398924019,6.998682035273246
0.0039370078740157,2834.7959806127146,-2.696194778214475
0.0039370078740157,2848.230877493291,-2.7217741399317483
0.0039370078740157,2829.840677486153,-2.6760102178613114
0.0039370078740157,2831.9645476823857,-2.6809989288555713
0.0039370078740157,2846.8149630942016,-2.717330244132531
0.0039370078740157,2817.123405305693,8.218160162531511
0.0044291338582677,2848.2307277594396,-2.6818751279889153
0.0039370078740157,2834.796198047719,-2.6343721723699796
0.0039370078740157,2819.946421469464,-2.6580664460370707
0.0039370078740157,2834.795869709231,-2.674784168314694
0.0039370078740157,2830.548642507507,-2.679613137949469
0.0039370078740157,2833.380677404294,-2.699767441438756
0.0039370078740157,2819.23833528081,-2.6601177446660818
0.0044291338582677,2829.1409227445165,6.993185204281629
0.0039370078740157,2831.9641772164805,-2.619344647465148
0.0039370078740157,2819.946274871072,-2.6548464151885667
0.0044291338582677,2834.088517389723,-2.6960171966435977
0.0039370078740157,2845.3986548913267,-2.632834839062163
0.0039370078740157,2845.3984941919994,-2.614386153956188
0.0044291338582677,2844.690637485186,-2.6652669336599293
0.0039370078740157,2834.0885707300254,-2.7102594051284887
0.0044291338582677,2834.09047636009,-0.5489487263677753
0.0039370078740157,2819.9556023923774,8.200778747963616
0.0044291338582677,2820.654202548986,-2.651115492650121
0.0044291338582677,2843.2749667189796,-2.6781602727511102
0.0039370078740157,2834.0885889775186,-2.6953412535326904
0.0044291338582677,2834.0894525329372,-1.623351277312103
0.0039370078740157,2831.9643274524033,-2.6151645470486335
0.0039370078740157,2819.949369770158,0.955166841010117
0.0039370078740157,2829.840698192212,-2.623328941042625
0.0039370078740157,2844.7000553498333,8.188033744731708
0.0044291338582677,2833.3806069432057,-2.6911842651937237
0.0044291338582677,2846.8147697386103,-2.6521340864616496
0.0044291338582677,2847.5291602083853,4.834220120196145
0.0039370078740157,2843.2841708541555,8.195531739334406
0.0039370078740157,2848.2307695344157,-2.7023741219722295
0.0039370078740157,2833.380736716769,-2.7000973835526505
0.0039370078740157,2834.796006014659,-2.6282324390635816
0.0044291338582677,2831.964647262249,-2.637774753632829
0.0039370078740157,2842.568158855065,-1.4733730191182923
0.0039370078740157,2834.7966656101457,-2.6980152829880666
0.0044291338582677,2833.3823828679433,-0.5362672833763533
0.0039370078740157,2828.434393684215,8.201974391000915
0.0039370078740157,2834.8053302442518,8.20108043054319
0.0039370078740157,2829.142070769606,8.20844225634011
0.0044291338582677,2848.231492820142,-1.6173993359371153
0.0039370078740157,2842.5680488794414,-1.4681239969491768
0.0044291338582677,2842.5680510382163,-1.611951499096463
0.0039370078740157,2832.676540100263,2.1632672811707967
0.0039370078740157,2832.6818579355854,8.19757680888188
0.0039370078740157,2846.8239926942583,8.19292778713393
0.0039370078740157,2843.992126958741,8.201634238967227
0.0039370078740157,2833.3896813812103,8.192097386623836
0.0039370078740157,2832.672794011512,-2.691349439289242
0.0039370078740157,2833.3895474581886,8.208011173759504
0.0039370078740157,2847.531545491142,8.197295722466864
0.0039370078740157,2847.5279440883296,3.344669109486577
0.0039370078740157,2829.13269703939,-2.6146200437060694
0.0039370078740157,2847.5269338688427,2.1351940152001636
0.0039370078740157,2843.99211456212,8.200396169206881
0.0039370078740157,2842.569450364056,-0.2745374773437694
0.0039370078740157,2833.3896853112196,8.193659586707737
0.0039370078740157,2843.2781178464074,0.9433427639798789
0.0039370078740157,2846.820992004649,4.564466584892988
0.0039370078740157,2834.0885258487465,-2.7058754357707446
0.0039370078740157,2844.699939061352,8.19475098643279
0.0039370078740157,2831.964224792234,-2.6511625015308264
0.0039370078740157,2846.8199318690754,3.368605815648146
0.0039370078740157,2846.8238663140432,8.18692013710766
0.0044291338582677,2846.8201622413276,3.745202852726576
0.0044291338582677,2819.9546257439397,6.986768239423485
0.0039370078740157,2818.5395730802925,8.210091564505984
0.0044291338582677,2842.567831818257,-1.5701720109775554
0.0039370078740157,2829.844638317038,2.1949175059938915
0.0044291338582677,2831.964519783128,-2.639092766165223
0.0044291338582677,2844.690463257207,-2.583957916686793
0.0039370078740157,2831.9737664895406,8.19747766270798
0.0039370078740157,2834.0884591566983,-2.682604129686138
0.0039370078740157,2831.973868307425,8.200655662426609
0.0039370078740157,2834.0884927575066,-2.7124138561567257
0.0039370078740157,2833.3803629859985,-2.611359596640535
0.0039370078740157,2834.7967078380066,-2.7113931186615723
0.0039370078740157,2834.8057137943706,8.181813421251492
0.0044291338582677,2829.1327818427985,-2.6373043267679477
0.0044291338582677,2817.822494885314,-2.6339788548443726
0.0044291338582677,2834.0884204387244,-2.6841852462545956
0.0039370078740157,2831.9646792675003,-2.6840692667277057
0.0039370078740157,2833.3806284933444,-2.7067574403496097
0.0039370078740157,2833.380610559016,-2.699374538340689
0.0044291338582677,2843.2746695061555,-2.626624967551476
0.0039370078740157,2817.8316288404067,8.205075769744694
0.0039370078740157,2831.964720364343,-2.698022309671181
0.0039370078740157,2834.7965349663245,-2.706459774243065
0.0039370078740157,2842.5669351370884,-2.679462531586802
0.0039370078740157,2843.2749319285813,-2.697860496746151
0.0044291338582677,2845.39847189937,-2.657966326612605
0.0039370078740157,2842.576221463727,8.184871640532888
0.0039370078740157,2831.9646739941945,-2.6724944297141184
0.0039370078740157,2843.9917096439626,8.204524696122705
0.0039370078740157,2846.8147648749077,-2.677166971334318
0.0039370078740157,2834.7962549797694,-2.710114338373266
0.0039370078740157,2843.274982652899,-2.7060110843239498
0.0039370078740157,2828.4341053480384,8.202304349478855
0.0039370078740157,2834.7965208045584,-2.707980243716001
0.0039370078740157,2834.796465144132,-2.700322129100335
0.0039370078740157,2843.275431705798,-2.6862362798253736
0.0039370078740157,2829.1324640628327,-2.6474576670711776
0.0039370078740157,2842.567125078833,-2.6841952374286335
0.0039370078740157,2834.796274706466,-2.5966792297121235
0.0039370078740157,2842.56717499492,-2.697809562470204
0.0039370078740157,2843.274980202545,-2.710064260739414
0.0039370078740157,2846.1157799239054,8.203482804528106
0.0039370078740157,2831.2565175578175,-2.6446321341802435
0.0039370078740157,2834.0885482702915,-2.698745565079484
0.0039370078740157,2843.2746757624386,-2.6835146399925525
0.0039370078740157,2834.805720503966,8.17708737295842
0.0039370078740157,2833.3894288036286,8.20288662492215
0.0044291338582677,2842.5666883398435,-2.606265357585635
0.0044291338582677,2834.0885077490734,-2.697584258886878
0.0039370078740157,2834.7962738056153,-2.697080337124466
0.0034448818897637,2842.5666499161193,-2.598208717359055
0.0034448818897637,2833.3898173578077,8.361911549315469
0.0034448818897637,2848.234053295226,1.4443917200390306
0.0034448818897637,2846.106653512119,-2.6824164374386767
0.0034448818897637,2832.681736556447,8.373170626231174
0.0034448818897637,2833.389961574314,8.358800085421995
0.0034448818897637,2843.274942211932,-2.6778198612264443
0.0034448818897637,2843.992143094218,8.351642761567279
0.0034448818897637,2832.6783756013583,4.258219142878714
0.0034448818897637,2831.2659500344507,8.365101061476897
0.0039370078740157,2842.567022244419,-2.6499917193656555
0.0034448818897637,2846.8237834275646,8.366195980067051
0.0034448818897637,2842.5762631205325,8.355344995798438
0.0034448818897637,2843.275018630423,-2.673954772537183
0.0034448818897637,2834.7966914035187,-2.7096937648461203
0.0034448818897637,2834.7962914972886,-2.700813951569166
0.0034448818897637,2817.1238067015124,8.375414666496994
0.0034448818897637,2828.4342356094403,8.379037568621253
0.0039370078740157,2834.088300784948,-2.693470294813573
0.0039370078740157,2842.5671545374125,-2.6970797396583928
0.0034448818897637,2845.3984974808704,-2.572647518315795
0.0039370078740157,2843.2749640492007,-2.695724556603037
0.0034448818897637,2834.088731201733,-2.700496948966669
0.0034448818897637,2834.805497852847,8.37459933166769
0.0034448818897637,2847.5228016889964,-2.676291757666054
0.0034448818897637,2817.83188847467,8.374447838999345
0.0034448818897637,2830.5490342968137,-2.6736738962421907
0.0039370078740157,2820.654368204279,-2.652829473568658
0.0034448818897637,2831.256295888704,-2.6545203498368943
0.0034448818897637,2834.0884098749952,-2.6645428009322036
0.0034448818897637,2831.9645364128346,-2.654851995193217
0.0034448818897637,2843.2808705330312,4.213154919436314
0.0034448818897637,2847.5228091377426,-2.6809475222190167
0.0039370078740157,2828.4242521967676,-2.650207606400771
0.0034448818897637,2830.5487667249754,-2.655545925688512
0.0034448818897637,2831.2567233282916,-2.67271343713762
0.0034448818897637,2832.6723525961565,-2.6969459110849403
0.0034448818897637,2818.5394694304923,8.38045108443468
0.0034448818897637,2844.690725567749,-2.6718959524727866
0.0039370078740157,2843.2749286039652,-2.7083358650357736
0.0034448818897637,2846.106881118678,-2.684439613283287
0.0034448818897637,2830.548631289418,-2.6741546101383618
0.0039370078740157,2832.672405786454,-2.609137648740927
0.0034448818897637,2832.6722991455977,-2.620790710464752
0.0034448818897637,2834.0978986533883,8.35484710576027
0.0034448818897637,2848.2307489714044,-2.717309979587608
0.0039370078740157,2845.398682201183,-2.6412445875523374
0.0039370078740157,2846.107198962137,-2.675678651722807
0.0034448818897637,2846.1062572094056,-2.6069529986691093
0.0034448818897637,2833.3808924662185,-2.682882780675592
0.0034448818897637,2843.275080403055,-2.6355904040593803
0.0034448818897637,2831.265663379502,8.372244687910804
0.0034448818897637,2830.5487524239243,-2.665905763931047
0.0034448818897637,2829.8406691670343,-2.663895530684588
0.0034448818897637,2818.5351922535456,2.852661645842992
0.0034448818897637,2830.5483612046614,-2.6530857331129285
0.0034448818897637,2834.0975137297896,8.36618913838647
0.0034448818897637,2833.3806896909887,-2.699416170091097
0.0034448818897637,2834.0883268082594,-2.706712347281222
0.0034448818897637,2834.088459557268,-2.6828163048263116
0.0034448818897637,2831.9646868242694,-2.69988396886298
0.0034448818897637,2831.2563061035553,-2.6606675042674164
0.0034448818897637,2832.681582290312,8.37429577048008
0.0034448818897637,2843.2747099186163,-2.7008416234691603
0.0039370078740157,2834.088625299399,-2.6975215991464814
0.0034448818897637,2828.4246054464306,-2.6235596548693962
0.0034448818897637,2831.9649782913048,-2.6901900101829535
0.0039370078740157,2833.380544910165,-2.7224123711037933
0.0034448818897637,2817.1238179146994,8.381151176622184
0.0039370078740157,2819.9546537220735,6.990086763622647
0.0039370078740157,2848.234716279663,2.145270121117182
0.0039370078740157,2820.662610921618,6.9878648157230385
0.0034448818897637,2829.132734425107,-2.6468946073720754
0.0034448818897637,2833.384388995718,1.438557986087833
0.0034448818897637,2819.954670318665,6.972772353713211
0.0034448818897637,2834.796360569249,-2.6745167673191115
0.0039370078740157,2818.5303746874006,-2.658968606351524
0.0034448818897637,2847.522845026004,-2.706712138555297
0.0034448818897637,2832.6726383236096,-2.6622117693873375
0.0034448818897637,2842.5669917396085,-2.7131315343910494
0.0034448818897637,2819.9464254936893,-2.6676707626546836
0.0034448818897637,2834.796525758098,-2.688738133164011
0.0034448818897637,2834.7965356236264,-2.706410859509985
0.0034448818897637,2831.2567233692994,-2.674797145960067
0.0034448818897637,2828.4247728324444,-2.649086420120565
0.0034448818897637,2831.2656777888433,8.365476610460105
0.0034448818897637,2832.6726715625805,-2.7095107487822965
0.0034448818897637,2818.5302362129446,-2.639977714345401
0.0034448818897637,2829.840809525431,-2.653323977788903
0.0034448818897637,2829.1331382644107,-2.6734476305212764
0.0034448818897637,2830.548738953943,-2.670328450822039
0.0034448818897637,2832.672254234913,-2.676856212171084
0.0034448818897637,2829.840701970242,-2.6396236589589495
0.0034448818897637,2830.5486101952847,-2.6730671048845904
0.0034448818897637,2846.814782180868,-2.67570933951115
0.0034448818897637,2829.840809525431,-2.653323977788903
0.0034448818897637,2834.089016045479,-2.7235292245312914
0.0034448818897637,2832.6726343060964,-2.6968979433194162
0.0034448818897637,2830.548601484804,-2.6707564596805877
0.0034448818897637,2843.283900847714,8.363326894768962
0.0034448818897637,2844.7000702525124,8.359517035526508
0.0034448818897637,2831.256295919167,-2.6650995679299
0.0039370078740157,2843.274741262084,-2.667090130570331
0.0034448818897637,2848.2303759310903,-2.691821735447529
0.0034448818897637,2843.982996072716,-2.6921874481419374
0.0034448818897637,2834.7992279932005,0.05591709321187275
0.0034448818897637,2846.8240188627906,8.364202304892965
0.0034448818897637,2831.256592934023,-2.6651255127485642
0.0034448818897637,2844.7002274964916,8.363741475660422
0.0034448818897637,2834.0887078446326,-2.6925103678809865
0.0034448818897637,2845.3987106644945,-2.6263647419430223
0.0039370078740157,2833.380551324169,-2.699440094277669
0.0034448818897637,2834.796531880252,-2.7267539597006367
0.0034448818897637,2846.1161950646283,8.367945949810215
0.0034448818897637,2831.974040454083,8.376363393355323
0.0034448818897637,2834.8058692522613,8.36747560175689
0.0034448818897637,2833.3899727875005,8.364536595547186
0.0034448818897637,2829.132433379251,-2.6228066225483198
0.0039370078740157,2820.654363426997,-2.647103646158197
0.0034448818897637,2846.106814449046,-2.689238639701465
0.0034448818897637,2831.265683257334,8.378136336823868
0.0034448818897637,2834.796550125944,-2.7055646210704234
0.0034448818897637,2819.946696827788,-2.653777925605835
0.0034448818897637,2847.528549624004,4.2029446560043455
0.0034448818897637,2833.3813515148695,-1.2588142914798424
0.0034448818897637,2843.283946055928,8.375824484782962
0.0034448818897637,2831.2570000528376,-2.6701611088769193
0.0034448818897637,2831.256591224187,-2.662967409925316
0.0034448818897637,2831.964965818733,-2.657432168646094
0.0034448818897637,2846.115766104169,8.368248390112617
0.0039370078740157,2846.1064441784397,-2.6693864159429093
0.0039370078740157,2843.274945040901,-2.711926440414075
0.0039370078740157,2846.8148186289704,-2.7219133795945134
0.0034448818897637,2830.54873849845,-2.6653262244277576
0.0039370078740157,2834.7966372313917,-2.7060454486710244
0.0039370078740157,2843.2750953906975,-2.700483128996166
0.0034448818897637,2834.088451314242,-2.6914736086058593
0.0034448818897637,2843.283909396647,8.370827660309523
0.0034448818897637,2848.230667636291,-2.675122939265199
0.0034448818897637,2829.840381875689,-2.654379093485642
0.0034448818897637,2819.946268681731,-2.6594156101239084
0.0034448818897637,2830.5483042051455,-2.6544375131779825
0.0034448818897637,2834.796637144485,-2.716390428640505
0.0039370078740157,2846.8147501260587,-2.669941124998074
0.0039370078740157,2847.5226519702146,-2.6557152914059565
0.0034448818897637,2833.380665375566,-2.6967537441192437
0.0034448818897637,2830.5482147734247,-2.658028091003321
0.0034448818897637,2832.6728820296403,-2.683948622115806
0.0034448818897637,2831.256696294223,-2.6526026087778667
0.0034448818897637,2844.6907989720817,-2.6467905232816578
0.0034448818897637,2820.6542079990977,-2.6205711515294547
0.0034448818897637,2847.5239295547676,-1.3039360500966273
0.0034448818897637,2834.088697400207,-2.707923435572865
0.0034448818897637,2831.964520641206,-2.658273959958382
0.0034448818897637,2831.964529752258,-2.6797939027256517
0.0034448818897637,2846.106841393898,-2.7216500950006117
0.0034448818897637,2831.9650596657107,-2.66202003048939
0.0034448818897637,2834.0981507982124,8.33741902841923
0.0034448818897637,2846.1066894829037,-2.6350693570147845
0.0034448818897637,2833.380722745396,-2.7119465328412877
0.0034448818897637,2830.548611493023,-2.6733977997837473
0.0034448818897637,2834.8057688672575,8.340762911319375
0.0034448818897637,2843.982435966344,-2.593970779395399
0.0034448818897637,2846.823857972053,8.369990972567058
0.0034448818897637,2834.7961200317372,-2.6767735803718615
0.0034448818897637,2846.8169981297906,0.07780177369421468
0.0039370078740157,2834.7965034774716,-2.709302923029462
0.0034448818897637,2831.2660460568345,8.359369849145239
0.0034448818897637,2830.548606156484,-2.672755989363875
0.0034448818897637,2843.2839843247634,8.36790147273813
0.0034448818897637,2842.566916225359,-2.670524720420404
0.0034448818897637,2818.530391737469,-2.6564114239185774
0.0034448818897637,2819.9463712302295,-2.6877531627244236
0.0034448818897637,2829.841120194212,-2.68317208805842
0.0034448818897637,2842.5670710778977,-2.7232028007849998
0.0034448818897637,2830.548788348043,-2.672258172696931
0.0034448818897637,2834.796571513807,-2.7201918891690786
0.0034448818897637,2834.7966869530705,-2.7212386680872314
0.0034448818897637,2829.840692853597,-2.673121301237221
0.0034448818897637,2830.5486489478503,-2.6748375093776326
0.0034448818897637,2829.1327436199,-2.6709270930176956
0.0034448818897637,2843.983119767188,-2.71165325114395
0.0034448818897637,2834.796550320764,-2.7198820210961676
0.0034448818897637,2829.132854983674,-2.6526746315880696
0.0034448818897637,2834.0890231167155,-2.7201788115433194
0.0034448818897637,2819.9556351721108,8.368644211303586
0.0034448818897637,2817.831888446114,8.376626326227356
0.0034448818897637,2831.9645397888644,-2.656766274471463
0.0034448818897637,2842.567088533164,-2.716957755616969
0.0034448818897637,2842.5670140313814,-2.707643691706206
0.0034448818897637,2831.9647033023534,-2.6596727961242013
0.0034448818897637,2846.106908003811,-2.729644970902544
0.0034448818897637,2829.840831107491,-2.667952515974876
0.0034448818897637,2828.433861655503,8.379478982804676
0.0039370078740157,2842.567171160369,-2.7040509660667915
0.0034448818897637,2829.1327522102774,-2.650991342656646
0.0034448818897637,2829.84069155469,-2.672717145872806
0.0034448818897637,2833.380623871732,-2.6817907235901224
0.0034448818897637,2842.5760148196678,8.370108873189235
0.0034448818897637,2832.6816376072093,8.367226368754958
0.0034448818897637,2848.230782029672,-2.6932607673967177
0.0034448818897637,2831.9739249001473,8.35227059451935
0.0034448818897637,2829.8408317037197,-2.653006952425376
0.0034448818897637,2832.673091924985,-2.7260761466295964
0.0034448818897637,2834.8057851542676,8.346763664447593
0.0034448818897637,2834.8055249972012,8.362094861023458
0.0034448818897637,2831.2567733130163,-2.6757230976505557
0.0034448818897637,2847.5227317962976,-2.609684858506183
0.0039370078740157,2834.7964499596,-2.687611890688072
0.0034448818897637,2833.3803221979774,-2.705396243930581
0.0034448818897637,2828.4248479755433,-2.645604444241735
0.0034448818897637,2834.097811667713,8.342984859218983
0.0034448818897637,2842.566648107206,-2.6582704756044735
0.0034448818897637,2834.097568965913,8.364561100962879
0.0034448818897637,2834.7966869530705,-2.7212386680872314
0.0034448818897637,2832.672397568505,-2.66821465737232
0.0034448818897637,2828.4342926522636,8.366967533674947
0.0034448818897637,2842.5671555595127,-2.7023611158980065
0.0034448818897637,2833.3895484839754,8.371372448820898
0.0034448818897637,2831.25630159196,-2.6594870035103853
0.0034448818897637,2844.700199117737,8.355711309977464
0.0034448818897637,2833.3802885702003,-2.6915564867436315
0.0034448818897637,2843.2747594320244,-2.659671694376342
0.0039370078740157,2843.2744892104115,-2.6431232834942024
0.0034448818897637,2843.283903048714,8.364163903737243
0.0034448818897637,2834.796535739799,-2.677657512263632
0.0034448818897637,2842.566638072032,-2.611060711788671
0.0034448818897637,2834.8055942564265,8.371610165491807
0.0034448818897637,2848.230851798499,-2.719657619801351
0.0034448818897637,2834.0879059640843,-2.602246576416229
0.0034448818897637,2834.796674756483,-2.7104750725503797
0.0034448818897637,2834.7958904684588,-2.59881233559831
0.0034448818897637,2833.389552030383,8.364675686258025
0.0039370078740157,2843.2746183542445,-2.677092146934805
0.0034448818897637,2818.530525225734,-2.6515711075641035
0.0034448818897637,2847.5229188115068,-2.719120765820406
0.0034448818897637,2842.5736039657345,5.636732578887784
0.0034448818897637,2831.9643078428676,-2.6705794003281698
0.0034448818897637,2842.567029672346,-2.700638254241931
0.0034448818897637,2829.840802051865,-2.648488402056555
0.0034448818897637,2843.982966317003,-2.6794303639191828
0.0034448818897637,2819.9557600447483,8.36996048252853
0.0034448818897637,2843.28431291728,8.366511925067948
0.0039370078740157,2843.2748781635833,-2.6435047884030785
0.0034448818897637,2834.0881459788147,-2.600803888536981
0.0034448818897637,2843.274753536732,-2.603931420994428
0.0034448818897637,2829.840436244234,-2.6639135566293444
0.0034448818897637,2833.3806588665225,-2.7161572332241386
0.0034448818897637,2829.8408252365707,-2.6677752451235506
0.0034448818897637,2805.8039355492906,-2.6505106545347514
0.0034448818897637,2819.9557963854945,8.363646272416533
0.0039370078740157,2834.0884534425854,-2.689275800213381
0.0034448818897637,2846.116178652797,8.357805473234652
0.0034448818897637,2843.284197450226,8.357607326041386
0.0034448818897637,2817.8317635734766,8.375310055002412
0.0034448818897637,2830.5483523844337,-2.638231712416594
0.0034448818897637,2843.274627597405,-2.669454831777177
0.0039370078740157,2843.274806998614,-2.6146230382689213
0.0039370078740157,2842.567055147177,-2.7065588238241913
0.0034448818897637,2833.380226268425,-2.676854454591668
0.0034448818897637,2834.088574900987,-2.6663386398230267
0.0039370078740157,2843.2747032801885,-2.7037200333910816
0.0039370078740157,2834.796536253617,-2.714623983956245
0.0034448818897637,2847.5228945989543,-2.7174356719017427
0.0034448818897637,2832.6725089386555,-2.6833952824161003
0.0034448818897637,2844.7002418106567,8.36859402563253
0.0034448818897637,2833.380567274662,-2.691643771686036
0.0034448818897637,2831.256991535011,-2.6678578054108772
0.0034448818897637,2845.4081866135803,8.365134007972577
0.0034448818897637,2842.5763702120225,8.375259869331357
0.0034448818897637,2833.389971619244,8.364292303507373
0.0034448818897637,2842.567071693795,-2.717899301140476
0.0034448818897637,2834.7965442013624,-2.7118928417404566
0.0034448818897637,2817.1238179146994,8.381151176622184
0.0034448818897637,2845.4006227058912,0.14761552532479866
0.0034448818897637,2819.9557745390357,8.37648647889233
0.0034448818897637,2842.5670510437367,-2.699529216464927
0.0034448818897637,2846.1161931470842,8.364331469598453
0.0034448818897637,2817.123813304923,8.381963065863744
0.0034448818897637,2831.9644431746074,-2.638701578268719
0.0034448818897637,2845.4077947350393,8.374235667997159
0.0034448818897637,2848.230752377817,-2.688742217027897
0.0034448818897637,2842.5667924853906,-2.7004123384356644
0.0039370078740157,2834.7964842857473,-2.7007008863835904
0.0034448818897637,2830.548758696189,-2.66773962232811
0.0034448818897637,2829.8406691136706,-2.6708637305421723
0.0034448818897637,2843.2749590343383,-2.6991020440689635
0.0034448818897637,2834.0885249434673,-2.7096214742376246
0.0034448818897637,2843.992284611112,8.37081597353214
0.0039370078740157,2844.6907126714186,-2.630182129148657
0.0039370078740157,2834.796646836274,-2.718448306119817
0.0039370078740157,2819.9464208993154,-2.659058993507579
0.0034448818897637,2831.256597926513,-2.677105964655519
0.0039370078740157,2848.230691585297,-2.6805428330780527
0.0034448818897637,2829.8408024881337,-2.669084817957586
0.0034448818897637,2834.796159498269,-2.669695485843625
0.0039370078740157,2834.087888592645,-2.5981458048337847
0.0039370078740157,2847.5227788625366,-2.689101753769853
0.0034448818897637,2830.5486365013894,-2.679246839533424
0.0034448818897637,2846.815764095235,-1.2431631423844751
0.0034448818897637,2818.5302302750174,-2.618506435023982
0.0034448818897637,2831.9643036652906,-2.6082240137552506
0.0034448818897637,2843.992262074924,8.357603568799167
0.0034448818897637,2817.831894718379,8.374792467830293
0.0039370078740157,2834.796540553189,-2.716123538021166
0.0034448818897637,2847.5237117391152,-1.2787843988825183
0.0034448818897637,2848.2308587019165,-2.725485743004207
0.0034448818897637,2831.9647199671917,-2.7126136704046804
0.0034448818897637,2829.132851755738,-2.652094577359803
0.0034448818897637,2843.275000685939,-2.711888759732762
0.0034448818897637,2831.9646799986954,-2.6780116413301833
0.0034448818897637,2831.256604149915,-2.684777701406567
0.0039370078740157,2831.2565840007646,-2.6775085487526993
0.0034448818897637,2844.7002192744685,8.355381620899559
0.0034448818897637,2834.7968926193503,-2.711392513487888
0.0034448818897637,2848.230759281235,-2.694570340230753
0.0034448818897637,2834.088590786052,-2.72477119364937
0.0034448818897637,2842.5667808272046,-2.706954629158581
0.0034448818897637,2847.522724923521,-2.6737530114180634
0.0034448818897637,2829.840984385748,-2.655751753917603
0.0034448818897637,2830.5483334469122,-2.6620726790572418
0.0034448818897637,2834.088707005089,-2.7203262930216576
0.0034448818897637,2847.5228444558556,-2.707704686025805
0.0034448818897637,2832.67223686437,-2.6561348110616554
0.0034448818897637,2832.672500525619,-2.6787739151107077
0.0039370078740157,2834.796646836274,-2.718448306119817
0.0039370078740157,2848.230876923142,-2.7227666874022565
0.0034448818897637,2834.7963925171607,-2.679618560828906
0.0039370078740157,2848.230841333557,-2.721385808202758
0.0034448818897637,2819.9468405846083,-2.670752376162147
0.0039370078740157,2819.9463022500795,-2.6680470014835707
0.0039370078740157,2843.274957307823,-2.7093088554899944
0.0034448818897637,2834.0975218680733,8.359901264396695
0.0034448818897637,2830.5486319177253,-2.6785096462802214
0.0034448818897637,2830.5486365013894,-2.679246839533424
0.0034448818897637,2847.5222153806994,-2.638398743914441
0.0034448818897637,2819.94628341493,-2.673508984613461
0.0034448818897637,2847.5229341949566,-2.719337829415036
0.0039370078740157,2834.088581539342,-2.7131411978253137
0.0034448818897637,2844.7002192744685,8.355381620899559
0.0039370078740157,2834.796657388123,-2.70637513774893
0.0039370078740157,2843.2747153178852,-2.6922993251538667
0.0034448818897637,2844.7002192744685,8.355381620899559
0.0034448818897637,2834.7965183173515,-2.723431633350015
0.0034448818897637,2819.946277014033,-2.6684131924475087
0.0039370078740157,2834.7962677115534,-2.7025310468897334
0.0034448818897637,2842.5667968914445,-2.6496562968585207
0.0034448818897637,2817.8317735838727,8.366543621622977
0.0034448818897637,2844.69053456686,-2.587274586515965
0.0039370078740157,2843.2749686626694,-2.680215090532
0.0034448818897637,2820.6543671725135,-2.653718400894108
0.0034448818897637,2831.266092966844,8.362842584485147
0.0034448818897637,2829.1422201999535,8.36926413614416
0.0034448818897637,2846.823895798969,8.37645150026993
0.0034448818897637,2834.08858801814,-2.6102777237742187
0.0034448818897637,2846.814844489452,-2.6740698097664457
0.0034448818897637,2819.9556550891702,8.374566528590625
0.0034448818897637,2842.5667900354256,-2.586020865740258
0.0034448818897637,2819.247556687885,8.391072048114834
0.0034448818897637,2834.796670946011,-2.708963942034309
0.0034448818897637,2834.0883253781913,-2.6939810318659214
0.0039370078740157,2832.6723419072996,-2.667111800456316
0.0034448818897637,2819.2478227622632,8.378104747715177
0.0034448818897637,2830.5483682075565,-2.650272769484746
0.0039370078740157,2843.2749827016823,-2.713092324575837
0.0034448818897637,2831.9647216055446,-2.712073370394881
0.0034448818897637,2846.1160315928564,8.353527968677623
0.0034448818897637,2832.672643951775,-2.7004214903717703
0.0034448818897637,2844.6907241207987,-2.65734621818484
0.0034448818897637,2829.840680964829,-2.6625622787528203
0.0039370078740157,2843.2749794439637,-2.6522136672652645
0.0034448818897637,2834.7965225437074,-2.7043435598496366
0.0034448818897637,2843.2748422730297,-2.625920004008555
0.0034448818897637,2843.274990088633,-2.670584062072703
0.0034448818897637,2843.2843328343397,8.372434242354986
0.0034448818897637,2834.796706808842,-2.6947930619538303
0.0034448818897637,2834.8058926093618,8.359489020671207
0.0034448818897637,2832.672637753461,-2.6632043168578456
0.0034448818897637,2846.1157646332426,8.368716807004768
0.0034448818897637,2846.1067871272007,-2.7058412037107993
0.0034448818897637,2846.116169465693,8.360165566338278
0.0034448818897637,2834.80549222407,8.381996781125114
0.0034448818897637,2833.3898350887252,8.35871993283147
0.0034448818897637,2834.088731201733,-2.700496948966669
0.0034448818897637,2831.964569864131,-2.6720920338930148
0.0034448818897637,2843.283888255487,8.372939300942086
0.0034448818897637,2834.7966545997515,-2.710145383472474
0.0034448818897637,2819.9551248322327,8.37186932743117
0.0034448818897637,2832.6818597587676,8.354212647608575
0.0034448818897637,2847.5226978633723,-2.6675951991373017
0.0034448818897637,2834.7965011059305,-2.7062136931576326
0.0044291338582677,2843.984261743969,-0.5026531416054898
0.0034448818897637,2834.0975068517764,8.369394792961103
0.0039370078740157,2832.6722532596164,-2.6815979597686117
0.0034448818897637,2843.991847139602,8.374036119765526
0.0034448818897637,2843.274534487672,-2.660306690870071
0.0034448818897637,2831.964654728828,-2.652771711254085
0.0034448818897637,2818.539461949134,8.38695768920497
0.0034448818897637,2832.6730705418167,-2.7133439480806167
0.0039370078740157,2831.9647579235398,-2.690872339490431
0.0034448818897637,2831.964513241244,-2.6732617727847545
0.0039370078740157,2833.380618648905,-2.7049340909275195
0.0039370078740157,2828.4244789307177,-2.63972873948112
0.0039370078740157,2818.5303640623124,-2.656423801706907
0.0034448818897637,2829.132725374927,-2.6737569288256102
0.0034448818897637,2828.4247669573087,-2.655829025080258
0.0034448818897637,2831.256578208621,-2.661682817231544
0.0034448818897637,2843.9922614094526,8.362025356757378
0.0034448818897637,2844.6907863705965,-2.654162339898242
0.0034448818897637,2842.5670752680066,-2.663816411134224
0.0034448818897637,2843.992275719719,8.36535974448327
0.0034448818897637,2843.2839222106268,8.372735164736353
0.0034448818897637,2834.796514527274,-2.716963087128133
0.0034448818897637,2834.088563198762,-2.7105833269226762
0.0039370078740157,2834.8003607744245,2.1675386960322096
0.0034448818897637,2831.2659343434243,8.35454837494587
0.0034448818897637,2846.8160974246834,-1.3334861845013048
0.0034448818897637,2831.2563405363594,-2.6302915084962373
0.0034448818897637,2832.672710619366,-2.6973023585024487
0.0034448818897637,2829.840416999449,-2.653189326830444
0.0034448818897637,2831.96454673163,-2.659267027827252
0.0034448818897637,2831.964547862758,-2.6829201026504848
0.0039370078740157,2845.3985724881354,-2.639481950037887
0.0034448818897637,2845.4021681419213,1.4563460551206098
0.0034448818897637,2819.246702654391,6.98245322198084
0.0034448818897637,2834.0979187738585,8.356578137522387
0.0034448818897637,2833.3898148813273,8.363444333368363
0.0034448818897637,2833.389830813621,8.357998779867307
0.0039370078740157,2818.5303703234667,-2.65043506798528
0.0034448818897637,2829.840625151631,-2.6716855933030343
0.0034448818897637,2832.672397262226,-2.6884829995261272
0.0034448818897637,2818.530493527648,-2.64984906804221
0.0034448818897637,2831.25659110264,-2.6802455016731104
0.0034448818897637,2845.3987572075475,-2.6458111059408886
0.0034448818897637,2846.116181933897,8.358594959473262
0.0034448818897637,2834.0977745573523,8.35968960141586
0.0039370078740157,2831.9647044642747,-2.7031128477221387
0.0034448818897637,2842.576232716658,8.365251921090719
0.0034448818897637,2844.690669460443,-2.650667023392717
0.0034448818897637,2843.275183221412,-2.659007725073648
0.0034448818897637,2843.283933747417,8.382426269751543
0.0034448818897637,2829.8500687503956,8.374592025797774
0.0034448818897637,2843.275065195903,-2.688159956491491
0.0034448818897637,2831.973936360749,8.363861082114381
0.0034448818897637,2843.275129721214,-2.698098122714926
0.0034448818897637,2843.2750720588006,-2.687842513280657
0.0039370078740157,2846.8148694332576,-2.6775098426329453
0.0034448818897637,2834.8057439143404,8.36607061712544
0.0034448818897637,2846.8181888924737,1.511912431472859
0.0034448818897637,2842.5667755824,-2.5992407788881313
0.0034448818897637,2833.380640899927,-2.720482922190926
0.0039370078740157,2847.5225106467774,-2.710275962855787
0.0034448818897637,2817.831786492777,8.374257504309607
0.0034448818897637,2833.3899800442573,8.356713756450768
0.0034448818897637,2834.0978046581386,8.351478626232536
0.0034448818897637,2843.2843031563593,8.354324565358375
0.0034448818897637,2833.3802345572685,-2.601549089134306
0.0034448818897637,2815.0000829838636,8.384499765786872
0.0034448818897637,2819.946154115056,-2.622737901357966
0.0034448818897637,2834.0977911328814,8.346795781148407
0.0034448818897637,2846.814480387017,-2.6352417935966637
0.0034448818897637,2832.6722791076018,-2.658020966730647
0.0034448818897637,2834.7962914972886,-2.700813951569166
0.0034448818897637,2845.4079331506173,8.368886638352057
0.0034448818897637,2834.7965585089887,-2.7148920310959985
0.0034448818897637,2831.9646897013063,-2.669318501600621
0.0034448818897637,2845.40806233828,8.354132226041491
0.0034448818897637,2831.9646897013063,-2.669318501600621
0.0034448818897637,2834.7963081726657,-2.7074152983058726
0.0039370078740157,2846.8145890368187,-2.709434894155676
0.0034448818897637,2834.0884311354757,-2.661840087304635
0.0039370078740157,2834.796209552312,-2.619156937986147
0.0034448818897637,2830.548775302217,-2.664874605801404
0.0034448818897637,2843.274709272011,-2.602561477702834
0.0034448818897637,2844.7001039008233,8.35210096867652
0.0034448818897637,2834.796551570194,-2.7184151462266097
0.0034448818897637,2834.088428887815,-2.6655952697185534
0.0034448818897637,2834.796551654355,-2.7161451481450296
0.0034448818897637,2843.2747327819447,-2.6014627267877404
0.0039370078740157,2843.275132194465,-2.7000315103698123
0.0039370078740157,2834.0885981863785,-2.7123598901210544
0.0034448818897637,2842.5667930376667,-2.5929957337201004
0.0034448818897637,2834.0885944548104,-2.7139232002454206
0.0034448818897637,2842.5760018148494,8.375408731262315
0.0034448818897637,2833.389586455999,8.372068359487065
0.0034448818897637,2830.548775898446,-2.649929042251905
0.0034448818897637,2831.9645573593402,-2.6767482665367384
0.0034448818897637,2834.0886541980317,-2.7090281194408723
0.0034448818897637,2833.381037458205,-2.707883510067308
0.0034448818897637,2829.8407819164986,-2.6606404831131645
0.0039370078740157,2843.2750451849115,-2.6908201935648592
0.0039370078740157,2842.567026507558,-2.6890054213620256
0.0034448818897637,2846.109218465523,0.08108711271939237
0.0034448818897637,2832.6724438013266,-2.6722088892642404
0.0034448818897637,2831.2565996072317,-2.672294819950891
0.0034448818897637,2834.7966914035187,-2.7096937648461203
0.0034448818897637,2843.274748876705,-2.708098023799044
0.0034448818897637,2834.796252261213,-2.651350311067325
0.0034448818897637,2831.2565983661593,-2.6739810425318797
0.0039370078740157,2842.566785318351,-2.6939654716110075
0.0034448818897637,2842.5762534498167,8.355085436626878
0.0034448818897637,2833.3895974749184,8.36200245197588
0.0034448818897637,2831.2567325427694,-2.6691802625234597
0.0034448818897637,2834.796534931568,-2.6831212497274035
0.0034448818897637,2842.5671353167636,-2.686350388192859
0.0034448818897637,2829.8408122317524,-2.6624753870504705
0.0034448818897637,2834.796290717399,-2.7136603434739035
0.0034448818897637,2818.5398689815866,8.37339002628883
0.0034448818897637,2829.8486350240278,7.02380128724749
0.0034448818897637,2834.8057636826534,8.351468555096863
0.0034448818897637,2843.2750106497388,-2.7189916569033565
0.0034448818897637,2831.9648626053404,-2.700805973247687
0.0034448818897637,2842.5670691769915,-2.709849570947883
0.0029527559055118,2820.6539219559563,-2.6331075082644633
0.0034448818897637,2829.8407818951337,-2.6481587129786495
0.0029527559055118,2847.531906125662,8.585913975100626
0.0029527559055118,2834.7962331804083,-2.6526886848463267
0.0034448818897637,2832.6723098814086,-2.7006478096911755
0.0029527559055118,2831.9740880421086,8.5915935119464
0.0029527559055118,2843.2749356911586,-2.702588050810497
0.0034448818897637,2847.528255982471,4.208383273536153
0.0034448818897637,2829.8406490425723,-2.6516081162595566
0.0034448818897637,2832.6722315184234,-2.6681181272771735
0.0029527559055118,2845.4079697839447,8.594632306834287
0.0029527559055118,2848.229955438731,-2.5929364624191633
0.0029527559055118,2830.548635818574,-2.671606644007225
0.0029527559055118,2829.142789901541,8.590066919348534
0.0029527559055118,2844.698897617639,6.985830735277928
0.0029527559055118,2832.682070371543,8.58971487556262
0.0029527559055118,2845.398809568315,-2.7026904133433116
0.0029527559055118,2816.4161842888607,8.604473113146106
0.0029527559055118,2829.840793699144,-2.64355311695088
0.0034448818897637,2843.275112146045,-2.7089007737646282
0.0029527559055118,2834.0886823919946,-2.698847358026058
0.0029527559055118,2834.797891090135,-1.096758314022057
0.0029527559055118,2842.5666536153253,-2.6648812449063644
0.0034448818897637,2833.3804884921074,-2.6996992101513797
0.0029527559055118,2831.9645301610967,-2.6852952580736558
0.0029527559055118,2834.0979935723817,8.579594129756607
0.0029527559055118,2831.9646652977776,-2.6502189606497044
0.0029527559055118,2842.567191205277,-2.7139391813294154
0.0029527559055118,2843.274570953422,-2.5823065165103456
0.0029527559055118,2834.7965814561685,-2.678856651601499
0.0029527559055118,2833.3808001645907,-2.7107170647258005
0.0029527559055118,2832.673156834531,-2.7041551262820636
0.0029527559055118,2817.832121578695,8.601155153882095
0.0029527559055118,2843.274787769899,-2.7070927963064646
0.0029527559055118,2829.132726812391,-2.6652150434133075
0.0029527559055118,2834.0887573641353,-2.7129390126254096
0.0029527559055118,2842.5762243336803,8.601004657058361
0.0029527559055118,2834.0884396996776,-2.668475241552179
0.0029527559055118,2834.7965349245214,-2.6831194018964877
0.0034448818897637,2834.088677157458,-2.6919127078677185
0.0029527559055118,2843.274871626008,-2.686172248785694
0.0029527559055118,2845.408012156074,8.590258681047425
0.0029527559055118,2834.796169148935,-2.674595890188209
0.0029527559055118,2833.380637980699,-2.6724304609292404
0.0029527559055118,2843.27495549612,-2.703256118163059
0.0029527559055118,2842.567215523441,-2.7073766929505503
0.0034448818897637,2832.6726474970797,-2.6565948859507302
0.0029527559055118,2833.3901914257935,8.582539426838126
0.0029527559055118,2846.8144620133357,-2.677944499770954
0.0029527559055118,2845.4084033343293,8.579522359051754
0.0029527559055118,2831.964508021686,-2.655926882039404
0.0034448818897637,2831.964690297535,-2.654372938051121
0.0029527559055118,2832.6818263309237,8.604860416983
0.0029527559055118,2847.5319339156663,8.58357391744168
0.0034448818897637,2833.3806046966242,-2.6588168338503384
0.0029527559055118,2831.2567313055547,-2.6666826208622547
0.0029527559055118,2830.548774147018,-2.6665443817850933
0.0029527559055118,2834.805976000973,8.576400256764373
0.0029527559055118,2843.9920941566493,8.600069116739423
0.0029527559055118,2834.7966597088007,-2.716539290034031
0.0029527559055118,2831.9645021097576,-2.653665902365632
0.0034448818897637,2843.275149562825,-2.704131445171261
0.0034448818897637,2834.088734203974,-2.7074718169465113
0.0029527559055118,2834.088739908869,-2.7191840577934405
0.0034448818897637,2843.9882896430095,4.236977270567735
0.0029527559055118,2831.2567313465624,-2.6687663296847015
0.0029527559055118,2842.576322775938,8.606230001021954
0.0034448818897637,2834.796673948252,-2.7159388100141513
0.0034448818897637,2843.27499710253,-2.7120910758637784
0.0029527559055118,2831.964295826289,-2.658085609922824
0.0029527559055118,2845.408005764395,8.603888353300734
0.0029527559055118,2847.52281415791,-2.6794572833649943
0.0029527559055118,2828.4342896661183,8.596897284837038
0.0034448818897637,2834.088697400207,-2.707923435572865
0.0029527559055118,2834.7962704242727,-2.643561132971643
0.0029527559055118,2834.805674264601,8.592754223409038
0.0029527559055118,2843.9920609532173,8.594250958220288
0.0029527559055118,2834.093705379316,3.788488214149129
0.0029527559055118,2831.266126446204,8.583255953218245
0.0034448818897637,2845.3987383930466,-2.6556238367060465
0.0029527559055118,2843.2746893751287,-2.6328192488939863
0.0029527559055118,2820.654290920851,-2.646218963541603
0.0029527559055118,2830.5486162087445,-2.675244846618762
0.0029527559055118,2831.9646486042634,-2.6689312252193966
0.0029527559055118,2832.6821044023386,8.583066100463197
0.0029527559055118,2842.5670358842826,-2.675335134322021
0.0029527559055118,2842.5670358842826,-2.675335134322021
0.0029527559055118,2832.682234226249,8.584761374737734
0.0029527559055118,2830.5486916978543,-2.6645157271851634
0.0029527559055118,2829.1327992176857,-2.6401961173859716
0.0029527559055118,2843.274992760514,-2.677923402578379
0.0029527559055118,2832.6822162919207,8.592144276746655
0.0029527559055118,2846.1163749816096,8.581882682263037
0.0029527559055118,2847.5322893806992,8.577438786463821
0.0029527559055118,2831.964506039791,-2.6552601781244416
0.0029527559055118,2831.964465730881,-2.70444632101269
0.0029527559055118,2846.814948850281,-2.7226885976161728
0.0029527559055118,2846.1068424765795,-2.679006641387568
0.0029527559055118,2847.522905140663,-2.7203036581087336
0.0029527559055118,2846.817250665954,0.5179088334736489
0.0029527559055118,2847.526498620313,2.1958081893214296
0.0029527559055118,2846.115978234993,8.597444248671925
0.0029527559055118,2834.0883974369467,-2.659384798037175
0.0029527559055118,2831.2565776668534,-2.6768826397608443
0.0029527559055118,2829.840780143706,-2.664774052511838
0.0029527559055118,2828.424805214374,-2.638425788112717
0.0029527559055118,2834.0885197308444,-2.659178459906297
0.0034448818897637,2834.0885588939277,-2.6540639137701043
0.0029527559055118,2829.84064900098,-2.6703815586159934
0.0034448818897637,2834.0883415251637,-2.6966528581074725
0.0029527559055118,2834.0977329322545,8.609785559923763
0.0029527559055118,2845.3984189400276,-2.567746671663215
0.0029527559055118,2847.522836225723,-2.705181475132779
0.0029527559055118,2848.2304034642707,-2.6946872827960426
0.0029527559055118,2847.532170796192,8.57238362770067
0.0029527559055118,2845.402578767368,2.196664568133478
0.0029527559055118,2830.5487061728754,-2.657886079016425
0.0034448818897637,2834.0881796820718,-2.619978818888255
0.0029527559055118,2817.123761282362,8.606367394069949
0.0029527559055118,2843.274635385301,-2.590838763244808
0.0029527559055118,2848.2306950022808,-2.6742234387360626
0.0029527559055118,2829.8406702491043,-2.690534593190029
0.0029527559055118,2831.9645556162,-2.685537782167655
0.0034448818897637,2830.548634378772,-2.652026621181108
0.0034448818897637,2834.796674756483,-2.7104750725503797
0.0029527559055118,2843.2747031969902,-2.700704414318342
0.0029527559055118,2830.548631508869,-2.678352078942087
0.0029527559055118,2834.7963545960165,-2.6372546642913672
0.0029527559055118,2829.8408072038546,-2.6709318647925997
0.0029527559055118,2831.256374047134,-2.616559059749717
0.0034448818897637,2834.0887244603555,-2.7140812478536267
0.0034448818897637,2834.7965501116014,-2.6914300227636803
0.0029527559055118,2829.8406743093246,-2.676130131042478
0.0029527559055118,2843.2745926415964,-2.622917625224402
0.0029527559055118,2842.5694616885885,0.526779592630961
0.0029527559055118,2817.123764674535,8.609483811110934
0.0029527559055118,2818.5399441619834,8.591007503850427
0.0029527559055118,2843.9830028293104,-2.6315097024019316
0.0029527559055118,2829.142693520437,8.58031160430724
0.0029527559055118,2817.1225756211184,7.009196523228257
0.0029527559055118,2834.7966057418275,-2.6252410740680876
0.0029527559055118,2833.3805895914484,-2.6631143242874504
0.0034448818897637,2846.814699427026,-2.689732383710123
0.0029527559055118,2845.408396078403,8.57751995582691
0.0029527559055118,2831.9649686010566,-2.683027872654395
0.0029527559055118,2819.946117066203,-2.6341434815548164
0.0029527559055118,2829.8408077329955,-2.6678556084996448
0.0029527559055118,2843.982652491676,-2.636606253377077
0.0029527559055118,2831.9645570377315,-2.6747277903293485
0.0029527559055118,2848.2308818620777,-2.7309529386831053
0.0029527559055118,2819.946315884693,-2.6348781863925526
0.0029527559055118,2819.946421156472,-2.6864477116691523
0.0029527559055118,2819.946342184503,-2.6501672519449366
0.0029527559055118,2832.672509205615,-2.6688324500640723
0.0029527559055118,2843.2751452007874,-2.7228194372820553
0.0029527559055118,2832.6724466287837,-2.6701594288194057
0.0029527559055118,2834.7980217380928,-1.0347453006384904
0.0029527559055118,2833.3804572084746,-2.668460380401121
0.0029527559055118,2819.95413952322,7.0153164917409425
0.0029527559055118,2829.8403099013967,-2.6534229701959706
0.0034448818897637,2834.796674756483,-2.7104750725503797
0.0029527559055118,2848.230882496939,-2.7228552950862484
0.0029527559055118,2843.992343422979,8.586990672695755
0.0034448818897637,2843.9830723367536,-2.71374606629991
0.0029527559055118,2844.7004314052924,8.584577479458867
0.0029527559055118,2842.567144021526,-2.709536330163823
0.0029527559055118,2848.2308695193583,-2.7222913590300917
0.0029527559055118,2842.567144021526,-2.709536330163823
0.0029527559055118,2844.7004294877484,8.580962999247102
0.0029527559055118,2842.567048889101,-2.680634992395101
0.0029527559055118,2846.1068073189026,-2.696022458442626
0.0029527559055118,2847.52294741097,-2.727421417949461
0.0029527559055118,2833.390065297345,8.57609168511066
0.0029527559055118,2819.2384174858203,-2.646931424698221
0.0029527559055118,2830.548573848494,-2.662091797795795
0.0029527559055118,2843.2748271954624,-2.6796632192820957
0.0029527559055118,2819.9462514990764,-2.657093446274059
0.0029527559055118,2831.964679372637,-2.676605161020917
0.0029527559055118,2817.822116505728,-2.6392164626490464
0.0034448818897637,2831.25672392452,-2.6577678735881203
0.0029527559055118,2831.9645841211,-2.701509225382118
0.0029527559055118,2819.238256367258,-2.6466064762424413
0.0029527559055118,2846.8145768548816,-2.7147801734177084
0.0029527559055118,2834.7964840369223,-2.6730116118312477
0.0029527559055118,2818.5303266043948,-2.649651377547868
0.0034448818897637,2834.7959766278973,-2.7040286232815314
0.0029527559055118,2848.230876992924,-2.7271269347624396
0.0029527559055118,2847.5229327709603,-2.7254689229189872
0.0029527559055118,2843.2743446360264,-2.6086818092980324
0.0029527559055118,2817.822503086731,-2.6424875288990046
0.0029527559055118,2829.140919000177,7.014078353801283
0.0029527559055118,2847.5282878432204,3.7383052184858663
0.0029527559055118,2842.567016535782,-2.669541707780344
0.0029527559055118,2847.5255990437536,0.5049505635783683
0.0029527559055118,2831.9644626770264,-2.6552274876389124
0.0029527559055118,2831.2565194773374,-2.6636986149075073
0.0029527559055118,2832.6723240560423,-2.696130970204781
0.0029527559055118,2834.088608441501,-2.725007279360926
0.0029527559055118,2829.132846964329,-2.6487900894192915
0.0029527559055118,2834.0887307353987,-2.724800941230048
0.0029527559055118,2818.5303391517696,-2.6529583230059277
0.0029527559055118,2842.576469548711,8.578116697999146
0.0029527559055118,2843.284559533741,8.572112947472656
0.0029527559055118,2848.230912148794,-2.727373845455069
0.0029527559055118,2834.7966117941805,-2.6266043766401532
0.0029527559055118,2842.5668078992303,-2.6977205892108964
0.0029527559055118,2831.256291216592,-2.6526757859140195
0.0029527559055118,2830.5485965383386,-2.66192256229606
0.0029527559055118,2829.8406409372024,-2.6534098498339524
0.0029527559055118,2842.5666562578253,-2.606720313746483
0.0029527559055118,2829.8504172646326,8.588105016223274
0.0029527559055118,2831.9645748957532,-2.681052097364173
0.0029527559055118,2829.8406939591887,-2.656041068069044
0.0029527559055118,2830.549051824384,-2.6818016457830502
0.0029527559055118,2820.6542822818724,-2.6511062499151814
0.0029527559055118,2818.5301000136005,-2.6292675929901
0.0029527559055118,2831.256563373995,-2.6662858746804616
0.0029527559055118,2834.796367688125,-2.669629566443933
0.0029527559055118,2848.230787364514,-2.6939539573175257
0.0029527559055118,2842.566680989766,-2.610809974975796
0.0029527559055118,2829.13274684872,-2.6486794021866427
0.0029527559055118,2843.284422446616,8.58068200654662
0.0029527559055118,2834.08863312075,-2.7221857233519495
0.0029527559055118,2834.088720560368,-2.7133906312517633
0.0029527559055118,2819.9463470550677,-2.6439881077875755
0.0029527559055118,2846.8147570141496,-2.711947476413603
0.0029527559055118,2842.576169595585,8.607935940440928
0.0029527559055118,2831.256561649226,-2.6705836427695155
0.0034448818897637,2846.1068383308975,-2.678725536474603
0.0029527559055118,2847.522905140663,-2.7203036581087336
0.0029527559055118,2816.415778693228,8.614447611996619
0.0029527559055118,2846.824068185333,8.595572350914601
0.0029527559055118,2846.8239489261173,8.588135923000234
0.0029527559055118,2842.566858766786,-2.681057620626602
0.0029527559055118,2829.1327041833947,-2.6253800023365397
0.0029527559055118,2828.4344530569574,8.597397151469218
0.0029527559055118,2847.531894813006,8.594829912732958
0.0029527559055118,2831.2565367080547,-2.65051833831534
0.0029527559055118,2846.8147482798513,-2.663625246823847
0.0029527559055118,2832.6820666617887,8.583508450556693
0.0029527559055118,2846.1082289031083,-1.0133911769899318
0.0029527559055118,2834.08843972724,-2.684092035431194
0.0029527559055118,2829.840615251257,-2.6629251131381144
0.0029527559055118,2817.123734660866,8.61273480074806
0.0029527559055118,2831.2564613948784,-2.6599700622072815
0.0029527559055118,2833.3804959126987,-2.683245610615726
0.0029527559055118,2846.8149755714157,-2.723246975019379
0.0029527559055118,2843.982773465654,-2.6637313089873214
0.0034448818897637,2842.56671872703,-2.685496176561152
0.0034448818897637,2834.0885913562,-2.723778646178862
0.0029527559055118,2834.7971020770087,-2.734213038360637
0.0029527559055118,2832.681828589618,8.591928586466532
0.0034448818897637,2830.5483786822956,-2.6682541504670283
0.0029527559055118,2834.806051086787,8.585026814421475
0.0029527559055118,2846.1064514316226,-2.669877887582876
0.0029527559055118,2843.2751190798485,-2.7109918050000203
0.0029527559055118,2831.256290337954,-2.6396458891653563
0.0029527559055118,2844.700409331017,8.581292688325009
0.0034448818897637,2847.522520718814,-2.662053920324425
0.0029527559055118,2832.6821706692035,8.580507331693566
0.0029527559055118,2831.2562950785714,-2.658409056446101
0.0029527559055118,2846.8243321811547,8.57966073436343
0.0029527559055118,2845.399996473293,-1.0152838209948243
0.0029527559055118,2829.8407765335764,-2.645846772508647
0.0029527559055118,2834.7965449073513,-2.7190619824322786
0.0029527559055118,2833.384367351622,2.142388256702487
0.0029527559055118,2846.823948449121,8.59031168433993
0.0029527559055118,2846.1145804001962,6.997712474378284
0.0029527559055118,2842.576175224362,8.600538490983505
0.0034448818897637,2831.9646921923704,-2.700669813199058
0.0029527559055118,2829.8406325240594,-2.673530865277737
0.0029527559055118,2831.266144556704,8.580129753293413
0.0029527559055118,2829.1419960918056,8.602491797139146
0.0034448818897637,2832.67238896676,-2.6968451410954684
0.0029527559055118,2829.1419960918056,8.602491797139146
0.0029527559055118,2830.5490304970263,-2.6809848226969883
0.0029527559055118,2818.5303789851528,-2.6427183666944627
0.0029527559055118,2843.2747224586915,-2.60173318059398
0.0029527559055118,2833.3802249082923,-2.713433264754399
0.0029527559055118,2819.2476261062616,8.603869761527363
0.0029527559055118,2834.0884453442504,-2.6838377334841907
0.0029527559055118,2845.3987213532628,-2.684753537812759
0.0034448818897637,2830.5487572051784,-2.6535068608030916
0.0029527559055118,2829.8404070349434,-2.6550802216185527
0.0029527559055118,2831.964487061152,-2.6660253907619325
0.0029527559055118,2819.2382173525257,-2.6349706822506853
0.0029527559055118,2848.23066781186,-2.6706314064917396
0.0029527559055118,2834.0885764869763,-2.6782302273800354
0.0029527559055118,2843.982568939329,-2.6220359768852566
0.0029527559055118,2833.3807957141426,-2.7222619679669116
0.0029527559055118,2845.4081580996253,8.593168177766302
0.0029527559055118,2829.840375490705,-2.6418899373766793
0.0029527559055118,2846.10665994578,-2.715832257813727
0.0029527559055118,2805.804060326523,-2.683928694841379
0.0034448818897637,2846.10700985172,-2.7175103264713463
0.0029527559055118,2818.5300833083174,-2.6378684738139064
0.0034448818897637,2831.9647408408964,-2.708471329584082
0.0029527559055118,2819.9556211583317,8.601817922291316
0.0029527559055118,2831.256304222421,-2.6381417198461987
0.0029527559055118,2834.805996535804,8.57258933483495
0.0034448818897637,2833.380790009248,-2.710549727119983
0.0029527559055118,2817.124177800596,8.59811544236251
0.0029527559055118,2843.9923839478,8.57367280219993
0.0029527559055118,2834.088732969341,-2.713372155039472
0.0029527559055118,2842.576219883232,8.58945975381725
0.0029527559055118,2832.672012426634,-2.6672298162929713
0.0029527559055118,2829.8406603462918,-2.6682117839419357
0.0029527559055118,2834.0886081850617,-2.6799522669019287
0.0029527559055118,2828.434336579494,8.589012707929315
0.0029527559055118,2842.5668117504592,-2.6100086694211075
0.0029527559055118,2829.8399641434125,-2.6452697889339722
0.0029527559055118,2834.796572541715,-2.7310190367763383
0.0029527559055118,2828.4249711888333,-2.6795296392392993
0.0029527559055118,2843.274768950004,-2.6122306173207157
0.0029527559055118,2847.532308528357,8.57894647195074
0.0029527559055118,2848.230876224675,-2.721021436689185
0.0029527559055118,2830.549233981733,-2.6885678305303227
0.0029527559055118,2845.407985636438,8.59667777163301
0.0029527559055118,2831.9647290608264,-2.7088895416428853
0.0029527559055118,2834.097735745041,8.594086169867666
0.0029527559055118,2833.3799802510116,-2.6083770817624887
0.0029527559055118,2830.5485310786785,-2.6002601424399376
0.0029527559055118,2830.548699269458,-2.652057955813569
0.0034448818897637,2834.0887175569383,-2.7082531246507706
0.0029527559055118,2834.7962967514623,-2.7062808996801087
0.0029527559055118,2843.2747324352517,-2.608029510162729
0.0029527559055118,2847.5227878787455,-2.7047510731350535
0.0029527559055118,2834.8060871316156,8.574517712487722
0.0029527559055118,2844.69089928534,-2.7217657982365013
0.0029527559055118,2830.5486779775374,-2.652602394841142
0.0029527559055118,2830.548706282266,-2.657515818839326
0.0029527559055118,2831.9642798932778,-2.670636136076877
0.0029527559055118,2829.132441792332,-2.661326811889098
0.0029527559055118,2848.230880450708,-2.725651805933176
0.0029527559055118,2832.672367441956,-2.7159704565766125
0.0029527559055118,2845.3988710733306,-2.725001529659367
0.0029527559055118,2848.2349557799675,2.162403844222374
0.0029527559055118,2843.983039203913,-2.695187431162967
0.0029527559055118,2832.672621539782,-2.6726455135364304
0.0029527559055118,2843.2749911324486,-2.6813758171804642
0.0029527559055118,2834.088715264945,-2.7070751074914474
0.0029527559055118,2834.0881798371265,-2.6654350837081355
0.0029527559055118,2819.2384100122545,-2.642095848965873
0.0029527559055118,2847.528239408789,3.7392082078389275
0.0029527559055118,2848.2308695193583,-2.7222913590300917
0.0029527559055118,2847.522525974861,-2.6117204204160855
0.0034448818897637,2834.7962352590025,-2.6797911050266006
0.0029527559055118,2832.6722430375225,-2.6399393947400007
0.0029527559055118,2831.974087236705,8.582089625690147
0.0029527559055118,2833.389766743525,8.593992464633624
0.0034448818897637,2833.3806308988405,-2.7121373920303293
0.0029527559055118,2829.132812222504,-2.6454959754590517
0.0029527559055118,2834.088639226228,-2.723846376802645
0.0029527559055118,2815.0001850674557,8.59653243985402
0.0029527559055118,2830.548753472528,-2.657640437524769
0.0029527559055118,2832.672352061921,-2.699269911993503
0.0034448818897637,2832.672688593197,-2.7052163153269015
0.0029527559055118,2844.70007109615,8.592775069326391
0.0029527559055118,2834.805934210561,8.585729678185945
0.0034448818897637,2834.0887112846735,-2.7064192662537074
0.0029527559055118,2817.8321535871023,8.591762808984155
0.0034448818897637,2834.0886723836966,-2.703823931465579
0.0034448818897637,2847.52288832669,-2.7156018135046796
0.0034448818897637,2831.964266783523,-2.6426756082158103
0.0029527559055118,2848.2402623822545,8.580335488095134
0.0034448818897637,2831.25671017869,-2.651098439458709
0.0029527559055118,2834.805950976633,8.578102484137212
0.0029527559055118,2819.238389855523,-2.6417661598879674
0.0029527559055118,2834.7965182774856,-2.683900709600747
0.0029527559055118,2831.9644015151293,-2.6403478867895966
0.0034448818897637,2842.567168198418,-2.7034284941466113
0.0029527559055118,2846.8148235679055,-2.7300996308753622
0.0029527559055118,2831.26613908511,8.58218857496964
0.0029527559055118,2819.2382683721316,-2.645575775472608
0.0029527559055118,2844.700421969923,8.580225310076404
0.0034448818897637,2834.0887100391124,-2.70899081382147
0.0029527559055118,2829.8407946312236,-2.663187711320756
0.0029527559055118,2832.6780495973057,3.7440482902748924
0.0034448818897637,2843.274954258414,-2.6589731148098417
0.0029527559055118,2843.27474923559,-2.602204710954563
0.0029527559055118,2834.0979946365665,8.577103207789023
0.0029527559055118,2846.1060674064925,-2.5918188804669424
0.0029527559055118,2829.850395834801,8.600983421352959
0.0034448818897637,2845.403556983463,2.840416941556887
0.0029527559055118,2843.9923640416227,8.596588597216964
0.0029527559055118,2843.9923640416227,8.596588597216964
0.0029527559055118,2834.097991505304,8.594477622449354
0.0029527559055118,2818.530461034733,-2.6315140463054014
0.0029527559055118,2831.964687915531,-2.6936576955317904
0.0029527559055118,2834.0885025800753,-2.688936945831314
0.0029527559055118,2846.116405277908,8.593527328157759
0.0029527559055118,2834.0980094396323,8.587094720440433
0.0029527559055118,2831.96454230952,-2.647142341874325
0.0029527559055118,2815.708241971675,8.61543774329141
0.0029527559055118,2815.708241971675,8.61543774329141
0.0029527559055118,2842.576467598938,8.592657040115292
0.0029527559055118,2845.4029798665365,2.1534923817486264
0.0029527559055118,2842.5765815202612,8.592516800146473
0.0029527559055118,2831.964942365734,-2.621681162590095
0.0029527559055118,2828.424407352362,-2.621161535629807
0.0029527559055118,2843.992482427771,8.595159282119338
0.0029527559055118,2848.2318463775423,-1.055547836527263
0.0029527559055118,2846.824229076071,8.589783683240508
0.0029527559055118,2833.3899169264023,8.603085274294386
0.0029527559055118,2833.387420635696,5.372212898317738
0.0029527559055118,2848.234436875877,2.2126795561062176
0.0029527559055118,2834.0981402003254,8.587896025995121
0.0029527559055118,2843.992364063699,8.595596046324996
0.0029527559055118,2846.824229293985,8.588348497228399
0.0029527559055118,2833.3897930397834,8.602834114131076
0.0029527559055118,2844.6987148743856,7.019544338558666
0.0029527559055118,2832.6820983508014,8.587824191639077
0.0029527559055118,2831.25671931142,-2.6422605026249055
0.0029527559055118,2847.5253307262374,0.5891713657908897
0.0029527559055118,2833.3901546220263,8.582087808211773
0.0029527559055118,2832.6722511543935,-2.659163877289044
0.0029527559055118,2846.8239354345374,8.595222300772317
0.0029527559055118,2842.566893349493,-2.677481781456574
0.0029527559055118,2830.548311211224,-2.662555893318645
0.0029527559055118,2832.6724920659426,-2.6813265355600615
0.0029527559055118,2843.2749525305285,-2.70164650528699
0.0029527559055118,2830.5486732007985,-2.649467287061891
0.0029527559055118,2817.12412799201,8.602963681809236
0.0029527559055118,2846.1065914190403,-2.6069468355389627
0.0029527559055118,2832.6724383829423,-2.678655259554732
0.0029527559055118,2843.9830954969148,-2.7192132619788074
0.0029527559055118,2834.0884028959103,-2.6689268601785328
0.0029527559055118,2830.548539415424,-2.653136210470996
0.0029527559055118,2834.0980943663044,8.573620815144132
0.0029527559055118,2845.407970045325,8.592847386482774
0.0029527559055118,2834.805937645347,8.567445383451432
0.0029527559055118,2842.5668863427168,-2.6813147082761586
0.0029527559055118,2830.548143129602,-2.5966048693780825
0.0029527559055118,2818.53045281271,-2.639873901066265
0.0029527559055118,2846.116405277908,8.593527328157759
0.0034448818897637,2833.380751740047,-2.6986128675138064
0.0029527559055118,2847.532186824436,8.585634029077635
0.0029527559055118,2834.800530492665,2.1838138369240276
0.0029527559055118,2834.0981402003254,8.587896025995121
0.0029527559055118,2847.531912513072,8.591716400554441
0.0029527559055118,2831.964482523645,-2.655984264440666
0.0029527559055118,2842.5668419911394,-2.6156052200978097
0.0029527559055118,2834.796707266864,-2.6124150248664595
0.0029527559055118,2817.1241563707645,8.610993847492194
0.0029527559055118,2834.098122265997,8.595278928004042
0.0029527559055118,2834.098122265997,8.595278928004042
0.0034448818897637,2843.9888530691574,4.219880705763522
0.0029527559055118,2832.672395241866,-2.6459311661062115
0.0029527559055118,2833.380232470086,-2.615562921848623
0.0034448818897637,2845.3987350656985,-2.6858445682551215
0.0029527559055118,2828.4248004516644,-2.6369340763686013
0.0029527559055118,2828.424940527905,-2.673173714305653
0.0029527559055118,2844.700307841839,8.579516205421129
0.0029527559055118,2831.256638921171,-2.650188648915826
0.0029527559055118,2831.2567048171327,-2.6487864989887058
0.0029527559055118,2843.2843908241366,8.582247158865421
0.0029527559055118,2831.256911655073,-2.6622244055293542
0.0029527559055118,2843.9829228115,-2.5995643394480847
0.0034448818897637,2834.08857514782,-2.709954038695595
0.0029527559055118,2846.1120687604443,3.781832039246843
0.0029527559055118,2819.9560037559045,8.597975370415014
0.0029527559055118,2847.5255608687517,0.5311328837230883
0.0034448818897637,2830.5487674734327,-2.6423504951953007
0.0029527559055118,2834.0977435673885,8.597949617208522
0.0029527559055118,2848.234665064912,2.136286497022332
0.0029527559055118,2846.824234397608,8.580248064008007
0.0029527559055118,2847.522932200812,-2.7264614703894954
0.0034448818897637,2834.796667238657,-2.711212761721079
0.0034448818897637,2834.796533062047,-2.716013541729499
0.0029527559055118,2819.9463596939736,-2.6450554860361803
0.0029527559055118,2829.1424440580286,8.602601690175804
0.0029527559055118,2834.7966743173106,-2.708210974142397
0.0029527559055118,2833.387305672809,5.382205889461715
0.0029527559055118,2831.9646739133905,-2.6450914877350717
0.0029527559055118,2845.3988248187416,-2.6557746987073703
0.0029527559055118,2848.230883164153,-2.71453518334599
0.0029527559055118,2848.2307713574546,-2.6816792312646034
0.0029527559055118,2848.2308886034552,-2.7173686397961476
0.0029527559055118,2831.2661097200644,8.590648683925663
0.0029527559055118,2820.654409007761,-2.6750693869389996
0.0029527559055118,2834.0884418282058,-2.6791208522669154
0.0034448818897637,2846.814772285452,-2.657961888689223
0.0029527559055118,2832.6822300557515,8.591491950677764
0.0029527559055118,2842.566983783552,-2.643963066712389
0.0029527559055118,2846.115989717976,8.598463084922166
0.0029527559055118,2829.8487877073503,7.0190765543769915
0.0029527559055118,2831.2566024402945,-2.6430705198325457
0.0029527559055118,2834.796592912203,-2.7171741005211674
0.0029527559055118,2845.402799510313,2.1415575038256116
0.0029527559055118,2817.1240335507514,8.606128875892965
0.0029527559055118,2845.408400332088,8.586497227031597
0.0034448818897637,2846.106802114226,-2.708227447869761
0.0029527559055118,2848.2307713574546,-2.6816792312646034
0.0029527559055118,2848.9384540187452,-2.6084081405312003
0.0029527559055118,2833.390187255296,8.589270002778155
0.0029527559055118,2834.8060853673755,8.57882535385072
0.0029527559055118,2846.824373003848,8.582601267960996
0.0034448818897637,2846.814680798649,-2.6320482470830275
0.0029527559055118,2834.0977438601294,8.597692834021053
0.0029527559055118,2832.6821037735735,8.587220512562316
0.0029527559055118,2832.6725195161143,-2.6720917223578597
0.0034448818897637,2843.2749183745186,-2.6349201408762446
0.0029527559055118,2842.576204332858,8.605750608534764
0.0034448818897637,2842.5670258855885,-2.697614077657909
0.0029527559055118,2830.5487675346476,-2.640642233802059
0.0029527559055118,2846.1066252205665,-2.5995203489327667
0.0029527559055118,2847.5228049574043,-2.7177241783052533
0.0029527559055118,2843.98251693689,-2.5710679397660168
0.0029527559055118,2845.398876623368,-2.727156266760061
0.0029527559055118,2834.805969068722,8.581812924660314
0.0034448818897637,2842.5670661747504,-2.7028747029680407
0.0029527559055118,2831.2570029963617,-2.6737859406648834
0.0029527559055118,2819.9560091786766,8.597371691338253
0.0029527559055118,2848.2306873657813,-2.7177674418645186
0.0029527559055118,2847.522473213656,-2.6401514769025733
0.0029527559055118,2832.6725571829443,-2.6701685233868173
0.0029527559055118,2834.0981456230975,8.587292346918359
0.0029527559055118,2848.2308886034552,-2.7173686397961476
0.0029527559055118,2842.57618639853,8.613133510543685
0.0034448818897637,2834.08865669995,-2.691182885055907
0.0029527559055118,2818.5400947795874,8.60181558713747
0.0029527559055118,2842.576459565897,8.595966130486692
0.0034448818897637,2834.796670946011,-2.708963942034309
0.0029527559055118,2819.248032975543,8.60368612606272
0.0034448818897637,2846.8148939976886,-2.6918984392392393
0.0029527559055118,2831.964685543866,-2.6640134096044674
0.0029527559055118,2845.4080055534973,8.602600088920049
0.0029527559055118,2830.5487131373684,-2.6844486965692296
0.0029527559055118,2833.380611959358,-2.694578050260192
0.0029527559055118,2842.5762090258886,8.6079649775897
0.0029527559055118,2847.532295266041,8.584364343818871
0.0029527559055118,2847.524256060006,-1.104365470121914
0.0029527559055118,2843.9923396306663,8.591869508677293
0.0029527559055118,2843.992210256369,8.607009459915876
0.0029527559055118,2842.5765727804182,8.588494965090495
0.0029527559055118,2846.109572216139,0.5471394801067281
0.0029527559055118,2843.9921011602414,8.605785700199478
0.0029527559055118,2830.548690366366,-2.647173631504124
0.0029527559055118,2846.814013331167,-2.5624590894956185
0.0029527559055118,2848.2322944179828,-1.083686013370723
0.0029527559055118,2831.256308481702,-2.635165809862878
0.0029527559055118,2829.840663780001,-2.665237004486098
0.0029527559055118,2834.088536896412,-2.65688480434853
0.0029527559055118,2819.9520469452827,3.7398060780257314
0.0029527559055118,2817.116958421225,0.5725768185628651
0.0029527559055118,2843.275136245416,-2.7086981494422533
0.0029527559055118,2848.230414235485,-2.693612994387146
0.0029527559055118,2845.3983811694006,-2.591795191699713
0.0029527559055118,2843.2803169854396,3.7990151503205998
0.0029527559055118,2834.098111531872,8.5759144707019
0.0029527559055118,2829.1327476487722,-2.6383754123311576
0.0034448818897637,2834.088350973121,-2.7051933504062635
0.0029527559055118,2834.097736090244,8.588816424410219
0.0034448818897637,2834.7966914035187,-2.7096937648461203
0.0029527559055118,2844.700051356194,8.597847168839815
0.0029527559055118,2831.9646885050993,-2.668904568761863
0.0034448818897637,2843.275132723455,-2.7050729906947684
0.0029527559055118,2818.540079194867,8.598971404636373
0.0034448818897637,2843.275149562825,-2.704131445171261
0.0029527559055118,2844.700051356194,8.597847168839815
0.0034448818897637,2834.796673624939,-2.716305130370901
0.0029527559055118,2831.9644654033827,-2.6588234025044004
0.0029527559055118,2833.3807822302624,-2.70333416271688
0.0029527559055118,2832.6818517752854,8.599886233182719
0.0034448818897637,2843.2749416195084,-2.657905736561237
0.0029527559055118,2845.4083665305616,8.5790707404254
0.0034448818897637,2834.0885631100064,-2.723916881013132
0.0029527559055118,2844.6905961408947,-2.606959558014188
0.0029527559055118,2843.2841280767225,8.597004006080876
0.0034448818897637,2842.5670807344163,-2.6934133723439935
0.0029527559055118,2846.8159037144083,-1.09471827736992
0.0024606299212598,2833.3904660983294,8.900202272170105
0.0024606299212598,2831.96462853785,-2.673346092115951
0.0024606299212598,2843.284728471014,8.897783384839798
0.0024606299212598,2819.9465116629735,-2.6828435975353426
0.0024606299212598,2843.992388467385,8.91588992513999
0.0024606299212598,2834.796702112467,-2.716976005096418
0.0024606299212598,2834.806400135619,8.893916339439475
0.0024606299212598,2832.682528536985,8.900582183138301
0.0024606299212598,2842.566798741935,-2.6621367149276365
0.0024606299212598,2846.8146264027987,-2.725275958519356
0.0024606299212598,2833.380521138718,-2.6821770133705676
0.0024606299212598,2834.0887449129223,-2.7147540571968096
0.0024606299212598,2834.7966846572003,-2.7232210502644487
0.0024606299212598,2834.806379329162,8.895514084331076
0.0024606299212598,2843.992647139172,8.906672895492342
0.0024606299212598,2843.9923831433503,8.922584512043512
0.0024606299212598,2833.3807506199114,-2.716935117533819
0.0024606299212598,2834.796299806421,-2.665260307771037
0.0024606299212598,2831.9646104273065,-2.688890217689837
0.0024606299212598,2842.5768640019132,8.897297598777325
0.0024606299212598,2843.992654144262,8.896840931397689
0.0024606299212598,2817.8224077641603,-2.6124984999519794
0.0024606299212598,2819.2479194720645,8.92511042541053
0.0024606299212598,2844.700359981095,8.91852052721249
0.0024606299212598,2833.390090980015,8.913470546235175
0.0024606299212598,2846.8146116863813,-2.721288721385329
0.0024606299212598,2845.408565937395,8.897946256218042
0.0024606299212598,2845.4083028664745,8.911446029340773
0.0024606299212598,2831.964629489924,-2.696138781393794
0.0024606299212598,2816.4165019069687,8.921458056735766
0.0024606299212598,2843.2844579096322,8.92198641956824
0.0024606299212598,2843.2847121711357,8.901240543455222
0.0024606299212598,2834.0984387655767,8.902868863279114
0.0024606299212598,2832.6825106026567,8.907965085147222
0.0024606299212598,2830.548842897419,-2.666163542254183
0.0024606299212598,2842.5767494071315,8.905826034664425
0.0024606299212598,2829.840763403977,-2.664147932485453
0.0024606299212598,2847.52270772141,-2.7151139676158276
0.0029527559055118,2846.8145792593364,-2.7136339083024983
0.0024606299212598,2817.8320270241275,8.935977598834405
0.0024606299212598,2847.5229713692347,-2.7205319845853686
0.0024606299212598,2842.5667640936854,-2.6553929265247853
0.0024606299212598,2829.840623748291,-2.647435728838789
0.0024606299212598,2843.284703604435,8.91057895474466
0.0024606299212598,2842.566928036364,-2.6623197114741175
0.0024606299212598,2834.0880499922096,-2.608985998577284
0.0024606299212598,2833.380652328163,-2.7109032974310296
0.0024606299212598,2843.2746682148218,-2.617726261760602
0.0024606299212598,2846.814897334756,-2.7280584369579963
0.0024606299212598,2820.654258461489,-2.6162499443342218
0.0024606299212598,2817.8322793989246,8.91911051390803
0.0024606299212598,2843.284837358355,8.913836429103098
0.0024606299212598,2828.4346469677753,8.91798455512617
0.0024606299212598,2834.0984387655767,8.902868863279114
0.0024606299212598,2846.1070569701455,-2.7160880887861523
0.0024606299212598,2831.2567944632665,-2.7078794055945257
0.0024606299212598,2843.2844588295225,8.919237622259581
0.0029527559055118,2834.088754361894,-2.7059641446455673
0.0024606299212598,2847.5228715882845,-2.7046718838744956
0.0024606299212598,2846.824508892519,8.899078495277275
0.0024606299212598,2831.2665900503384,8.905834337590509
0.0024606299212598,2846.10644402481,-2.5717619387803747
0.0024606299212598,2831.2565060447673,-2.647869259053085
0.0024606299212598,2818.5302413700215,-2.6280122320445902
0.0024606299212598,2846.108285622518,-0.6880588579429038
0.0024606299212598,2846.1066509093134,-2.6207602976835473
0.0024606299212598,2829.84074481153,-2.6761585313658456
0.0024606299212598,2820.6641978448956,8.89904808217103
0.0024606299212598,2843.2747783083782,-2.6215621603753236
0.0024606299212598,2828.4347401334558,8.920439755369364
0.0024606299212598,2834.098439933833,8.903113155318927
0.0024606299212598,2848.240283916325,8.902463310507322
0.0024606299212598,2831.2566384205584,-2.6701533800050887
0.0024606299212598,2831.9644570083456,-2.6604801248440486
0.0024606299212598,2846.8144412603992,-2.718629859601337
0.0024606299212598,2832.672108047939,-2.6501428462629883
0.0024606299212598,2846.106422210014,-2.564173267683856
0.0024606299212598,2829.840746413468,-2.693772110218687
0.0029527559055118,2847.5223742567027,-2.678358192567954
0.0024606299212598,2834.796380865686,-2.697144116896807
0.0024606299212598,2846.1162725457284,8.913265057072492
0.0024606299212598,2842.5669366648444,-2.647757441951523
0.0024606299212598,2832.6725037421143,-2.663481719947035
0.0024606299212598,2831.9645162755414,-2.6720348949047668
0.0024606299212598,2832.6728206539956,-2.7092186465264563
0.0024606299212598,2847.522930029429,-2.7302279915855654
0.0024606299212598,2843.276119429946,-0.657616474310528
0.0024606299212598,2842.56661239292,-2.5679401933765083
0.0024606299212598,2833.3804801269093,-2.6788895107225454
0.0024606299212598,2831.2565026984576,-2.6545000389442457
0.0024606299212598,2834.796510752613,-2.6846365509405374
0.0024606299212598,2843.9826046519192,-2.6155036935628155
0.0024606299212598,2817.8224005305674,-2.6158613421715233
0.0024606299212598,2842.567402582846,-2.6805899671016546
0.0024606299212598,2831.9642997862334,-2.6602518452181445
0.0024606299212598,2833.3807509096105,-2.712983727923555
0.0024606299212598,2846.11667120989,8.901317970875368
0.0029527559055118,2847.5228921630824,-2.719739722052577
0.0024606299212598,2843.9923458474964,8.909980223767691
0.0024606299212598,2848.240283916325,8.902463310507322
0.0024606299212598,2830.548809623343,-2.6859386718936995
0.0029527559055118,2843.2749347519484,-2.7082578708117704
0.0024606299212598,2846.8242376562334,8.914232925960889
0.0024606299212598,2834.0886015329943,-2.6993093910655133
0.0029527559055118,2846.8148738490836,-2.7021990761413672
0.0029527559055118,2831.256311270934,-2.6648557729483606
0.0024606299212598,2829.840448299395,-2.6537484338384214
0.0024606299212598,2832.6820958084463,8.914996583468616
0.0024606299212598,2848.2390008963066,6.980036832206235
0.0024606299212598,2831.9644215634567,-2.653033732852262
0.0024606299212598,2847.5227079640913,-2.666072556994779
0.0024606299212598,2846.824640376357,8.896985712083154
0.0024606299212598,2830.5487968282105,-2.671429187900431
0.0024606299212598,2843.2752525990677,-2.642823868858382
0.0024606299212598,2816.4063203463693,-2.6021175165920036
0.0024606299212598,2842.5670502506805,-2.67216258070372
0.0024606299212598,2829.8405410730415,-2.649011871633334
0.0024606299212598,2829.132587682367,-2.633173471631865
0.0024606299212598,2847.522664619695,-2.7124488774875597
0.0024606299212598,2831.2566500552384,-2.6564759155489712
0.0024606299212598,2831.96467708961,-2.674935232827091
0.0029527559055118,2843.2746936939443,-2.7021614382766015
0.0024606299212598,2847.522957089578,-2.736385803866327
0.0024606299212598,2818.5403633453566,8.908144583475938
0.0024606299212598,2834.088717714037,-2.727608533271956
0.0024606299212598,2842.567175873343,-2.7220462135970975
0.0024606299212598,2847.522964627857,-2.7341162834723263
0.0024606299212598,2843.2751785670425,-2.724804430363613
0.0024606299212598,2846.106392899717,-2.6025457785896733
0.0024606299212598,2843.274620275714,-2.6243203714541625
0.0024606299212598,2820.6543359326106,-2.699615050018297
0.0024606299212598,2828.424693765486,-2.6721537273910907
0.0024606299212598,2819.9463832701185,-2.69844103641845
0.0024606299212598,2831.2566829600305,-2.7063278120200773
0.0024606299212598,2842.5670161455614,-2.678481377601273
0.0024606299212598,2833.3803860347166,-2.614969725505131
0.0029527559055118,2843.274763442737,-2.62436736324371
0.0024606299212598,2833.380764794077,-2.7114795586043976
0.0024606299212598,2845.4085483455497,8.890388068118853
0.0029527559055118,2833.380587505246,-2.6994524332474685
0.0029527559055118,2847.522911486851,-2.721069009183577
0.0024606299212598,2820.65424645692,-2.6298377593889417
0.0024606299212598,2831.96467708961,-2.674935232827091
0.0024606299212598,2806.512404186652,-2.6948936860438053
0.0024606299212598,2843.284408370616,8.918171872840432
0.0024606299212598,2845.398889498684,-2.6935752580678827
0.0024606299212598,2833.3806619519787,-2.681660764759732
0.0024606299212598,2829.840612428853,-2.657888384603538
0.0024606299212598,2819.954530671117,7.004562972961406
0.0024606299212598,2842.566647182349,-2.66575722409003
0.0024606299212598,2831.9644692064635,-2.652352153073605
0.0024606299212598,2846.824508499632,8.890487948186035
0.0024606299212598,2847.522937567708,-2.7279584711915645
0.0024606299212598,2843.2751683462634,-2.717705072559344
0.0024606299212598,2845.408266062707,8.91099441071442
0.0024606299212598,2846.821440613308,5.022958806285673
0.0024606299212598,2820.663769060567,8.91431095566658
0.0024606299212598,2834.7961653646094,-2.6291666703836807
0.0024606299212598,2846.816202270334,-0.677036615789668
0.0024606299212598,2834.7964343025037,-2.6836118028922695
0.0024606299212598,2819.2379225467184,-2.6041111928639773
0.0024606299212598,2847.5228012707707,-2.732966645648117
0.0024606299212598,2834.088250174428,-2.714844828961252
0.0024606299212598,2831.9643043198316,-2.6533114774804827
0.0024606299212598,2834.0885405908493,-2.681713545149074
0.0024606299212598,2830.548378544252,-2.675229006355561
0.0024606299212598,2831.9647204927405,-2.671059056679753
0.0029527559055118,2830.5483062231515,-2.6542026260508615
0.0024606299212598,2842.576846357284,8.90863189039651
0.0024606299212598,2833.3900541762473,8.913018927608821
0.0024606299212598,2842.576846357284,8.90863189039651
0.0024606299212598,2834.7964958849034,-2.7023045260309115
0.0024606299212598,2834.098011375792,8.910796979709213
0.0024606299212598,2820.6540931145933,-2.627951385223627
0.0024606299212598,2847.5242664454445,-0.7245201283379044
0.0024606299212598,2834.796647853433,-2.7236726688908024
0.0024606299212598,2842.576715596591,8.907830584841822
0.0024606299212598,2831.2664207569396,8.899076761618813
0.0024606299212598,2834.098011375792,8.910796979709213
0.0024606299212598,2829.8411200813584,-2.6530661315602853
0.0024606299212598,2815.0001652636697,8.93804060543587
0.0024606299212598,2843.274400944954,-2.6927157483300603
0.0024606299212598,2847.5240531801714,-0.7042594073576343
0.0024606299212598,2834.088736487909,-2.7071755101402055
0.0024606299212598,2832.6726980506933,-2.6652561970301996
0.0024606299212598,2834.0887417511003,-2.7071719939724432
0.0029527559055118,2846.1069450282935,-2.6919469625588013
0.0024606299212598,2846.8180228285737,1.1814625503418845
0.0024606299212598,2845.408558437283,8.903112959846206
0.0024606299212598,2834.8059731815656,8.919522567647507
0.0024606299212598,2847.5228062186807,-2.6763634695127787
0.0029527559055118,2846.814942062107,-2.6886656725030336
0.0024606299212598,2831.96447371102,-2.6897733444457086
0.0024606299212598,2846.11630820703,8.915024349395308
0.0024606299212598,2834.0983002645607,8.90139574032218
0.0024606299212598,2833.3806116143105,-2.657467164032807
0.0024606299212598,2846.1166995886438,8.909348136558327
0.0024606299212598,2846.1166949641683,8.90573184793339
0.0024606299212598,2844.700733938051,8.908758142620297
0.0024606299212598,2843.2847892426635,8.901557392524792
0.0024606299212598,2831.964611285124,-2.7016315553426797
0.0024606299212598,2846.8144075094906,-2.692325991388566
0.0024606299212598,2834.098274203357,8.89464107111823
0.0024606299212598,2833.3804366930685,-2.6724451383334817
0.0029527559055118,2843.2751399798085,-2.7085825821724203
0.0029527559055118,2848.234798172215,2.121864195187646
0.0024606299212598,2834.7965481637552,-2.7054604431440388
0.0024606299212598,2834.79662962435,-2.7177946184200796
0.0029527559055118,2829.8406711045773,-2.671274237108407
0.0024606299212598,2828.434385073461,8.928013129236865
0.0024606299212598,2834.796685465431,-2.717757312800677
0.0024606299212598,2848.2300038224666,-2.5949274460153675
0.0024606299212598,2829.13234874488,-2.676657966379192
0.0024606299212598,2844.693773104359,1.1809422742792985
0.0024606299212598,2830.5484260898675,-2.6835538423055003
0.0024606299212598,2830.548291319864,-2.6350678996427455
0.0024606299212598,2832.672654414766,-2.6552452161331987
0.0024606299212598,2833.3904773115164,8.905938782295296
0.0024606299212598,2846.1163048100534,8.92545099844678
0.0024606299212598,2843.9923926498905,8.925994806337625
0.0024606299212598,2842.5768926703668,8.909279154070546
0.0024606299212598,2834.0983013275927,8.900759951365936
0.0024606299212598,2834.0883577285485,-2.610665677040939
0.0024606299212598,2833.390342542254,8.903573284031982
0.0024606299212598,2834.0884485319834,-2.670525000495727
0.0024606299212598,2842.576741883477,8.91321265279856
0.0024606299212598,2829.8406845156846,-2.6542877492954244
0.0024606299212598,2843.2847096416854,8.91423377004898
0.0024606299212598,2817.124056911703,8.936376180434236
0.0024606299212598,2847.5324792176275,8.897840357266439
0.0024606299212598,2829.1359051410464,1.2368677922117353
0.0024606299212598,2845.4086911375957,8.906536194720688
0.0024606299212598,2833.3900755485483,8.91633926939799
0.0024606299212598,2828.4347757464475,8.921248125552742
0.0024606299212598,2846.8196631405094,3.1336830793692503
0.0024606299212598,2832.672622484052,-2.6552665480097972
0.0024606299212598,2848.2321721598523,-0.6969294925566425
0.0024606299212598,2843.284817621418,8.90958755820775
0.0024606299212598,2834.0883206738054,-2.654104713541679
0.0024606299212598,2843.9926562825663,8.908768756999343
0.0024606299212598,2831.9646150861204,-2.6666978144059
0.0029527559055118,2848.230877741381,-2.7139315042692282
0.0024606299212598,2833.390459377188,8.913321684304217
0.0024606299212598,2845.408557954128,8.903579311690937
0.0024606299212598,2847.529292566393,5.027755632622981
0.0024606299212598,2831.9647461645636,-2.663030699409968
0.0024606299212598,2845.39868621125,-2.6299826755969113
0.0024606299212598,2829.142704567238,8.910996011970177
0.0024606299212598,2831.9642675784976,-2.653652562101344
0.0024606299212598,2842.567186425192,-2.7099730452262105
0.0024606299212598,2833.3903430485993,8.896018364269676
0.0024606299212598,2847.5224345719985,-2.5963607711776144
0.0024606299212598,2832.6727277306422,-2.6874751927068776
0.0024606299212598,2834.7966791931663,-2.715923454403614
0.0024606299212598,2845.408276848659,8.911793171831563
0.0024606299212598,2842.5667058169342,-2.61662642089477
0.0029527559055118,2848.2349158337483,2.1142883482737256
0.0024606299212598,2843.275021257387,-2.6752076148121198
0.0024606299212598,2834.098257804594,8.887395481201489
0.0024606299212598,2831.256692829917,-2.66655547264672
0.0024606299212598,2829.1325440678124,-2.6229579437877955
0.0024606299212598,2848.2405428085235,8.894652127176544
0.0024606299212598,2842.567166268461,-2.709643356148305
0.0024606299212598,2831.9646972152213,-2.6530232682335897
0.0024606299212598,2848.2323996571236,-0.7130014549684921
0.0024606299212598,2846.8243902795034,8.920026793475762
0.0024606299212598,2818.5303766885045,-2.6630252942113075
0.0024606299212598,2843.2747816657147,-2.609860360818386
0.0024606299212598,2834.0886926157405,-2.7225252322339055
0.0024606299212598,2831.256662911279,-2.66765128221317
0.0024606299212598,2834.796677947605,-2.7184950019713763
0.0024606299212598,2846.8245370963,8.897082927856884
0.0024606299212598,2834.0886071363675,-2.669703642550039
0.0024606299212598,2844.7003372419167,8.921246524296985
0.0024606299212598,2847.5322198013887,8.90697327289885
0.0024606299212598,2843.9926562825663,8.908768756999343
0.0024606299212598,2847.532613987733,8.904904240759109
0.0024606299212598,2848.230923146007,-2.722150253408216
0.0024606299212598,2844.700732020507,8.905143662408532
0.0024606299212598,2834.7966221065244,-2.718532307590779
0.0024606299212598,2833.3802254405146,-2.6611866477045116
0.0024606299212598,2834.7965282078794,-2.6783915057725065
0.0024606299212598,2834.796677947605,-2.7184950019713763
0.0029527559055118,2843.275148558124,-2.711117637725118
0.0024606299212598,2844.6903496986715,-2.581575002829154
0.0029527559055118,2848.230466695408,-2.719775403889624
0.0024606299212598,2848.230882353306,-2.7297086835127025
0.0024606299212598,2834.0885785261607,-2.675431868702199
0.0024606299212598,2834.098274297118,8.885324229265223
0.0024606299212598,2831.972766866839,7.009789340645493
0.0024606299212598,2834.7965357257053,-2.6776538166018073
0.0024606299212598,2834.0980438380743,8.91048183807981
0.0024606299212598,2842.567186425192,-2.7099730452262105
0.0024606299212598,2834.098292075698,8.891935594790004
0.0024606299212598,2832.6823820660384,8.898105601159505
0.0024606299212598,2848.2389454594218,6.952907139185982
0.0024606299212598,2845.408559352119,8.893115065922087
0.0024606299212598,2831.2567928915473,-2.6907512885449854
0.0024606299212598,2834.7965357257053,-2.6776538166018073
0.0024606299212598,2834.098426289038,8.895356979634824
0.0024606299212598,2842.5767327600956,8.905044726960167
0.0024606299212598,2818.540356441939,8.913972706678795
0.0024606299212598,2847.5229501861604,-2.730557680663471
0.0024606299212598,2834.8062255145514,8.886402750890738
0.0024606299212598,2831.256517042567,-2.6083021404988553
0.0024606299212598,2830.549216283691,-2.6786157874107888
0.0024606299212598,2829.840648640089,-2.618835406013772
0.0024606299212598,2843.2748357500714,-2.635635528040573
0.0024606299212598,2834.8062523436806,8.893652618907335
0.0024606299212598,2834.098025260259,8.912301149028371
0.0024606299212598,2819.956283572353,8.907270182451782
0.0024606299212598,2844.6904277108224,-2.595958940019915
0.0024606299212598,2830.5486305545837,-2.675399798348175
0.0024606299212598,2831.9645981988433,-2.6712653948106313
0.0024606299212598,2833.3821362457643,-0.7672395317536419
0.0029527559055118,2846.1068500957836,-2.6818249737799995
0.0024606299212598,2830.548675598402,-2.6939176457480474
0.0024606299212598,2819.247920416997,8.91969056992793
0.0024606299212598,2830.5485502241645,-2.6561642560426897
0.0024606299212598,2843.2754148559184,-2.7273852440345396
0.0024606299212598,2846.8149833211805,-2.728313911218359
0.0024606299212598,2817.8323976127904,8.913436342385362
0.0024606299212598,2833.3803267687504,-2.587333626160378
0.0024606299212598,2817.124057962282,8.930783148729956
0.0024606299212598,2842.566884289439,-2.6841093712921773
0.0024606299212598,2819.9561439221598,8.905416028807707
0.0024606299212598,2829.840594323527,-2.6543464635074967
0.0024606299212598,2834.7965668161946,-2.726745320776669
0.0024606299212598,2844.6904126072022,-2.588261035703467
0.0024606299212598,2842.567186425192,-2.7099730452262105
0.0024606299212598,2834.0883276711747,-2.704890585758562
0.0024606299212598,2833.385259351739,3.1492311630529084
0.0024606299212598,2829.1427247239694,8.91066632289227
0.0029527559055118,2844.690719684113,-2.6703819400507083
0.0024606299212598,2830.5487125112654,-2.6995746976996196
0.0024606299212598,2843.274870698722,-2.680031570603179
0.0024606299212598,2831.964600351366,-2.652869740245724
0.0024606299212598,2842.5671689699257,-2.7162180903942414
0.0024606299212598,2842.567186425192,-2.7099730452262105
0.0024606299212598,2829.1324589370506,-2.645094459580815
0.0024606299212598,2817.8323996590216,8.91623285323229
0.0024606299212598,2845.398687977283,-2.641803870154726
0.0024606299212598,2843.9927665989394,8.899005755547279
0.0024606299212598,2818.5303916798957,-2.6671231807729563
0.0024606299212598,2843.984751734717,-0.7965549267046987
0.0024606299212598,2829.8411995395154,-2.7055035129440337
0.0024606299212598,2842.5672160770464,-2.7144915955950313
0.0024606299212598,2820.6543586810476,-2.698305477184262
0.0024606299212598,2828.4248616925915,-2.690829982140879
0.0024606299212598,2819.946524667792,-2.6881434556084227
0.0024606299212598,2819.946392284818,-2.693489511722093
0.0024606299212598,2829.8407687441195,-2.6934052797952908
0.0024606299212598,2845.398541373716,-2.599247367584857
0.0024606299212598,2847.522987376294,-2.732806710638291
0.0024606299212598,2844.7004952108164,8.911210934066476
0.0024606299212598,2829.8412153651875,-2.7028386600969294
0.0024606299212598,2846.8245499202612,8.884625653290998
0.0024606299212598,2831.9643658395926,-2.626945472520733
0.0024606299212598,2832.6756536294547,1.1768781637983226
0.0024606299212598,2844.690769960492,-2.6829258759236714
0.0024606299212598,2847.5229427006275,-2.730520735060241
0.0024606299212598,2846.1166692923457,8.897703490663606
0.0024606299212598,2842.566966862705,-2.697611146835801
0.0024606299212598,2829.8407894950765,-2.6998139510905808
0.0024606299212598,2834.08862362754,-2.7360473607101565
0.0029527559055118,2829.132750417842,-2.6655229733673877
0.0024606299212598,2846.8150301767496,-2.730584762738683
0.0024606299212598,2843.274981850724,-2.6714266679769216
0.0024606299212598,2834.0885764799295,-2.6782283795491266
0.0024606299212598,2831.964732327124,-2.7118723701800493
0.0029527559055118,2831.9642626203877,-2.670219928068466
0.0024606299212598,2831.9648366866927,-2.7042831300402503
0.0024606299212598,2843.2751415785056,-2.714991503972746
0.0029527559055118,2848.2304817341737,-2.717185004331505
0.0024606299212598,2829.132820694607,-2.6630282864477697
0.0024606299212598,2846.116689449077,8.8973738015857
0.0029527559055118,2843.9831106788556,-2.714590094786036
0.0029527559055118,2842.567055112115,-2.6829454131937074
0.0024606299212598,2848.230306828476,-2.611398992799274
0.0024606299212598,2831.256813101782,-2.673685348226871
0.0024606299212598,2833.3806695754706,-2.723439473474437
0.0024606299212598,2833.3900929178058,8.89957629426636
0.0024606299212598,2833.3806661046824,-2.734191733167298
0.0024606299212598,2831.96467708961,-2.674935232827091
0.0024606299212598,2834.7966145871696,-2.642509273761628
0.0024606299212598,2829.840594262111,-2.6595318979232596
0.0024606299212598,2831.2563894642535,-2.6679254152647163
0.0024606299212598,2844.691012163031,-2.713135728166191
0.0024606299212598,2843.274753948167,-2.708350902266622
0.0024606299212598,2819.9562708410285,8.909528810879578
0.0024606299212598,2842.5669879120655,-2.6971786352042906
0.0024606299212598,2846.107065438926,-2.7306323352330755
0.0024606299212598,2848.2309445758387,-2.7350286585379
0.0024606299212598,2834.0883377677733,-2.7187259006341074
0.0024606299212598,2831.964773831018,-2.6952308071396422
0.0024606299212598,2828.4247727716024,-2.6207421776729887
0.0024606299212598,2830.548865343857,-2.693047891014198
0.0024606299212598,2834.0886410828066,-2.7298023155421256
0.0024606299212598,2842.5767738719724,8.903577312818905
0.0024606299212598,2832.672708749389,-2.7179755177339877
0.0024606299212598,2848.2309370375597,-2.737298178931901
0.0024606299212598,2829.8407095901775,-2.675947824270222
0.0024606299212598,2846.1066736577504,-2.619450724849512
0.0024606299212598,2829.8402700545043,-2.6816451144176496
0.0024606299212598,2843.2844876805225,8.909059367446426
0.0024606299212598,2833.3900993307698,8.906406607603461
0.0024606299212598,2829.8402849407403,-2.6159359458237277
0.0024606299212598,2831.964638345273,-2.7077893676234415
0.0024606299212598,2819.2383586112683,-2.6734374334648288
0.0024606299212598,2829.1328015821664,-2.696761238578246
0.0024606299212598,2829.840729075435,-2.6981429394984544
0.0029527559055118,2847.5227915550217,-2.6924266818599785
0.0024606299212598,2830.548708281163,-2.6740892443862423
0.0024606299212598,2834.088717714037,-2.727608533271956
0.0029527559055118,2829.133140919079,-2.6817564309777557
0.0024606299212598,2834.088489528779,-2.688938427047012
0.0024606299212598,2831.96463000322,-2.657388290614545
0.0024606299212598,2834.088598189959,-2.676489079274065
0.0024606299212598,2832.672775520952,-2.697164936511093
0.0024606299212598,2831.256813101782,-2.673685348226871
0.0024606299212598,2842.5664255927163,-2.6028764610670656
0.0024606299212598,2829.840776408795,-2.669447790558533
0.0024606299212598,2834.806030689473,8.903741339811381
0.0024606299212598,2832.672179563252,-2.655761007594988
0.0024606299212598,2847.522979838015,-2.735076231032292
0.0024606299212598,2829.850711575368,8.90392582462384
0.0024606299212598,2846.8150226384705,-2.7328542831326836
0.0024606299212598,2828.4346629748347,8.905709829073247
0.0024606299212598,2833.380524364306,-2.6845761417006417
0.0024606299212598,2843.27479752582,-2.7075973501933364
0.0024606299212598,2828.434633846618,8.907958691185563
0.0024606299212598,2819.2382224232942,-2.6294303468693596
0.0024606299212598,2831.9643617131196,-2.6444179519173368
0.0024606299212598,2846.1066736577504,-2.619450724849512
0.0024606299212598,2829.841057056826,-2.6604759590845983
0.0024606299212598,2846.106682045707,-2.6184366694012016
0.0024606299212598,2831.964609965217,-2.6801322459014245
0.0024606299212598,2829.132593876398,-2.627806183234522
0.0024606299212598,2834.7964679567795,-2.690402593829069
0.0024606299212598,2833.3806921664686,-2.634168265537947
0.0024606299212598,2832.673096487132,-2.728062644535059
0.0024606299212598,2832.6725252930833,-2.7040765681156373
0.0024606299212598,2831.2566692223872,-2.7011943703814887
0.0024606299212598,2818.5303748582865,-2.6231719156901163
0.0024606299212598,2828.4249600786607,-2.6838907087675996
0.0024606299212598,2842.5671943969787,-2.658010527970617
0.0024606299212598,2846.1133193594524,5.061341168639693
0.0024606299212598,2834.796957341336,-2.6896795415651362
0.0024606299212598,2833.3806831899396,-2.7168121973671973
0.0024606299212598,2831.9646138765374,-2.6785454155635158
0.0024606299212598,2817.832273227695,8.906518762491581
0.0024606299212598,2831.9647575646577,-2.6978088121769415
0.0029527559055118,2847.522786685868,-2.688600677939313
0.0024606299212598,2820.6543967667944,-2.6689487081173078
0.0024606299212598,2831.9643514569407,-2.6650704395052927
0.0024606299212598,2832.682385730019,8.906648813922278
0.0024606299212598,2833.3900945582745,8.909096557234363
0.0024606299212598,2831.964757296508,-2.6706074380533993
0.0024606299212598,2842.5765063388653,8.916810918010425
0.0029527559055118,2845.3987448208945,-2.6967322483076965
0.0024606299212598,2833.380235260414,-2.717278499909662
0.0024606299212598,2844.7007331895943,8.895562712127084
0.0024606299212598,2829.1329193248594,-2.667336529891573
0.0024606299212598,2832.672573991741,-2.680240122414812
0.0024606299212598,2848.2309088498205,-2.7357742953157786
0.0024606299212598,2831.964616957394,-2.650004723719018
0.0024606299212598,2834.098441767818,8.895893995299271
0.0024606299212598,2834.0884740386905,-2.6828994072052548
0.0024606299212598,2832.6725922021556,-2.6730357240838867
0.0024606299212598,2834.796153053287,-2.5679604189079863
0.0024606299212598,2843.274612584776,-2.665044485548415
0.0024606299212598,2846.116705011416,8.908744457481564
0.0024606299212598,2834.098044009062,8.917979174275596
0.0024606299212598,2819.956184197756,8.906011293628099
0.0029527559055118,2829.840693720177,-2.6701787987392676
0.0024606299212598,2817.8322738633988,8.907909675565147
0.0024606299212598,2847.522957659726,-2.735393256395819
0.0024606299212598,2819.9462898275237,-2.6266232640188254
0.0024606299212598,2831.256510073754,-2.6622210790954126
0.0024606299212598,2833.3805535576903,-2.685958698029852
0.0024606299212598,2831.2565559277336,-2.662831034164725
0.0024606299212598,2843.284444294735,8.911819464074549
0.0029527559055118,2845.398397115752,-2.6583277205350573
0.0024606299212598,2817.8324128871895,8.923950830262504
0.0024606299212598,2834.0885921709555,-2.6676756930180976
0.0024606299212598,2817.8324128871895,8.923950830262504
0.0024606299212598,2832.6825243664875,8.90731275907833
0.0024606299212598,2846.1066736577504,-2.619450724849512
0.0024606299212598,2848.23025814267,-2.6080014890671124
0.0024606299212598,2831.256611495777,-2.677011218197602
0.0024606299212598,2834.806268923931,8.891727945259868
0.0024606299212598,2848.2303469146946,-2.5938533403426463
0.0029527559055118,2848.2307934252676,-2.707403423032388
0.0024606299212598,2834.7962987274936,-2.669779482021245
0.0024606299212598,2843.274667655433,-2.6217742845589305
0.0024606299212598,2830.5486996655354,-2.6776132895157723
0.0024606299212598,2820.654269205357,-2.6285281865549064
0.0024606299212598,2817.832038933252,8.924392244445928
0.0024606299212598,2831.2566258035686,-2.6811521123656825
0.0024606299212598,2846.8150226384705,-2.7328542831326836
0.0024606299212598,2832.6725535507,-2.6683299593937613
0.0024606299212598,2828.4346629748347,8.905709829073247
0.0024606299212598,2834.7964680584023,-2.6666349941407477
0.0024606299212598,2843.992398110596,8.917535555165193
0.0024606299212598,2833.390350814353,8.894858468840441
0.0024606299212598,2834.0885915608847,-2.7192225006348765
0.0024606299212598,2842.5768801588106,8.916058377002706
0.0024606299212598,2829.8412290311267,-2.661873464611977
0.0024606299212598,2845.398462030406,-2.5687004404768907
0.0024606299212598,2846.81501416969,-2.7183100366857604
0.0024606299212598,2834.801129320239,3.152830637825942
0.0024606299212598,2831.9647575646577,-2.6978088121769415
0.0024606299212598,2819.946236415125,-2.675493180572293
0.0024606299212598,2847.522957659726,-2.735393256395819
0.0024606299212598,2831.9647481230377,-2.6762243214900066
0.0024606299212598,2832.672571640702,-2.683388170138871
0.0024606299212598,2845.398731280261,-2.643348054600279
0.0024606299212598,2832.67244637524,-2.668915271853672
0.0024606299212598,2842.567229281463,-2.625488937090272
0.0024606299212598,2846.8246560397315,8.893930758165506
0.0024606299212598,2842.5666001414834,-2.625474915349661
0.0024606299212598,2843.9828448869744,-2.687947569460876
0.0024606299212598,2829.1329193248594,-2.667336529891573
0.0024606299212598,2842.5669095455182,-2.691064890556705
0.0024606299212598,2831.256650625387,-2.655483368078463
0.0024606299212598,2832.672275137476,-2.6630394534699264
0.0024606299212598,2832.6725866733464,-2.6874342773656075
0.0024606299212598,2829.840736226298,-2.6510394722792467
0.0029527559055118,2834.0886647975394,-2.701345287123765
0.0024606299212598,2832.6728034060343,-2.708544142825279
0.0024606299212598,2832.672571640702,-2.683388170138871
0.0024606299212598,2830.5486321179437,-2.675106295661521
0.0024606299212598,2831.9645815065624,-2.6787998669856
0.0024606299212598,2829.1327051863746,-2.623282892243575
0.0024606299212598,2843.992515832983,8.913115856602557
0.0024606299212598,2834.098442936074,8.896138287339085
0.0024606299212598,2831.97444151353,8.901108856763374
0.0024606299212598,2834.0884449137475,-2.694414537502962
0.0029527559055118,2847.5228624130937,-2.701135948964464
0.0024606299212598,2844.6901770223108,-2.5815806839727404
0.0024606299212598,2828.424635508823,-2.6174572009035084
0.0024606299212598,2846.1070499489783,-2.711602135777523
0.0024606299212598,2846.116718502996,8.901658079709483
0.0024606299212598,2833.3805557053884,-2.6992809343178696
0.0024606299212598,2833.380494186668,-2.6944052623319554
0.0024606299212598,2842.5669515987997,-2.6815992836294207
0.0024606299212598,2831.9647667381278,-2.692191928740334
0.0024606299212598,2831.9645619605913,-2.6696420731449195
0.0024606299212598,2829.8407520159935,-2.66888349510383
0.0024606299212598,2831.256784979479,-2.687721458741995
0.0024606299212598,2846.1164480432253,8.91671524714957
0.0024606299212598,2845.398603432318,-2.665099534090426
0.0024606299212598,2834.0885746876857,-2.6812637349358934
0.0024606299212598,2832.6825273687286,8.900337891098488
0.0024606299212598,2831.256659798857,-2.649866484641856
0.0024606299212598,2842.5670533325024,-2.6690882413230814
0.0024606299212598,2842.5670527224315,-2.7206350489398603
0.0024606299212598,2846.8146192246604,-2.7190192009913283
0.0024606299212598,2832.6823987130747,8.898886908863764
0.0024606299212598,2817.8225741398455,-2.6474691651024247
0.0024606299212598,2829.840771002747,-2.6868000632689815
0.0024606299212598,2819.956220819654,8.91483658035448
0.0024606299212598,2831.9647637358867,-2.685217060760492
0.0024606299212598,2834.796483141833,-2.7034517722626865
0.0024606299212598,2842.566953011104,-2.646576000513358
0.0024606299212598,2834.0884947501754,-2.675905919876538
0.0024606299212598,2834.098421999505,8.910496057327848
0.0024606299212598,2834.0982766048874,8.902624572216867
0.0024606299212598,2819.9545207765354,7.013014440799934
0.0024606299212598,2834.796515279275,-2.6812755171341656
0.0024606299212598,2816.416099817805,8.938424952112165
0.0024606299212598,2834.8063804974186,8.895758376370889
0.0024606299212598,2833.390338647895,8.895686542014845
0.0024606299212598,2833.390448164001,8.907585174179026
0.0024606299212598,2833.380768075178,-2.710690072365788
0.0024606299212598,2846.8148394285026,-2.7295277407035994
0.0024606299212598,2832.6727038190616,-2.718967046798692
0.0024606299212598,2831.25643804938,-2.6586095796758613
0.0024606299212598,2834.089690995907,-0.7358003342554803
0.0024606299212598,2830.548236774648,-2.6351201855757562
0.0024606299212598,2818.54035019823,8.913628077847846
0.0024606299212598,2817.8222742758953,-2.6173388163064533
0.0024606299212598,2829.8405342095202,-2.6474215201725912
0.0024606299212598,2843.2747785101715,-2.6079289843424505
0.0024606299212598,2843.274770489825,-2.607934342476246
0.0024606299212598,2846.116703093872,8.905129977269802
0.0024606299212598,2846.815006631411,-2.7205795570797613
0.0024606299212598,2831.2567970947225,-2.661410622173949
0.0024606299212598,2834.7965312650804,-2.724636487691473
0.0024606299212598,2831.9646042345685,-2.690411814621831
0.0024606299212598,2834.09828096997,8.890419007877522
0.0024606299212598,2834.806265213442,8.890414573041225
0.0024606299212598,2842.57690109538,8.901700607013943
0.0024606299212598,2848.230664766475,-2.71785559068639
0.0024606299212598,2831.964757296508,-2.6706074380533993
0.0024606299212598,2834.0884878659836,-2.6556518483711025
0.0024606299212598,2842.5670533325024,-2.6690882413230814
0.0024606299212598,2842.5670533325024,-2.6690882413230814
0.0024606299212598,2843.275057645578,-2.7317560159880854
0.0024606299212598,2848.2308947672527,-2.7301804190911736
0.0024606299212598,2834.8062146368297,8.900046317267353
0.0024606299212598,2843.9827534214623,-2.637030285277604
0.0024606299212598,2832.6723619486606,-2.6272997859601266
0.0024606299212598,2847.5290915295327,5.031376798494146
0.0024606299212598,2834.8059316268295,8.901402850728925
0.0024606299212598,2833.3904477645056,8.897664324572526
0.0024606299212598,2846.824251147813,8.907146548188807
0.0024606299212598,2834.0885875645927,-2.71922993710152
0.0024606299212598,2843.2751186516443,-2.7191777274645488
0.0024606299212598,2845.4085505251096,8.896122379564181
0.0024606299212598,2820.6543112093914,-2.691424858664384
0.0024606299212598,2832.672383999908,-2.655712626177229
0.0024606299212598,2846.8243624960687,8.911393159315168
0.0024606299212598,2842.5768642916123,8.90124898838759
0.0024606299212598,2828.424234382918,-2.6087535186368638
0.0024606299212598,2846.110108470976,1.194672841373693
0.0024606299212598,2834.806349521069,8.890164432431627
0.0024606299212598,2844.7007230186746,8.896952676308542
0.0024606299212598,2843.992764724171,8.90749907174058
0.0024606299212598,2843.99275232755,8.906261001980234
0.0029527559055118,2848.2347731221007,2.112156105452443
0.0024606299212598,2846.824364680568,8.912246410003823
0.0024606299212598,2834.088597561772,-2.724213127747998
0.0024606299212598,2818.53023147544,-2.6195607642060614
0.0024606299212598,2834.805963273123,8.913310743739943
0.0024606299212598,2843.284424259235,8.921487693220072
0.0024606299212598,2843.9923831433503,8.922584512043512
0.0024606299212598,2833.390317403308,8.906783868624338
0.0024606299212598,2833.3807506199114,-2.716935117533819
0.0024606299212598,2834.0887207480605,-2.716273054071768
0.0024606299212598,2834.0885535530683,-2.6824146030409293
0.0019685039370078,2833.390758485094,9.370602830010691
0.0019685039370078,2834.0884237488685,-2.6914600975904026
0.0019685039370078,2832.6825422124157,9.38886339958456
0.0019685039370078,2847.5233895465385,-2.7492046769927945
0.0019685039370078,2843.2749743764666,-2.681131205111
0.0019685039370078,2846.107082384931,-2.740393439250885
0.0019685039370078,2831.964371225577,-2.6853259743058246
0.0019685039370078,2848.2309615218437,-2.7447897625557096
0.0019685039370078,2831.9644445065023,-2.651804222544168
0.0019685039370078,2830.5486639337955,-2.6457751121582924
0.0019685039370078,2847.5287765308312,4.539359583750624
0.0019685039370078,2833.380671051373,-2.7020245240505276
0.0019685039370078,2846.1065833553325,-2.6744478107569574
0.0019685039370078,2847.5326284260996,9.382560972266129
0.0019685039370078,2842.566717507035,-2.633605511345726
0.0019685039370078,2846.1171126911713,9.375057781868222
0.0019685039370078,2830.5488329551836,-2.690694111701878
0.0019685039370078,2828.424867591976,-2.6551319493852055
0.0019685039370078,2832.6742677812326,-0.24092614781498561
0.0019685039370078,2846.8249391079466,9.373027079305894
0.0019685039370078,2831.256117008217,-2.635644990413772
0.0019685039370078,2830.5489798931862,-2.6570521342878757
0.0019685039370078,2817.8327324980746,9.389399502050571
0.0019685039370078,2817.124900587795,9.39297591982901
0.0019685039370078,2843.9932247272573,9.37352687424439
0.0019685039370078,2842.5670290072917,-2.675648881871039
0.0019685039370078,2828.4249043957434,-2.654680330758852
0.0019685039370078,2831.9645970261518,-2.646641189406323
0.0019685039370078,2832.6828401943562,9.372626719856617
0.0019685039370078,2834.7963785398615,-2.6319990294637625
0.0019685039370078,2843.2848763494576,9.38648514413967
0.0019685039370078,2846.106422206047,-2.5641722566339413
0.0019685039370078,2829.840688623751,-2.640426964333851
0.0019685039370078,2843.2746985524277,-2.5852981831719313
0.0019685039370078,2843.2750634845556,-2.724858634527464
0.0019685039370078,2833.390927217811,9.372100046231546
0.0019685039370078,2856.708741898216,-2.591146641865095
0.0019685039370078,2833.3909260495548,9.371855754191733
0.0019685039370078,2845.408881073459,9.387643116304785
0.0019685039370078,2846.8150290122544,-2.7372196668316593
0.0019685039370078,2847.522986211799,-2.7394416147312683
0.0019685039370078,2833.3808076842342,-2.728800718726316
0.0019685039370078,2842.576947820147,9.390550729003278
0.0019685039370078,2834.0887823390453,-2.724777621457893
0.0024606299212598,2834.7963476712707,-2.613903683618286
0.0019685039370078,2833.3805013337437,-2.645650570591631
0.0019685039370078,2845.4091042401233,9.372245840030583
0.0019685039370078,2844.7010163643763,9.368114653655876
0.0019685039370078,2847.52297867352,-2.741711135125269
0.0019685039370078,2843.284864730117,9.386357373958495
0.0019685039370078,2829.1430197663417,9.380464384847581
0.0019685039370078,2848.2306871646415,-2.683671370493809
0.0019685039370078,2834.796116245552,-2.5684110264844255
0.0019685039370078,2830.548924415084,-2.651206530783212
0.0019685039370078,2833.3804960870493,-2.683944657494841
0.0019685039370078,2829.8404223562097,-2.689197680558046
0.0019685039370078,2832.6829320462425,9.373626083464988
0.0019685039370078,2830.5488329551836,-2.690694111701878
0.0019685039370078,2831.256656707471,-2.699840084778407
0.0019685039370078,2846.824683816084,9.375471722743892
0.0019685039370078,2828.424950479432,-2.6823110654436912
0.0019685039370078,2820.6543666322145,-2.662916216959673
0.0019685039370078,2833.3805163579095,-2.694086389137521
0.0019685039370078,2833.380633516157,-2.6839716685085353
0.0019685039370078,2834.7959960127587,-2.633388321896721
0.0019685039370078,2834.0884735574546,-2.696308337037129
0.0019685039370078,2842.567066330274,-2.674386251565254
0.0019685039370078,2842.5668492168197,-2.626175670128996
0.0019685039370078,2831.256433108004,-2.6868421785494525
0.0019685039370078,2843.274850643196,-2.626066747860711
0.0019685039370078,2829.85115305665,9.377665635616694
0.0019685039370078,2846.8144436840907,-2.580384161541869
0.0019685039370078,2834.7965479152463,-2.6884155643077525
0.0019685039370078,2819.2383696587376,-2.6686666167208526
0.0019685039370078,2846.106479944962,-2.578113336496344
0.0019685039370078,2846.8249862979196,9.366465897504245
0.0019685039370078,2843.274634686093,-2.617035441934665
0.0019685039370078,2829.8406042557262,-2.6500759837889976
0.0019685039370078,2833.3824789591963,-0.23228541741624062
0.0019685039370078,2842.569007268766,-0.2931911309487957
0.0019685039370078,2846.1167468630815,9.38404170571128
0.0019685039370078,2834.098468202175,9.381130074110368
0.0019685039370078,2834.0987205626493,9.374831599156824
0.0019685039370078,2831.9745700850135,9.389880325706876
0.0019685039370078,2832.6828269179127,9.375713400891875
0.0019685039370078,2842.567080787674,-2.7241909685072803
0.0019685039370078,2834.807078800949,9.366945186637885
0.0019685039370078,2818.530544842167,-2.661098612707574
0.0019685039370078,2829.132356183277,-2.625873119931381
0.0019685039370078,2831.256821815467,-2.6742777011581143
0.0019685039370078,2832.6725590026167,-2.6778701737042114
0.0019685039370078,2847.5223858966096,-2.580219865282515
0.0019685039370078,2848.232624916777,-0.2352187576759605
0.0019685039370078,2848.2309615218437,-2.7447897625557096
0.0024606299212598,2844.6910658845713,-2.649005195946914
0.0019685039370078,2847.52297867352,-2.741711135125269
0.0019685039370078,2846.116729065704,9.379164352233126
0.0019685039370078,2848.2309358730645,-2.7439330830248774
0.0019685039370078,2848.2309434113436,-2.7416635626308765
0.0019685039370078,2831.9646305193387,-2.7048864077733312
0.0019685039370078,2830.5488004669646,-2.690534623006528
0.0019685039370078,2845.3983711441465,-2.6439337766830353
0.0019685039370078,2831.256639826607,-2.644419241506714
0.0019685039370078,2847.523004322299,-2.7425678146561014
0.0019685039370078,2830.548845194763,-2.693643040775386
0.0019685039370078,2830.548727879395,-2.7017603853029413
0.0019685039370078,2843.27454564582,-2.5922973865679393
0.0019685039370078,2832.6727144774263,-2.726277042473179
0.0019685039370078,2828.424910092144,-2.685476345848238
0.0019685039370078,2831.9644927593517,-2.6861765179923736
0.0019685039370078,2829.1329185187474,-2.6658898179373964
0.0019685039370078,2834.0887636457783,-2.72835544000908
0.0019685039370078,2829.840875718292,-2.6681117658370046
0.0019685039370078,2848.230948544263,-2.744225826499553
0.0019685039370078,2833.390544766847,9.38722490467653
0.0019685039370078,2829.8405722600455,-2.640889916308111
0.0019685039370078,2829.840892962214,-2.6882622170669497
0.0019685039370078,2843.278814281357,2.2162402445350597
0.0019685039370078,2832.67244875716,-2.7112970700277583
0.0019685039370078,2833.390514888651,9.384774404847585
0.0019685039370078,2842.567033687256,-2.6672443565607606
0.0019685039370078,2829.1427256364295,9.397557526136367
0.0019685039370078,2817.8324477715155,9.405273950443274
0.0019685039370078,2842.566716952208,-2.702848201945851
0.0019685039370078,2842.5770568640837,9.390249755337866
0.0019685039370078,2830.5487113553004,-2.693421451542664
0.0019685039370078,2818.540794932057,9.390335862307321
0.0019685039370078,2834.7961485988717,-2.579504311099183
0.0019685039370078,2846.8246903601485,9.38761787120307
0.0019685039370078,2846.8246922776925,9.391232351414832
0.0019685039370078,2846.106500490054,-2.625947356585427
0.0019685039370078,2834.79658614647,-2.7284150067845254
0.0019685039370078,2846.8209514994887,4.55639458169221
0.0019685039370078,2833.3908904140435,9.371648427605193
0.0019685039370078,2820.654383797782,-2.660622561401906
0.0019685039370078,2843.285127957178,9.380122314974011
0.0019685039370078,2832.682822929632,9.371648300907307
0.0019685039370078,2829.8506999087413,9.393662753206321
0.0019685039370078,2819.9465094856932,-2.6855797295607835
0.0019685039370078,2828.4249676449995,-2.680017409885924
0.0019685039370078,2833.390495657529,9.386758738601674
0.0019685039370078,2818.530401529372,-2.669664484278416
0.0019685039370078,2829.1327186364433,-2.666188085504173
0.0019685039370078,2843.274837960311,-2.6800023788957335
0.0019685039370078,2831.9646504644134,-2.7091140094360155
0.0019685039370078,2819.2486311700172,9.371770888104018
0.0019685039370078,2842.566970532325,-2.6813519480729635
0.0019685039370078,2831.256630653137,-2.650036124943321
0.0019685039370078,2831.256630653137,-2.650036124943321
0.0019685039370078,2831.2565503031756,-2.6478248749111315
0.0019685039370078,2819.946437062967,-2.6658595338703184
0.0019685039370078,2829.1434378527256,9.370870095752103
0.0019685039370078,2843.2750399264332,-2.7389066843914365
0.0019685039370078,2819.946320228033,-2.6756079341425543
0.0019685039370078,2844.6905794598824,-2.601921450786621
0.0019685039370078,2843.2749838962636,-2.6831702699964204
0.0019685039370078,2834.0985019663917,9.385002956776923
0.0019685039370078,2830.548682586055,-2.640113584784659
0.0019685039370078,2832.6825556207773,9.39448899130548
0.0019685039370078,2830.5487277319585,-2.7031413515844567
0.0024606299212598,2829.8411923609065,-2.6780471496439917
0.0019685039370078,2833.3803272932114,-2.641371986162553
0.0019685039370078,2844.6911347015766,-2.7453598650873827
0.0019685039370078,2818.5404234159864,9.389529304761876
0.0019685039370078,2842.567270581737,-2.7330730785331996
0.0019685039370078,2830.5487374401996,-2.7058831590108086
0.0019685039370078,2842.567213546301,-2.7314435507444226
0.0019685039370078,2833.3848949592516,2.109773285139904
0.0019685039370078,2834.0883532690555,-2.658236049551372
0.0019685039370078,2843.2748275256968,-2.6320535932255114
0.0019685039370078,2842.5671478101617,-2.6467301919847612
0.0019685039370078,2831.256817826033,-2.7001650332341867
0.0019685039370078,2834.7965325151704,-2.6824946774973553
0.0019685039370078,2831.9646421310476,-2.707585247383674
0.0019685039370078,2818.5303405406194,-2.66572438180595
0.0019685039370078,2831.974881342489,9.362433920347026
0.0019685039370078,2847.5224506894433,-2.6455787304706844
0.0019685039370078,2831.964378103309,-2.5941520830638285
0.0019685039370078,2833.3806113378682,-2.6842886938720625
0.0019685039370078,2846.8150566425516,-2.742384931641913
0.0019685039370078,2848.2308075780425,-2.7145711867429387
0.0019685039370078,2818.5406725442253,9.379427538658392
0.0019685039370078,2817.8327263199717,9.384930750361915
0.0019685039370078,2829.84071621304,-2.643508520321658
0.0019685039370078,2834.7966623140874,-2.719250475660878
0.0019685039370078,2843.2747624799467,-2.6511268788123545
0.0019685039370078,2846.1066724963352,-2.6260864657234815
0.0019685039370078,2832.6728311361885,-2.7207853442850305
0.0019685039370078,2820.6543666322145,-2.662916216959673
0.0019685039370078,2843.2747709331315,-2.709172728072651
0.0019685039370078,2843.9928057760326,9.382289021890779
0.0019685039370078,2847.522986211799,-2.7394416147312683
0.0019685039370078,2834.796685279556,-2.733696233151886
0.0019685039370078,2834.0984819655696,9.389748908253326
0.0019685039370078,2834.806387414581,9.38539632567985
0.0019685039370078,2831.256398549286,-2.6838216211530965
0.0019685039370078,2834.796685279556,-2.733696233151886
0.0019685039370078,2843.2848823764757,9.400360335261354
0.0019685039370078,2834.088745535278,-2.725229240084247
0.0019685039370078,2842.577321640092,9.38979818799556
0.0019685039370078,2846.814802843349,-2.714847522577615
0.0019685039370078,2848.23097721287,-2.7342370760246806
0.0019685039370078,2842.5769448179058,9.39752559698312
0.0019685039370078,2843.2852450381106,9.380149753489754
0.0019685039370078,2831.9643479310566,-2.686412824458588
0.0019685039370078,2846.8248039773503,9.385132970308021
0.0019685039370078,2844.700750344444,9.386956169606881
0.0019685039370078,2842.5768872438543,9.39301648053187
0.0024606299212598,2831.9645943405662,-2.6737959694348543
0.0019685039370078,2834.806707853966,9.373829712857482
0.0019685039370078,2842.577322735051,9.38147374046313
0.0019685039370078,2834.098480820403,9.387497745454287
0.0019685039370078,2846.1170137923846,9.379061033599935
0.0019685039370078,2833.390541764606,9.394199772656373
0.0024606299212598,2832.6725469315925,-2.6740823101340503
0.0019685039370078,2832.6827977997423,9.371304989391477
0.0019685039370078,2842.5770396985163,9.3879560997801
0.0019685039370078,2843.992793144899,9.38917811750649
0.0019685039370078,2843.993072549845,9.369794603394999
0.0019685039370078,2834.7967027348227,-2.727451187983855
0.0024606299212598,2832.6725465495597,-2.6788885106835174
0.0019685039370078,2829.8407362028374,-2.6932367937002
0.0019685039370078,2833.3801507172816,-2.7272926868382945
0.0019685039370078,2834.796356307737,-2.7247211028172535
0.0019685039370078,2846.8144810046074,-2.639030064257655
0.0019685039370078,2847.523013842096,-2.744606879541522
0.0024606299212598,2848.23083499538,-2.715832786297516
0.0019685039370078,2834.088631989249,-2.7362209328758023
0.0019685039370078,2834.0988844173557,9.369878098331936
0.0019685039370078,2832.682845145629,9.37300572290621
0.0019685039370078,2832.673131372514,-2.7299000223148417
0.0019685039370078,2846.8248448065074,9.384618630031051
0.0019685039370078,2843.2749106959063,-2.6440805280896353
0.0019685039370078,2842.567240498351,-2.7192153017830347
0.0019685039370078,2834.796472888524,-2.714606684408118
0.0019685039370078,2816.4169433882503,9.39519786772862
0.0019685039370078,2834.7962531968938,-2.6306006475779364
0.0019685039370078,2830.548805390242,-2.690104302703913
0.0019685039370078,2832.6828401943562,9.372626719856617
0.0019685039370078,2831.96465932641,-2.6980863689221324
0.0019685039370078,2843.2749927464206,-2.677919706916563
0.0019685039370078,2834.0887823390453,-2.724777621457893
0.0019685039370078,2834.7967220833234,-2.7332446145255322
0.0019685039370078,2830.5486709721986,-2.6983620232127845
0.0019685039370078,2843.2851521761436,9.371475619028992
0.0024606299212598,2846.814882571195,-2.7221170312950904
0.0019685039370078,2843.285031071497,9.393778738807121
0.0019685039370078,2834.8066913354824,9.366690698969604
0.0019685039370078,2848.23097721287,-2.7342370760246806
0.0019685039370078,2834.0988802468582,9.376608674271965
0.0019685039370078,2832.672529069798,-2.6566483529337415
0.0019685039370078,2818.5304077006012,-2.6570727328619665
0.0019685039370078,2846.8144751268746,-2.6211463496636425
0.0019685039370078,2834.7965853271626,-2.7295272209041275
0.0019685039370078,2842.576938956619,9.395066935888371
0.0024606299212598,2843.987816201475,3.0908450874840567
0.0019685039370078,2817.832854368471,9.397690641255357
0.0019685039370078,2833.390541764606,9.394199772656373
0.0019685039370078,2828.424510215247,-2.636969140783338
0.0019685039370078,2832.6726777648196,-2.663229949387974
0.0019685039370078,2846.815062813781,-2.7297931802254634
0.0019685039370078,2834.7965493634533,-2.6698957930867993
0.0019685039370078,2843.2852799345956,9.379251792563522
0.0024606299212598,2848.2307816064126,-2.7270370032315365
0.0019685039370078,2846.815055275502,-2.732062700619464
0.0019685039370078,2834.7962199356143,-2.5901306800349793
0.0019685039370078,2845.3988488575214,-2.6732839643221173
0.0024606299212598,2829.8408826956334,-2.6569667263747325
0.0019685039370078,2843.993123190741,9.378162635524703
0.0019685039370078,2843.2852788396367,9.38757624009595
0.0019685039370078,2848.2324806881775,-0.24099883802781735
0.0019685039370078,2842.5671376670166,-2.6850126205010505
0.0024606299212598,2847.52282984617,-2.727648511782085
0.0019685039370078,2831.2570953940817,-2.697305006243677
0.0019685039370078,2843.274895208374,-2.632778941796373
0.0024606299212598,2846.1069695679757,-2.696575191182241
0.0019685039370078,2843.275174533457,-2.7207092352840037
0.0019685039370078,2847.5230124750465,-2.7342846485190733
0.0019685039370078,2832.682583396805,9.396177428516168
0.0024606299212598,2847.52282984617,-2.727648511782085
0.0019685039370078,2834.0988802468582,9.376608674271965
0.0019685039370078,2832.682814835197,9.386358670046407
0.0019685039370078,2843.2852788396367,9.38757624009595
0.0019685039370078,2843.284900310804,9.392977433252433
0.0024606299212598,2834.7962069542828,-2.6456615741206573
0.0019685039370078,2844.7007841459704,9.394382656213077
0.0019685039370078,2834.0885921639087,-2.66767384518719
0.0019685039370078,2829.8407602101147,-2.667193838635629
0.0019685039370078,2848.2307058722868,-2.731608254620094
0.0019685039370078,2847.5326790366544,9.375681211711312
0.0019685039370078,2834.796520064175,-2.7384890606963705
0.0019685039370078,2817.124511935925,9.403450690557042
0.0019685039370078,2845.4090102611217,9.372888703994219
0.0019685039370078,2831.9647782871198,-2.6945091180234164
0.0019685039370078,2846.8146825851686,-2.734489581665058
0.0024606299212598,2834.0887702448795,-2.72153717964492
0.0019685039370078,2834.0988832490993,9.369633806292123
0.0019685039370078,2844.6904852229054,-2.568247772955817
0.0019685039370078,2832.672480008949,-2.686242667868731
0.0019685039370078,2832.6726629884806,-2.6768161828925967
0.0019685039370078,2834.0884448163533,-2.6860920245849416
0.0019685039370078,2831.2564244829136,-2.647588853156662
0.0019685039370078,2819.9567479729353,9.37995744275183
0.0019685039370078,2817.8328577873394,9.390753971929401
0.0019685039370078,2831.9645976409824,-2.7043001484959883
0.0019685039370078,2842.567035870189,-2.675331438660205
0.0019685039370078,2834.0988844173557,9.369878098331936
0.0019685039370078,2846.814849510798,-2.683093729305277
0.0019685039370078,2834.7965357186586,-2.677651968770901
0.0019685039370078,2842.566856313002,-2.6249471924476397
0.0019685039370078,2833.3803315904347,-2.62666697659328
0.0019685039370078,2848.230956029796,-2.744262772102783
0.0019685039370078,2834.088519090979,-2.6962020032963516
0.0019685039370078,2831.2666508539683,9.396141245012906
0.0019685039370078,2846.1171445751534,9.378869788262653
0.0019685039370078,2842.577321640092,9.38979818799556
0.0019685039370078,2829.1431603295446,9.390272682506923
0.0019685039370078,2831.9647909032365,-2.7208853100514614
0.0024606299212598,2848.2309210305,-2.7250234528789785
0.0019685039370078,2834.796617887113,-2.729012709353651
0.0019685039370078,2831.964397663331,-2.687410400129147
0.0019685039370078,2817.8328547850983,9.397728839909243
0.0019685039370078,2842.577195357914,9.385526749880112
0.0019685039370078,2833.39092421557,9.379074914211389
0.0019685039370078,2842.577321640092,9.38979818799556
0.0019685039370078,2834.806837446403,9.374386726372357
0.0019685039370078,2842.567088898118,-2.724092985075379
0.0019685039370078,2847.5230200133255,-2.7320151281250724
0.0019685039370078,2848.232633421609,-0.3027289811014946
0.0024606299212598,2842.5675602216706,-2.7000233079448503
0.0019685039370078,2834.796368998036,-2.6249752843380048
0.0019685039370078,2843.982494218227,-2.5905291363153835
0.0019685039370078,2831.256685712896,-2.687790302663345
0.0019685039370078,2818.5305288351074,-2.6488238866546516
0.0019685039370078,2842.5671376670166,-2.6850126205010505
0.0019685039370078,2820.6544676301705,-2.693221532942992
0.0024606299212598,2831.256781403696,-2.671963308704978
0.0019685039370078,2833.3804409541517,-2.62828756422289
0.0019685039370078,2842.5670192231532,-2.6761127463644643
0.0019685039370078,2828.4247683551744,-2.57780354236587
0.0019685039370078,2830.5589128556667,9.371463771638794
0.0019685039370078,2846.8149321361775,-2.712569241455916
0.0024606299212598,2834.796183525333,-2.632292836755653
0.0019685039370078,2832.673004325765,-2.709373353691365
0.0019685039370078,2832.6727036548245,-2.7167385636053045
0.0019685039370078,2817.1247536517426,9.385136808755357
0.0019685039370078,2829.8407752579105,-2.7026700805255417
0.0019685039370078,2844.701179593931,9.375376168612632
0.0019685039370078,2834.0881952882605,-2.673151554331044
0.0019685039370078,2842.567124022222,-2.692768796185152
0.0024606299212598,2831.256649248483,-2.6718266892078617
0.0019685039370078,2831.964082509761,-2.6128890475717674
0.0024606299212598,2848.230907385705,-2.73277962856308
0.0019685039370078,2842.566838898228,-2.7174907649435993
0.0024606299212598,2847.5275358080607,3.099165778606459
0.0019685039370078,2833.3805731663083,-2.703859103274723
0.0019685039370078,2848.231289424309,-2.7241704138252727
0.0024606299212598,2843.2747648653763,-2.615685160026552
0.0019685039370078,2848.230963568075,-2.741993251708782
0.0019685039370078,2842.567105202079,-2.728984617463286
0.0019685039370078,2842.566840620462,-2.7177181429470463
0.0019685039370078,2834.796213670196,-2.7132593638766145
0.0019685039370078,2848.230950590494,-2.7414293156526255
0.0019685039370078,2843.2748135125466,-2.627169140347248
0.0019685039370078,2844.700791560492,9.378755801531556
0.0019685039370078,2829.84291636904,-0.27195441774468165
0.0019685039370078,2847.5230063685303,-2.739771303809174
0.0019685039370078,2829.8408433794807,-2.6937158284483282
0.0019685039370078,2848.236754036836,4.574322579768692
0.0019685039370078,2834.0887656920095,-2.7255589291621525
0.0019685039370078,2830.5486558888415,-2.6393282381365473
0.0019685039370078,2848.230943974978,-2.741755763108562
0.0019685039370078,2842.5672238513152,-2.719996609487294
0.0019685039370078,2843.2747978200064,-2.7199400908466544
0.0019685039370078,2830.548853111915,-2.6910238007797838
0.0019685039370078,2848.230288101037,-2.6114105710223825
0.0019685039370078,2831.2666861730318,9.388590890302275
0.0019685039370078,2848.240604609526,9.372247194093545
0.0019685039370078,2848.231270871532,-2.7223810250705798
0.0019685039370078,2844.701039427075,9.36234952095086
0.0019685039370078,2846.814635472815,-2.729513316321792
0.0019685039370078,2844.6909200689806,-2.680878481909286
0.0019685039370078,2833.3805517753913,-2.6746326220331498
0.0019685039370078,2844.701076939362,9.361011473693742
0.0019685039370078,2829.1328160153885,-2.670271748809101
0.0024606299212598,2848.2309370375597,-2.737298178931901
0.0019685039370078,2832.6726931689045,-2.729614192283995
0.0019685039370078,2820.654476863452,-2.7223777238979054
0.0019685039370078,2829.8407973994067,-2.6933494705285494
0.0019685039370078,2817.8324698077686,9.396198963503757
0.0019685039370078,2833.38039551274,-2.7115110378176976
0.0019685039370078,2820.6647443953334,9.37715003847898
0.0019685039370078,2846.814938440568,-2.7418111008917
0.0019685039370078,2843.99322364256,9.384116222435996
0.0019685039370078,2843.2852664430156,9.386338170335604
0.0019685039370078,2846.1069531337034,-2.7410206172874614
0.0019685039370078,2856.719452729829,9.365093373532059
0.0019685039370078,2846.1070699686375,-2.7312722170152255
0.0019685039370078,2831.9647790150116,-2.6764996490577233
0.0019685039370078,2818.5405619173243,9.39619946635637
0.0019685039370078,2828.4348265547424,9.401752940229718
0.0019685039370078,2848.230956029796,-2.744262772102783
0.0019685039370078,2848.230963568075,-2.741993251708782
0.0019685039370078,2843.2848705940755,9.38093610787463
0.0019685039370078,2834.0887656920095,-2.7255589291621525
0.0024606299212598,2843.2745903750592,-2.6247104736219455
0.0019685039370078,2834.0886320101285,-2.7305008299114077
0.0019685039370078,2843.9932080802214,9.37274556654013
0.0019685039370078,2833.3827116237667,-0.2834230691704934
0.0019685039370078,2834.0885610638475,-2.6816750660393227
0.0019685039370078,2834.7963796714052,-2.6261689716432413
0.0019685039370078,2834.088624777133,-2.730762553545826
0.0019685039370078,2848.232983983737,-0.32306210775084226
0.0019685039370078,2842.5672238513152,-2.719996609487294
0.0019685039370078,2831.9645987081813,-2.6990228979527333
0.0019685039370078,2834.796518263392,-2.6838970139389318
0.0019685039370078,2829.142783754287,9.399530992330108
0.0019685039370078,2848.230936436699,-2.744025283502563
0.0019685039370078,2834.796043418652,-2.6486560000957584
0.0024606299212598,2833.380517883108,-2.696494936778217
0.0024606299212598,2832.6725489336272,-2.6760196586419136
0.0019685039370078,2819.9460209492113,-2.6504549556812074
0.0024606299212598,2829.840516251729,-2.6541165939826694
0.0019685039370078,2842.57697196226,9.385021126338888
0.0019685039370078,2834.0885903923886,-2.686559936764893
0.0019685039370078,2820.6543274946466,-2.7039671111999675
0.0019685039370078,2834.806437187637,9.372059525978248
0.0019685039370078,2831.9646705897017,-2.7089176262994985
0.0019685039370078,2818.530411160286,-2.6660405134568292
0.0019685039370078,2829.132829005495,-2.695761500852536
0.0019685039370078,2829.840928902788,-2.6964822422963146
0.0019685039370078,2843.2851904871272,9.367712273903228
0.0019685039370078,2834.7965479152463,-2.6884155643077525
0.0019685039370078,2832.6728630104462,-2.7182506817228362
0.0019685039370078,2834.0880568626735,-2.5810700684011447
0.0019685039370078,2829.8408007325947,-2.696720383296387
0.0019685039370078,2843.274663277795,-2.6722520611774843
0.0019685039370078,2828.4249174005618,-2.659980188831932
0.0019685039370078,2830.548765969843,-2.707374460243287
0.0019685039370078,2842.567236047903,-2.7307602050241457
0.0019685039370078,2820.654015456411,-2.6570196067589644
0.0024606299212598,2843.2744181492753,-2.617607800644291
0.0019685039370078,2845.4090341389065,9.358789525794133
0.0019685039370078,2819.2385020417114,-2.663320560607182
0.0019685039370078,2847.523028482106,-2.7465593745719956
0.0019685039370078,2829.8407965070155,-2.701083206073901
0.0019685039370078,2816.4169563930686,9.38989800965554
0.0019685039370078,2842.5772042457697,9.376001764924995
0.0019685039370078,2830.5491835752077,-2.709571296607258
0.0019685039370078,2829.8409196933044,-2.693143132397671
0.0019685039370078,2831.2566699401114,-2.701265412922416
0.0019685039370078,2845.3985459861997,-2.593483023745715
0.0019685039370078,2817.8328336224777,9.389234975054443
0.0019685039370078,2817.822550472942,-2.655095803609844
0.0024606299212598,2830.548689973899,-2.670421193191693
0.0019685039370078,2831.26660507757,9.382696337593526
0.0024606299212598,2843.2746474523747,-2.6132817456632074
0.0019685039370078,2834.7963478354154,-2.6334691491928055
0.0019685039370078,2829.1327187811903,-2.667409283509411
0.0019685039370078,2845.409005497971,9.362775812784953
0.0024606299212598,2832.672702532208,-2.7110873303297494
0.0019685039370078,2830.5590730865147,9.379224548915207
0.0019685039370078,2834.806410035775,9.372608248625685
0.0019685039370078,2834.7961987729936,-2.59862454488978
0.0024606299212598,2843.2747816657147,-2.609860360818386
0.0019685039370078,2833.3807835193725,-2.7303197156012744
0.0019685039370078,2832.672656602199,-2.6717238142427746
0.0019685039370078,2843.274696099545,-2.6247657259839032
0.0019685039370078,2833.380596346477,-2.6801908073104137
0.0019685039370078,2846.815034112881,-2.740556565474265
0.0019685039370078,2834.7965282008327,-2.6783896579416
0.0019685039370078,2832.672522425589,-2.6765245942511946
0.0019685039370078,2833.3803315443092,-2.7033773953597975
0.0019685039370078,2829.8467553900896,4.585226215385597
0.0019685039370078,2834.0884288647044,-2.690456781279448
0.0019685039370078,2834.796504116323,-2.7169241654006266
0.0019685039370078,2848.2301603033775,-2.6217725813414194
0.0019685039370078,2817.122304347368,7.034648454889919
0.0019685039370078,2829.132651865494,-2.649964688028621
0.0019685039370078,2832.6726096003918,-2.6855692674865614
0.0019685039370078,2830.5484979248845,-2.6334767420346274
0.0019685039370078,2847.523013271948,-2.74559942701203
0.0024606299212598,2834.088421852591,-2.6415456389704137
0.0019685039370078,2832.6828160294945,9.371107722981659
0.0019685039370078,2833.380462113495,-2.6698203344918996
0.0019685039370078,2830.548845594089,-2.691761489950483
0.0019685039370078,2830.548750421803,-2.7029721160847218
0.0024606299212598,2833.3806847004157,-2.6803511919256966
0.0019685039370078,2842.567236047903,-2.7307602050241457
0.0019685039370078,2834.09877396002,9.364127610088165
0.0019685039370078,2834.7966152952044,-2.7362462800840412
0.0019685039370078,2831.2568399633137,-2.6977642990482127
0.0019685039370078,2829.8407935864216,-2.7001716570517096
0.0019685039370078,2832.672622020437,-2.709637959783547
0.0019685039370078,2831.256451011985,-2.6959863193764533
0.0019685039370078,2842.567029160594,-2.6706053903671325
0.0019685039370078,2843.2749863601384,-2.6728273382667407
0.0019685039370078,2832.672525841506,-2.672525119797463
0.0019685039370078,2833.380667292758,-2.7290165711824987
0.0019685039370078,2842.567034423785,-2.6706018741993702
0.0019685039370078,2829.840765208256,-2.697479615727105
0.0019685039370078,2829.8407555000144,-2.694737808300753
0.0019685039370078,2830.548762628428,-2.6916357236010513
0.0019685039370078,2834.7965282008327,-2.6783896579416
0.0019685039370078,2831.964625101383,-2.6974280544544205
0.0019685039370078,2832.6722265647413,-2.652464642120295
0.0019685039370078,2818.5406655327574,9.385658557276004
0.0019685039370078,2843.2750423903085,-2.7285637526617568
0.0019685039370078,2829.1326253728676,-2.646176693836393
0.0019685039370078,2829.8409978156938,-2.6514304501835952
0.0019685039370078,2834.09882967926,9.376809381714503
0.0019685039370078,2832.6727088422913,-2.720991682415909
0.0019685039370078,2845.408717972583,9.385430995988052
0.0019685039370078,2831.2668633034737,9.37177319282365
0.0019685039370078,2832.6723839928613,-2.6557107783463216
0.0019685039370078,2832.6723542937966,-2.655197777243601
0.0019685039370078,2832.672213956791,-2.67034602654806
0.0019685039370078,2834.088280457622,-2.6527717721366173
0.0019685039370078,2831.2572229347534,-2.702177493632734
0.0019685039370078,2831.2563960486937,-2.684854890784505
0.0019685039370078,2846.8249499809135,9.364227759178888
0.0019685039370078,2830.5486995079264,-2.697618136878799
0.0019685039370078,2843.274724203859,-2.7154373302569694
0.0019685039370078,2844.7010297797833,9.378005543387781
0.0019685039370078,2843.9930725802387,9.380227491287389
0.0019685039370078,2843.9828090596206,-2.6923585918274426
0.0019685039370078,2847.523005733669,-2.747868947406031
0.0019685039370078,2829.840584500166,-2.6501085738963215
0.0019685039370078,2846.106817518398,-2.718279701391072
0.0019685039370078,2844.7011634049973,9.379016934833823
0.0019685039370078,2843.9932062054527,9.381238882733431
0.0019685039370078,2843.993075422684,9.381430128070713
0.0019685039370078,2845.408841699236,9.388457521990913
0.0019685039370078,2843.9930725802387,9.380227491287389
0.0019685039370078,2845.408974582707,9.374545525727827
0.0019685039370078,2846.8250738585134,9.3761469111119
0.0019685039370078,2844.70076791749,9.378430554613058
0.0019685039370078,2832.6725362541797,-2.6791797465382468
0.0019685039370078,2831.964657620495,-2.7131279288765398
0.0019685039370078,2831.2568172558845,-2.701157580704695
0.0024606299212598,2847.522957089578,-2.736385803866327
0.0019685039370078,2829.1329274683962,-2.668921430293325
0.0019685039370078,2830.548672842436,-2.6467230156917743
0.0019685039370078,2831.964651708567,-2.7108669492027677
0.0024606299212598,2842.567094534704,-2.6312822645692
0.0019685039370078,2848.2307037590112,-2.735951089107028
0.0019685039370078,2834.7964618784645,-2.6946370871664223
0.0019685039370078,2847.528827464795,4.590910672126904
0.0019685039370078,2843.2848769537036,9.400964014338117
0.0019685039370078,2843.2851584986315,9.377347613882884
0.0019685039370078,2829.8407658021415,-2.700060211335862
0.0019685039370078,2848.2307196640922,-2.692662639224728
0.0019685039370078,2830.548726568075,-2.7037759491595605
0.0019685039370078,2834.7967123397048,-2.7398540454326477
0.0019685039370078,2818.5304009592237,-2.670657031748924
0.0019685039370078,2843.982603949444,-2.594333333011654
0.0019685039370078,2846.8146410229415,-2.7369609384743927
0.0019685039370078,2847.522632141811,-2.6549871357776613
0.0019685039370078,2846.1167248634447,9.384730444450291
0.0019685039370078,2828.424480881731,-2.642983000923541
0.0019685039370078,2843.285128640946,9.367224670077272
0.0019685039370078,2832.6724081201073,-2.6557506602893572
0.0019685039370078,2833.38061076772,-2.6852812413425706
0.0019685039370078,2820.6646784872232,9.371174761188769
0.0019685039370078,2842.566660350984,-2.6734173578590417
0.0019685039370078,2834.088596018798,-2.6813805623692506
0.0019685039370078,2832.6744655691164,-0.23221585427960717
0.0019685039370078,2832.6727810088764,-2.647334509824745
0.0019685039370078,2828.4248946521247,-2.661289761665967
0.0019685039370078,2829.840513714014,-2.6921742386914587
0.0019685039370078,2847.52260497561,-2.740845920473897
0.0019685039370078,2848.2308706423987,-2.7205935616094914
0.0019685039370078,2833.3806282229866,-2.6790361961745397
0.0019685039370078,2829.1327332024334,-2.672499717541568
0.0024606299212598,2829.840875954256,-2.67055102526169
0.0019685039370078,2846.8143806053654,-2.6127947984260222
0.0019685039370078,2834.7964253377154,-2.662497323839641
0.0019685039370078,2828.4248946521247,-2.661289761665967
0.0019685039370078,2819.9567382293167,9.373348011844715
0.0019685039370078,2847.532662097201,9.392068012382168
0.0019685039370078,2848.2310431399046,-2.6555946664381285
0.0024606299212598,2842.5688379283365,-0.7649213328785689
0.0019685039370078,2831.25681857449,-2.6869696027409753
0.0019685039370078,2830.5488613749453,-2.684747654841367
0.0019685039370078,2843.274661317838,-2.624436348706827
0.0019685039370078,2833.3806955799814,-2.723225972708996
0.0024606299212598,2845.400587957583,-0.7603511540115151
0.0019685039370078,2830.549146418794,-2.697616898074806
0.0019685039370078,2833.39051702983,9.390079080390844
0.0019685039370078,2848.2369769408583,4.530459382716042
0.0019685039370078,2843.2852734168646,9.388179919172712
0.0019685039370078,2847.5329117046576,9.368148863144802
0.0019685039370078,2832.672313800335,-2.6550983421802123
0.0019685039370078,2829.8509980016047,9.389532649300337
0.0019685039370078,2845.4091326188773,9.380276005713542
0.0019685039370078,2833.39078477198,9.37598489796743
0.0019685039370078,2843.285157137853,9.37737563231897
0.0019685039370078,2847.5230070522744,-2.7336809694423114
0.0019685039370078,2846.1170076685435,9.381566250533536
0.0019685039370078,2844.7007977326575,9.38614789783674
0.0019685039370078,2846.1171391523812,9.379473467339416
0.0019685039370078,2819.9565811774078,9.38378620904455
0.0019685039370078,2833.380184425496,-2.5943520643307614
0.0019685039370078,2848.2309704714926,-2.7478213749116382
0.0019685039370078,2834.796402076707,-2.638662478056639
0.0019685039370078,2846.8145235725606,-2.637423108933603
0.0019685039370078,2832.672713466119,-2.680031169791367
0.0019685039370078,2843.274801123194,-2.6234621456946097
0.0024606299212598,2829.8407510816182,-2.671867296486634
0.0019685039370078,2834.7967166192893,-2.7259470186646975
0.0019685039370078,2834.7967018395707,-2.7194405793171845
0.0019685039370078,2847.532670611641,9.383259758767915
0.0019685039370078,2846.106531364645,-2.594662022719179
0.0019685039370078,2846.1066859025277,-2.7217105761382174
0.0019685039370078,2846.82496386538,9.365731928498047
0.0019685039370078,2833.387168641779,4.555078356458844
0.0019685039370078,2833.3884016027914,6.996574124713493
0.0019685039370078,2829.1324380812757,-2.64520494882315
0.0019685039370078,2834.0887725954267,-2.7313870523650086
0.0019685039370078,2831.2566169073066,-2.64336669081391
0.0019685039370078,2842.5773341516483,9.3830189650634
0.0019685039370078,2834.098751119705,9.376140374163597
0.0019685039370078,2845.3988434347493,-2.6726802852453555
0.0019685039370078,2815.001020564148,9.407220310584439
0.0019685039370078,2847.531035053353,6.959712907793978
0.0019685039370078,2831.964641947652,-2.6907767652272425
0.0019685039370078,2817.1247639199964,9.396293174363148
0.0019685039370078,2816.416934963237,9.402776414785222
0.0019685039370078,2829.8407709908697,-2.6959560024591043
0.0019685039370078,2831.9646274533648,-2.6973027615910428
0.0019685039370078,2834.0887419644782,-2.7299701159331202
0.0024606299212598,2820.6540635436368,-2.6154492039896535
0.0019685039370078,2842.5672774663403,-2.63029460898
0.0019685039370078,2830.5488613339376,-2.6826639460189203
0.0019685039370078,2831.2566877899244,-2.686024894292147
0.0019685039370078,2845.4087407403363,9.389377665738124
0.0024606299212598,2829.8411452788278,-2.6670114741114155
0.0024606299212598,2848.230915607728,-2.7244197738022167
0.0019685039370078,2847.5329305963774,9.377327780527018
0.0019685039370078,2830.548728481376,-2.6861133492998275
0.0019685039370078,2830.548810248766,-2.682516881345751
0.0019685039370078,2847.531035053353,6.959712907793978
0.0019685039370078,2846.1170076685435,9.381566250533536
0.0019685039370078,2834.806833191887,9.375234697488933
0.0019685039370078,2834.088496728293,-2.7043056025783527
0.0019685039370078,2846.1071001914643,-2.7269675532490933
0.0019685039370078,2833.39078477198,9.37598489796743
0.0024606299212598,2831.2566392393996,-2.6644883240813337
0.0019685039370078,2843.2748513354304,-2.6430822515678725
0.0019685039370078,2842.57731621732,9.39040186707232
0.0019685039370078,2844.701040318321,9.375926590371634
0.0019685039370078,2847.5230145905534,-2.7314114490483106
0.0019685039370078,2832.682836720616,9.380584269962814
0.0019685039370078,2834.7965982610153,-2.7228704255818044
0.0019685039370078,2834.806702431194,9.374433391934245
0.0019685039370078,2845.4066339442693,6.982857071425506
0.0019685039370078,2830.548682310802,-2.705698191866397
0.0019685039370078,2830.54872587973,-2.7037364128135066
0.0019685039370078,2829.8407860218613,-2.7064620851777144
0.0019685039370078,2846.8148432385337,-2.681259870908214
0.0024606299212598,2848.2309011134407,-2.730945770166017
0.0019685039370078,2834.80667048164,9.361662350402414
0.0019685039370078,2832.6827953971992,9.366808405582418
0.0019685039370078,2833.3909008584696,9.38706149529707
0.0019685039370078,2832.672533760365,-2.582291374429519
0.0024606299212598,2831.256790353345,-2.6749949210609065
0.0019685039370078,2830.548639968581,-2.6722270434802398
0.0019685039370078,2846.8249783596675,9.372257924861847
0.0019685039370078,2846.1069952587472,-2.691639306726554
0.0019685039370078,2831.964534777085,-2.6154838136628094
0.0019685039370078,2846.8147940983163,-2.6697040471483637
0.0019685039370078,2829.1327203177134,-2.652773134882764
0.0019685039370078,2834.0987428088742,9.37449976235879
0.0019685039370078,2832.672505496523,-2.655467488589145
0.0019685039370078,2846.82509826947,9.38086599965157
0.0019685039370078,2834.0883026399238,-2.6568854080644537
0.0019685039370078,2834.0984651626245,9.384551338150569
0.0019685039370078,2843.9930745739553,9.366864703995166
0.0019685039370078,2834.0984528570734,9.384536790702066
0.0019685039370078,2848.2309434113436,-2.7416635626308765
0.0019685039370078,2818.530513144081,-2.6593765731856807
0.0019685039370078,2834.7965336724274,-2.6804484796178283
0.0019685039370078,2844.690771617308,-2.6956898215392027
0.0019685039370078,2820.6543847427147,-2.666042416884506
0.0014763779527559,2847.5230854004812,-2.7617076191095236
0.0014763779527559,2831.9647945710044,-2.7058957209079373
0.0014763779527559,2843.983205965664,-2.7522287163565933
0.0014763779527559,2830.5489119110084,-2.70525757345306
0.0014763779527559,2830.5491877581717,-2.7155327991239395
0.0014763779527559,2832.6726462614383,-2.7158702698053454
0.0014763779527559,2843.2752091377047,-2.7391918885194144
0.0014763779527559,2815.7095745566053,10.178880182513035
0.0014763779527559,2819.9573745062316,10.164029062724472
0.0014763779527559,2833.391676045005,10.156378004335064
0.0014763779527559,2843.9830752570447,-2.7562244461559686
0.0014763779527559,2819.9464550721495,-2.6640983631484247
0.0014763779527559,2820.6545392450216,-2.7390848962203016
0.0014763779527559,2828.4250402047833,-2.731300628645834
0.0014763779527559,2843.2750927882057,-2.753574791828412
0.0014763779527559,2829.840560826143,-2.6397114514252293
0.0014763779527559,2848.2307107073966,-2.6896291790378766
0.0014763779527559,2832.672568859909,-2.713497480819995
0.0014763779527559,2817.1252318957922,10.191155754601885
0.0014763779527559,2843.274800402684,-2.7387120294513796
0.0014763779527559,2846.117846596003,10.161021117833057
0.0014763779527559,2846.814649439149,-2.684797737376378
0.0014763779527559,2833.3915525828515,10.155927374164373
0.0014763779527559,2844.701555107164,10.173151574656755
0.0014763779527559,2833.391231479905,10.176336554778274
0.0014763779527559,2833.3808507173026,-2.739714464507035
0.0014763779527559,2846.82554574266,10.17735930779306
0.0014763779527559,2846.8173147065995,0.5880669141341675
0.0014763779527559,2845.3984216813606,-2.576076027837338
0.0014763779527559,2834.8075227011805,10.164165249991495
0.0019685039370078,2834.0883339705592,-2.6664068347275927
0.0014763779527559,2831.2568367637305,-2.7034929859892416
0.0014763779527559,2834.0887974831503,-2.7469947314663505
0.0014763779527559,2843.99367939081,10.18310291790142
0.0014763779527559,2819.946181556444,-2.635460344288204
0.0014763779527559,2832.672678816016,-2.6124423219598905
0.0019685039370078,2833.380744234616,-2.641571504710857
0.0014763779527559,2847.523081174448,-2.757077249865533
0.0014763779527559,2844.7017794562316,10.158654640991147
0.0014763779527559,2843.275251654452,-2.730565874948435
0.0014763779527559,2847.523067289981,-2.7585814191846905
0.0014763779527559,2842.577645132109,10.177350710722445
0.0014763779527559,2834.7958061998497,-2.603134588101865
0.0014763779527559,2848.9496824153484,10.147647373225995
0.0014763779527559,2833.380210470771,-2.730133077210832
0.0014763779527559,2847.5228612439005,-2.6102617638683445
0.0014763779527559,2844.7014861668194,10.176533985783479
0.0014763779527559,2834.796754682695,-2.7492166793659596
0.0014763779527559,2834.8071402502164,10.17929010843648
0.0014763779527559,2833.3803340793957,-2.7010261627763064
0.0014763779527559,2843.9935393958694,10.179452707963868
0.0014763779527559,2848.230544623903,-2.741647794616131
0.0014763779527559,2833.3831273542787,0.48971823890531635
0.0014763779527559,2831.2564729905716,-2.630357850392198
0.0014763779527559,2832.672752876203,-2.7516776354516876
0.0014763779527559,2832.6726335473263,-2.7225468589595785
0.0014763779527559,2831.9646426751297,-2.706438444392209
0.0014763779527559,2846.117846596003,10.161021117833057
0.0014763779527559,2846.8255392044066,10.175314254962256
0.0014763779527559,2831.964394050548,-2.6897283713605655
0.0014763779527559,2831.9646477428537,-2.7075918838681026
0.0014763779527559,2848.2304273341174,-2.673034195898278
0.0014763779527559,2845.398529691,-2.604273117125943
0.0019685039370078,2831.9645963118955,-2.676849675860875
0.0014763779527559,2848.2417261226897,10.151937426500917
0.0014763779527559,2833.3803177840223,-2.6438024408154015
0.0014763779527559,2847.5229480700164,-2.72077377772301
0.0014763779527559,2819.2382243568995,-2.6332383963885957
0.0014763779527559,2833.388811318931,6.933993469630526
0.0014763779527559,2842.5672625053535,-2.741114968580658
0.0014763779527559,2834.0886710144246,-2.736498744359472
0.0014763779527559,2833.380130254303,-2.569065294035022
0.0014763779527559,2848.2337467480593,0.47246197567083054
0.0014763779527559,2828.4243653062435,-2.6056791135002
0.0014763779527559,2843.2748446703445,-2.633986962740597
0.0014763779527559,2833.3912523527556,10.17182127446103
0.0014763779527559,2845.409751150064,10.162958689455339
0.0014763779527559,2846.1178749747573,10.169051283516016
0.0014763779527559,2818.5415423842464,10.185688387262996
0.0014763779527559,2843.993557165907,10.185112652974356
0.0014763779527559,2834.7969033230033,-2.6895795493146286
0.0014763779527559,2831.9646574914486,-2.7085473267362716
0.0014763779527559,2834.7963069759494,-2.6579783165357003
0.0014763779527559,2834.7964301622383,-2.65003824285947
0.0014763779527559,2842.5669954038904,-2.674601616341419
0.0014763779527559,2846.825839195469,10.162343382607776
0.0014763779527559,2831.257136831174,-2.6999156696227087
0.0014763779527559,2834.7963964291816,-2.6837928282342087
0.0014763779527559,2834.796660642585,-2.7395775979042014
0.0014763779527559,2842.5776752175093,10.187707092236481
0.0014763779527559,2834.0888362956016,-2.733906246723685
0.0014763779527559,2847.522495605764,-2.6578735590548037
0.0014763779527559,2843.993966438785,10.175535787449704
0.0014763779527559,2846.825834091846,10.17044381582817
0.0014763779527559,2831.9647903859786,-2.7033490604863935
0.0019685039370078,2834.0882651468864,-2.6264760957148985
0.0019685039370078,2843.983184410678,-2.738509521802924
0.0014763779527559,2842.5667429399955,-2.603929381967233
0.0014763779527559,2843.9939675337437,10.167211339917275
0.0014763779527559,2847.523013337618,-2.7430887939746573
0.0014763779527559,2832.6722898840367,-2.6474995640353027
0.0014763779527559,2845.3980668292616,-2.5657673956141323
0.0014763779527559,2830.548630510745,-2.677433510675528
0.0014763779527559,2848.2413492009673,10.176169385389088
0.0014763779527559,2833.380618125714,-2.620456358884416
0.0014763779527559,2847.5223500004076,-2.608054540006354
0.0014763779527559,2829.1327180498006,-2.6238711263056387
0.0014763779527559,2846.117460685821,10.17430826062689
0.0014763779527559,2834.807537680606,10.157344971778224
0.0014763779527559,2842.577654885025,10.176715564018705
0.0014763779527559,2832.672234209254,-2.566802490795389
0.0014763779527559,2833.39163895263,10.162486121061136
0.0014763779527559,2833.3807314973383,-2.701906823045348
0.0014763779527559,2830.5483453858196,-2.59561300414747
0.0014763779527559,2831.9647903859786,-2.7033490604863935
0.0014763779527559,2820.6650001495277,10.17915940861272
0.0014763779527559,2846.1174565147758,10.180988242144293
0.0014763779527559,2846.109132118666,0.5589296615245747
0.0014763779527559,2847.533356353067,10.162903249105677
0.0014763779527559,2834.8071359909354,10.17631419845316
0.0014763779527559,2828.42499347013,-2.6884384096065426
0.0014763779527559,2831.256644164515,-2.6389285033614285
0.0014763779527559,2833.3885469511397,6.94766470138891
0.0014763779527559,2819.9570602812987,10.181232588763741
0.0014763779527559,2844.701761428495,10.160413596196543
0.0019685039370078,2834.7967658797493,-2.638085975995713
0.0014763779527559,2834.807553351719,10.158042225261918
0.0014763779527559,2831.964259784909,-2.6000568999466864
0.0014763779527559,2832.672768961698,-2.741209327628523
0.0014763779527559,2831.256445473025,-2.7017195883905134
0.0014763779527559,2842.5672756810354,-2.748776950180577
0.0014763779527559,2842.5672756810354,-2.748776950180577
0.0014763779527559,2832.672760761205,-2.713232989985921
0.0019685039370078,2844.690941952035,-2.6862758430982443
0.0014763779527559,2831.2563329858467,-2.570020576596091
0.0014763779527559,2847.522762457501,-2.690438843494196
0.0014763779527559,2847.522622159363,-2.732352471978986
0.0014763779527559,2843.9937006144537,10.189443120837291
0.0014763779527559,2843.9939540421638,10.174297717689358
0.0014763779527559,2831.975713462806,10.16989788084615
0.0014763779527559,2834.0995973127006,10.16678126167091
0.0014763779527559,2847.5337893738465,10.164607387716798
0.0014763779527559,2846.1178768923014,10.172665763727778
0.0014763779527559,2847.5230120190126,-2.757276771938377
0.0014763779527559,2846.117743490919,10.171144066710136
0.0014763779527559,2843.2857427305553,10.190658340166355
0.0014763779527559,2846.1178768923014,10.172665763727778
0.0014763779527559,2846.825834091846,10.17044381582817
0.0014763779527559,2846.8143259966323,-2.619363621214436
0.0014763779527559,2848.235937474619,3.7776324472608724
0.0014763779527559,2848.239059714779,6.9326643097363885
0.0014763779527559,2831.2567262835464,-2.701507223789702
0.0014763779527559,2834.8075690142628,10.164812513665531
0.0014763779527559,2828.4247753445434,-2.6151231820422303
0.0014763779527559,2846.825700466632,10.169432424382128
0.0014763779527559,2817.833585184702,10.187910335162604
0.0014763779527559,2846.8172114272,0.49823046809037846
0.0014763779527559,2833.3916546151736,10.169256409464749
0.0014763779527559,2846.117499205626,10.176315707951368
0.0014763779527559,2846.825834091846,10.17044381582817
0.0014763779527559,2846.1174530318,10.180842617129652
0.0014763779527559,2844.701765602159,10.16758335956438
0.0014763779527559,2846.820039255387,3.818395773730786
0.0014763779527559,2843.9939420278283,10.17081669891003
0.0014763779527559,2845.4015840253114,0.4850037293900387
0.0014763779527559,2843.274569283537,-2.597870915154725
0.0014763779527559,2846.8258096808895,10.165724727288497
0.0014763779527559,2843.993943122787,10.162492251377603
0.0014763779527559,2846.117841239506,10.157333759033879
0.0014763779527559,2846.8147296394027,-2.753831222533815
0.0014763779527559,2848.2335882965626,0.4612321889179853
0.0014763779527559,2843.274693599956,-2.6061024527209256
0.0014763779527559,2844.6904977036957,-2.620343625938294
0.0014763779527559,2817.8335838660964,10.173722357198885
0.0014763779527559,2844.7019003223318,10.160270303477994
0.0014763779527559,2846.825823172469,10.158638349516416
0.0014763779527559,2842.566910567004,-2.668561060980317
0.0014763779527559,2834.099202364961,10.17582113618929
0.0014763779527559,2845.3991731377473,-2.7414225453965235
0.0014763779527559,2842.5668322356755,-2.6349821532580546
0.0014763779527559,2834.099216619689,10.179082432390112
0.0014763779527559,2842.5780574624678,10.179376004172157
0.0014763779527559,2846.1178823150735,10.172062084651017
0.0014763779527559,2834.099322307497,10.17416614841532
0.0014763779527559,2832.6726446665098,-2.7012802259616824
0.0014763779527559,2833.3808670635626,-2.73853302306887
0.0014763779527559,2834.7965246807007,-2.6760953421339124
0.0014763779527559,2832.6835686465893,10.152774649245377
0.0014763779527559,2829.8407981776522,-2.7080141217965923
0.0014763779527559,2847.522834379698,-2.749793573817604
0.0014763779527559,2832.672124112924,-2.622527407820981
0.0014763779527559,2834.088701872565,-2.7117907525448763
0.0014763779527559,2834.807422513721,10.154913664179281
0.0014763779527559,2834.796269502433,-2.5984928531098044
0.0014763779527559,2832.6837058406422,10.163899810307752
0.0014763779527559,2834.0992254832167,10.17456622550502
0.0019685039370078,2829.132937212015,-2.6623119993862097
0.0019685039370078,2834.088288066187,-2.6275286464077023
0.0014763779527559,2843.274993678584,-2.6722480390843666
0.0014763779527559,2832.6785813680935,3.713408771369159
0.0014763779527559,2832.6720140361936,-2.725268137215184
0.0014763779527559,2842.567278715059,-2.7374414709803894
0.0014763779527559,2832.683663741452,10.169763715441714
0.0014763779527559,2834.7967777552976,-2.745225738554857
0.0014763779527559,2834.0888031004865,-2.7492488358232787
0.0014763779527559,2848.236213250074,3.701122267466682
0.0014763779527559,2834.0885503529817,-2.6687847686153194
0.0014763779527559,2846.8151227293424,-2.757426849533687
0.0014763779527559,2844.7017695395625,10.160461548815276
0.0014763779527559,2833.3808455776284,-2.74739320828042
0.0014763779527559,2833.3806116025407,-2.7134663785891022
0.0014763779527559,2842.5670125061956,-2.6648345266953375
0.0014763779527559,2833.380219398193,-2.606286878326045
0.0014763779527559,2843.993821940278,10.16369958945559
0.0014763779527559,2845.4094461623076,10.166981302793989
0.0014763779527559,2846.8151227293424,-2.757426849533687
0.0014763779527559,2845.409844030297,10.165134733350468
0.0014763779527559,2846.117718856131,10.166935283742065
0.0014763779527559,2843.9938084026144,10.169805307463989
0.0014763779527559,2845.4095910131914,10.17094896039543
0.0014763779527559,2843.993547249238,10.186919560798483
0.0014763779527559,2843.9935425782833,10.183712640851578
0.0014763779527559,2834.7965248364494,-2.6900896096676137
0.0014763779527559,2831.964747679572,-2.7089646388832676
0.0014763779527559,2846.117756982499,10.164057688938055
0.0019685039370078,2846.106685135241,-2.6271538439720863
0.0014763779527559,2843.2752359146034,-2.7396634188799975
0.0014763779527559,2828.4358110280787,10.171196770675184
0.0019685039370078,2843.274805994721,-2.627906829517947
0.0014763779527559,2842.567029153547,-2.6706035425362087
0.0014763779527559,2828.4243599812276,-2.6149688570178644
0.0014763779527559,2833.3805214223353,-2.6666107419441207
0.0014763779527559,2842.577918638314,10.178457986231278
0.0014763779527559,2848.241617708166,10.166191165366234
0.0014763779527559,2846.8257006904637,10.168922118810528
0.0014763779527559,2843.9938192720583,10.167233834196686
0.0014763779527559,2847.5228884649805,-2.7444050651996013
0.0014763779527559,2843.2858758378584,10.17623603833167
0.0014763779527559,2834.8074247977565,10.167923977559004
0.0014763779527559,2833.391653446917,10.169012117424936
0.0014763779527559,2842.5776610171893,10.17672173771089
0.0014763779527559,2832.6724078162347,-2.630012904351035
0.0014763779527559,2843.9939675337437,10.167211339917275
0.0014763779527559,2846.825832174302,10.166829335616406
0.0014763779527559,2848.230720975651,-2.6784728134300857
0.0014763779527559,2845.409737658484,10.170045067227422
0.0014763779527559,2829.851442240705,10.185815593500903
0.0014763779527559,2848.949710794103,10.155677538908952
0.0014763779527559,2848.230575575603,-2.7437901288064377
0.0014763779527559,2842.5669196490676,-2.733644007565183
0.0014763779527559,2834.0996202397314,10.159455914508536
0.0014763779527559,2847.523013337618,-2.7430887939746573
0.0014763779527559,2845.3991812065547,-2.747905244091844
0.0014763779527559,2848.23105286828,-2.752773201401341
0.0014763779527559,2832.6835675917187,10.16978308308982
0.0014763779527559,2848.230331014654,-2.6657566731937403
0.0014763779527559,2831.2568561057346,-2.7021796632795883
0.0014763779527559,2818.541569396222,10.173979154727647
0.0014763779527559,2832.6727544684154,-2.7344344672055483
0.0014763779527559,2829.133241548767,-2.7073375231141346
0.0014763779527559,2820.6542721830206,-2.632931213965278
0.0014763779527559,2832.6832689849375,10.184874026438198
0.0014763779527559,2834.796528193786,-2.678387810110676
0.0014763779527559,2834.0885709942413,-2.676165862211068
0.0014763779527559,2831.9757486410977,10.166121758207362
0.0014763779527559,2831.9648132642715,-2.7023179023567505
0.0014763779527559,2842.5673028799206,-2.735922474105431
0.0019685039370078,2843.9827210340973,-2.6554124288715903
0.0014763779527559,2834.7968019201594,-2.7437067416798984
0.0014763779527559,2832.6837058406422,10.163899810307752
0.0014763779527559,2843.993962467177,10.166719170632753
0.0014763779527559,2843.9828017996633,-2.735557551327589
0.0014763779527559,2833.391503828284,10.173189908192763
0.0014763779527559,2842.578069974024,10.17259678124
0.0014763779527559,2848.949710794103,10.155677538908952
0.0014763779527559,2834.796660642585,-2.7395775979042014
0.0014763779527559,2833.391268283672,10.176788173404628
0.0014763779527559,2834.088711038734,-2.7464266945295446
0.0014763779527559,2834.0992290614763,10.170192236504208
0.0014763779527559,2817.8334683204503,10.17897731822717
0.0014763779527559,2834.7963776340875,-2.648329383136184
0.0014763779527559,2846.106434840985,-2.5652386238326272
0.0014763779527559,2834.088820555753,-2.743003790655248
0.0014763779527559,2833.3916618719304,10.161433570368331
0.0014763779527559,2834.807430160099,10.14929364716636
0.0014763779527559,2834.807150485223,10.18284019481696
0.0014763779527559,2847.5336578900083,10.16670017091092
0.0014763779527559,2834.09959388039,10.174417363574062
0.0014763779527559,2834.0994853175553,10.155954148110286
0.0014763779527559,2834.796120311631,-2.6063716127136134
0.0014763779527559,2842.5673028799206,-2.735922474105431
0.0014763779527559,2833.39127307919,10.17439400264449
0.0014763779527559,2847.5337977988597,10.157028840660194
0.0014763779527559,2846.1178833997706,10.16147273645941
0.0014763779527559,2834.7964162541452,-2.6921018663797405
0.0014763779527559,2830.548775678894,-2.7058140802337634
0.0014763779527559,2831.2676106995027,10.16132701053966
0.0014763779527559,2834.7966448607676,-2.750424004804735
0.0014763779527559,2834.7964508167147,-2.6520792816040317
0.0014763779527559,2846.106056303466,-2.5723523924842704
0.0014763779527559,2820.6541605158977,-2.6306923348041793
0.0014763779527559,2832.683687906314,10.171282712316673
0.0014763779527559,2831.9645906659393,-2.6731792878871623
0.0014763779527559,2842.5779446451174,10.161760759824958
0.0014763779527559,2832.6723698834085,-2.7089414802822236
0.0014763779527559,2832.6727718828856,-2.737068732433956
0.0019685039370078,2842.566729765588,-2.635728740117889
0.0014763779527559,2833.3801999070547,-2.6154697228038826
0.0014763779527559,2820.6541224551975,-2.7016061922406815
0.0014763779527559,2828.425006645812,-2.696100391206462
0.0019685039370078,2820.6543792711204,-2.6639835952082778
0.0014763779527559,2834.088287330111,-2.6098039630940533
0.0019685039370078,2829.840884667941,-2.6711433781929332
0.0014763779527559,2834.088517988302,-2.655586495972391
0.0014763779527559,2830.548491174293,-2.6982177337903743
0.0014763779527559,2834.088567481156,-2.6738733942343043
0.0014763779527559,2844.6906323172093,-2.6039838601412777
0.0014763779527559,2830.5484882734804,-2.6994976404909052
0.0014763779527559,2833.380860322185,-2.7521173219558275
0.0014763779527559,2830.5487556743064,-2.7114074626415694
0.0014763779527559,2834.099210026157,10.163213218178075
0.0014763779527559,2834.7967747212742,-2.7565612177550447
0.0014763779527559,2830.5484882734804,-2.6994976404909052
0.0014763779527559,2834.088376782236,-2.6596057339766594
0.0014763779527559,2843.2856152124673,10.190049998214096
0.0014763779527559,2843.274706880918,-2.5925670309798834
0.0014763779527559,2832.683702838401,10.170874678287595
0.0014763779527559,2848.2309759599348,-2.7459144209510273
0.0014763779527559,2843.2856152124673,10.190049998214096
0.0014763779527559,2843.2746581121814,-2.6725786114998455
0.0014763779527559,2834.088286087328,-2.6570655458679897
0.0014763779527559,2842.5780574624678,10.179376004172157
0.0014763779527559,2842.5780574624678,10.179376004172157
0.0014763779527559,2843.2860146620123,10.177154056272549
0.0014763779527559,2845.3990959102525,-2.742060519089841
0.0014763779527559,2834.099616069234,10.166186490448565
0.0019685039370078,2843.2749374674713,-2.647994703089773
0.0014763779527559,2829.8409592933126,-2.700572615650216
0.0014763779527559,2845.4016100493354,0.4917834213436539
0.0014763779527559,2831.9646946150356,-2.7113059103327424
0.0014763779527559,2833.3803707569627,-2.650915241917137
0.0014763779527559,2833.38062821594,-2.679034348343616
0.0014763779527559,2846.1178823150735,10.172062084651017
0.0014763779527559,2845.3988613357665,-2.677608834804622
0.0014763779527559,2843.285873526178,10.163631364046061
0.0014763779527559,2831.97562376846,10.164805486982418
0.0014763779527559,2832.683576016732,10.162204536033217
0.0014763779527559,2817.823279070709,-2.7363370258455637
0.0014763779527559,2832.683561624136,10.167011274201226
0.0014763779527559,2834.796784464893,-2.7499517868479293
0.0014763779527559,2842.5673028799206,-2.735922474105431
0.0014763779527559,2843.993975958757,10.159632792860672
0.0014763779527559,2831.9644706385448,-2.640909849510566
0.0014763779527559,2829.1437331280613,10.175086332365835
0.0014763779527559,2833.380334216026,-2.6644350407237347
0.0014763779527559,2830.548530377854,-2.6269521800288875
0.0014763779527559,2832.6835542734925,10.164696249644665
0.0014763779527559,2832.6726141940026,-2.7033218480283083
0.0014763779527559,2832.6726141940026,-2.7033218480283083
0.0014763779527559,2846.117482685457,10.173619521887879
0.0014763779527559,2818.5415275018877,10.1769457050173
0.0014763779527559,2848.23112643535,-2.6885606917551645
0.0014763779527559,2818.5415307544326,10.179913678483919
0.0014763779527559,2833.38048404867,-2.634523700402378
0.0014763779527559,2831.964664908421,-2.7052982283103355
0.0014763779527559,2848.231041655093,-2.7585097115265316
0.0014763779527559,2843.274727661739,-2.592930533434945
0.0014763779527559,2832.6727751389935,-2.733604848625612
0.0014763779527559,2843.9830465881,-2.7428872633415633
0.0014763779527559,2819.9464162980275,-2.6934175811736707
0.0014763779527559,2848.2387818515267,6.939320684560581
0.0014763779527559,2833.3916422337306,10.163275607299745
0.0014763779527559,2846.8254314970454,10.17038351853996
0.0014763779527559,2843.9885676217887,3.7053346556464017
0.0014763779527559,2842.577646549056,10.17572553694326
0.0019685039370078,2845.40311625493,2.1104467159243954
0.0014763779527559,2833.380731455054,-2.75302018245004
0.0014763779527559,2819.9574641571107,10.171377295859843
0.0014763779527559,2834.0995826672033,10.16868085344887
0.0014763779527559,2830.5488792679903,-2.6981156784485667
0.0014763779527559,2843.993824442829,10.169990522661793
0.0014763779527559,2831.2566963091062,-2.700397740747912
0.0014763779527559,2846.82542352828,10.17367695577788
0.0014763779527559,2843.98304564889,-2.7485570833428365
0.0014763779527559,2842.5669021092226,-2.6785870651877186
0.0014763779527559,2834.088460886415,-2.6385876852333996
0.0014763779527559,2832.6837016701447,10.170630386247781
0.0014763779527559,2848.230924306267,-2.7582238872808182
0.0014763779527559,2834.088595159103,-2.6746468653361095
0.0014763779527559,2846.1174939357006,10.170763429508156
0.0014763779527559,2834.7964180859594,-2.6408096331330078
0.0014763779527559,2834.0996202397314,10.159455914508536
0.0014763779527559,2833.3807546265402,-2.7444611121305593
0.0014763779527559,2842.5666526322893,-2.6730511242890334
0.0014763779527559,2845.4094837704674,10.169397116617445
0.0014763779527559,2846.11775357586,10.159777462184875
0.0014763779527559,2832.672370583394,-2.591414629810002
0.0014763779527559,2817.833333222656,10.195239247099963
0.0014763779527559,2831.9756143945974,10.163800664133852
0.0014763779527559,2842.5669190457206,-2.6330253655585403
0.0014763779527559,2848.2306303533255,-2.6526534017485375
0.0014763779527559,2846.825445918972,10.183774402953214
0.0019685039370078,2831.25668093577,-2.663319246330136
0.0014763779527559,2834.7966651639986,-2.7399893480584936
0.0014763779527559,2848.2308419751494,-2.750761427753743
0.0014763779527559,2834.796269502433,-2.5984928531098044
0.0014763779527559,2846.1176234293384,10.176418394107259
0.0014763779527559,2832.672528624241,-2.665479958877783
0.0014763779527559,2843.274673789172,-2.644777842464061
0.0019685039370078,2847.5229867754333,-2.739533815208954
0.0014763779527559,2829.1439020276266,10.173983950061723
0.0014763779527559,2847.5230874467125,-2.758911108262596
0.0014763779527559,2848.230947335503,-2.754101358649027
0.0014763779527559,2848.2310296666205,-2.761563818176102
0.0014763779527559,2845.4098433220497,10.157448724903615
0.0014763779527559,2846.1066401054554,-2.654975566025704
0.0014763779527559,2832.6729136744893,-2.7378222056853323
0.0014763779527559,2848.231044646257,-2.7611330561622043
0.0014763779527559,2847.5224811453095,-2.608572127178473
0.0014763779527559,2833.3803141381436,-2.6013927533937116
0.0014763779527559,2843.2745524831985,-2.6036957143628907
0.0014763779527559,2843.286001172966,10.155403613054746
0.0014763779527559,2848.231044646257,-2.7611330561622043
0.0014763779527559,2832.6719856368736,-2.601284548273116
0.0014763779527559,2848.2309088348943,-2.724831392432854
0.0014763779527559,2829.132718485248,-2.656445779135232
0.0014763779527559,2834.8071771730197,10.17133322530984
0.0014763779527559,2833.391646393151,10.160896554703886
0.0014763779527559,2833.3801954889072,-2.6103807613697034
0.0014763779527559,2834.7967852731235,-2.7444880493841577
0.0014763779527559,2834.0992211417315,10.173799465249262
0.0014763779527559,2833.3806576086,-2.7375028869244646
0.0014763779527559,2848.229885955837,-2.576094104253321
0.0014763779527559,2848.2311064767546,-2.6916201229856695
0.0014763779527559,2848.2306303533255,-2.6526534017485375
0.0014763779527559,2848.2310296666205,-2.761563818176102
0.0014763779527559,2833.3915105494257,10.160070496058651
0.0014763779527559,2834.7967852731235,-2.7444880493841577
0.0014763779527559,2829.840156838695,-2.5923967566746824
0.0014763779527559,2848.230319695618,-2.6197820830540732
0.0014763779527559,2843.2860146620123,10.177154056272549
0.0014763779527559,2843.2856152124673,10.190049998214096
0.0014763779527559,2842.5776929458325,10.187117960608223
0.0014763779527559,2843.2858894747933,10.164558170624675
0.0014763779527559,2846.815032936414,-2.7496574628498105
0.0014763779527559,2844.690331687642,-2.66547049533608
0.0014763779527559,2846.1177363994525,10.156980014518217
0.0014763779527559,2843.9935467518885,10.180521816732316
0.0014763779527559,2819.95748079307,10.176510126908273
0.0014763779527559,2834.807443676342,10.163407529034082
0.0014763779527559,2848.2309759599348,-2.7459144209510273
0.0014763779527559,2843.993957547392,10.170079558400833
0.0014763779527559,2834.099474115943,10.161217798849425
0.0014763779527559,2818.5302777228967,-2.6286604693289495
0.0014763779527559,2831.2673908468414,10.178988485249477
0.0014763779527559,2834.7964194641177,-2.682067079485596
0.0014763779527559,2828.4246465208153,-2.6180479551925013
0.0014763779527559,2846.825839514618,10.169840136751407
0.0014763779527559,2834.0992189951685,10.18002130496604
0.0014763779527559,2834.099599303162,10.173813684497299
0.0014763779527559,2834.0996172374903,10.166430782488378
0.0014763779527559,2819.238365408465,-2.6190672328942424
0.0014763779527559,2832.6727675025827,-2.699648691098963
0.0014763779527559,2842.5780574624678,10.179376004172157
0.0014763779527559,2843.2749831975484,-2.670894113959882
0.0014763779527559,2834.8071738192334,10.176860484490502
0.0014763779527559,2848.2310582910522,-2.7533768804781027
0.0014763779527559,2833.380090191352,-2.5713509676152735
0.0014763779527559,2831.256218592718,-2.564685123916448
0.0014763779527559,2834.09957503347,10.16598179934195
0.0014763779527559,2834.099616069234,10.166186490448565
0.0014763779527559,2834.088824263107,-2.740754970968478
0.0014763779527559,2834.088431610418,-2.7294820063191443
0.0014763779527559,2842.5672862328847,-2.73670378180969
0.0014763779527559,2833.3801954889072,-2.6103807613697034
0.0014763779527559,2842.5780574624678,10.179376004172157
0.0014763779527559,2833.391526284026,10.16539525602955
0.0014763779527559,2834.8075566584553,10.157597469063989
0.0014763779527559,2834.807155907995,10.182236515740197
0.0014763779527559,2843.993841078788,10.175123353710223
0.0014763779527559,2847.5336613952363,10.162482011622394
0.0014763779527559,2846.825705889404,10.168828745305365
0.0014763779527559,2845.4094771678906,10.181738524490067
0.0014763779527559,2842.566633547606,-2.559444306421874
0.0014763779527559,2842.5668323898226,-2.645319665973957
0.0019685039370078,2846.106914344005,-2.672101550273257
0.0014763779527559,2829.13273796686,-2.6179488090186003
0.0014763779527559,2834.088592156862,-2.6676719973562673
0.0014763779527559,2817.833595549641,10.175419794922995
0.0014763779527559,2846.1061856412825,-2.5974314199387227
0.0014763779527559,2846.825444582812,10.171100445183676
0.0014763779527559,2831.2563623121832,-2.6102306071593433
0.0014763779527559,2843.2856199054977,10.192264367269033
0.0014763779527559,2832.6837016701447,10.170630386247781
0.0014763779527559,2847.5231010915077,-2.7511549325784945
0.0014763779527559,2846.1178823150735,10.172062084651017
0.0014763779527559,2833.3915183259387,10.166394913639536
0.0014763779527559,2843.2858810367984,10.176142664826507
0.0014763779527559,2846.825839514618,10.169840136751407
0.0014763779527559,2842.5780574624678,10.179376004172157
0.0014763779527559,2820.6548117294506,-2.673408055164763
0.0014763779527559,2832.672490043031,-2.6354742776366256
0.0014763779527559,2846.1178686702783,10.164305908966915
0.0014763779527559,2833.380488417992,-2.678404491390638
0.0014763779527559,2817.833612196677,10.176201102627255
0.0014763779527559,2843.993598019536,10.17667720027263
0.0014763779527559,2846.814807382371,-2.6787891322950412
0.0014763779527559,2842.567053318409,-2.66908454566125
0.0014763779527559,2831.2566320882365,-2.629699893634966
0.0014763779527559,2843.2746112046584,-2.5623960771332936
0.0014763779527559,2832.6833192191807,10.185755244692768
0.0014763779527559,2831.964810303038,-2.697426743199355
0.0014763779527559,2834.0996172374903,10.166430782488378
0.0014763779527559,2820.654265121909,-2.659653091099266
0.0014763779527559,2842.5672984294724,-2.747467377346542
0.0014763779527559,2846.8145535976196,-2.610868729647686
0.0014763779527559,2834.0884895146855,-2.6889347313851815
0.0014763779527559,2830.5489119110084,-2.70525757345306
0.0014763779527559,2832.6835928045666,10.157039388969915
0.0014763779527559,2834.8074506949306,10.145482725236938
0.0014763779527559,2842.567036671373,-2.6698658533655095
0.0014763779527559,2834.796666623887,-2.7534760573601496
0.0014763779527559,2834.8075565027066,10.17159173659769
0.0014763779527559,2842.5776580129227,10.192271946113705
0.0014763779527559,2831.2567115639067,-2.693159061611271
0.0014763779527559,2832.683579376247,10.170424048116903
0.0014763779527559,2834.8075565027066,10.17159173659769
0.0014763779527559,2845.4098719464814,10.165635662601614
0.0014763779527559,2834.8075565027066,10.17159173659769
0.0014763779527559,2834.796547164251,-2.7094164095335187
0.0014763779527559,2817.833595549641,10.175419794922995
0.0014763779527559,2846.1065667462203,-2.604128231379256
0.0014763779527559,2819.238230629164,-2.635072254785659
0.0014763779527559,2847.5337811518234,10.156247532955934
0.0014763779527559,2842.566729496994,-2.5980523816184613
0.0014763779527559,2846.1178686702783,10.164305908966915
0.0014763779527559,2832.672387230745,-2.5971836456508695
0.0014763779527559,2843.2856210663667,10.191088322474355
0.0014763779527559,2842.57793118029,10.17510456605671
0.0019685039370078,2834.796368998036,-2.6249752843380048
0.0014763779527559,2831.9648102620304,-2.6953430343769083
0.0014763779527559,2847.5337967141627,10.1676181888518
0.0014763779527559,2846.825839514618,10.169840136751407
0.0014763779527559,2843.2860146620123,10.177154056272549
0.0014763779527559,2834.0888180918782,-2.7533467223849275
0.0014763779527559,2831.964804131809,-2.7100184946158046
0.0014763779527559,2843.275250905995,-2.7437613054416463
0.0019685039370078,2844.690942522183,-2.685283295627736
0.0019685039370078,2847.523013842096,-2.744606879541522
0.0014763779527559,2816.4073236176596,-2.737531311806692
0.0014763779527559,2829.8407915772914,-2.706472566478206
0.0019685039370078,2832.6725803543864,-2.683980523070114
0.0014763779527559,2842.567163046596,-2.7446438554859203
0.0014763779527559,2831.256839458699,-2.7029609709838476
0.0014763779527559,2844.6905931652987,-2.59562538490161
0.0014763779527559,2843.275219114265,-2.7454882180881635
0.0014763779527559,2834.0884562181695,-2.675634511171247
0.0014763779527559,2831.964952298966,-2.640438929247375
0.0014763779527559,2842.5671430333405,-2.753348989316697
0.0014763779527559,2834.796775291423,-2.7555686702845366
0.0014763779527559,2848.2309705206326,-2.74308096450087
0.0014763779527559,2818.5415473903913,10.185046509532349
0.0014763779527559,2833.3808670635626,-2.73853302306887
0.0014763779527559,2843.2856152124673,10.190049998214096
0.0014763779527559,2847.5337947966186,10.164003708640037
0.0014763779527559,2846.814744578668,-2.6400225682513208
0.0014763779527559,2843.2747022349813,-2.645768202346282
0.0014763779527559,2834.80756079224,10.156452658904668
0.0014763779527559,2817.1252560838448,10.187024996871353
0.0014763779527559,2833.380650964377,-2.6777247755095805
0.0014763779527559,2848.2307424054825,-2.69135121855977
0.0014763779527559,2833.3802505915314,-2.6762814914448887
0.0014763779527559,2834.088707964454,-2.7377674001588845
0.0019685039370078,2847.5250404289877,-0.3130839841671316
0.0014763779527559,2831.9757444706,10.172852334147391
0.0014763779527559,2834.0992347865267,10.181555640933365
0.0014763779527559,2831.256488668266,-2.6376378711450825
0.0014763779527559,2830.54888973272,-2.7055745988165874
0.0014763779527559,2848.233421645252,0.5358364535428759
0.0019685039370078,2847.5250342577583,-0.32567573558358115
0.0014763779527559,2833.380510136852,-2.6870298088490996
0.0014763779527559,2845.398557321297,-2.6094383819361964
0.0014763779527559,2847.522763027649,-2.689446296023688
0.0014763779527559,2819.2382369433385,-2.6318653224415702
0.0014763779527559,2843.9824061539102,-2.5795360509109257
0.0014763779527559,2819.2383592372357,-2.631658984310692
0.0014763779527559,2848.231052119823,-2.765968631894552
0.0014763779527559,2832.6725547516094,-2.6855682532457354
0.0014763779527559,2834.088585985633,-2.680263748772717
0.0014763779527559,2833.380148733719,-2.6778714529644594
0.0014763779527559,2830.5491891047045,-2.67712698188178
0.0014763779527559,2829.8409324921677,-2.7012689420945324
0.0014763779527559,2817.822561295227,-2.6577495448131265
0.0014763779527559,2829.8409324921677,-2.7012689420945324
0.0014763779527559,2847.5230125891608,-2.7562842244678687
0.0014763779527559,2842.578051446987,10.152789985222007
0.0014763779527559,2846.8254472687568,10.159884274110237
0.0014763779527559,2832.6727613313537,-2.7122404425154127
0.0019685039370078,2845.3987428571986,-2.6586479024364285
0.0014763779527559,2831.964669955199,-2.7148192746242246
0.0014763779527559,2831.2568356566976,-2.7055391503159076
0.0014763779527559,2834.088820698362,-2.7533449810774773
0.0014763779527559,2833.3806108517597,-2.670658898864187
0.0014763779527559,2834.0888180918782,-2.7533467223849275
0.0019685039370078,2847.523013842096,-2.744606879541522
0.0019685039370078,2834.796329830498,-2.674553932043562
0.0019685039370078,2847.523013842096,-2.744606879541522
0.0019685039370078,2829.1329280385444,-2.667928882822817
0.0014763779527559,2843.9938544672345,10.161135685302376
0.0014763779527559,2829.840954670456,-2.700951916731005
0.0014763779527559,2828.4244143234114,-2.612876728726929
0.0014763779527559,2834.796125724947,-2.567546017207176
0.0014763779527559,2832.683301075433,10.18127516539029
0.0014763779527559,2843.2856331467956,10.182667096205176
0.0014763779527559,2833.38013317901,-2.6392050825907503
0.0014763779527559,2848.230562238267,-2.663975980862465
0.0014763779527559,2843.274606430897,-2.5743073007311543
0.0014763779527559,2846.1065879506336,-2.6063094147350303
0.0014763779527559,2829.851506428062,10.182368310238278
0.0014763779527559,2848.2310742981117,-2.765651606531025
0.0014763779527559,2842.5670488679607,-2.680629448902361
0.0014763779527559,2829.840831964602,-2.710523046151916
0.0014763779527559,2842.5670322206092,-2.67486043306149
0.0014763779527559,2830.5487736161067,-2.7083426498929586
0.0014763779527559,2845.4097564697026,10.155453719742814
0.0014763779527559,2845.3987949351344,-2.652887288242274
0.0019685039370078,2834.796368998036,-2.6249752843380048
0.0014763779527559,2829.84083602122,-2.709939924706997
0.0019685039370078,2830.5484821649584,-2.6569308948135206
0.0014763779527559,2832.672810431814,-2.7475390223040312
0.0014763779527559,2843.274534284666,-2.6381121917141503
0.0014763779527559,2848.2307424054825,-2.69135121855977
0.0019685039370078,2832.672619379622,-2.6884699972295674
0.0014763779527559,2831.2568690695452,-2.7053958125302215
0.0019685039370078,2831.9647790150116,-2.6764996490577233
0.0014763779527559,2832.6726809481715,-2.731631397030717
0.0019685039370078,2846.8150788208404,-2.7420679062783857
0.0014763779527559,2843.2747084180637,-2.5957000394712137
0.0014763779527559,2843.2752529220857,-2.749691133659323
0.0014763779527559,2831.256869110553,-2.7074795213526683
0.0019685039370078,2843.2748431644013,-2.6316876907160687
0.0014763779527559,2833.3806247702396,-2.7161868685609565
0.0014763779527559,2832.6728085570817,-2.7447062543174683
0.0014763779527559,2831.9646022925995,-2.6372216996076543
0.0014763779527559,2834.7969610198447,-2.6901905210618193
0.0014763779527559,2831.2568690695452,-2.7053958125302215
0.0014763779527559,2829.851888879026,10.167243451793293
0.0014763779527559,2843.2749317244575,-2.645207389095138
0.0014763779527559,2831.9644513556523,-2.640277379033733
0.0014763779527559,2842.5776739697744,10.169421609729314
0.0014763779527559,2834.80755663282,10.158831711500527
0.0019685039370078,2833.3806607710826,-2.673801649852446
0.0014763779527559,2833.3913755836647,10.175668492249129
0.0014763779527559,2845.4095068774277,10.163665685045748
0.0014763779527559,2829.840765351142,-2.701021839350583
0.0014763779527559,2843.982829839305,-2.649136192915805
0.0014763779527559,2829.8412324560063,-2.718205716737437
0.0014763779527559,2832.6727918377674,-2.6111876561558747
0.0014763779527559,2842.5672123487607,-2.747341422008585
0.0014763779527559,2834.7967927466893,-2.7493236251165056
0.0014763779527559,2820.6542563080307,-2.670306259820665
0.0014763779527559,2834.0994850253674,10.152278467807172
0.0014763779527559,2847.5227681714596,-2.6295965092796627
0.0014763779527559,2834.7964714038517,-2.6825336514535953
0.0014763779527559,2847.523117098567,-2.763429658631417
0.0014763779527559,2829.8518562360073,10.174385346797786
0.0014763779527559,2831.9648263100976,-2.7097014692522774
0.0014763779527559,2846.107197595855,-2.750885329611807
0.0014763779527559,2817.8332162369093,10.187709871615379
0.0014763779527559,2829.851499886689,10.1711051402875
0.0014763779527559,2829.132870431,-2.6607579913731745
0.0014763779527559,2842.566894411039,-2.680841240871243
0.0014763779527559,2834.088790461581,-2.748181457574674
0.0019685039370078,2831.9647292064255,-2.671651409610997
0.0014763779527559,2834.8075406355088,10.156782347982574
0.0019685039370078,2831.256772006881,-2.669429461711388
0.0014763779527559,2829.8409540062444,-2.5971221757250067
0.0019685039370078,2846.106680884292,-2.625072410275171
0.0014763779527559,2847.5333557487106,10.162824670441502
0.0014763779527559,2834.0888079168476,-2.741936412406643
0.0014763779527559,2834.0887091274412,-2.7586372031255557
0.0014763779527559,2846.1176125206284,10.17223576077989
0.0014763779527559,2829.1328206224143,-2.655909751926448
0.0014763779527559,2832.6836690368746,10.163448191681399
0.0014763779527559,2834.099583435964,10.159004295882182
0.0014763779527559,2846.815027759319,-2.748897011758007
0.0014763779527559,2847.5228010811174,-2.685974474899645
0.0014763779527559,2846.8148387779497,-2.675652093779644
0.0014763779527559,2845.3984115505073,-2.6112464653955483
0.0014763779527559,2833.380284764568,-2.700119536663539
0.0019685039370078,2847.522886382705,-2.7122138014291215
0.0014763779527559,2848.230550980153,-2.7426045855615517
0.0014763779527559,2829.1329476623255,-2.6938817293846706
0.0014763779527559,2843.983034611857,-2.6073307878107315
0.0014763779527559,2819.238497872605,-2.6618764152488166
0.0019685039370078,2846.814679504466,-2.633156653069816
0.0014763779527559,2832.6723100356867,-2.671637622948004
0.0014763779527559,2818.5304215090487,-2.6291218194607286
0.0014763779527559,2832.6835639273645,10.154768460537305
0.0019685039370078,2848.2330136355918,-0.327580658119663
0.0014763779527559,2834.0888085720812,-2.751307657499507
0.0014763779527559,2831.2568374124676,-2.705757481830775
0.0014763779527559,2846.1067619655537,-2.644213051509598
0.0014763779527559,2844.6905896559183,-2.601064711664572
0.0014763779527559,2846.814636581064,-2.7381606897623354
0.0014763779527559,2846.8254280264164,10.1660635943688
0.0014763779527559,2834.0888079168476,-2.741936412406643
0.0019685039370078,2846.8148467750048,-2.7100469077520293
0.0014763779527559,2833.3811025442897,-2.742786285528778
0.0014763779527559,2843.2859987948145,10.162344667657432
0.0014763779527559,2829.8407693797603,-2.7058645351315556
0.0014763779527559,2830.5597962699844,10.169869743340412
0.0014763779527559,2834.0888085720812,-2.751307657499507
0.0014763779527559,2829.8405335679745,-2.6966677767695875
0.0014763779527559,2846.8151100904365,-2.7563594712850823
0.0014763779527559,2832.6727337010566,-2.707075177705159
0.0014763779527559,2847.5223436639662,-2.6784645527974105
0.0014763779527559,2834.7966339736663,-2.7497658664104074
0.0014763779527559,2846.106438284521,-2.6708031954713403
0.0014763779527559,2834.7962797577215,-2.6594913937092763
0.0014763779527559,2831.2564704118313,-2.6314677834862636
0.0014763779527559,2846.814387019552,-2.6713227613181547
0.0014763779527559,2846.10653865916,-2.594705701885674
0.0014763779527559,2834.7966107212123,-2.740034741068941
0.0014763779527559,2846.82542054051,10.167274358570253
0.0014763779527559,2842.566793396095,-2.652008799224648
0.0014763779527559,2834.7962976285353,-2.6605304201546196
0.0014763779527559,2846.825539799726,10.174710786484619
0.0014763779527559,2830.5482618153264,-2.699655720325542
0.0014763779527559,2848.2309602689083,-2.7564671074820564
0.0019685039370078,2847.523004322299,-2.7425678146561014
0.0014763779527559,2817.833574916448,10.176753969554813
0.0014763779527559,2834.807145878994,10.171892658979056
0.0014763779527559,2832.6725038411887,-2.73364842574823
0.0014763779527559,2846.117717730778,10.164826843382102
0.0014763779527559,2818.5304908644744,-2.654806227902481
0.0014763779527559,2845.3982641312705,-2.6286295030713425
0.0014763779527559,2847.5335010246604,10.171522879681689
0.0014763779527559,2834.807141345541,10.166951813342708
0.0014763779527559,2846.1064369953065,-2.5729466427888648
0.0014763779527559,2847.522735397352,-2.6842810312134344
0.0014763779527559,2832.683409066443,10.178393849329247
0.0014763779527559,2830.5597962699844,10.169869743340412
0.0014763779527559,2846.117848513547,10.164635598044821
0.0014763779527559,2829.8407880269365,-2.7058520775565147
0.0014763779527559,2834.0886676886216,-2.7347598485286007
0.0014763779527559,2846.82541152932,10.17393792294824
0.0014763779527559,2846.107152890892,-2.7541375233854732
0.0014763779527559,2847.523067289981,-2.7585814191846905
0.0014763779527559,2829.143439850742,10.184853797680447
0.0014763779527559,2830.5487894352937,-2.5688132170435867
0.0014763779527559,2829.840521631017,-2.693825210744031
0.0014763779527559,2831.964643607943,-2.7062189242640113
0.0014763779527559,2846.117866624047,10.161509398119987
0.0014763779527559,2831.256689619655,-2.7119404013716193
0.0014763779527559,2848.2309602689083,-2.7564671074820564
0.0014763779527559,2828.4249976961637,-2.693068778850533
0.0014763779527559,2830.5487490291894,-2.7070593312128755
0.0014763779527559,2829.84091710145,-2.6990526063577867
0.0014763779527559,2830.5487490291894,-2.7070593312128755
0.0014763779527559,2848.241321059968,10.16116957917743
0.0014763779527559,2844.690759686537,-2.6886782274985945
0.0014763779527559,2831.9645524840134,-2.632373460160928
0.0014763779527559,2832.683251638323,10.181639985555273
0.0014763779527559,2829.1333538342687,-2.701077203196586
0.0014763779527559,2832.6730086892658,-2.717794448798783
0.0014763779527559,2829.8407816755816,-2.704043750960509
0.0014763779527559,2848.2413253335903,10.174072616234447
0.0009842519685039,2834.7963743947353,-2.6936294726822667
0.0009842519685039,2848.230700128129,-2.684231610888137
0.0009842519685039,2834.796091919454,-2.574971492763455
0.0009842519685039,2846.1189268168414,11.7572323878136
0.0009842519685039,2834.809012310617,11.735955177121147
0.0009842519685039,2845.398471815024,-2.630327531672625
0.0009842519685039,2846.1193182711113,11.74019394697163
0.0009842519685039,2834.1010551110726,11.738177125020755
0.0009842519685039,2844.690512039598,-2.624183811407219
0.0009842519685039,2846.1066113516627,-2.6191131310232225
0.0009842519685039,2844.7029693654813,11.748079141670406
0.0009842519685039,2846.8270174177683,11.756532136931634
0.0009842519685039,2848.230687150548,-2.6836676748319803
0.0009842519685039,2843.2870615130882,11.745642453266896
0.0009842519685039,2846.1189215244945,11.755755513380517
0.0009842519685039,2830.549329109575,-2.7207841989304544
0.0009842519685039,2833.392685699747,11.749264338748816
0.0009842519685039,2846.8268877132327,11.749588907951845
0.0009842519685039,2843.2873217749016,11.748099093250238
0.0009842519685039,2846.814895448482,-2.789443670647264
0.0009842519685039,2817.126670297122,11.772019796165264
0.0009842519685039,2843.9952761369677,11.729426709013179
0.0009842519685039,2830.5489144100043,-2.713413229127525
0.0009842519685039,2846.827275470656,11.737971999072021
0.0009842519685039,2830.5485307312374,-2.7097936258314324
0.0009842519685039,2832.672261498236,-2.655527881887355
0.0009842519685039,2834.809012310617,11.735955177121147
0.0009842519685039,2831.2563999680874,-2.6147370008122004
0.0009842519685039,2830.548787897951,-2.7189365560925207
0.0009842519685039,2834.100911989525,11.732964141381801
0.0009842519685039,2846.814386418824,-2.570878135442344
0.0009842519685039,2832.672885393414,-2.7761069753330276
0.0009842519685039,2829.133011946356,-2.707478098863934
0.0009842519685039,2847.523229453392,-2.7968628759224843
0.0009842519685039,2847.522910073942,-2.730080362310049
0.0009842519685039,2834.7961454685847,-2.6290215178982947
0.0009842519685039,2847.522735390305,-2.684279183382529
0.0009842519685039,2843.28733970923,11.740716191241317
0.0009842519685039,2846.1189429270344,11.751858952396441
0.0009842519685039,2834.088121386148,-2.5727584527182645
0.0009842519685039,2834.808863615596,11.74253677357538
0.0009842519685039,2817.1270712815117,11.761274946517828
0.0009842519685039,2834.8088803816677,11.734909579526645
0.0009842519685039,2831.976801061475,11.759967827164566
0.0009842519685039,2832.673018287944,-2.7709087090831495
0.0009842519685039,2833.392706733273,11.751135394916036
0.0009842519685039,2819.238142755318,-2.6085468921196457
0.0009842519685039,2818.530682188416,-2.706374574839967
0.0009842519685039,2848.2431968909123,11.729042150264176
0.0009842519685039,2820.6545049146985,-2.7130130531717294
0.0009842519685039,2842.567108809456,-2.7647688558592987
0.0009842519685039,2834.0887836099796,-2.7735772089776014
0.0009842519685039,2833.380715517057,-2.7581849993349095
0.0009842519685039,2834.809012310617,11.735955177121147
0.0009842519685039,2842.567342567584,-2.7763687808820365
0.0009842519685039,2834.0884415133546,-2.6848450364037935
0.0009842519685039,2832.672658135192,-2.7260089759092274
0.0009842519685039,2848.2347409361414,2.153611632412837
0.0009842519685039,2829.1328872325994,-2.718134612155626
0.0009842519685039,2847.5267786329737,2.1639340135328378
0.0009842519685039,2834.8086130206493,11.74612464248128
0.0009842519685039,2833.3927031550134,11.755509383916847
0.0009842519685039,2844.6908227499484,-2.6689533382331434
0.0009842519685039,2846.1064879771443,-2.628812654149543
0.0009842519685039,2830.5493264528677,-2.7207859737907656
0.0009842519685039,2846.826878724039,11.75353356548091
0.0009842519685039,2843.2748057030635,-2.67322981892733
0.0009842519685039,2830.548730626725,-2.7215749787157284
0.0009842519685039,2845.4109122880623,11.753892427287301
0.0009842519685039,2847.5349680790596,11.75226513620122
0.0009842519685039,2846.815152529505,-2.7823132042337297
0.0009842519685039,2830.5491881989733,-2.725954759053111
0.0009842519685039,2834.088217489859,-2.636952768512231
0.0009842519685039,2846.827275470656,11.737971999072021
0.0009842519685039,2834.8086223496202,11.748671317357493
0.0009842519685039,2846.826884016386,11.755010439913992
0.0014763779527559,2830.548401201036,-2.687454662537227
0.0009842519685039,2833.3807746641246,-2.718920159199283
0.0009842519685039,2828.4250547468114,-2.705256150964326
0.0009842519685039,2846.826893762733,11.74569304964869
0.0009842519685039,2833.392953695022,11.743510536813837
0.0009842519685039,2844.70322183775,11.739795198370881
0.0009842519685039,2842.5663840293764,-2.610603574528313
0.0009842519685039,2846.1066113516627,-2.6191131310232225
0.0014763779527559,2843.982839115416,-2.6425810975480197
0.0009842519685039,2832.6724233175382,-2.7065533336602456
0.0009842519685039,2818.530548700151,-2.711214891194441
0.0009842519685039,2846.8152722538475,-2.794640928022876
0.0009842519685039,2856.708824674842,-2.6170266743672306
0.0009842519685039,2834.100902963404,11.742138642184855
0.0009842519685039,2846.118935345586,11.757437813606298
0.0014763779527559,2846.8149853739615,-2.719041943694249
0.0009842519685039,2834.7961324264807,-2.6255734516994
0.0009842519685039,2846.826878724039,11.75353356548091
0.0009842519685039,2848.2430720182747,11.727725879039232
0.0009842519685039,2831.2567719227654,-2.717861821604613
0.0009842519685039,2834.0889147527055,-2.767969702873446
0.0009842519685039,2834.100660354558,11.753287436017239
0.0009842519685039,2831.256744668916,-2.7213455599818133
0.0009842519685039,2834.1006726601086,11.753301983465741
0.0009842519685039,2847.5352326702005,11.735750051172413
0.0009842519685039,2848.234474427456,2.1665122372298806
0.0009842519685039,2842.579095836297,11.753442678314615
0.0009842519685039,2847.523137359347,-2.7897004169435915
0.0009842519685039,2834.796593159287,-2.641062834827509
0.0009842519685039,2830.548819718331,-2.5739756959436124
0.0009842519685039,2819.2382926795126,-2.613505818799021
0.0009842519685039,2832.6728195508636,-2.727505317310376
0.0009842519685039,2832.672126816611,-2.581719760082198
0.0009842519685039,2834.100682511826,11.741525353130706
0.0009842519685039,2831.964862351319,-2.725283369410768
0.0009842519685039,2819.238284567294,-2.698636929104844
0.0009842519685039,2819.2386670182577,-2.7137617875498297
0.0009842519685039,2847.5227705588813,-2.6871749277987815
0.0009842519685039,2832.6721821641095,-2.728050921047365
0.0009842519685039,2818.5430128942708,11.751627587254472
0.0009842519685039,2830.552382399001,2.1757791435494758
0.0009842519685039,2833.3930032390626,11.726740669862982
0.0009842519685039,2831.9645135565875,-2.6193855594595106
0.0009842519685039,2842.56710703432,-2.6872057029331975
0.0009842519685039,2820.6542070786018,-2.617949714598238
0.0009842519685039,2842.566229331257,-2.5616161680035696
0.0009842519685039,2844.6905014072463,-2.6122566816741974
0.0009842519685039,2846.8271505980183,11.736655727847078
0.0009842519685039,2842.5791308194143,11.7588643031406
0.0009842519685039,2844.6910962116945,-2.778772783672237
0.0009842519685039,2834.7968898865784,-2.777574552781975
0.0009842519685039,2846.118935016074,11.748669135608434
0.0009842519685039,2846.1190602182237,11.758754084831242
0.0009842519685039,2845.3984691696905,-2.621540746423346
0.0009842519685039,2818.5304981724853,-2.71124864709322
0.0009842519685039,2832.6728665682413,-2.7671947304833338
0.0009842519685039,2831.964834680014,-2.7180343957780675
0.0009842519685039,2829.853019086149,11.760673688400248
0.0009842519685039,2843.983302031329,-2.76377089461622
0.0009842519685039,2831.964834680014,-2.7180343957780675
0.0009842519685039,2833.392685699747,11.749264338748816
0.0009842519685039,2831.9644195184474,-2.715777261114418
0.0009842519685039,2843.99514447236,11.760147234120083
0.0014763779527559,2843.2747415845156,-2.6494294957846765
0.0009842519685039,2847.523224349769,-2.7887624427020916
0.0009842519685039,2846.8272773882,11.741586479283786
0.0009842519685039,2846.827010879515,11.754487084100829
0.0009842519685039,2831.2567688189906,-2.7145754095739667
0.0009842519685039,2833.3802185221207,-2.621270676641018
0.0009842519685039,2848.243191787289,11.737142583484568
0.0014763779527559,2846.106622191796,-2.641398111852963
0.0009842519685039,2848.2351049037893,2.053921341025635
0.0009842519685039,2834.0886727166016,-2.7604069472345185
0.0009842519685039,2829.133011946356,-2.707478098863934
0.0009842519685039,2831.9644378049124,-2.6118848800925454
0.0009842519685039,2847.523229453392,-2.7968628759224843
0.0009842519685039,2832.672675464641,-2.6262388779723906
0.0009842519685039,2846.1065968817493,-2.6099714134616305
0.0009842519685039,2848.2306977669446,-2.6872615823739414
0.0009842519685039,2848.9507680892966,11.736796073268435
0.0009842519685039,2847.5225332930877,-2.6277665122586136
0.0009842519685039,2845.3987851265874,-2.671935737224556
0.0009842519685039,2848.2310721056892,-2.7875175511247505
0.0009842519685039,2845.398487796497,-2.6220061719495553
0.0009842519685039,2848.2311918300315,-2.799845274913896
0.0009842519685039,2830.548842353518,-2.7208051385152574
0.0014763779527559,2831.964804131809,-2.7100184946158046
0.0009842519685039,2842.56740102137,-2.781200595185792
0.0009842519685039,2848.2311918300315,-2.799845274913896
0.0009842519685039,2848.243202068007,11.728281699172372
0.0009842519685039,2844.690534671959,-2.6186992173309918
0.0009842519685039,2844.6903388721744,-2.5744222746423353
0.0009842519685039,2846.1193253657502,11.74304797609159
0.0014763779527559,2845.399063623164,-2.770849074857291
0.0009842519685039,2834.8090221623343,11.724178546786113
0.0009842519685039,2843.9833006272324,-2.7768690937801668
0.0009842519685039,2819.9593680025,11.74001129082739
0.0009842519685039,2834.796893198711,-2.7893023059710935
0.0009842519685039,2829.8406082607135,-2.7014089584445102
0.0009842519685039,2834.088334326912,-2.6237177970147973
0.0014763779527559,2830.549177433276,-2.718442067189715
0.0009842519685039,2831.2569051107666,-2.720977712688713
0.0009842519685039,2831.964379310087,-2.62170665353302
0.0009842519685039,2842.5795231220955,11.73196281436058
0.0009842519685039,2845.3987383225563,-2.6999471386624028
0.0009842519685039,2830.54855103612,-2.6126062491035826
0.0014763779527559,2830.548271227818,-2.705164790802893
0.0009842519685039,2819.2386670182577,-2.7137617875498297
0.0009842519685039,2834.7961755841516,-2.6349259444772253
0.0009842519685039,2843.2749205007276,-2.6908099707922064
0.0009842519685039,2834.0888017204798,-2.7767034089024345
0.0009842519685039,2833.380242825677,-2.6360682174048766
0.0009842519685039,2831.964869965819,-2.719097101117642
0.0009842519685039,2845.3991199550237,-2.735801898842059
0.0009842519685039,2820.654504428246,-2.7161516771187433
0.0014763779527559,2843.983017039862,-2.6983696841398976
0.0009842519685039,2831.256845549756,-2.715833779755058
0.0009842519685039,2829.841243796514,-2.726862560798959
0.0009842519685039,2848.2428108455765,11.737216208391171
0.0009842519685039,2845.4113279305634,11.734255805209159
0.0009842519685039,2846.8152852607245,-2.7896666947273165
0.0009842519685039,2843.2746155224545,-2.6214404935749407
0.0009842519685039,2846.1065051784826,-2.6273319666673287
0.0009842519685039,2829.8407844861467,-2.7197356484542903
0.0009842519685039,2831.2567724046808,-2.7268787214795225
0.0009842519685039,2831.9647341822856,-2.7322323125013392
0.0009842519685039,2843.9825586912807,-2.6164190838922785
0.0009842519685039,2831.9647216477883,-2.726768101807056
0.0009842519685039,2832.6730363984443,-2.7740349090079826
0.0009842519685039,2831.2568955909696,-2.7189386478032924
0.0009842519685039,2848.231079599793,-2.7870498435076225
0.0009842519685039,2830.548938391425,-2.7167166999036834
0.0009842519685039,2831.964852790514,-2.7211605957029006
0.0014763779527559,2829.1328281204605,-2.7036319380700786
0.0009842519685039,2844.7033680296427,11.736132055473282
0.0009842519685039,2848.2306802895773,-2.678140263861046
0.0009842519685039,2848.231079599793,-2.7870498435076225
0.0009842519685039,2829.1329415841797,-2.712327858326984
0.0009842519685039,2834.796192850127,-2.6423008827838115
0.0009842519685039,2831.9648469195936,-2.7209833248515753
0.0009842519685039,2846.1064981573154,-2.6228460136586995
0.0009842519685039,2832.6720712596793,-2.6094847896723716
0.0009842519685039,2834.7965162030673,-2.6866898291240298
0.0009842519685039,2834.796400763804,-2.685643050205877
0.0009842519685039,2830.5485777409503,-2.615475317188272
0.0009842519685039,2847.52312783955,-2.787661352058171
0.0009842519685039,2831.2567349015976,-2.7216986337424425
0.0009842519685039,2831.9647190051396,-2.7248295191120055
0.0009842519685039,2830.548938432433,-2.71880040872613
0.0009842519685039,2834.7965157240055,-2.673061881947078
0.0009842519685039,2831.9644644632463,-2.710483342256569
0.0009842519685039,2846.8152903643477,-2.797767127947709
0.0009842519685039,2818.530325960171,-2.6092448060139923
0.0009842519685039,2817.830523749583,7.009937400548928
0.0009842519685039,2832.6720590556833,-2.617196070460541
0.0009842519685039,2848.230718238629,-2.68735781081297
0.0009842519685039,2833.3806018039777,-2.6822459333248134
0.0009842519685039,2843.9951347976307,11.761652063105302
0.0009842519685039,2843.995401306316,11.748751458288258
0.0009842519685039,2845.4111944768124,11.744534240803345
0.0009842519685039,2856.721659018016,11.73791554708232
0.0009842519685039,2843.9954147978956,11.741665080516176
0.0009842519685039,2846.827286459621,11.736797123206678
0.0009842519685039,2848.951158058255,11.730131279507853
0.0009842519685039,2843.995014253392,11.76288546999015
0.0009842519685039,2843.995401306316,11.748751458288258
0.0009842519685039,2846.119063999387,11.762450700902543
0.0009842519685039,2843.995399388772,11.745136978076495
0.0009842519685039,2848.2309247964035,-2.7818664132912185
0.0009842519685039,2843.995282920168,11.750180773385885
0.0009842519685039,2845.4113291969848,11.737221184716958
0.0009842519685039,2843.9952800777232,11.748978136602561
0.0009842519685039,2844.703237277268,11.746756188702953
0.0009842519685039,2846.827281355998,11.744897556427071
0.0009842519685039,2843.983717673873,-2.7755651524544933
0.0009842519685039,2844.7033709024818,11.747767580148995
0.0009842519685039,2843.9952800777232,11.748978136602561
0.0009842519685039,2834.8086170541974,11.754986841117809
0.0009842519685039,2843.9825461638657,-2.630028202015668
0.0009842519685039,2844.7033709024818,11.747767580148995
0.0009842519685039,2844.70337199744,11.739443132616568
0.0009842519685039,2843.995413702937,11.749989528048603
0.0009842519685039,2844.7031043937964,11.76066818496604
0.0009842519685039,2843.995280301555,11.748467831030961
0.0009842519685039,2845.4109162558602,11.757203504430587
0.0009842519685039,2834.7968850702173,-2.7848869761986106
0.0014763779527559,2843.2750201804142,-2.683350942894894
0.0009842519685039,2843.2747617194664,-2.6097152418858602
0.0009842519685039,2834.088346360616,-2.6130556136611105
0.0009842519685039,2833.380564498015,-2.6718509439636517
0.0009842519685039,2831.9646757863848,-2.759171131251764
0.0009842519685039,2843.274961374574,-2.6641700317091446
0.0009842519685039,2843.2753606847896,-2.7730796113557212
0.0009842519685039,2848.2310795675003,-2.7878244782815518
0.0009842519685039,2832.6728788159116,-2.7693939653312536
0.0009842519685039,2833.3803891610714,-2.6108336657615023
0.0009842519685039,2831.256757224845,-2.7220780923769423
0.0009842519685039,2831.9648473189195,-2.7191017740266723
0.0009842519685039,2834.088927391611,-2.769037081122051
0.0009842519685039,2856.708837313748,-2.6180940526158354
0.0009842519685039,2843.2752264714495,-2.7765009962005425
0.0009842519685039,2834.088945325939,-2.7764199831309715
0.0009842519685039,2834.7968850702173,-2.7848869761986106
0.0009842519685039,2833.3809881263946,-2.7741980352313624
0.0009842519685039,2846.8152848927534,-2.795708306271481
0.0009842519685039,2843.2745627176655,-2.5704765513372005
0.0009842519685039,2842.567403485245,-2.770857663456112
0.0009842519685039,2831.965055792977,-2.7623712374232254
0.0009842519685039,2829.8410013053076,-2.708877797949845
0.0009842519685039,2830.548932960838,-2.716741587049902
0.0009842519685039,2834.08837016383,-2.621953516596687
0.0009842519685039,2843.982410022034,-2.569557395702765
0.0009842519685039,2833.380463470348,-2.671905220585304
0.0009842519685039,2831.256727950839,-2.7220976493932296
0.0009842519685039,2834.088794497081,-2.774235347371929
0.0009842519685039,2833.3808018052123,-2.772447520923819
0.0009842519685039,2831.964684259539,-2.7227902544520646
0.0009842519685039,2848.951153751782,11.72631676017212
0.0014763779527559,2834.0889124262726,-2.65756024315549
0.0009842519685039,2843.99540805988,11.740758522684605
0.0009842519685039,2843.995282920168,11.750180773385885
0.0009842519685039,2844.703237277268,11.746756188702953
0.0009842519685039,2845.4113157054053,11.744307562489041
0.0009842519685039,2844.702976123891,11.763870442037447
0.0009842519685039,2844.6905014349186,-2.5683579587575527
0.0009842519685039,2843.274986346045,-2.672823642604912
0.0009842519685039,2833.38061378765,-2.673942066480554
0.0009842519685039,2842.5793829383388,11.748355077908245
0.0009842519685039,2846.11920067174,11.743790899484909
0.0009842519685039,2842.566606763682,-2.56568305586983
0.0009842519685039,2832.6726398993383,-2.661765669004262
0.0009842519685039,2845.3986167850817,-2.620420903541704
0.0009842519685039,2832.6721034445936,-2.5676027853001604
0.0009842519685039,2833.3927281767747,11.756783808644693
0.0009842519685039,2847.5348498080502,11.752815786900458
0.0009842519685039,2829.132448207564,-2.5556917402474295
0.0009842519685039,2832.672115556051,-2.575789487721464
0.0009842519685039,2842.5795092205167,11.752626516023692
0.0009842519685039,2845.3987101068124,-2.6841359869713997
0.0009842519685039,2832.6851534281936,11.743880898099317
0.0009842519685039,2848.234741843027,2.155679737788151
0.0009842519685039,2830.5482314639276,-2.565743142150802
0.0009842519685039,2832.6722342052867,-2.566801479745472
0.0009842519685039,2833.380415378103,-2.6169157290895035
0.0009842519685039,2847.523243337859,-2.7953587066033267
0.0009842519685039,2833.3801914048313,-2.5690234276450803
0.0009842519685039,2834.7969208518057,-2.6808956928229724
0.0009842519685039,2819.9466104719722,-2.7093143013200267
0.0009842519685039,2834.100667232571,11.750081781442606
0.0009842519685039,2844.7032376397606,11.744913847901802
0.0009842519685039,2847.5348549116734,11.744715353680066
0.0009842519685039,2834.7968606068894,-2.777325205120136
0.0009842519685039,2845.411208330885,11.735605522230111
0.0009842519685039,2819.95891354753,11.753853125584666
0.0009842519685039,2832.672284016286,-2.613918929897941
0.0009842519685039,2831.256891405944,-2.7163919873817486
0.0009842519685039,2847.5348408036043,11.745115177013774
0.0009842519685039,2833.3803660884682,-2.614824606572605
0.0009842519685039,2833.393110627738,11.741658950199708
0.0009842519685039,2817.835042365523,11.760557167937378
0.0009842519685039,2819.9466104719722,-2.7093143013200267
0.0009842519685039,2832.685028555556,11.742564626874373
0.0009842519685039,2830.548805447741,-2.716908693544691
0.0009842519685039,2843.287319253335,11.742102614871067
0.0009842519685039,2842.5793789388854,11.738197263292053
0.0009842519685039,2830.5485854116682,-2.608272229530883
0.0009842519685039,2830.5489540890626,-2.6131251893448404
0.0009842519685039,2834.796149344832,-2.6248760084759777
0.0009842519685039,2831.9648658314445,-2.617570860004369
0.0009842519685039,2831.964451689379,-2.610380710773388
0.0009842519685039,2834.100669531316,11.750490186204868
0.0009842519685039,2833.393131713054,11.747825559526559
0.0009842519685039,2829.853344547075,11.758691006984789
0.0009842519685039,2848.2429305712867,11.75330398224676
0.0009842519685039,2848.2304782813694,-2.6208734279580654
0.0009842519685039,2844.703369714503,11.74470628521673
0.0009842519685039,2847.5225081042436,-2.6180875440023006
0.0009842519685039,2845.4113145174265,11.741246267556775
0.0009842519685039,2848.2304653037886,-2.6203094919019088
0.0009842519685039,2843.9950236489203,11.751319925820255
0.0009842519685039,2834.1006684008275,11.75032607348242
0.0009842519685039,2819.94620753235,-2.6048332909502045
0.0009842519685039,2843.274680149075,-2.6137452631766767
0.0009842519685039,2846.8152750336667,-2.7943911458118564
0.0009842519685039,2847.5231070695672,-2.7814519134721607
0.0009842519685039,2842.5667814473186,-2.611484234797355
0.0009842519685039,2846.1066054366825,-2.71772578949957
0.0009842519685039,2847.534825848273,11.742060954186524
0.0009842519685039,2848.24278522772,11.739854130344641
0.0009842519685039,2847.5348280281755,11.742076078244251
0.0009842519685039,2843.287201006335,11.7549807254087
0.0009842519685039,2843.982695846408,-2.615928130596571
0.0014763779527559,2834.7964376410328,-2.6444173000041125
0.0009842519685039,2819.946477619411,-2.712763704600934
0.0009842519685039,2829.144924570169,11.76483237097882
0.0014763779527559,2832.672980675792,-2.6505572238106914
0.0009842519685039,2844.7032331036035,11.739586425335116
0.0009842519685039,2843.2873187045143,11.744030321134332
0.0009842519685039,2834.7961618383215,-2.628256510347814
0.0014763779527559,2842.5669311219995,-2.6422539752850036
0.0009842519685039,2847.534868939726,11.75968695993192
0.0009842519685039,2848.2307263913763,-2.679074644675942
0.0009842519685039,2832.6847908942896,11.76492807383134
0.0009842519685039,2847.5227691918317,-2.676852696776333
0.0009842519685039,2847.5352465546675,11.737254220491572
0.0009842519685039,2843.2747386468636,-2.613706182696963
0.0009842519685039,2848.2310808130615,-2.7852529307137894
0.0009842519685039,2833.3929819720843,11.740207967964984
0.0014763779527559,2848.2310383739928,-2.759299197765141
0.0009842519685039,2830.548972686015,-2.6131127653226605
0.0009842519685039,2833.380809454316,-2.6219952323401596
0.0009842519685039,2831.9648714837813,-2.717582777151714
0.0009842519685039,2831.9647890756255,-2.7176378313742307
0.0009842519685039,2834.8089153604647,11.733149321389064
0.0009842519685039,2848.230723954315,-2.6832160562056266
0.0009842519685039,2834.0880373103364,-2.5757193110823136
0.0009842519685039,2846.826936930346,11.750088623123187
0.0009842519685039,2843.9825509449693,-2.570862059151016
0.0009842519685039,2834.10095816092,11.735371269288672
0.0009842519685039,2842.566502468647,-2.570041958066987
0.0009842519685039,2834.0880528744406,-2.581285934213484
0.0009842519685039,2844.690659898608,-2.6140469297835063
0.0009842519685039,2846.119355074879,11.740645565597983
0.0009842519685039,2842.5662332198217,-2.5539515113972295
0.0009842519685039,2846.1189797308016,11.752310571022795
0.0009842519685039,2834.1009194965927,11.733815693886626
0.0009842519685039,2834.796552351601,-2.676866965404812
0.0009842519685039,2844.70340483341,11.736583674099636
0.0009842519685039,2833.3930086744012,11.73929012828196
0.0009842519685039,2832.6850404926918,11.746353812105449
0.0009842519685039,2846.8270497846643,11.753813137486633
0.0009842519685039,2847.5232632549187,-2.7894363893162883
0.0009842519685039,2847.5231245260816,-2.7823473475419376
0.0009842519685039,2842.579529137576,11.758548833310732
0.0009842519685039,2847.5227691918317,-2.676852696776333
0.0009842519685039,2847.5227767301108,-2.674583176382332
0.0009842519685039,2843.287486337121,11.756326885411122
0.0009842519685039,2846.119353990182,11.75123491378959
0.0009842519685039,2846.119353990182,11.75123491378959
0.0009842519685039,2834.08778498796,-2.562938228669451
0.0009842519685039,2846.8269170059543,11.760537238693008
0.0009842519685039,2846.8270512192944,11.76395862353783
0.0009842519685039,2846.8270512192944,11.76395862353783
0.0009842519685039,2843.9825653979947,-2.557642146003143
0.0009842519685039,2834.101071134019,11.738992246102171
0.0009842519685039,2834.1009539904226,11.742101845228701
0.0009842519685039,2847.534875017457,11.76021497862058
0.0009842519685039,2832.685173345253,11.749803215386356
0.0009842519685039,2843.287086887576,11.76922282735267
0.0009842519685039,2818.5430190655,11.764219338670921
0.0009842519685039,2847.535268389271,11.746791017990374
0.0009842519685039,2842.579529137576,11.758548833310732
0.0009842519685039,2834.100955158679,11.742346137268514
0.0009842519685039,2842.5795470719045,11.751165931301811
0.0009842519685039,2846.8269175940804,11.762947232091788
0.0009842519685039,2843.287086887576,11.76922282735267
0.0009842519685039,2817.8306657227868,7.024761525195404
0.0009842519685039,2834.8090461121433,11.743381663727343
0.0009842519685039,2843.995443536666,11.754104937511514
0.0009842519685039,2842.5795470719045,11.751165931301811
0.0009842519685039,2848.230720952074,-2.6762411882257844
0.0009842519685039,2846.119353990182,11.75123491378959
0.0009842519685039,2842.579129688031,11.771444775252277
0.0009842519685039,2831.2569113230034,-2.71046967009471
0.0009842519685039,2834.7963072675147,-2.6130287418739497
0.0009842519685039,2846.8270512192944,11.76395862353783
0.0009842519685039,2834.8090461121433,11.743381663727343
0.0009842519685039,2843.287086887576,11.76922282735267
0.0009842519685039,2846.8270512192944,11.76395862353783
0.0009842519685039,2829.133045747882,-2.700051612257738
0.0009842519685039,2834.7969236881045,-2.770148066175779
0.0009842519685039,2834.796906232838,-2.77639311134381
0.0009842519685039,2843.287486337121,11.756326885411122
0.0009842519685039,2834.808911189967,11.739879897329093
0.0009842519685039,2843.287486337121,11.756326885411122
0.0009842519685039,2842.579529137576,11.758548833310732
0.0009842519685039,2846.106638613605,-2.611637767271111
0.0009842519685039,2846.118954540637,11.764130855731135
0.0009842519685039,2848.2304609816424,-2.661295530577936
0.0009842519685039,2829.8408394662333,-2.55918152009098
0.0009842519685039,2847.534868939726,11.75968695993192
0.0009842519685039,2834.1010877443423,11.745359319587138
0.0009842519685039,2846.8269175940804,11.762947232091788
0.0009842519685039,2843.287486337121,11.756326885411122
0.0009842519685039,2834.79612572098,-2.567545006157259
0.0009842519685039,2843.287486337121,11.756326885411122
0.0009842519685039,2834.08883359403,-2.773124384526049
0.0009842519685039,2834.8090461121433,11.743381663727343
0.0009842519685039,2834.0881685214354,-2.56532305825765
0.0009842519685039,2832.685173345253,11.749803215386356
0.0014763779527559,2843.2749082386035,-2.6385536058975734
0.0009842519685039,2842.5791453089364,11.761566418404504
0.0009842519685039,2843.27460819845,-2.5554201981035347
0.0009842519685039,2819.9589334645893,11.759775442871705
0.0009842519685039,2843.287486337121,11.756326885411122
0.0009842519685039,2834.1010889125987,11.74560361162695
0.0009842519685039,2842.5793953836564,11.755291358952293
0.0009842519685039,2820.6667873738256,11.753254670016359
0.0009842519685039,2846.8270512192944,11.76395862353783
0.0009842519685039,2834.1006882947972,11.758255261528685
0.0009842519685039,2842.567224992758,-2.7079090087780227
0.0009842519685039,2848.2312204544633,-2.7916583372158965
0.0009842519685039,2845.3986222322274,-2.6053568686930735
0.0009842519685039,2834.1010709782704,11.752986513635872
0.0009842519685039,2848.2306959806033,-2.667587577330017
0.0009842519685039,2834.8090461121433,11.743381663727343
0.0009842519685039,2834.8086636611797,11.758506522172329
0.0009842519685039,2834.0889490332934,-2.7741711634442017
0.0009842519685039,2846.8269175940804,11.762947232091788
0.0009842519685039,2842.579146454103,11.763817581203543
0.0009842519685039,2843.287086887576,11.76922282735267
0.0009842519685039,2834.809044943887,11.74313737168753
0.0009842519685039,2847.534871904034,11.760567664047747
0.0009842519685039,2844.6906729630123,-2.612227761209142
0.0009842519685039,2847.5232632549187,-2.7894363893162883
0.0009842519685039,2834.1006882947972,11.758255261528685
0.0009842519685039,2834.1010889125987,11.74560361162695
0.0009842519685039,2846.1189767285605,11.759285439002637
0.0009842519685039,2833.3808861027264,-2.7736442440527918
0.0009842519685039,2834.8089058839178,11.750558227605385
0.0009842519685039,2845.410946089589,11.761318913893497
0.0009842519685039,2832.685173345253,11.749803215386356
0.0009842519685039,2846.1193674817614,11.744148536017507
0.0009842519685039,2846.119353990182,11.75123491378959
0.0009842519685039,2834.8086561511464,11.756097803963689
0.0009842519685039,2834.08896648856,-2.7679261182761707
0.0009842519685039,2817.8350808695445,11.76234879974567
0.0009842519685039,2830.5488509088145,-2.705344535057204
0.0009842519685039,2834.796906232838,-2.77639311134381
0.0009842519685039,2846.119353990182,11.75123491378959
0.0014763779527559,2848.2310582910522,-2.7533768804781027
0.0009842519685039,2843.287092675565,11.763112748875177
0.0009842519685039,2832.68504075959,11.74679003306773
0.0014763779527559,2834.7964500792978,-2.644115925572432
0.0009842519685039,2843.995049853034,11.761883351867539
0.0009842519685039,2834.100955158679,11.742346137268514
0.0009842519685039,2833.3808781462894,-2.771311676480717
0.0009842519685039,2843.287486337121,11.756326885411122
0.0009842519685039,2834.100965450445,11.74515298145626
0.0009842519685039,2846.1192205887996,11.749713216771948
0.0009842519685039,2820.654459999206,-2.7090598190457422
0.0009842519685039,2843.995048758075,11.770207799399966
0.0009842519685039,2817.834671904958,11.779157426806876
0.0009842519685039,2833.3929969195838,11.746569876040704
0.0009842519685039,2842.579529293325,11.74455456577703
0.0009842519685039,2834.8090461121433,11.743381663727343
0.0009842519685039,2846.815084483123,-2.7870213620587316
0.0009842519685039,2843.2753575292463,-2.7711482348797856
0.0009842519685039,2843.2874874320796,11.748002437878695
0.0009842519685039,2834.1010889125987,11.74560361162695
0.0009842519685039,2834.796300404617,-2.613346185084784
0.0009842519685039,2842.5793953836564,11.755291358952293
0.0009842519685039,2842.579529137576,11.758548833310732
0.0009842519685039,2847.5231435305764,-2.777108665527142
0.0009842519685039,2834.1010877443423,11.745359319587138
0.0009842519685039,2831.96486848154,-2.7106079091718716
0.0009842519685039,2846.827044681041,11.761913570707025
0.0009842519685039,2834.1011037514018,11.733084593534215
0.0009842519685039,2833.39300797095,11.729099450174727
0.0014763779527559,2846.10679828256,-2.6419749131842423
0.0014763779527559,2831.9647035632356,-2.7171888898507413
0.0009842519685039,2831.9647107883306,-2.728518572646794
0.0009842519685039,2834.101104919658,11.733328885574029
0.0009842519685039,2818.531135512237,-2.718420062958921
0.0009842519685039,2834.0888113226188,-2.776775477688362
0.0009842519685039,2846.814611820209,-2.6261344412236425
0.0009842519685039,2846.1066611602487,-2.623961370469949
0.0009842519685039,2832.672378257774,-2.7212926242717783
0.0009842519685039,2834.101104919658,11.733328885574029
0.0009842519685039,2834.8086603562347,11.741507424777115
0.0014763779527559,2829.8408265056382,-2.7009809840105583
0.0009842519685039,2831.9643427241276,-2.715777746394486
0.0009842519685039,2832.672933483016,-2.7921167143268923
0.0009842519685039,2834.0887650619316,-2.732357420030585
0.0009842519685039,2842.5674231996586,-2.7808835698222647
0.0009842519685039,2848.2306494641425,-2.685029367599342
0.0009842519685039,2847.522748105679,-2.6827701140803315
0.0009842519685039,2834.808643590163,11.749134618825849
0.0009842519685039,2829.132962626207,-2.7194247192243504
0.0009842519685039,2842.566433837962,-2.6154518139750396
0.0009842519685039,2847.5229748695533,-2.7373148459157375
0.0009842519685039,2846.1066611602487,-2.623961370469949
0.0009842519685039,2830.54881537556,-2.721721554569889
0.0009842519685039,2846.106662099459,-2.6182915504686757
0.0009842519685039,2842.5794407850667,11.73868486711801
0.0009842519685039,2833.3930035036074,11.73866229736711
0.0009842519685039,2828.425087613759,-2.7100556931673907
0.0009842519685039,2843.274782049777,-2.614437648607489
0.0009842519685039,2831.256927289055,-2.7206606873251857
0.0009842519685039,2831.9648845296074,-2.7249663440472407
0.0009842519685039,2846.119236595859,11.737438490719025
0.0009842519685039,2832.672841729152,-2.727188291946849
0.0009842519685039,2833.380883686052,-2.7748656912285603
0.0009842519685039,2843.9825977580367,-2.5760769263986725
0.0009842519685039,2832.684781316327,11.749095215400416
0.0009842519685039,2832.685033943381,11.732275082680895
0.0009842519685039,2846.8144362274097,-2.5757263748890704
0.0009842519685039,2846.119250087439,11.730352112946942
0.0009842519685039,2843.2747144381,-2.664902611430349
0.0009842519685039,2829.8408906370764,-2.7185068384792936
0.0009842519685039,2843.274873207897,-2.686298952251972
0.0014763779527559,2829.84082232849,-2.7083816816671225
0.0009842519685039,2843.2746328867333,-2.614223225405608
0.0009842519685039,2829.84091618109,-2.712864997278845
0.0014763779527559,2831.9646875727667,-2.717199572565471
0.0009842519685039,2834.808644349175,11.753782150830038
0.0009842519685039,2844.6906729630123,-2.612227761209142
0.0009842519685039,2834.1010889125987,11.74560361162695
0.0009842519685039,2842.5671366914034,-2.6812677347143126
0.0009842519685039,2846.8142091255077,-2.618561381419829
0.0009842519685039,2842.5755222709513,6.901047961947813
0.0009842519685039,2834.7963229512607,-2.6256697882836217
0.0009842519685039,2833.3810252960748,-2.777978896429484
0.0009842519685039,2846.1066611602487,-2.623961370469949
0.0009842519685039,2834.100965786391,11.732181001919644
0.0009842519685039,2846.8146192990034,-2.6205134983682847
0.0009842519685039,2817.8350652848235,11.759504617244573
0.0009842519685039,2842.5792839997675,11.757158363721626
0.0009842519685039,2842.5754913318046,6.913730722029814
0.0009842519685039,2832.6728287243336,-2.7218884338737688
0.0009842519685039,2833.3887114563186,6.918132306690628
0.0009842519685039,2832.684778225417,11.757255952367805
0.0009842519685039,2843.2753670710717,-2.7781719800055433
0.0009842519685039,2848.230815793906,-2.7705821028541218
0.0009842519685039,2843.2871108105296,11.754753210587763
0.0009842519685039,2834.796186571924,-2.630069453336862
0.0009842519685039,2843.2871108105296,11.754753210587763
0.0009842519685039,2831.9647385892513,-2.722781043401592
0.0009842519685039,2833.3927510960752,11.75573125795189
0.0009842519685039,2846.82692854239,11.749074567674876
0.0009842519685039,2842.566997404407,-2.6802393147566796
0.0009842519685039,2834.796496444646,-2.6880235823311462
0.0009842519685039,2847.534880009898,11.745492362847513
0.0009842519685039,2834.1009476983336,11.741740207540582
0.0009842519685039,2847.5348831233214,11.745139677420344
0.0009842519685039,2843.2873551260222,11.74593063258646
0.0009842519685039,2817.8350652848235,11.759504617244573
0.0009842519685039,2843.2870898898173,11.762247959372827
0.0009842519685039,2829.1450078988073,11.76906294534954
0.0009842519685039,2843.9953168510965,11.738996867336525
0.0009842519685039,2847.5348831233214,11.745139677420344
0.0009842519685039,2834.088969490801,-2.774900986256013
0.0009842519685039,2834.8089153604647,11.733149321389064
0.0009842519685039,2843.2873562209807,11.73760618505403
0.0009842519685039,2834.7957211481394,-2.5570047238038502
0.0009842519685039,2831.9730496842826,6.905756069770324
0.0009842519685039,2843.274985539436,-2.662651034834186
0.0009842519685039,2842.5670444192538,-2.767060200040906
0.0009842519685039,2842.579399021436,11.73982813295364
0.0009842519685039,2843.995052855275,11.754908483887696
0.0009842519685039,2819.946633391273,-2.7103668520128306
0.0009842519685039,2834.0882185335577,-2.621569367155754
0.0009842519685039,2842.5665241772363,-2.561868392458305
0.0009842519685039,2843.275367394385,-2.7778056596487937
0.0009842519685039,2842.5795500741456,11.744191063321969
0.0009842519685039,2834.088969490801,-2.774900986256013
0.0009842519685039,2833.393133547039,11.740606399506904
0.0009842519685039,2847.5348721015444,11.749985615370665
0.0009842519685039,2832.6851595814223,11.750455541455247
0.0009842519685039,2842.566695233952,-2.610927721578687
0.0009842519685039,2834.088370525478,-2.611536616786152
0.0009842519685039,2818.5430224843685,11.757282669344965
0.0009842519685039,2842.5674101948402,-2.7755837117491846
0.0009842519685039,2842.5666925802807,-2.6212073502553164
0.0009842519685039,2832.6851775157506,11.743072639446327
0.0009842519685039,2833.393134715295,11.740850691546717
0.0009842519685039,2834.1009577014997,11.735207358802288
0.0009842519685039,2832.6730371573835,-2.763074188447875
0.0009842519685039,2834.796908911766,-2.7837342996804018
0.0009842519685039,2843.98268830971,-2.6609649030899667
0.0009842519685039,2829.840635702193,-2.7010884169132208
0.0009842519685039,2842.5666492273854,-2.5720843417816295
0.0009842519685039,2830.548578952263,-2.709786126252352
0.0009842519685039,2832.6728638033464,-2.726798281932771
0.0009842519685039,2829.8412935437664,-2.7282472571114234
0.0009842519685039,2843.9825645656847,-2.5708584175795726
0.0009842519685039,2845.4109501385938,11.75161026981772
0.0009842519685039,2817.126714754135,11.771497684083005
0.0009842519685039,2842.566804366619,-2.6125367854901587
0.0009842519685039,2843.983342049196,-2.773782562380371
0.0009842519685039,2818.5430220677413,11.757244470691079
0.0009842519685039,2833.3810122912564,-2.772679038356404
0.0009842519685039,2833.3810122912564,-2.772679038356404
0.0009842519685039,2834.1010907465834,11.738384451607295
0.0009842519685039,2843.9954476338653,11.738805621999244
0.0009842519685039,2829.853221267138,11.747444700889499
0.0009842519685039,2833.393133547039,11.740606399506904
0.0009842519685039,2848.2351520786538,2.053807282288382
0.0009842519685039,2834.7969266903456,-2.777122934155621
0.0009842519685039,2848.2432207170987,11.730057704946686
0.0009842519685039,2842.566710035547,-2.6149623050872854
0.0009842519685039,2843.274953508993,-2.67413681512386
0.0009842519685039,2832.672905119867,-2.769889957485869
0.0009842519685039,2848.2310939887434,-2.7929149123137087
0.0009842519685039,2843.275223437426,-2.7878364754007303
0.0014763779527559,2846.106775534123,-2.6432844860182776
0.0014763779527559,2834.7964508167147,-2.6520792816040317
0.0009842519685039,2843.2747518225456,-2.6213681642968822
0.0009842519685039,2832.6851763474942,11.742828347406514
0.0009842519685039,2832.6727187862375,-2.726007450520598
0.0009842519685039,2830.5488079818883,-2.7244113577627607
0.0009842519685039,2830.5485183611845,-2.7088560512892146
0.0009842519685039,2843.274932712028,-2.670537918629386
0.0009842519685039,2847.523256513541,-2.803020688203246
0.0009842519685039,2834.0889419686027,-2.788121782687909
0.0009842519685039,2848.2310939887434,-2.7929149123137087
0.0009842519685039,2830.5612694612278,11.737242918997774
0.0009842519685039,2831.964730597437,-2.7297997141629846
0.0009842519685039,2831.257320001289,-2.7149724314264825
0.0009842519685039,2842.567032743327,-2.566348983597322
0.0009842519685039,2848.23111638783,-2.68283653268156
0.0009842519685039,2847.5227713073386,-2.67397949730557
0.0009842519685039,2832.672312034729,-2.6118792623027907
0.0009842519685039,2832.6726628416395,-2.567465632612653
0.0009842519685039,2847.535261048955,11.743780216855372
0.0009842519685039,2832.6730287323703,-2.755495641391271
0.0009842519685039,2832.680727190702,7.009261487534849
0.0009842519685039,2846.114938524275,7.0061508850956935
0.0009842519685039,2842.5666212579695,-2.55915705950603
0.0009842519685039,2848.2432252696667,11.737072315947133
0.0009842519685039,2834.808622160331,11.762013023955532
0.0009842519685039,2834.808756246358,11.764268849630069
0.0009842519685039,2843.2870898918422,11.753672618949855
0.0009842519685039,2848.2432252696667,11.737072315947133
0.0014763779527559,2831.9648035616606,-2.7110110420863127
0.0009842519685039,2847.5230060064296,-2.7905017190768184
0.0009842519685039,2830.548947382081,-2.721832021082059
0.0009842519685039,2846.1066318722274,-2.6252220661580687
0.0009842519685039,2833.380260518569,-2.639832095710044
0.0009842519685039,2832.672470185984,-2.6226000548296278
0.0009842519685039,2847.523256513541,-2.803020688203246
0.0009842519685039,2819.2386664481096,-2.714754335020338
0.0009842519685039,2833.3808614270206,-2.7798456409308288
0.0014763779527559,2832.672359872114,-2.7061634841897306
0.0009842519685039,2833.393108132307,11.733299715116095
0.0009842519685039,2848.230827276262,-2.7810446265090984
0.0014763779527559,2830.5487497623785,-2.7091464829677974
0.0009842519685039,2829.133024921638,-2.715309774594191
0.0009842519685039,2834.1010647159546,11.725774267571962
0.0009842519685039,2848.231088549441,-2.790081455863551
0.0009842519685039,2834.796916946727,-2.7837323650627366
0.0014763779527559,2830.5487495687626,-2.7092480673625787
0.0009842519685039,2848.231088549441,-2.790081455863551
0.0009842519685039,2843.275223437426,-2.7878364754007303
0.0009842519685039,2832.6726326572502,-2.7545733083585078
0.0009842519685039,2828.4372967924437,11.742702933367818
0.0009842519685039,2834.7961790683175,-2.635228207324972
0.0009842519685039,2848.231088549441,-2.790081455863551
0.0009842519685039,2848.230696017381,-2.7685574689898553
0.0009842519685039,2833.392979011105,11.740488919160754
0.0009842519685039,2846.8270457965223,11.764562302614591
0.0009842519685039,2848.231095307349,-2.778726934349989
0.0009842519685039,2831.9644621153866,-2.7013430892701216
0.0009842519685039,2834.1006589751055,11.763876395755315
0.0014763779527559,2846.815138469191,-2.7483293056021245
0.0009842519685039,2845.4113381988177,11.74541217081695
0.0009842519685039,2843.9827103406956,-2.609402134232771
0.0009842519685039,2832.6850125135493,11.74515348781058
0.0009842519685039,2831.9645169115283,-2.606188387658849
0.0009842519685039,2834.088453832513,-2.672264736698478
0.0009842519685039,2842.579523714804,11.759152512387493
0.0009842519685039,2830.5489406393326,-2.705565692429688
0.0009842519685039,2833.380855171222,-2.7585188948455674
0.0009842519685039,2848.2432252696667,11.737072315947133
0.0009842519685039,2848.2349972746774,2.0604280683835006
0.0009842519685039,2843.2870898918422,11.753672618949855
0.0009842519685039,2842.5795416491324,11.751769610378572
0.0009842519685039,2818.543010170804,11.761641305349404
0.0009842519685039,2829.840991501142,-2.705422095218731
0.0009842519685039,2842.579523714804,11.759152512387493
0.0009842519685039,2832.6847687054455,11.773158946956837
0.0009842519685039,2843.2873480617877,11.753481161206977
0.0009842519685039,2848.9510488439973,11.733838976601483
0.0009842519685039,2848.2305960959666,-2.679787236824124
0.0009842519685039,2832.6851690907374,11.75065118650293
0.0009842519685039,2844.703382916817,11.751248598928322
0.0009842519685039,2843.2870898918422,11.753672618949855
0.0009842519685039,2833.3927315337673,11.763539549599804
0.0009842519685039,2834.1010655554983,11.753590192712634
0.0009842519685039,2820.654814277015,-2.6621599826577866
0.0009842519685039,2834.809040689371,11.743985342804105
0.0009842519685039,2833.3927315337673,11.763539549599804
0.0009842519685039,2832.685151156409,11.75803408851185
0.0009842519685039,2831.9646458177554,-2.71810978907508
0.0009842519685039,2842.5672576621105,-2.7789399410676494
0.0009842519685039,2818.5428775569035,11.75777023639755
0.0009842519685039,2834.8088852596784,11.741360296572388
0.0009842519685039,2832.6850094848983,11.743399358804208
0.0009842519685039,2833.380985931915,-2.757717589290879
0.0009842519685039,2843.2872327742994,11.76251496287862
0.0009842519685039,2833.3803805827556,-2.608298610208805
0.0009842519685039,2831.2567707548733,-2.7069841357566498
0.0009842519685039,2829.1449738887727,11.773083360028142
0.0009842519685039,2845.398486985545,-2.606448463890848
0.0009842519685039,2848.950783179244,11.745019833407659
0.0009842519685039,2817.1270996602657,11.769305112200787
0.0014763779527559,2842.5668207436493,-2.6370442501461473
0.0009842519685039,2834.809022755043,11.751368244813026
0.0009842519685039,2817.1270996602657,11.769305112200787
0.0014763779527559,2843.275308512962,-2.7329149528605905
0.0009842519685039,2848.231095307349,-2.778726934349989
0.0014763779527559,2848.230934219044,-2.7617612093773327
0.0014763779527559,2846.8144682279417,-2.617411122566578
0.0009842519685039,2834.100917027993,11.745316257895704
0.0009842519685039,2832.6728489286384,-2.7645245047072877
0.0009842519685039,2819.958928041817,11.760379121948466
0.0009842519685039,2842.579523714804,11.759152512387493
0.0009842519685039,2848.230890212939,-2.721438688076543
0.0009842519685039,2844.703382916817,11.751248598928322
0.0009842519685039,2833.3928418472688,11.768712745429285
0.0009842519685039,2817.8350419774515,11.75834048205548
0.0009842519685039,2817.1269515886665,11.755783264423599
0.0009842519685039,2834.8086290908923,11.76075659313282
0.0009842519685039,2830.5613086224416,11.7477791797453
0.0009842519685039,2818.530576167695,-2.71202099295843
0.0009842519685039,2834.0889232353024,-2.773076731480575
0.0009842519685039,2833.380472804868,-2.75632258768109
0.0009842519685039,2834.100941515947,11.739669475023835
0.0009842519685039,2819.958525650375,11.765378933818948
0.0009842519685039,2834.7962209296666,-2.6602252862094518
0.0009842519685039,2844.703256436552,11.735687056968498
0.0009842519685039,2834.809028307928,11.738004540639102
0.0009842519685039,2830.5489374875,-2.71338055324353
0.0009842519685039,2846.1189576147767,11.751631035943673
0.0009842519685039,2842.579387784728,11.738105463503658
0.0009842519685039,2847.5351260741663,11.733748999058832
0.0009842519685039,2842.5795126573657,11.739421734728602
0.0009842519685039,2842.5795125016175,11.753416002262302
0.0009842519685039,2848.2429370830773,11.74781135842927
0.0009842519685039,2846.118966002733,11.752645091391983
0.0009842519685039,2833.393113908839,11.742448436438318
0.0009842519685039,2832.6851567092945,11.744670384337926
0.0009842519685039,2846.8272996573905,11.73577970162116
0.0009842519685039,2829.8533023260943,11.750000043558359
0.0009842519685039,2842.5795125016175,11.753416002262302
0.0009842519685039,2817.114473153586,-2.6631047301866873
0.0009842519685039,2834.1010711083836,11.74022648853871
0.0009842519685039,2831.9648518865893,-2.7178244490427472
0.0009842519685039,2817.835096876604,11.750074073692748
0.0009842519685039,2832.673118630223,-2.741233211148306
0.0009842519685039,2843.9825639497876,-2.576161917224096
0.0009842519685039,2831.256921418135,-2.7204834164738605
0.0009842519685039,2833.3931477201136,11.735550833473637
0.0009842519685039,2817.8346773052526,11.76494960881893
0.0009842519685039,2832.672712367049,-2.731954062066805
0.0009842519685039,2833.3805023593377,-2.689575478950862
0.0009842519685039,2832.672492934421,-2.6212904819955924
0.0009842519685039,2842.567048860914,-2.6806276010714556
0.0009842519685039,2848.2303667058613,-2.6868013837946156
0.0009842519685039,2834.100692707877,11.742194151402481
0.0009842519685039,2818.530357658257,-2.6109668455358856
0.0009842519685039,2832.672492934421,-2.6212904819955924
0.0009842519685039,2832.685046304063,11.74088424526672
0.0009842519685039,2843.9952972128963,11.740838904267939
0.0009842519685039,2834.796916946727,-2.7837323650627366
0.0009842519685039,2833.3810025476378,-2.7792884692635194
0.0009842519685039,2834.7962936632393,-2.6269304839717416
0.0009842519685039,2829.8408576564443,-2.7241967640379086
0.0009842519685039,2846.106623424786,-2.6228846991450223
0.0009842519685039,2830.5489473410735,-2.719748312259612
0.0009842519685039,2819.2385335955482,-2.718203738301245
0.0009842519685039,2830.5488149991074,-2.7271780771957292
0.0009842519685039,2829.1329055182396,-2.7184762274991696
0.0009842519685039,2831.2567707552435,-2.725639183568326
0.0009842519685039,2842.5674004512216,-2.7821931426563
0.0009842519685039,2834.796800111793,-2.7934807653349725
0.0009842519685039,2844.7033815982118,11.737060620964602
0.0009842519685039,2845.398504771943,-2.6370220159716995
0.0014763779527559,2845.3990467835174,-2.7257897499130403
0.0009842519685039,2830.548820335647,-2.7278198876156017
0.0009842519685039,2834.088161780058,-2.5789073571446077
0.0009842519685039,2832.6728932371548,-2.7744843993634105
0.0009842519685039,2828.4250126823417,-2.7114601431660468
0.0009842519685039,2829.8406015754645,-2.70807942993682
0.0014763779527559,2848.2310515496747,-2.7669611793650604
0.0009842519685039,2819.946623647654,-2.716976282919946
0.0009842519685039,2844.70310313602,11.75429049354075
0.0009842519685039,2846.106661155966,-2.6607224267491483
0.0009842519685039,2831.9648518865893,-2.7178244490427472
0.0009842519685039,2819.238149831809,-2.611392954544671
0.0009842519685039,2834.1009368950436,11.736805103693888
0.0009842519685039,2828.424707468215,-2.611157994494279
0.0009842519685039,2834.088567953171,-2.6874994935803502
0.0009842519685039,2834.0885854084377,-2.6812544484123193
0.0009842519685039,2830.549225013313,-2.7348874094683806
0.0009842519685039,2842.566644257528,-2.566782549090884
0.0009842519685039,2831.256904540618,-2.721970260159221
0.0009842519685039,2829.8533378056973,11.74510670809783
0.0009842519685039,2829.8408449842173,-2.716867026419493
0.0009842519685039,2847.5231909427616,-2.6917848228089243
0.0009842519685039,2843.9951652843615,11.751609715015077
0.0009842519685039,2843.287326541785,11.744075165608237
0.0009842519685039,2834.0880337421345,-2.5813280801490666
0.0009842519685039,2829.852948451316,11.766059689745672
0.0009842519685039,2834.7965182492985,-2.6838933182771023
0.0009842519685039,2848.23072028486,-2.6845612999660426
0.0009842519685039,2834.1006916485835,11.752728002348022
0.0009842519685039,2832.6847772494943,11.75717189814724
0.0009842519685039,2834.7964754147047,-2.698094468451546
0.0009842519685039,2842.567411003071,-2.770119974285413
0.0009842519685039,2832.6847772494943,11.75717189814724
0.0009842519685039,2834.7965182492985,-2.6838933182771023
0.0009842519685039,2834.7961189390826,-2.5749837386305265
0.0009842519685039,2829.145373702735,11.753156779200296
0.0009842519685039,2832.6729055501455,-2.7764366644109333
0.0009842519685039,2848.231206809668,-2.799414512899998
0.0009842519685039,2842.567411003071,-2.770119974285413
0.0009842519685039,2832.672329081122,-2.619431822976583
0.0009842519685039,2834.101075267804,11.73784743594285
0.0009842519685039,2834.796535704565,-2.6776482731090714
0.0009842519685039,2834.7962174002205,-2.632181491261775
0.0009842519685039,2833.3806213054754,-2.673204377309855
0.0009842519685039,2834.1006746730923,11.748492215085356
0.0009842519685039,2842.56691801509,-2.6788520135105958
0.0009842519685039,2834.7965182492985,-2.6838933182771023
0.0009842519685039,2844.70337277725,11.739274263955695
0.0009842519685039,2833.3931180682594,11.740069383842458
0.0009842519685039,2846.8145821683543,-2.6216158908548217
0.0009842519685039,2831.2568976782086,-2.7182258457788118
0.0009842519685039,2843.274570235491,-2.5697388621665014
0.0009842519685039,2833.380009383127,-2.6216568028035767
0.0009842519685039,2834.0885610497535,-2.681671370377494
0.0009842519685039,2842.56691801509,-2.6788520135105958
0.0009842519685039,2832.6728376213114,-2.7170279003775795
0.0009842519685039,2843.9954155777054,11.741496211855303
0.0009842519685039,2842.5666708846493,-2.623066493466654
0.0014763779527559,2832.6721768867924,-2.641550984495853
0.0009842519685039,2834.8090324673485,11.735625488043242
0.0009842519685039,2843.2873390941545,11.731318967834882
0.0009842519685039,2842.5791509761457,11.758534614062695
0.0009842519685039,2844.7029779986597,11.755377125844147
0.0009842519685039,2848.2310870853257,-2.7870867891108526
0.0009842519685039,2848.2310870853257,-2.7870867891108526
0.0009842519685039,2834.7969100433097,-2.7779042418598805
0.0009842519685039,2846.8145821683543,-2.6216158908548217
0.0009842519685039,2804.3877986967755,-2.5875041454823475
0.0009842519685039,2842.567211347963,-2.7156651844621242
0.0009842519685039,2834.1006916485835,11.752728002348022
0.0009842519685039,2848.2310870853257,-2.7870867891108526
0.0009842519685039,2848.231206809668,-2.799414512899998
0.0009842519685039,2843.9950345015923,11.751800960352359
0.0009842519685039,2830.5484249133183,-2.6167586813472266
0.0009842519685039,2843.274610705788,-2.6189614259388474
0.0009842519685039,2842.579192877888,11.763249770503007
0.0009842519685039,2834.088819949235,-2.7808805602101505
0.0009842519685039,2842.5791509761457,11.758534614062695
0.0009842519685039,2846.8271692471726,11.731634659967845
0.0009842519685039,2832.6728901136366,-2.786792477789396
0.0009842519685039,2845.4110653856537,11.753567401084894
0.0009842519685039,2834.088952843765,-2.7756822939602723
0.0009842519685039,2834.10069281684,11.752972294387835
0.0009842519685039,2832.6724151611884,-2.61443651707006
0.0009842519685039,2833.392734449039,11.75494995024763
0.0009842519685039,2831.9643837891244,-2.614756321858041
0.0009842519685039,2834.808713171787,11.755479701811032
0.0009842519685039,2846.814444414115,-2.6142183247136814
0.0009842519685039,2847.5224764198992,-2.6691090581714843
0.0009842519685039,2832.6724948721458,-2.668877344427575
0.0009842519685039,2848.243189869745,11.733528103272805
0.0009842519685039,2832.673206021624,-2.7274464929086566
0.0009842519685039,2846.8268837925543,11.755520745485592
0.0009842519685039,2834.796872431312,-2.7838195979500058
0.0009842519685039,2833.3808425929587,-2.778328923232636
0.0009842519685039,2848.2307949806072,-2.7710230387657457
0.0009842519685039,2831.964701785484,-2.7232326620279457
0.0004921259842519,2844.707773591903,16.484082391372773
0.0004921259842519,2847.539658745208,16.472128056291194
0.0004921259842519,2843.291871589435,16.489764356932334
0.0004921259842519,2843.9996951637654,16.486531017586685
0.0004921259842519,2843.291871745183,16.475770089398633
0.0004921259842519,2846.1236056172816,16.483660993864763
0.0004921259842519,2843.9998287889794,16.487542409032727
0.0004921259842519,2843.9998287889794,16.487542409032727
0.0004921259842519,2846.1236056172816,16.483660993864763
0.0004921259842519,2845.4157307914475,16.481860443473163
0.0004921259842519,2846.12347273381,16.497572990127846
0.0004921259842519,2844.707785988524,16.485320461133117
0.0004921259842519,2832.689423869076,16.479128304209592
0.0004921259842519,2847.523484053701,-2.884787425222363
0.0004921259842519,2843.274557553587,-2.5637872191833306
0.0004921259842519,2846.1233580130765,16.489411833380565
0.0004921259842519,2846.123475304266,16.496306965815368
0.0004921259842519,2846.123480407889,16.488206532594972
0.0004921259842519,2848.2314412532455,-2.887009373121972
0.0004921259842519,2846.8312957781077,16.491627741944598
0.0004921259842519,2830.5481085293945,-2.669473798051371
0.0004921259842519,2848.2314412532455,-2.887009373121972
0.0004921259842519,2832.672234737911,-2.659328458474279
0.0004921259842519,2846.1234887958453,16.489220588043285
0.0004921259842519,2833.3975118293138,16.477707661864674
0.0004921259842519,2829.840405159843,-2.663287058780582
0.0004921259842519,2819.238680572319,-2.7592351591407716
0.0004921259842519,2834.7963075969124,-2.6715137292679367
0.0004921259842519,2846.106779487781,-2.6648634107050087
0.0004921259842519,2846.8314325038104,16.494085017915758
0.0004921259842519,2834.7971313166995,-2.883025092120878
0.0004921259842519,2842.5839104220922,16.488675227688656
0.0004921259842519,2842.583533599906,16.49640263667622
0.0004921259842519,2831.964660030338,-2.674315077842102
0.0004921259842519,2832.6891646687723,16.492645750000626
0.0004921259842519,2829.8407325496155,-2.6656028309402324
0.0004921259842519,2846.10677104034,-2.662526043691962
0.0004921259842519,2846.1234887958453,16.489220588043285
0.0004921259842519,2847.523092875446,-2.8740511032266913
0.0004921259842519,2847.539256078141,16.490851678570106
0.0004921259842519,2833.3812163613084,-2.8783363545391767
0.0004921259842519,2833.397130546606,16.49307681234947
0.0004921259842519,2834.088319373356,-2.6741302619297764
0.0004921259842519,2846.8314325038104,16.494085017915758
0.0004921259842519,2842.566998586725,-2.663684677536856
0.0004921259842519,2829.841458704907,-2.8709529217178353
0.0004921259842519,2833.3971610431877,16.483504201560454
0.0004921259842519,2834.0888252021527,-2.7773961726964944
0.0004921259842519,2834.089339365004,-2.886698162586149
0.0004921259842519,2833.3813821654594,-2.884476214686541
0.0004921259842519,2817.8393680864197,16.490403170276785
0.0004921259842519,2831.9653523690754,-2.8772366770002
0.0004921259842519,2848.2476617855405,16.461746791801573
0.0004921259842519,2842.5677975243098,-2.8811358429112897
0.0004921259842519,2832.6729326685404,-2.6732446709797033
0.0004921259842519,2832.672540424304,-2.6882329357176675
0.0004921259842519,2848.230749929668,-2.6890780025039716
0.0004921259842519,2842.5677975243098,-2.8811358429112897
0.0004921259842519,2829.133618793063,-2.8669847039793126
0.0004921259842519,2843.2749557862694,-2.665906625436464
0.0004921259842519,2847.523092875446,-2.8740511032266913
0.0004921259842519,2846.123475304266,16.496306965815368
0.0004921259842519,2843.9994263127687,16.482184150552865
0.0004921259842519,2834.105520005701,16.47088176655815
0.0004921259842519,2848.2476291425223,16.468888686806068
0.0004921259842519,2832.689479565717,16.47376509909261
0.0004921259842519,2819.946786481293,-2.7614881368695428
0.0004921259842519,2829.8407159463927,-2.6727038117208815
0.0004921259842519,2845.3989625061527,-2.7673461895762412
0.0004921259842519,2834.8132757084113,16.477633485755753
0.0004921259842519,2831.257451501236,-2.87260321961322
0.0004921259842519,2846.8312988785965,16.493073626469716
0.0004921259842519,2846.8151500487907,-2.8773682199471424
0.0004921259842519,2832.6733926125953,-2.8711609821721744
0.0004921259842519,2846.123475304266,16.496306965815368
0.0004921259842519,2832.672827353929,-2.765967266503902
0.0004921259842519,2831.9646439954063,-2.7632671958018897
0.0004921259842519,2834.105472419518,16.482783218935893
0.0004921259842519,2848.2473551602834,16.482740894777724
0.0004921259842519,2830.548599589021,-2.662557838174928
0.0004921259842519,2834.7964857536886,-2.660339029217722
0.0004921259842519,2845.4157604719608,16.47113329947989
0.0004921259842519,2842.566962395286,-2.6591172500221196
0.0004921259842519,2846.123753513885,16.47741713887785
0.0004921259842519,2842.583948513152,16.48096263660183
0.0004921259842519,2834.105490353846,16.475400316926972
0.0004921259842519,2832.6891923355365,16.49472477913136
0.0004921259842519,2833.3804259019294,-2.670706468004685
0.0004921259842519,2832.6734127693267,-2.87149067125008
0.0004921259842519,2842.567785327722,-2.870372247374438
0.0004921259842519,2843.9994495876344,16.48935384133648
0.0004921259842519,2846.831712630974,16.478809671190003
0.0004921259842519,2830.5494058153754,-2.8783145876002356
0.0004921259842519,2829.8410908537135,-2.7586633173255666
0.0004921259842519,2833.380961178501,-2.669647771028351
0.0004921259842519,2848.2473611166974,16.486662911730196
0.0004921259842519,2842.583948513152,16.48096263660183
0.0004921259842519,2843.2749195948304,-2.661339197921728
0.0004921259842519,2843.9998460728716,16.475577195279108
0.0004921259842519,2829.149646974379,16.488613694991237
0.0004921259842519,2848.2314910618315,-2.8918576125686983
0.0004921259842519,2834.088150375156,-2.6667376072496776
0.0004921259842519,2830.549144762134,-2.764237059472299
0.0004921259842519,2829.840781151034,-2.7469062604233696
0.0004921259842519,2834.0893568202705,-2.880453117418118
0.0004921259842519,2829.841448615831,-2.8760926397006275
0.0004921259842519,2846.106829296367,-2.669711650151735
0.0004921259842519,2846.1068208489255,-2.6673742831386886
0.0004921259842519,2829.841160345849,-2.7602566251649194
0.0004921259842519,2833.397410860404,16.477415926695702
0.0004921259842519,2847.5396749341417,16.46848729007
0.0004921259842519,2817.8394598951045,16.493139901997466
0.0004921259842519,2844.6908339939196,-2.665783093720945
0.0004921259842519,2834.089327168416,-2.8759345670492973
0.0004921259842519,2832.6895747865005,16.479599920686375
0.0004921259842519,2843.2749264577283,-2.6610217547108936
0.0004921259842519,2848.2307073002326,-2.683995516078994
0.0004921259842519,2829.132454475861,-2.5575245875945853
0.0004921259842519,2846.8315792295916,16.477287974172363
0.0004921259842519,2846.8155470108877,-2.8828951664006603
0.0004921259842519,2842.583815329684,16.47800575357208
0.0004921259842519,2834.796468298422,-2.666584074385753
0.0004921259842519,2847.522763078269,-2.6823375042355426
0.0004921259842519,2831.96451398811,-2.6670017339741445
0.0004921259842519,2834.089327168416,-2.8759345670492973
0.0004921259842519,2830.548718238257,-2.6535698301989363
0.0004921259842519,2831.2736603874114,16.484043816485592
0.0004921259842519,2848.2307202778134,-2.684559452135151
0.0004921259842519,2846.8315927211715,16.47020159640028
0.0004921259842519,2834.7962690474524,-2.6652535403287962
0.0004921259842519,2842.5666373501435,-2.560953414838121
0.0004921259842519,2833.397515699035,16.47137721965855
0.0004921259842519,2842.567785327722,-2.870372247374438
0.0004921259842519,2831.9646326373463,-2.6580137259981527
0.0004921259842519,2846.8155470108877,-2.8828951664006603
0.0004921259842519,2842.5677678724555,-2.876617292542469
0.0004921259842519,2843.9994495876344,16.48935384133648
0.0004921259842519,2832.6891923355365,16.49472477913136
0.0004921259842519,2832.6891923355365,16.49472477913136
0.0009842519685039,2831.2567689195503,-2.7209644998413633
0.0004921259842519,2828.425249576166,-2.751384160088953
0.0004921259842519,2833.3798383326466,-2.5715131368668507
0.0004921259842519,2832.6725765612805,-2.5817010756220427
0.0004921259842519,2817.13153617614,16.493979588055225
0.0004921259842519,2848.2314856225294,-2.889024156118541
0.0004921259842519,2843.982912985814,-2.6681285733360722
0.0004921259842519,2843.2749561095825,-2.6655403050797144
0.0004921259842519,2842.5666670019978,-2.5654719652069415
0.0004921259842519,2847.5222398076576,-2.5793519200019417
0.0004921259842519,2845.4157604719608,16.47113329947989
0.0004921259842519,2848.2303209706774,-2.5756507092695586
0.0004921259842519,2846.106678510006,-2.673441945990229
0.0004921259842519,2834.105356140506,16.471978932082152
0.0004921259842519,2832.689163263914,16.502337425731593
0.0004921259842519,2832.6721926026257,-2.568666308131095
0.0004921259842519,2847.522356232854,-2.5756982817639513
0.0004921259842519,2846.106667952581,-2.660394967038586
0.0004921259842519,2834.088528554144,-2.658117081318113
0.0004921259842519,2834.088383101474,-2.672928415904293
0.0004921259842519,2834.105490353846,16.475400316926972
0.0004921259842519,2848.2307073002326,-2.683995516078994
0.0004921259842519,2843.274594549688,-2.563175362737729
0.0004921259842519,2842.567019202013,-2.676107202871744
0.0004921259842519,2834.105100392849,16.48811645716332
0.0004921259842519,2832.672119339078,-2.576883173299943
0.0004921259842519,2833.397149535081,16.492502831231754
0.0004921259842519,2833.397149535081,16.492502831231754
0.0004921259842519,2832.672601194951,-2.765489143701499
0.0004921259842519,2833.3813699688712,-2.873712619149689
0.0004921259842519,2834.813295417618,16.47790137968647
0.0004921259842519,2848.23953756339,6.791161836238312
0.0004921259842519,2843.2747853814903,-2.664760582766549
0.0004921259842519,2834.796039428072,-2.580103903310639
0.0004921259842519,2846.8143766627204,-2.5793240140834857
0.0004921259842519,2848.2307142036498,-2.68982363928185
0.0004921259842519,2846.814414384168,-2.5816418240802457
0.0004921259842519,2834.7964097064055,-2.688672814730914
0.0004921259842519,2833.380494025236,-2.6838314326902393
0.0004921259842519,2832.6726442900313,-2.682694838022473
0.0004921259842519,2831.9646285926983,-2.6805119706025775
0.0004921259842519,2829.8407159463927,-2.6727038117208815
0.0004921259842519,2832.6896044383548,16.475081370317554
0.0004921259842519,2833.381399620726,-2.87823116951851
0.0004921259842519,2844.7076860313086,16.47440137776512
0.0004921259842519,2833.3971453720746,16.48280694807676
0.0004921259842519,2834.088473936488,-2.6833644125922134
0.0004921259842519,2846.1064739202748,-2.5654029827191613
0.0004921259842519,2848.230742391389,-2.6913475228979724
0.0004921259842519,2829.840449877398,-2.6551116354712456
0.0004921259842519,2832.6729156636115,-2.77161620890857
0.0004921259842519,2842.5677975243098,-2.8811358429112897
0.0004921259842519,2818.547446906057,16.4865295201355
0.0004921259842519,2842.5678149795763,-2.8748907977432587
0.0004921259842519,2832.6726569927023,-2.764838926249428
0.0004921259842519,2831.9654852216368,-2.8737872737192927
0.0004921259842519,2834.088150375156,-2.6667376072496776
0.0004921259842519,2834.105520005701,16.47088176655815
0.0004921259842519,2829.8404557483186,-2.655288906322571
0.0004921259842519,2829.84070090287,-2.67941423031859
0.0004921259842519,2829.8407074557244,-2.671552765141175
0.0004921259842519,2832.6725502035342,-2.6911336654606735
0.0004921259842519,2842.566642683834,-2.5720344535858066
0.0004921259842519,2829.8404450712646,-2.6552960393166782
0.0004921259842519,2833.381399620726,-2.87823116951851
0.0004921259842519,2833.3812281772675,-2.872959145898313
0.0004921259842519,2844.6907315411977,-2.6757386743406792
0.0004921259842519,2842.5677922311393,-2.876200370577294
0.0004921259842519,2830.5491060232284,-2.765557315021064
0.0004921259842519,2834.7963155151556,-2.677542878382904
0.0004921259842519,2832.672596740308,-2.666063797100618
0.0004921259842519,2847.5225838220445,-2.6837246477070322
0.0004921259842519,2833.3808316257773,-2.6810869500559855
0.0004921259842519,2831.9646870904867,-2.680472890122864
0.0004921259842519,2848.2314628740924,-2.890333728952576
0.0004921259842519,2847.52351111385,-2.8909452375031246
0.0004921259842519,2832.672195851217,-2.6589942913044275
0.0004921259842519,2834.813054550578,16.47623005910146
0.0004921259842519,2830.5497801634674,-2.886319219067924
0.0004921259842519,2830.5491475987187,-2.7619884999283326
0.0004921259842519,2833.380976396897,-2.770876291526766
0.0004921259842519,2844.690499012825,-2.5743889272633096
0.0004921259842519,2844.6908329670077,-2.6625183765081246
0.0004921259842519,2833.38061074658,-2.68527569784985
0.0004921259842519,2847.5227699816865,-2.6881656274383987
0.0004921259842519,2832.6725188913633,-2.6742265827817104
0.0004921259842519,2842.5676593366093,-2.8813986368271722
0.0004921259842519,2834.7970313009464,-2.8690389805039134
0.0004921259842519,2847.5231253428165,-2.8863084547299525
0.0004921259842519,2833.3975388894623,16.471549849583912
0.0004921259842519,2834.088518002295,-2.670190249689
0.0004921259842519,2829.8404263490715,-2.6692676002100186
0.0004921259842519,2844.6908477602346,-2.671293773712967
0.0004921259842519,2846.814632964705,-2.6730519255480982
0.0004921259842519,2830.548641548672,-2.681636500427803
0.0004921259842519,2842.5666436544666,-2.6668104676296145
0.0004921259842519,2830.5487726913975,-2.6760289943236475
0.0004921259842519,2831.2574726494568,-2.8765000522202095
0.0004921259842519,2832.6728868143787,-2.7740003997408285
0.0004921259842519,2847.5224542345377,-2.6635948329803774
0.0004921259842519,2820.654601363377,-2.768460186582536
0.0009842519685039,2829.8410166780404,-2.717638133493237
0.0009842519685039,2831.9648617401626,-2.7241922080588292
0.0004921259842519,2843.275198454942,-2.779180005624163
0.0004921259842519,2830.5486226141506,-2.678615463998456
0.0004921259842519,2848.2314758516736,-2.890897665008733
0.0004921259842519,2843.2757319754173,-2.884667363644934
0.0009842519685039,2829.8409901825366,-2.7196100731824506
0.0004921259842519,2847.52351111385,-2.8909452375031246
0.0004921259842519,2833.3801530507617,-2.6612162392040357
0.0009842519685039,2831.256904581626,-2.724053968981668
0.0004921259842519,2830.5494835191985,-2.8742994361972
0.0004921259842519,2847.523102736587,-2.881103878178559
0.0004921259842519,2834.796125838533,-2.5808108507834753
0.0004921259842519,2832.6726442900313,-2.682694838022473
0.0004921259842519,2846.106448737182,-2.57708250916759
0.0004921259842519,2834.796890795986,-2.7753201873259825
0.0004921259842519,2831.256723979014,-2.6759899625494836
0.0004921259842519,2833.38061074658,-2.68527569784985
0.0004921259842519,2829.840815491853,-2.6738070464240384
0.0004921259842519,2833.3975221233904,16.479177043632646
0.0004921259842519,2834.7964752018397,-2.672412197588609
0.0004921259842519,2846.8147637474744,-2.6732431708853794
0.0004921259842519,2830.549130183585,-2.865802761998701
0.0004921259842519,2830.549387873575,-2.8813794003488464
0.0004921259842519,2829.840801792102,-2.748235908783093
0.0004921259842519,2848.230719642952,-2.6926570957320077
0.0004921259842519,2831.256971945702,-2.767659851108848
0.0004921259842519,2831.2559320888213,-2.5629490487000766
0.0004921259842519,2848.231465957092,-2.882446197170204
0.0004921259842519,2832.6733830658927,-2.874753459854669
0.0004921259842519,2832.672878542078,-2.7610041813433175
0.0004921259842519,2846.1066878986935,-2.6800092309617622
0.0004921259842519,2834.0893340718335,-2.8817626902521534
0.0004921259842519,2834.0889335964416,-2.7730982394263743
0.0004921259842519,2834.089182439957,-2.8928085154286043
0.0004921259842519,2830.565710091284,16.480437641182345
0.0004921259842519,2832.6733830658927,-2.874753459854669
0.0004921259842519,2834.1054699074157,16.471778616394616
0.0004921259842519,2834.105075150901,16.486888927391096
0.0004921259842519,2833.397528994881,16.480001317422442
0.0009842519685039,2830.5489374875,-2.71338055324353
0.0004921259842519,2834.105469428354,16.485406563571566
0.0004921259842519,2819.946368730604,-2.739223158280375
0.0004921259842519,2833.397528994881,16.480001317422442
0.0004921259842519,2832.6895717953366,16.482223265322048
0.0004921259842519,2831.964554902008,-2.6722277604152134
0.0004921259842519,2846.831714743433,16.473332582605284
0.0004921259842519,2828.424855406747,-2.738024493457609
0.0004921259842519,2831.9653009937106,-2.873847783180005
0.0004921259842519,2817.1315035331213,16.50112148305972
0.0004921259842519,2843.982482624956,-2.6502014791899917
0.0004921259842519,2844.707671522594,16.47323993795262
0.0004921259842519,2842.567537553878,-2.8661901852634415
0.0004921259842519,2819.23886386917,-2.759243082233024
0.0004921259842519,2834.1051375547368,16.48600662500314
0.0004921259842519,2831.2565857498607,-2.672120568458236
0.0004921259842519,2844.7076684035246,16.48449428488488
0.0004921259842519,2833.397528994881,16.480001317422442
0.0004921259842519,2846.8317231313895,16.474346638053593
0.0004921259842519,2834.105486194426,16.477779369522832
0.0004921259842519,2843.291503431199,16.495547346259375
0.0004921259842519,2848.2476352520857,16.482725630151652
0.0004921259842519,2848.248068087268,16.468016732359544
0.0004921259842519,2848.2314683133945,-2.8931671854027337
0.0004921259842519,2834.089316616567,-2.8880077354201843
0.0004921259842519,2830.5493889788663,-2.881885140108043
0.0004921259842519,2832.6728884366594,-2.7694556491818463
0.0004921259842519,2846.1066794512526,-2.677671863948716
0.0004921259842519,2843.2757547238543,-2.8833577908108987
0.0004921259842519,2832.6730419457895,-2.7673447707931227
0.0004921259842519,2834.1052364760562,16.477604021789777
0.0004921259842519,2833.381268478,-2.8838386756226653
0.0004921259842519,2846.1068283872046,-2.6651047627446878
0.0004921259842519,2848.2473651467008,16.48480030335724
0.0004921259842519,2829.840759999702,-2.7424598616050617
0.0004921259842519,2846.831714743433,16.473332582605284
0.0004921259842519,2829.841463724444,-2.880947636936959
0.0004921259842519,2847.5227352480147,-2.671818178937906
0.0004921259842519,2831.2573684572603,-2.8809008623408534
0.0004921259842519,2829.857374655787,16.494714011563424
0.0004921259842519,2817.839492959057,16.49171944150173
0.0004921259842519,2831.981493488971,16.473716118559608
0.0004921259842519,2831.9815056001007,16.483614241040954
0.0009842519685039,2829.84063048001,-2.70317564190343
0.0004921259842519,2830.548634396496,-2.679114070763546
0.0004921259842519,2843.2748078490117,-2.6761553291005757
0.0004921259842519,2830.549387873575,-2.8813794003488464
0.0004921259842519,2834.7972734927985,-2.890596003676542
0.0004921259842519,2843.9827495211825,-2.674190049032612
0.0004921259842519,2819.2384521442,-2.744137780804326
0.0009842519685039,2833.388755600282,6.94325744347801
0.0004921259842519,2843.274570833182,-2.6634007808927693
0.0004921259842519,2834.105480641541,16.491143073696758
0.0004921259842519,2843.2918960003913,16.494483445472007
0.0004921259842519,2848.9555975552535,16.47240324903165
0.0004921259842519,2832.6894618828824,16.487997729356174
0.0004921259842519,2843.2918960003913,16.494483445472007
0.0004921259842519,2831.964655280428,-2.740677691696846
0.0004921259842519,2832.6725980589135,-2.6518758191368983
0.0004921259842519,2834.0885124580027,-2.6563197149361146
0.0004921259842519,2834.797159737422,-2.873246063468949
0.0004921259842519,2831.964640859369,-2.6496538712372892
0.0004921259842519,2847.5394231857326,16.491792802478713
0.0004921259842519,2848.239545785413,6.799521690999176
0.0004921259842519,2843.2918960003913,16.494483445472007
0.0004921259842519,2843.999853199936,16.4922614975724
0.0004921259842519,2844.707811494439,16.481715102140363
0.0004921259842519,2848.231477170279,-2.8767096870450133
0.0004921259842519,2834.105232501491,16.496727472087493
0.0004921259842519,2843.291896479453,16.480855498295057
0.0004921259842519,2831.9645097166435,-2.6552613773414446
0.0004921259842519,2842.5673991793383,-2.850102580882532
0.0004921259842519,2848.247477898235,16.47164875688522
0.0004921259842519,2842.583939895805,16.488380945839186
0.0004921259842519,2834.105480641541,16.491143073696758
0.0004921259842519,2832.689450391405,16.48453514407795
0.0004921259842519,2834.796468338942,-2.672729640799443
0.0004921259842519,2819.2383418635804,-2.7534193684717674
0.0004921259842519,2847.523518652129,-2.8886757171091237
0.0004921259842519,2829.1497970108003,16.499069514945283
0.0009842519685039,2830.5488024733563,-2.709018645431218
0.0009842519685039,2830.5488024733563,-2.709018645431218
0.0004921259842519,2829.8577286253235,16.49328943466767
0.0004921259842519,2847.539288091544,16.497663718287605
0.0004921259842519,2848.2476352520857,16.482725630151652
0.0004921259842519,2829.8406839168892,-2.6609847629187793
0.0004921259842519,2834.105480641541,16.491143073696758
0.0004921259842519,2848.247627378128,16.475189132987413
0.0004921259842519,2828.425257798189,-2.7430243053280896
0.0004921259842519,2833.3975402080678,16.48573782754763
0.0004921259842519,2834.8133070803924,16.48811982024246
0.0004921259842519,2847.539283866197,16.487016610191
0.0004921259842519,2848.9555975552535,16.47240324903165
0.0004921259842519,2832.672881058253,-2.6646734744720346
0.0009842519685039,2848.2348641673743,2.0748503702181864
0.0004921259842519,2843.999853199936,16.4922614975724
0.0004921259842519,2846.123761735908,16.485776993638712
0.0004921259842519,2843.982885016398,-2.6552012910604725
0.0004921259842519,2833.397150247071,16.498453967783977
0.0004921259842519,2842.5838248062255,16.488276893768194
0.0004921259842519,2834.0885150644867,-2.6563179736286644
0.0004921259842519,2856.7259883607444,16.4784774406933
0.0004921259842519,2832.6891809751514,16.48509911248206
0.0004921259842519,2842.5668075438693,-2.65638623324201
0.0004921259842519,2834.8134378410855,16.488921125797148
0.0009842519685039,2832.6726874057513,-2.715675581275625
0.0004921259842519,2829.8577346898437,16.494957939983372
0.0004921259842519,2846.1235106363465,16.495205700895436
0.0004921259842519,2843.999853199936,16.4922614975724
0.0004921259842519,2833.397523441996,16.493365021596365
0.0004921259842519,2844.707544985754,16.494615706957404
0.0004921259842519,2848.955185287705,16.48313665044794
0.0004921259842519,2848.2313509827636,-2.887967215415006
0.0004921259842519,2846.81556277119,-2.872265791245796
0.0004921259842519,2846.815555232911,-2.874535311639797
0.0004921259842519,2843.9998388857707,16.48740894760029
0.0004921259842519,2848.9555975552535,16.47240324903165
0.0004921259842519,2848.2307284998365,-2.6761995973742874
0.0004921259842519,2832.689167108232,16.491762167322406
0.0004921259842519,2847.5227222656245,-2.661277140821268
0.0004921259842519,2848.230452844892,-2.6606918120834546
0.0004921259842519,2833.3809534602788,-2.661298565429356
0.0004921259842519,2829.8406839168892,-2.6609847629187793
0.0004921259842519,2847.539678052541,16.48494757805126
0.0004921259842519,2846.1065563211164,-2.649466134430807
0.0004921259842519,2843.2919044254045,16.486904898415403
0.0004921259842519,2834.8134462660987,16.481342578740545
0.0004921259842519,2834.0884090966774,-2.6725688267578764
0.0004921259842519,2817.839479954239,16.49701929957481
0.0004921259842519,2846.8313325818754,16.49207936057095
0.0009842519685039,2843.982735886418,-2.713732134496566
0.0004921259842519,2842.583956735175,16.489322491362696
0.0004921259842519,2834.105354359363,16.48687163558131
0.0004921259842519,2847.5235124324554,-2.876757259539405
0.0004921259842519,2834.7964696575473,-2.6585416628357237
0.0004921259842519,2834.8133225919455,16.478581340758474
0.0004921259842519,2820.654765263441,-2.758387119959161
0.0004921259842519,2847.5396845600103,16.473754550782893
0.0004921259842519,2833.381362297743,-2.879493799824295
0.0004921259842519,2842.583831406268,16.478486469947654
0.0004921259842519,2842.5673699244453,-2.7596661381268484
0.0004921259842519,2847.5396831561643,16.476847144830867
0.0004921259842519,2834.105107446616,16.496232019884367
0.0004921259842519,2834.0885124580027,-2.6563197149361146
0.0004921259842519,2846.81476506608,-2.65905519292166
0.0004921259842519,2833.380434123952,-2.6623466132438214
0.0004921259842519,2829.8415776181155,-2.756328630534299
0.0004921259842519,2848.2314464303404,-2.8877698242137755
0.0004921259842519,2848.2472271930524,16.478550720392843
0.0004921259842519,2846.814740955258,-2.663238922289374
0.0004921259842519,2843.9996912834567,16.467005088298848
0.0004921259842519,2843.274942781451,-2.660606767363384
0.0004921259842519,2834.1053732469622,16.472924150272796
0.0004921259842519,2843.2745606538006,-2.645115588561649
0.0004921259842519,2843.274943720661,-2.6549369473621107
0.0004921259842519,2845.3986574104442,-2.6670862988945405
0.0004921259842519,2846.831695733793,16.474764428964342
0.0004921259842519,2846.1067117609855,-2.6799723375020665
0.0004921259842519,2845.3988182273274,-2.676650359279233
0.0004921259842519,2845.3984337134184,-2.576517013618483
0.0004921259842519,2846.823205864641,6.903509094118337
0.0004921259842519,2846.831311576705,16.481014797951385
0.0004921259842519,2848.2314464303404,-2.8877698242137755
0.0004921259842519,2834.8134378410855,16.488921125797148
0.0004921259842519,2832.6894493833092,16.4869483840012
0.0004921259842519,2819.2387161571605,-2.750636115218787
0.0004921259842519,2831.9649384437757,-2.7535606889887734
0.0004921259842519,2843.2918970953497,16.48615899793958
0.0004921259842519,2842.5835563498827,16.5118302518166
0.0004921259842519,2834.8131713324,16.501821730614193
0.0004921259842519,2832.6891837914877,16.51071182794096
0.0004921259842519,2833.381325669145,-2.8579929691168147
0.0004921259842519,2832.6895841767796,16.488204067487054
0.0004921259842519,2848.2476352520857,16.482725630151652
0.0004921259842519,2834.088386175825,-2.660591153051562
0.0004921259842519,2834.8134378410855,16.488921125797148
0.0004921259842519,2832.6894499302794,16.485882973413542
0.0004921259842519,2845.3987994154872,-2.6596451868596898
0.0004921259842519,2842.583544044332,16.511815704368097
0.0004921259842519,2833.3813866159076,-2.87293131144543
0.0004921259842519,2844.6913732181506,-2.862717914694543
0.0004921259842519,2834.796502400725,-2.6595577215134627
0.0004921259842519,2842.5838134719397,16.485869371956575
0.0004921259842519,2833.3974237604434,16.476843009266084
0.0004921259842519,2832.67327769666,-2.866995384946005
0.0004921259842519,2843.274943104764,-2.6602404470066343
0.0004921259842519,2845.3983389187956,-2.5800035076801047
0.0004921259842519,2842.5839483208183,16.480802398782583
0.0004921259842519,2833.3974237604434,16.476843009266084
0.0004921259842519,2834.1051077109146,16.486351089991366
0.0004921259842519,2833.3809861405157,-2.7642668606196508
0.0004921259842519,2833.397532346071,16.472158527362808
0.0004921259842519,2834.08839320926,-2.6673685239834555
0.0004921259842519,2831.9814836825453,16.486561446929873
0.0004921259842519,2833.397531867009,16.48578647453976
0.0004921259842519,2833.381369160641,-2.8791763566134607
0.0004921259842519,2833.397415599893,16.47574368118103
0.0004921259842519,2831.9649132618747,-2.7685793634483136
0.0004921259842519,2843.999467941317,16.49246136487182
0.0004921259842519,2843.999467941317,16.49246136487182
0.0004921259842519,2830.549525193531,-2.867668673413485
0.0004921259842519,2832.6895746674645,16.488008422439368
0.0004921259842519,2843.291922359733,16.479521996406483
0.0004921259842519,2845.415763627417,16.479000984956233
0.0004921259842519,2842.5668530106896,-2.6632167653569043
0.0004921259842519,2832.6894483852866,16.483736984323922
0.0004921259842519,2832.6891847064676,16.500724562675714
0.0004921259842519,2848.231472617711,-2.8837242980454607
0.0004921259842519,2834.1055070008824,16.47618162463123
0.0004921259842519,2831.965055543551,-2.861657408650129
0.0004921259842519,2818.5474371537834,16.494797351675203
0.0004921259842519,2846.815571196203,-2.8798443383024
0.0004921259842519,2846.8317273604657,16.4759764986825
0.0004921259842519,2834.8134462660987,16.481342578740545
0.0004921259842519,2846.8314607104,16.488369383631884
0.0004921259842519,2832.672653992642,-2.6740016982929107
0.0004921259842519,2844.7078188244936,16.482461002616187
0.0004921259842519,2834.105489066554,16.48356452664015
0.0004921259842519,2834.088044169267,-2.575400856821572
0.0004921259842519,2832.672653992642,-2.6740016982929107
0.0004921259842519,2843.999847310784,16.479830400543687
0.0004921259842519,2832.6894597492314,16.47717611714954
0.0004921259842519,2834.7973010149967,-2.877375207244646
0.0004921259842519,2832.6891916174036,16.491370370077885
0.0004921259842519,2846.1068162915485,-2.664411792078655
0.0004921259842519,2831.9646968341053,-2.6738634592157484
0.0004921259842519,2847.5392931057404,16.49079299162486
0.0004921259842519,2843.2919044254045,16.486904898415403
0.0004921259842519,2834.1051128171102,16.48770589743426
0.0004921259842519,2843.999847310784,16.479830400543687
0.0004921259842519,2842.5835704036735,16.496854255302573
0.0004921259842519,2833.397137589556,16.48726883835929
0.0004921259842519,2846.8313396030426,16.487593407562322
0.0004921259842519,2844.6905011507365,-2.659609628269249
0.0004921259842519,2843.9833199755994,-2.87468855132232
0.0004921259842519,2834.1055070008824,16.47618162463123
0.0004921259842519,2847.5392931057404,16.49079299162486
0.0004921259842519,2831.9653393222884,-2.8736856818960907
0.0004921259842519,2844.6905827401947,-2.640963287953161
0.0004921259842519,2834.105112630476,16.488091436362275
0.0004921259842519,2843.274942781451,-2.660606767363384
0.0004921259842519,2843.2749524120177,-2.7656714193697796
0.0004921259842519,2833.3975498013374,16.47840357253084
0.0004921259842519,2832.673028940971,-2.7620449127200426
0.0004921259842519,2845.3988078405005,-2.667223733916294
0.0004921259842519,2842.5835704036735,16.496854255302573
0.0004921259842519,2834.1055070008824,16.47618162463123
0.0004921259842519,2834.0892215215545,-2.8753595974759163
0.0004921259842519,2830.54865920772,-2.6752759282703154
0.0004921259842519,2832.6895914335364,16.480381228390634
0.0004921259842519,2843.999602749476,16.491304160631216
0.0004921259842519,2831.2567396345607,-2.6716415113161402
0.0004921259842519,2834.1051170398855,16.488897764867577
0.0004921259842519,2843.2917889089013,16.474568571939088
0.0004921259842519,2842.583963991932,16.481499652266276
0.0004921259842519,2842.583835336278,16.480048670031554
0.0004921259842519,2833.3974148791613,16.47490180613259
0.0004921259842519,2846.123632200695,16.472566031297372
0.0004921259842519,2833.3804770155766,-2.681024426200939
0.0004921259842519,2842.58394722586,16.48912684631501
0.0004921259842519,2843.2918901112394,16.482052348443293
0.0004921259842519,2848.2476358031413,16.46761058593081
0.0004921259842519,2834.105489066554,16.48356452664015
0.0004921259842519,2832.689592601793,16.480625520430447
0.0004921259842519,2833.3975498013374,16.47840357253084
0.0004921259842519,2831.981500448617,16.47893425288114
0.0004921259842519,2834.1053847069848,16.475975286500354
0.0004921259842519,2843.2917657466055,16.48139539053961
0.0004921259842519,2832.6726807459204,-2.6701992738750957
0.0004921259842519,2833.397548633081,16.478159280491028
0.0004921259842519,2834.813464200427,16.473959676731624
0.0004921259842519,2831.257114541882,-2.7576010169208254
0.0004921259842519,2846.123640337011,16.476503172307574
0.0004921259842519,2842.583965160188,16.48174394430609
0.0004921259842519,2834.796552344554,-2.67686511757392
0.0004921259842519,2846.831332091997,16.498090119677133
0.0004921259842519,2833.3971643481327,16.500503298955667
0.0004921259842519,2842.5839609896907,16.48847452024612
0.0004921259842519,2842.5835447740737,16.5089976562364
0.0004921259842519,2847.5227138016535,-2.656709996434826
0.0004921259842519,2843.98289043917,-2.6558049701372344
0.0004921259842519,2842.566869597552,-2.6455998915138412
0.0004921259842519,2846.123326535226,16.484057730969866
0.0009842519685039,2831.2569113230034,-2.71046967009471
0.0004921259842519,2843.2749332396256,-2.653583022237626
0.0004921259842519,2842.58357219695,16.501434952522278
0.0004921259842519,2846.831332680123,16.500500113075912
0.0004921259842519,2832.6895884312953,16.487356096370476
0.0004921259842519,2832.6895884312953,16.487356096370476
0.0004921259842519,2834.813443419606,16.474323179186683
0.0004921259842519,2848.247380704426,16.497067608722737
0.0004921259842519,2843.2919015789116,16.479885498861545
0.0004921259842519,2842.583944223619,16.496101714294852
0.0004921259842519,2843.2915019736183,16.506775708336793
0.0004921259842519,2843.2919014231634,16.493879766395246
0.0004921259842519,2847.5232578847954,-2.8624152809683188
0.0004921259842519,2832.6895884312953,16.487356096370476
0.0004921259842519,2834.7972980127556,-2.870400339264804
0.0004921259842519,2843.2915019736183,16.506775708336793
0.0004921259842519,2843.999601654517,16.499628608163643
0.0004921259842519,2834.0882009612374,-2.663118896871285
0.0004921259842519,2832.672280360628,-2.6476915134211896
0.0004921259842519,2842.5838104696986,16.492844239936417
0.0004921259842519,2834.105502830385,16.48291220057126
0.0004921259842519,2833.39754563084,16.48513414847087
0.0004921259842519,2834.8130537819225,16.48740563977978
0.0004921259842519,2846.831466305337,16.501511504521954
0.0004921259842519,2842.5839609896907,16.48847452024612
0.0009842519685039,2843.2750778838886,-2.6712149565609984
0.0004921259842519,2846.831466305337,16.501511504521954
0.0004921259842519,2843.2748233444495,-2.6504419187035824
0.0004921259842519,2834.105502830385,16.48291220057126
0.0004921259842519,2831.965442502307,-2.867398680906632
0.0004921259842519,2834.813042669146,16.498962225862893
0.0004921259842519,2834.105120379421,16.498037059016248
0.0004921259842519,2833.39754563084,16.48513414847087
0.0004921259842519,2847.5235178552275,-2.877360938616167
0.0004921259842519,2834.105502830385,16.48291220057126
0.0004921259842519,2846.831332680123,16.500500113075912
0.0004921259842519,2832.6891878365836,16.498000875512986
0.0004921259842519,2842.583944223619,16.496101714294852
0.0004921259842519,2846.831756606718,16.48042101462553
0.0004921259842519,2846.8313329039547,16.49998980750431
0.0004921259842519,2846.831466305337,16.501511504521954
0.0004921259842519,2842.583944223619,16.496101714294852
0.0004921259842519,2834.79691578946,-2.6663177425403513
0.0004921259842519,2846.106804841866,-2.6550995570857663
0.0004921259842519,2843.982914757334,-2.6492424817583693
0.0004921259842519,2846.831466305337,16.501511504521954
0.0004921259842519,2834.813444358816,16.479992999187957
0.0004921259842519,2831.9651756678063,-2.8554882623244024
0.0004921259842519,2847.5396575572295,16.469066761358928
0.0004921259842519,2848.2474768005895,16.471495843398806
0.0004921259842519,2848.239517479547,6.7917394991140645
0.0004921259842519,2848.2474768005895,16.471495843398806
0.0004921259842519,2834.813461198186,16.480934544711467
0.0004921259842519,2843.2917683047817,16.482133934017995
0.0004921259842519,2842.567798972517,-2.8626160716903364
0.0004921259842519,2843.2919014231634,16.493879766395246
0.0004921259842519,2848.2314626759917,-2.8832356834088135
0.0004921259842519,2834.7963101959995,-2.6640420169630783
0.0004921259842519,2829.840754766448,-2.649514023902265
0.0004921259842519,2848.2314551377126,-2.8855052038028144
0.0004921259842519,2834.0893208961515,-2.874100708652234
0.0004921259842519,2848.2314626759917,-2.8832356834088135
0.0004921259842519,2847.539668661877,16.470321148467065
0.0004921259842519,2834.088376829209,-2.67109455750723
0.0004921259842519,2846.8313211861278,16.48550423801211
0.0004921259842519,2834.796321481379,-2.670009559948779
0.0004921259842519,2832.672583564626,-2.6584018155006985
0.0004921259842519,2834.797253777532,-2.8828851449307074
0.0004921259842519,2832.6724284613097,-2.664025328900518
0.0004921259842519,2843.9827363087707,-2.665148672269094
0.0004921259842519,2832.6891521246966,16.4983128420881
0.0004921259842519,2834.7963302906223,-2.666383930424468
0.0004921259842519,2846.8155407386234,-2.881061308003597
0.0004921259842519,2844.707795905193,16.48351355330899
0.0004921259842519,2828.4252433039014,-2.74955030169189
0.0004921259842519,2816.4073948246014,-2.8573401940110488
0.0004921259842519,2831.2574514534285,-2.8688434287540856
0.0004921259842519,2834.79645516326,-2.665067659199524
0.0004921259842519,2848.2314551377126,-2.8855052038028144
0.0004921259842519,2834.7964794814243,-2.658505170820659
0.0004921259842519,2834.813461198186,16.480934544711467
0.0004921259842519,2843.9828979179647,-2.6501840272818766
0.0004921259842519,2847.523494371799,-2.8822681226173423
0.0004921259842519,2847.5396575572295,16.469066761358928
0.0004921259842519,2845.4153396424717,16.491515288777244
0.0004921259842519,2845.4153483164578,16.487815632657266
0.0004921259842519,2848.2314626759917,-2.8832356834088135
0.0004921259842519,2843.9828705221107,-2.661727287424273
0.0004921259842519,2843.999682853785,16.47542411320865
0.0004921259842519,2848.2476188402543,16.472585153576087
0.0004921259842519,2833.397403419883,16.479005493052952
0.0004921259842519,2842.566606759715,-2.5656820448199227
0.0004921259842519,2829.840804710277,-2.6668214199627225
0.0004921259842519,2844.7074011266022,16.49961641519744
0.0004921259842519,2843.2745639592595,-2.567903992719531
0.0004921259842519,2830.549151805608,-2.673306831442806
0.0004921259842519,2820.654339407597,-2.6528543956775152
0.0004921259842519,2834.088423525682,-2.6628954409414973
0.0004921259842519,2834.0884979637153,-2.662845711299915
0.0004921259842519,2847.5227517023814,-2.6724032126180868
0.0004921259842519,2834.0884393731476,-2.6770400222624153
0.0004921259842519,2846.8147505717925,-2.66558118928546
0.0004921259842519,2833.397126287325,16.49010090236615
0.0004921259842519,2834.7965051070896,-2.6823750552599814
0.0004921259842519,2834.797278095696,-2.8763226565518423
0.0004921259842519,2846.1234891887325,16.497811135134523
0.0004921259842519,2834.796336514024,-2.674055667175516
0.0004921259842519,2843.9828705221107,-2.661727287424273
0.0004921259842519,2832.689161787167,16.50177711336852
0.0004921259842519,2832.6732757363693,-2.870458118407705
0.0004921259842519,2834.796326627018,-2.670673423996228
0.0004921259842519,2831.9646263650816,-2.6561798676010895
0.0004921259842519,2832.6728617372564,-2.7755594045736056
0.0004921259842519,2842.5677790554573,-2.868538388977375
0.0004921259842519,2832.673281192737,-2.7827460040839633
0.0004921259842519,2847.523505476447,-2.8810137355092045
0.0004921259842519,2834.7959726164854,-2.576423195424142
0.0009842519685039,2834.7965987125644,-2.674375145990467
0.0004921259842519,2834.81344011287,16.474767935384612
0.0009842519685039,2834.7966866606707,-2.7278606388075595
0.0004921259842519,2842.5838100102787,16.49268032945003
0.0004921259842519,2833.38042650462,-2.6595022261216883
0.0004921259842519,2833.39754563084,16.48513414847087
0.0004921259842519,2834.7964750803194,-2.6591453419124855
0.0004921259842519,2847.5316018825984,6.808676456986258
0.0004921259842519,2846.814770488852,-2.6596588719984218
0.0004921259842519,2846.831466305337,16.501511504521954
0.0004921259842519,2842.5835447740737,16.5089976562364
0.0004921259842519,2834.1051004623614,16.492114741729207
0.0004921259842519,2843.2748309144104,-2.6595603937471815
0.0004921259842519,2848.2314551377126,-2.8855052038028144
0.0004921259842519,2847.5227492677254,-2.6827731662324803
0.0004921259842519,2843.2745639592595,-2.567903992719531
0.0004921259842519,2834.797276850135,-2.8788942041196046
0.0004921259842519,2843.29151873969,16.49914851428806
0.0004921259842519,2833.39754563084,16.48513414847087
0.0004921259842519,2843.9998387056485,16.485735501208598
0.0004921259842519,2843.2917481047216,16.486435752090564
0.0004921259842519,2830.5485782841115,-2.6566778725511284
0.0004921259842519,2843.2917488471426,16.476375527217343
0.0004921259842519,2847.523497938168,-2.8832832559032053
0.0004921259842519,2834.79645516326,-2.665067659199524
0.0004921259842519,2829.8411516384704,-2.755662702806806
0.0004921259842519,2833.3804065508307,-2.664045148245128
0.0004921259842519,2842.5839244623076,16.476185129474114
0.0004921259842519,2834.088376829209,-2.67109455750723
0.0004921259842519,2830.5486407753156,-2.6772922140696465
0.0004921259842519,2842.566606759715,-2.5656820448199227
0.0004921259842519,2842.566606759715,-2.5656820448199227
0.0004921259842519,2847.522707771337,-2.6678031371850683
0.0004921259842519,2834.0883694137883,-2.670789368249629
0.0004921259842519,2847.523497938168,-2.8832832559032053
0.0004921259842519,2833.3812107627973,-2.870324880669905
0.0004921259842519,2834.797276850135,-2.8788942041196046
0.0004921259842519,2832.673405251501,-2.8722283604207792
0.0004921259842519,2845.415604536058,16.46861409563437
0.0004921259842519,2834.796104554392,-2.5760378599621525
0.0004921259842519,2846.123589388657,16.471034576847373
0.0004921259842519,2847.5227480221643,-2.6853447138002426
0.0004921259842519,2831.964672628236,-2.67329874726826
0.0004921259842519,2842.583944223619,16.496101714294852
0.0004921259842519,2831.2568447658286,-2.7381317304452026
0.0004921259842519,2842.583945318577,16.487777266762425
0.0004921259842519,2847.5227276883966,-2.66188081989803
0.0004921259842519,2831.2574793908343,-2.862915753333252
0.0004921259842519,2846.8313268262236,16.49946178881565
0.0004921259842519,2843.274802181829,-2.658935783558383
0.0004921259842519,2833.3812456161118,-2.884198708592624
0.0004921259842519,2832.6894621491174,16.48308465825503
0.0004921259842519,2834.7963564310835,-2.6681333498884774
0.0004921259842519,2846.831466305337,16.501511504521954
0.0004921259842519,2845.415760625176,16.485975852936075
0.0004921259842519,2834.8134432638576,16.488317446720387
0.0004921259842519,2834.105502830385,16.48291220057126
0.0004921259842519,2843.2915019736183,16.506775708336793
0.0004921259842519,2831.9645151394157,-2.6558650564182065
0.0004921259842519,2846.123769076224,16.488787794773714
0.0004921259842519,2843.2915019736183,16.506775708336793
0.0004921259842519,2842.583810754153,16.48109605531511
0.0004921259842519,2842.566976040081,-2.651361074338018
0.0004921259842519,2834.105502830385,16.48291220057126
0.0004921259842519,2842.567798972517,-2.8626160716903364
0.0004921259842519,2846.123369626679,16.50168373671526
0.0004921259842519,2832.6895884312953,16.487356096370476
0.0004921259842519,2843.274936395169,-2.655514398713562
0.0004921259842519,2843.9828935947135,-2.65773634661317
0.0004921259842519,2833.3802144734673,-2.56503147578407
0.0004921259842519,2828.4256244238377,-2.860981894881583
0.0004921259842519,2832.689302362553,16.492073823955145
0.0004921259842519,2818.547413405549,16.49331655345413
0.0004921259842519,2832.6730047761093,-2.763563909595001
0.0004921259842519,2834.7972593948684,-2.8851392492876355
0.0004921259842519,2834.7972593948684,-2.8851392492876355
0.0004921259842519,2847.523504230886,-2.883585283076967
0.0004921259842519,2843.982876139447,-2.663981391781201
0.0004921259842519,2829.133199257885,-2.7543437971592604
0.0004921259842519,2844.6908185457646,-2.6574279424759677
0.0004921259842519,2847.522692639033,-2.6652038612896267
0.0004921259842519,2843.274912077005,-2.662076887092427
0.0004921259842519,2846.815531873858,-2.880814523178928
0.0004921259842519,2842.567655515999,-2.8713162746760155
0.0004921259842519,2833.3804620923547,-2.669814790999179
0.0004921259842519,2834.089301716262,-2.869289354211076
0.0004921259842519,2846.8141339797075,-2.5488984117728006
0.0004921259842519,2829.1328438300575,-2.6644109556698266
0.0004921259842519,2842.5677603546296,-2.877354981713168
0.0004921259842519,2843.983674753719,-2.8817988775123853
0.0004921259842519,2833.3804621487266,-2.6849860438261133
0.0004921259842519,2834.7958627981784,-2.5565080711836305
0.0004921259842519,2847.539530571238,16.470540279633397
0.0004921259842519,2842.567777809896,-2.871109936545137
0.0004921259842519,2842.5666055141537,-2.568253592387685
0.0004921259842519,2833.380613780603,-2.6739402186496624
0.0004921259842519,2843.9916127100582,6.805457136337564
0.0004921259842519,2848.2476116382795,16.466091589055853
0.0004921259842519,2834.7968775429995,-2.7699854612540125
0.0004921259842519,2842.567798972517,-2.8626160716903364
0.0004921259842519,2834.1055039986413,16.483156492611073
0.0004921259842519,2829.857759633117,16.496243887968912
0.0004921259842519,2846.831466305337,16.501511504521954
0.0004921259842519,2834.088407985599,-2.6537822904788326
0.0004921259842519,2846.123648071463,16.488504167516417
0.0004921259842519,2842.583944223619,16.496101714294852
0.0004921259842519,2846.831332680123,16.500500113075912
0.0004921259842519,2843.274802181829,-2.658935783558383
0.0004921259842519,2843.275710691277,-2.8798943728236113
0.0004921259842519,2820.654741098579,-2.7599061168341197
0.0004921259842519,2834.0883868229785,-2.6622761553336334
0.0004921259842519,2846.8313268262236,16.49946178881565
0.0004921259842519,2847.539284025768,16.497239840916045
0.0004921259842519,2843.291767669243,16.490622292036807
0.0004921259842519,2846.831332680123,16.500500113075912
0.0004921259842519,2834.089302195324,-2.8829173013880274
0.0004921259842519,2848.2314538921514,-2.8880767513705767
0.0004921259842519,2842.5669548774604,-2.659854939192819
0.0004921259842519,2832.673405251501,-2.8722283604207792
0.0004921259842519,2847.5234912533047,-2.88302134702081
0.0004921259842519,2829.8414049772205,-2.8718096220167935
0.0004921259842519,2833.381362451046,-2.8744503083203883
0.0004921259842519,2817.839452377279,16.492402212826768
0.0004921259842519,2842.567777809896,-2.871109936545137
0.0004921259842519,2833.3971177411504,16.496983617901147
0.0004921259842519,2832.672582319065,-2.660973363068461
0.0004921259842519,2847.523504230886,-2.883585283076967
0.0004921259842519,2843.2757350094407,-2.873331884444746
0.0004921259842519,2832.673387317173,-2.8648454584118586
0.0004921259842519,2843.2753182470387,-2.770668186747185
0.0004921259842519,2843.274912077005,-2.662076887092427
0.0004921259842519,2846.83169644204,16.482450437411195
0.0004921259842519,2843.9998287889794,16.487542409032727
0.0004921259842519,2843.9994293394343,16.500438350974274
0.0004921259842519,2843.9996951637654,16.486531017586685
0.0004921259842519,2843.9998287889794,16.487542409032727
0.0004921259842519,2844.70765236331,16.484309069687075
0.0004921259842519,2844.707786144272,16.471326193599417
0.0004921259842519,2843.291872684393,16.481439909399906
0.0004921259842519,2843.2915199079466,16.499392806327872
0.0004921259842519,2834.088384198894,-2.6618652947621317
0.0004921259842519,2819.9633485506315,16.49732832385583
0.0004921259842519,2846.1076184431636,-2.8753032869759125
0.0004921259842519,2844.707785988524,16.485320461133117
0.0004921259842519,2845.415744283027,16.47477406570108
0.0004921259842519,2848.955560166716,16.468248096548134
0.0004921259842519,2848.2395343520375,6.794238666403347
0.0004921259842519,2829.841058970814,-2.7570598881800596
0.0004921259842519,2843.2919014231634,16.493879766395246
0.0004921259842519,2842.5677815172503,-2.8688611168583673
0.0004921259842519,2842.5835447740737,16.5089976562364
0.0004921259842519,2832.6894546773756,16.48409862201204
0.0004921259842519,2846.123369626679,16.50168373671526
0.0004921259842519,2832.6895884312953,16.487356096370476
0.0004921259842519,2845.415373572252,16.500109864637967
0.0004921259842519,2842.5674145003104,-2.651988735190134
0.0004921259842519,2842.583944223619,16.496101714294852
0.0004921259842519,2848.247380704426,16.497067608722737
0.0004921259842519,2834.089340813211,-2.8681783913651957
0.0004921259842519,2847.5396834753133,16.484343898974497
0.0004921259842519,2842.583962157947,16.48871881228593
0.0004921259842519,2834.1051092421267,16.498266803607557
0.0004921259842519,2846.831466305337,16.501511504521954
0.0004921259842519,2848.9386420874857,-2.6663247156972463
0.0004921259842519,2831.256707317306,-2.6626024915301385
0.0004921259842519,2847.5392898796676,16.498278165176302
0.0004921259842519,2842.566633539672,-2.55944228432205
0.0004921259842519,2842.5838100102787,16.49268032945003
0.0004921259842519,2848.2307339226086,-2.676803276451049
0.0004921259842519,2846.106804841866,-2.6550995570857663
0.0004921259842519,2832.6895884312953,16.487356096370476
0.0004921259842519,2846.123769076224,16.488787794773714
0.0004921259842519,2833.39754563084,16.48513414847087
0.0004921259842519,2829.857759633117,16.496243887968912
0.0004921259842519,2846.831466305337,16.501511504521954
0.0004921259842519,2818.530890662566,-2.7447464082804935
0.0004921259842519,2834.7964750803194,-2.6591453419124855
0.0004921259842519,2833.3975467990963,16.485378440510683
0.0004921259842519,2834.7964803435107,-2.6591418257447232
0.0004921259842519,2843.9998287889794,16.487542409032727
0.0004921259842519,2846.83169644204,16.482450437411195
0.0004921259842519,2846.1237392424955,16.484672385310805
0.0004921259842519,2831.964294868977,-2.6730791024042406
0.0004921259842519,2832.6725278760427,-2.6785778724347025
0.0004921259842519,2848.230718231582,-2.6873559629820782
0.0004921259842519,2833.3806192521974,-2.6759990403258906
0.0004921259842519,2834.0893251221846,-2.8787310778962247
0.0004921259842519,2844.707785988524,16.485320461133117
0.0004921259842519,2844.7076525871416,16.483798764115477
0.0004921259842519,2843.9996951637654,16.486531017586685
0.0004921259842519,2848.247211391584,16.490902483553526
0.0004921259842519,2846.83169644204,16.482450437411195
0.0004921259842519,2846.1237392424955,16.484672385310805
0.0004921259842519,2844.707773591903,16.484082391372773
0.0004921259842519,2843.291872684393,16.481439909399906
0.0004921259842519,2848.9553078007334,16.47471142429706
0.0004921259842519,2848.231854782972,-2.894501140129185
0.0004921259842519,2831.9644113063378,-2.6655308591847056
0.0004921259842519,2843.999433838926,16.49235544388095
0.0004921259842519,2843.99969800621,16.487733654370007
0.0004921259842519,2847.5396536415847,16.480228489511585
0.0004921259842519,2843.9998298839378,16.4792179615003
0.0004921259842519,2848.2476029671716,16.470470044447744
0.0004921259842519,2830.5486313177676,-2.6762597292589425
0.0004921259842519,2848.2314593637457,-2.890135573046805
0.0004921259842519,2830.5487578298207,-2.670736402293947
0.0004921259842519,2847.523502681313,-2.881158151744566
0.0004921259842519,2843.2757404810354,-2.8753907061209745
0.0004921259842519,2829.133198664959,-2.7580711241511886
0.0004921259842519,2832.6729783169903,-2.765644063147828
0.0004921259842519,2831.2570958486144,-2.761178835472012
0.0004921259842519,2834.105502830385,16.48291220057126
0.0004921259842519,2842.583944223619,16.496101714294852
0.0004921259842519,2846.831466305337,16.501511504521954
0.0004921259842519,2847.5392869900766,16.49812054503187
0.0004921259842519,2842.583962157947,16.48871881228593
0.0004921259842519,2834.105502830385,16.48291220057126
0.0004921259842519,2846.814770488852,-2.6596588719984218
0.0004921259842519,2847.5396834753133,16.484343898974497
0.0004921259842519,2843.27493977921,-2.6536318993835417
0.0004921259842519,2833.397528864768,16.492761342519604
0.0004921259842519,2830.548779432775,-2.66244469543669
0.0004921259842519,2843.9828969787545,-2.65585384728315
0.0004921259842519,2842.5835447740737,16.5089976562364
0.0004921259842519,2842.583810598405,16.49509032284881
0.0004921259842519,2842.583944223619,16.496101714294852
0.0004921259842519,2842.583944223619,16.496101714294852
0.0004921259842519,2834.088168517468,-2.5653220472077427
0.0004921259842519,2842.5835615401456,16.501370462187666
0.0004921259842519,2842.583944223619,16.496101714294852
0.0004921259842519,2833.3804488948917,-2.663372010878426
0.0004921259842519,2833.397528864768,16.492761342519604
0.0004921259842519,2842.5839609896907,16.48847452024612
0.0004921259842519,2846.8317262757687,16.486565846874104
0.0004921259842519,2842.5838104696986,16.492844239936417
0.0004921259842519,2834.0880296401533,-2.583814807415002
0.0004921259842519,2833.3803524783852,-2.66350462183011
0.0004921259842519,2831.964546671602,-2.686064839575876
0.0004921259842519,2832.672498285729,-2.6830097520969276
0.0004921259842519,2845.3983074889634,-2.570764323150354
0.0004921259842519,2843.2749743553263,-2.6811256616182795
0.0004921259842519,2832.672879104978,-2.7712302373753848
0.0004921259842519,2831.256720900286,-2.6731356210448802
0.0004921259842519,2844.70765236331,16.484309069687075
0.0004921259842519,2843.9998287889794,16.487542409032727
0.0004921259842519,2844.707785988524,16.485320461133117
0.0004921259842519,2848.2314669020247,-2.887866052652804
0.0009842519685039,2831.964720448548,-2.728590360639018
0.0004921259842519,2829.841035646846,-2.762896004850544
0.0004921259842519,2834.089307666918,-2.8849761230642557
0.0009842519685039,2829.841248250975,-2.7273030565010803
0.0004921259842519,2844.707785988524,16.485320461133117
0.0004921259842519,2843.9994293394343,16.500438350974274
0.0004921259842519,2847.539658745208,16.472128056291194
0.0004921259842519,2846.1237368078396,16.47430243169641
0.0004921259842519,2843.9998298839378,16.4792179615003
0.0004921259842519,2844.70765236331,16.484309069687075
0.0004921259842519,2843.9998144748142,16.482689859060617
0.0004921259842519,2843.9998289447276,16.473548141499027
0.0004921259842519,2834.797133148285,-2.897269272580729
0.0004921259842519,2834.088385354815,-2.6772244808161414
0.0004921259842519,2834.7971494691683,-2.88440242907674
0.0004921259842519,2848.2314669020247,-2.887866052652804
0.0004921259842519,2848.955320778314,16.474147488240902
0.0004921259842519,2829.8415493007187,-2.8690245440650637
0.0004921259842519,2832.6732616460417,-2.8725117861922422
0.0004921259842519,2833.381202808951,-2.8928360259433816
0.0004921259842519,2833.39754563084,16.48513414847087
0.0004921259842519,2843.2919014231634,16.493879766395246
0.0004921259842519,2832.6894567469903,16.484150985129382
0.0004921259842519,2846.831466305337,16.501511504521954
0.0004921259842519,2847.5396834753133,16.484343898974497
0.0004921259842519,2830.548613233816,-2.6548016624908266
0.0004921259842519,2832.6895716652234,16.49498329041921
0.0004921259842519,2847.5396834753133,16.484343898974497
0.0004921259842519,2842.583944223619,16.496101714294852
0.0004921259842519,2834.8134432638576,16.488317446720387
0.0004921259842519,2829.857759633117,16.496243887968912
0.0004921259842519,2832.67302593873,-2.7550700447402003
0.0004921259842519,2833.39754563084,16.48513414847087
0.0004921259842519,2842.583962157947,16.48871881228593
0.0004921259842519,2842.5839609896907,16.48847452024612
0.0004921259842519,2833.39741187692,16.48187667411243
0.0004921259842519,2842.583944379367,16.48210744676115
0.0004921259842519,2848.23146961547,-2.8767494300656185
0.0004921259842519,2834.1055039986413,16.483156492611073
0.0004921259842519,2842.583944223619,16.496101714294852
0.0004921259842519,2833.39754563084,16.48513414847087
0.0004921259842519,2845.415760625176,16.485975852936075
0.0004921259842519,2819.2388478621106,-2.7469683561801017
0.0004921259842519,2843.2919014231634,16.493879766395246
0.0004921259842519,2847.539290379514,16.491465740758404
0.0004921259842519,2834.8134600299295,16.480690252671653
0.0004921259842519,2846.8147544222065,-2.654503172592944
0.0004921259842519,2845.415760625176,16.485975852936075
0.0004921259842519,2834.796549342313,-2.669890249594078
0.0004921259842519,2842.583944379367,16.48210744676115
0.0004921259842519,2847.539284025768,16.497239840916045
0.0004921259842519,2847.5396834753133,16.484343898974497
0.0004921259842519,2833.39754563084,16.48513414847087
0.0004921259842519,2832.689459672637,16.484617442307925
0.0004921259842519,2834.8134600299295,16.480690252671653
0.0004921259842519,2843.2919193574917,16.486496864386325
0.0004921259842519,2834.105086614768,16.50343533656154
0.0004921259842519,2845.415361175631,16.49887179487762
0.0004921259842519,2834.105502830385,16.48291220057126
0.0004921259842519,2833.39754563084,16.48513414847087
0.0004921259842519,2834.105502830385,16.48291220057126
0.0004921259842519,2846.123769076224,16.488787794773714
0.0004921259842519,2842.5835447740737,16.5089976562364
0.0004921259842519,2834.105486064313,16.490539394619994
0.0004921259842519,2834.088168517468,-2.5653220472077427
0.0004921259842519,2834.8133169816797,16.48404600860494
0.0004921259842519,2831.2567405778177,-2.5636332791418477
0.0004921259842519,2847.539284025768,16.497239840916045
0.0004921259842519,2844.7074221386206,16.49721428495205
0.0004921259842519,2846.8313329039547,16.49998980750431
0.0004921259842519,2842.583944223619,16.496101714294852
0.0004921259842519,2834.105370244721,16.479899018252638
0.0004921259842519,2842.583944223619,16.496101714294852
0.0004921259842519,2846.831466305337,16.501511504521954
0.0004921259842519,2847.5396834753133,16.484343898974497
0.0004921259842519,2845.415760625176,16.485975852936075
0.0004921259842519,2842.583944223619,16.496101714294852
0.0004921259842519,2834.088388523257,-2.677455219105556
0.0004921259842519,2843.2757500008324,-2.877429771006395
0.0004921259842519,2842.5669698688516,-2.6639528257544676
0.0004921259842519,2829.1332142492765,-2.758441683720909
0.0004921259842519,2831.257334056533,-2.881120368987652
0.0004921259842519,2832.672464927483,-2.67041730574378
0.0009842519685039,2831.2573059692945,-2.7281767362212506
0.0004921259842519,2831.965436331078,-2.8799904323230816
0.0004921259842519,2831.2566829113675,-2.6606273538308924
0.0004921259842519,2845.415364139939,16.49975249899345
0.0004921259842519,2834.8134600299295,16.480690252671653
0.0004921259842519,2842.5839609896907,16.48847452024612
0.0004921259842519,2842.5838104696986,16.492844239936417
0.0004921259842519,2833.397146181295,16.498030090412417
0.0004921259842519,2847.5396834753133,16.484343898974497
0.0004921259842519,2834.1053461588053,16.460898311181772
0.0004921259842519,2846.8147634084607,-2.667643736007824
0.0004921259842519,2847.5394235048816,16.499289556622344
0.0004921259842519,2846.831466305337,16.501511504521954
0.0004921259842519,2834.813195495718,16.49451994543156
0.0004921259842519,2834.813437248377,16.461731427770236
0.0004921259842519,2831.964640110912,-2.6628493017305006
0.0004921259842519,2831.9815039260156,16.468737446646323
0.0004921259842519,2830.5483825197452,-2.554212307709701
0.0004921259842519,2847.523519222277,-2.8876831696386156
0.0004921259842519,2834.0881281760703,-2.667130315841127
0.0004921259842519,2834.0883637863035,-2.678522710421605
0.0009842519685039,2831.2569051107666,-2.720977712688713
0.0004921259842519,2843.2749336079805,-2.6662236507999912
0.0009842519685039,2831.964862351319,-2.725283369410768
0.0009842519685039,2831.964728669438,-2.730225270160023
0.0004921259842519,2831.964558901977,-2.6822189967149073
0.0004921259842519,2848.230561881778,-2.6864429194863235
0.0004921259842519,2847.523511683998,-2.8899526900326165
0.0004921259842519,2845.3994643797228,-2.8952508039508436
0.0004921259842519,2830.54864211882,-2.6806439529572947
0.0004921259842519,2832.673402308564,-2.8689433449735073
0.0004921259842519,2843.2756778117096,-2.8840242404237273
0.0004921259842519,2830.548773261546,-2.6750364468531393
0.0004921259842519,2847.52269388687,-2.669307306504226
0.0004921259842519,2847.539516272405,16.475395715350658
0.0004921259842519,2842.583778115669,16.47882908313859
0.0004921259842519,2831.9653407494507,-2.874310637213698
0.0004921259842519,2831.2561133178006,-2.671699673582245
0.0009842519685039,2829.8410091192413,-2.7086079819770488
0.0004921259842519,2834.089317186715,-2.887015187949676
0.0004921259842519,2831.2565961735827,-2.67749578000381
0.0004921259842519,2843.275717752339,-2.8748994189695836
0.0004921259842519,2843.9998524514785,16.479066067079188
0.0009842519685039,2833.380564377425,-2.6815425850699173
0.0004921259842519,2828.425257049732,-2.756219735821301
0.0004921259842519,2843.2749336079805,-2.6662236507999912
0.0004921259842519,2844.690822693909,-2.6654647784609873
0.0004921259842519,2843.2914873136433,16.49266090025779
0.0004921259842519,2842.5664374992907,-2.569942650357607
0.0004921259842519,2846.8155544844535,-2.8877307421330083
0.0004921259842519,2832.6732598487415,-2.887154280971945
0.0004921259842519,2834.79727438626,-2.8892371358492843
0.0004921259842519,2845.398677532524,-2.681089463560216
0.0004921259842519,2833.397408698918,16.47174109149973
0.0004921259842519,2818.547427980313,16.489180468238594
0.0004921259842519,2831.257473219605,-2.8755075047497014
0.0004921259842519,2831.9649400747508,-2.6797860763734063
0.0009842519685039,2831.964689930887,-2.7207837325553488
0.0004921259842519,2842.5839283564205,16.481292325679735
0.0004921259842519,2843.291867621637,16.48645327978905
0.0004921259842519,2846.831302799275,16.48714178893597
0.0004921259842519,2848.2473403646463,16.487596069285736
0.0004921259842519,2834.79727438626,-2.8892371358492843
0.0004921259842519,2843.2918954076827,16.467293747445094
0.0004921259842519,2834.105371786518,16.469004177929868
0.0004921259842519,2848.231463444241,-2.889341181482068
0.0004921259842519,2834.088848668367,-2.8736279818847956
0.0004921259842519,2829.133257335289,-2.6611303610393104
0.0004921259842519,2834.1050754406,16.49084031700136
0.0004921259842519,2846.8314325038104,16.494085017915758
0.0004921259842519,2846.8312988785965,16.493073626469716
0.0004921259842519,2847.522680000127,-2.664136483041022
0.0004921259842519,2842.583910577841,16.474680960154956
0.0004921259842519,2843.9998526072272,16.465071799545488
0.0004921259842519,2834.8134538587,16.468098501255202
0.0004921259842519,2832.672511178299,-2.68664419130122
0.0004921259842519,2817.839467328785,16.488247897702458
0.0004921259842519,2843.275725682668,-2.88399225938526
0.0004921259842519,2831.964640110912,-2.6628493017305006
0.0004921259842519,2842.583938208138,16.469515695344704
0.0004921259842519,2834.0893346419816,-2.8807701427816452
0.0004921259842519,2834.08842930139,-2.669570199651843
0.0004921259842519,2842.567376038886,-2.7725441254092256
0.0004921259842519,2831.2571053684114,-2.7632179003574326
0.0004921259842519,2844.690498643763,-2.5790661997940747
0.0004921259842519,2832.672511178299,-2.68664419130122
0.0004921259842519,2843.9997272642595,16.466470181431312
0.0004921259842519,2834.105497827412,16.470564741194625
0.0004921259842519,2829.133080463902,-2.762110607130014
0.0004921259842519,2830.5486759081173,-2.6676528325694497
0.0004921259842519,2846.123487700887,16.497545035575712
0.0004921259842519,2831.9642731600593,-2.5668183657897012
0.0004921259842519,2831.256571039331,-2.675436140205115
0.0004921259842519,2832.6895557980256,16.480173901804093
0.0004921259842519,2832.6724115944303,-2.6824484448180104
0.0004921259842519,2847.5227429215374,-2.682007815157637
0.0004921259842519,2847.5311738775595,6.902058280025262
0.0004921259842519,2846.123341679052,16.495295574369326
0.0004921259842519,2846.1233580130765,16.489411833380565
0.0004921259842519,2832.6723773250224,-2.5640895386384974
0.0004921259842519,2834.1054701971148,16.475730006004877
0.0004921259842519,2846.123475304266,16.496306965815368
0.0004921259842519,2832.672853091684,-2.767442015369135
0.0004921259842519,2846.1233445214966,16.496498211152648
0.0004921259842519,2848.231133291943,-2.6936716840791117
0.0004921259842519,2832.67264486018,-2.6817022905519647
0.0004921259842519,2831.9646876606353,-2.6794803426523557
0.0004921259842519,2842.5666270451293,-2.5724003560952493
0.0004921259842519,2831.2570031046116,-2.673400161121668
0.0004921259842519,2834.7965188529197,-2.6890444893893926
0.0004921259842519,2820.654728459673,-2.758838738585515
0.0004921259842519,2844.690672152939,-2.6596180385858004
0.0004921259842519,2834.1054690288584,16.475485713965064
0.0004921259842519,2833.3973890953675,16.462917849211014
0.0004921259842519,2847.5223712446987,-2.5782643371022984
0.0004921259842519,2831.256198724935,-2.6678818770867987
0.0004921259842519,2833.397498423847,16.472337705947805
0.0004921259842519,2833.3804876188965,-2.694348993862412
0.0004921259842519,2833.3806405424198,-2.582867801073073
0.0004921259842519,2831.964555164051,-2.5821176767273215
0.0004921259842519,2847.5227705518346,-2.6871730799678906
0.0004921259842519,2843.275296136435,-2.871251447682866
0.0004921259842519,2846.1233580130765,16.489411833380565
0.0004921259842519,2832.6724884712244,-2.6792756798042627
0.0004921259842519,2843.291867621637,16.48645327978905
0.0004921259842519,2846.1233580130765,16.489411833380565
0.0004921259842519,2845.4153337278503,16.485671208113786
0.0004921259842519,2848.2314412532455,-2.887009373121972
0.0004921259842519,2832.6728501403436,-2.6720380348000923
0.0004921259842519,2843.982501261552,-2.5589227893108566
0.0004921259842519,2847.5227438306997,-2.6866147025646843
0.0004921259842519,2829.1327954407243,-2.742540096914984
0.0004921259842519,2834.1053195583804,16.466528077807094
0.0004921259842519,2832.672617188875,-2.6744533169192644
0.0004921259842519,2842.5836622820425,16.494259626079394
0.0004921259842519,2847.5227353832584,-2.684277335551638
0.0004921259842519,2829.8574463406576,16.501873431948262
0.0004921259842519,2820.654728459673,-2.758838738585515
0.0004921259842519,2846.123475304266,16.496306965815368
0.0004921259842519,2832.689420875849,16.476672135405845
0.0004921259842519,2833.3975118293138,16.477707661864674
0.0004921259842519,2832.672091898163,-2.5732430225962153
0.0004921259842519,2831.2565720462276,-2.671148421493666
0.0004921259842519,2834.0877511824665,-2.5703637042257395
0.0004921259842519,2833.3975118293138,16.477707661864674
0.0004921259842519,2842.567614821194,-2.8814858697144414
0.0004921259842519,2833.3809601355706,-2.869538839212587
0.0004921259842519,2842.5665997381457,-2.566868770928246
0.0004921259842519,2843.2757049152688,-2.8785095513641723
0.0004921259842519,2846.123473386722,16.4926924856036
0.0004921259842519,2846.8313088487753,16.483245930632812
0.0004921259842519,2845.4157403152294,16.471462988557796
0.0004921259842519,2846.831317236732,16.484259986081124
0.0004921259842519,2848.247211391584,16.490902483553526
0.0004921259842519,2842.5839145456384,16.477992037298243
0.0004921259842519,2844.707785988524,16.485320461133117
0.0004921259842519,2843.9998287889794,16.487542409032727
0.0004921259842519,2844.707785988524,16.485320461133117
0.0004921259842519,2844.707785988524,16.485320461133117
0.0004921259842519,2844.707785988524,16.485320461133117
0.0004921259842519,2846.1065607365567,-2.653759524045358
0.0004921259842519,2842.5835279711287,16.503800086133644
0.0004921259842519,2832.6728621627344,-2.7678597454107385
0.0004921259842519,2848.2314487915246,-2.884739852727971
0.0004921259842519,2846.8147366873254,-2.6670853586046177
0.0004921259842519,2847.523484053701,-2.884787425222363
0.0004921259842519,2832.6729921372034,-2.7624965313463963
0.0004921259842519,2848.2314412532455,-2.887009373121972
0.0004921259842519,2846.8312988785965,16.493073626469716
0.0004921259842519,2828.4250951729346,-2.7533755650845566
0.0004921259842519,2846.8314325038104,16.494085017915758
0.0004921259842519,2843.29145506515,16.495191252294603
0.0004921259842519,2848.2476068733317,16.47469546446869
0.0004921259842519,2842.583927188164,16.481048033639922
0.0004921259842519,2834.796331383617,-2.6634307249846376
0.0004921259842519,2844.7073597755957,16.4850026664822
0.0004921259842519,2843.2755569928486,-2.873748297215104
0.0004921259842519,2848.247482000694,16.473379193243748
0.0004921259842519,2848.2314487915246,-2.884739852727971
0.0004921259842519,2848.231435813944,-2.8841759166718144
0.0004921259842519,2846.8314325038104,16.494085017915758
0.0009842519685039,2831.9646939254967,-2.7298825121684143
0.0004921259842519,2846.1233445214966,16.496498211152648
0.0004921259842519,2834.7962775867436,-2.6748491060438404
0.0004921259842519,2846.831306824665,16.486175830032646
0.0004921259842519,2843.9994224635634,16.495709402365442
0.0004921259842519,2846.8312940714613,16.48930152611352
0.0004921259842519,2834.7971313166995,-2.883025092120878
0.0004921259842519,2846.123341679052,16.495295574369326
0.0004921259842519,2829.857725831591,16.488817401362716
0.0004921259842519,2843.2917335640454,16.469037627410525
0.0004921259842519,2843.2749237562634,-2.654447020464957
0.0004921259842519,2848.2314487915246,-2.884739852727971
0.0004921259842519,2832.672835409456,-2.7716621698285535
0.0004921259842519,2834.7963189848956,-2.66677816664956
0.0004921259842519,2845.4155859870207,16.471188990445196
0.0004921259842519,2846.123341679052,16.495295574369326
0.0004921259842519,2831.2573266285985,-2.873919490838164
0.0004921259842519,2843.291733867717,16.48319580543061
0.0004921259842519,2846.8155343924354,-2.880295956928754
0.0004921259842519,2847.5393831651018,16.489818017185346
0.0004921259842519,2848.2314487915246,-2.884739852727971
0.0004921259842519,2833.397130546606,16.49307681234947
0.0004921259842519,2846.831307301661,16.48400006869295
0.0004921259842519,2833.3812150428776,-2.8757484283350987
0.0004921259842519,2848.247335003552,16.48307058385563
0.0004921259842519,2846.123475304266,16.496306965815368
0.0004921259842519,2846.1234821162116,16.48666781534482
0.0004921259842519,2848.247611976955,16.4665950312483
0.0004921259842519,2843.9994293394343,16.500438350974274
0.0004921259842519,2846.123752734075,16.477586007538722
0.0004921259842519,2844.707386538979,16.498216403074665
0.0004921259842519,2843.9996951637654,16.486531017586685
0.0004921259842519,2846.8312982904704,16.490663633070938
0.0004921259842519,2832.67325238437,-2.863984418294132
0.0009842519685039,2831.2568774804695,-2.7158124478784593
0.0004921259842519,2846.8152744220038,-2.8653502992809057
0.0,2843.2739472534035,-2.458615801901029
0.0,2843.9821684487697,-2.4767493663518083
0.0,2848.2299554487945,-2.4803913994592492
0.0,2843.9821682930215,-2.462755098818107
0.0,2848.2299503451713,-2.4722909662388566
0.0,2845.3980826921106,-2.4671989946173243
0.0,2846.1059451213237,-2.466636513986073
0.0,2848.2295430216686,-2.466931521461546
0.0,2848.2299503451713,-2.4722909662388566
0.0,2848.2299503451713,-2.4722909662388566
0.0,2847.5219931456268,-2.4700690183392475
0.0,2848.2299503451713,-2.4722909662388566
0.0,2848.2298167199574,-2.4733023576848985
0.0,2848.2299503451713,-2.4722909662388566
0.0,2844.690125492566,-2.4649770467177152
0.0,2848.2299503451713,-2.4722909662388566
0.0,2848.2299554487945,-2.4803913994592492
0.0,2848.2299503451713,-2.4722909662388566
0.0,2848.2299503451713,-2.4722909662388566
0.0,2848.2299503451713,-2.4722909662388566
0.0,2848.9376330206924,-2.4696565263533174
0.0,2848.2299503451713,-2.4722909662388566
0.0,2848.229565435661,-2.4755284184755397
0.0,2833.379567304665,-2.461420180348088
0.0,2832.671886635979,-2.477071275004284
0.0,2844.6901407038363,-2.479756979152164
0.0,2834.7961774654195,-2.4936847202538326
0.0,2830.548015037345,-2.4704054313054584
0.0,2830.548015037345,-2.4704054313054584
0.0,2846.1059659740554,-2.489380628936249
0.0,2848.229969568186,-2.4868477211422646
0.0,2834.0877819945463,-2.478991170905947
0.0,2829.1320155733924,-2.466018364589069
0.0,2845.3979691711133,-2.4846993732804226
0.0,2833.379461499529,-2.457352529866588
0.0,2848.229956590605,-2.486283785086108
0.0004921259842519,2832.672868950915,-2.7704366050226263
0.0,2843.982149984668,-2.470936933767403
0.0,2834.087809701157,-2.4745675018459554
0.0,2844.689720514305,-2.459234134824939
0.0,2846.1060646984893,-2.47650602873918
0.0,2834.7956152581014,-2.4743666563198
0.0,2833.379671424367,-2.4887021436698777
0.0,2833.3794438680907,-2.4678542771187066
0.0,2846.1058088653745,-2.4566390633439092
0.0,2830.5479969678527,-2.469362940203072
0.0,2846.1060646984893,-2.47650602873918
0.0,2846.105814808308,-2.4539905420354686
0.0,2829.840485525182,-2.4749871364286262
0.0,2848.2298126234537,-2.4788595177405797
0.0,2831.963778472412,-2.4790051022521666
0.0,2833.3797042856527,-2.4793919046690664
0.0,2830.547996876621,-2.4672792649334863
0.0,2832.671502955556,-2.45963157609088
0.0,2832.671755073842,-2.462947042168696
0.0,2832.6714956786004,-2.4608717370908098
0.0004921259842519,2856.71758923641,6.905398651800511
0.0,2847.521981277481,-2.480934800480671
0.0,2848.2299503451713,-2.4722909662388566
0.0,2845.3980702954896,-2.46843706437767
0.0,2847.5219931456268,-2.4700690183392475
0.0,2848.2299503451713,-2.4722909662388566
0.0,2848.2299503451713,-2.4722909662388566
0.0,2848.2299554487945,-2.4803913994592492
0.0,2845.3980702954896,-2.46843706437767
0.0,2846.105681183094,-2.4550019334815105
0.0,2845.398072314086,-2.4844736699822967
0.0,2846.814029517238,-2.4815463090312204
0.0,2846.105941350967,-2.47047610453486
0.0,2834.7953704375404,-2.4640053545801592
0.0,2844.6897107253662,-2.4593640277757363
0.0,2846.105681183094,-2.4550019334815105
0.0,2829.1315965541407,-2.4556931746845594
0.0,2847.5219951673034,-2.4861064607248706
0.0,2847.5215826397102,-2.4689695064496457
0.0,2831.9635208597197,-2.4637041318069564
0.0,2846.8139108680016,-2.4905343170072123
0.0,2834.0876685247476,-2.490897435111953
0.0,2834.0877922458903,-2.4808125470139863
0.0,2846.8139108680016,-2.4905343170072123
0.0,2843.9820410831426,-2.489779011236311
0.0,2844.6899876693406,-2.4871476060313196
0.0,2830.5479969678527,-2.469362940203072
0.0,2856.708006133899,-2.459877557861673
0.0,2834.795748966373,-2.469406547736643
0.0,2846.1060807651343,-2.481661728144658
0.0,2846.106087628032,-2.4813442849338236
0.0,2830.5478783186163,-2.478350948179064
0.0,2845.397933600988,-2.475189584229339
0.0,2832.6717615248367,-2.4734001250200732
0.0,2830.547475858527,-2.459979323095877
0.0,2845.398064410148,-2.475362621732719
0.0,2834.087675947237,-2.477824976204393
0.0,2833.379722677702,-2.4740408282208834
0.0,2834.087657566907,-2.4720044244603514
0.0,2848.229938480105,-2.483157585161275
0.0,2848.229674507594,-2.467226923995207
0.0,2831.9639137579684,-2.474482354359896
0.0,2834.795749419044,-2.4830527027474965
0.0,2846.105814808308,-2.4539905420354686
0.0,2848.230379189245,-2.4903299857891406
0.0,2842.5661027234623,-2.4853511227327587
0.0,2846.814037081908,-2.4792585808033176
0.0,2842.566267837152,-2.4690242267859936
0.0,2848.229951480997,-2.483702476602535
0.0,2846.105814808308,-2.4539905420354686
0.0,2834.087809701157,-2.4745675018459554
0.0,2843.27406844688,-2.4693537359375775
0.0,2834.795384449738,-2.461664591300578
0.0,2830.5481553825653,-2.462725299793851
0.0,2833.3797160737963,-2.4879449274471197
0.0,2834.0876451568674,-2.471844054442202
0.0,2843.9821822331614,-2.4734672858042144
0.0,2846.105814808308,-2.4539905420354686
0.0,2846.105680594968,-2.45741192688029
0.0,2848.22981275216,-2.476613434828184
0.0,2834.795634971752,-2.477835047340065
0.0,2833.379436212698,-2.460391157528308
0.0,2848.230392166826,-2.4908939218452972
0.0,2842.566267837152,-2.4690242267859936
0.0,2846.106074755429,-2.4689552442982134
0.0,2833.3795925078693,-2.4574189409133957
0.0,2820.6530690701525,-2.459577338726909
0.0,2829.1320825277553,-2.462835335581408
0.0,2846.814037055517,-2.4792767886372196
0.0,2846.105681183094,-2.4550019334815105
0.0,2847.5219951673034,-2.4861064607248706
0.0,2834.0878085329005,-2.4748117938857686
0.0,2834.087657709237,-2.4846002522155572
0.0,2845.3980797928807,-2.478852727126939
0.0,2847.521863498683,-2.4812892833656446
0.0,2833.3794340619565,-2.4678457494669432
0.0,2831.963796926114,-2.4842315914131277
0.0,2846.105814808308,-2.4539905420354686
0.0,2846.105814808308,-2.4539905420354686
0.0,2847.5219942814524,-2.481480528702926
0.0,2832.671489838456,-2.472217367730135
0.0,2844.689990352358,-2.4829081187202435
0.0,2832.671756388982,-2.4849838177788337
0.0,2845.3980797959603,-2.4788535639079345
0.0,2846.1060882439288,-2.4760407852893
0.0,2846.10607477874,-2.468936199683317
0.0,2846.105814808308,-2.4539905420354686
0.0,2845.398064410148,-2.475362621732719
0.0,2845.39809663533,-2.477912018384427
0.0,2846.1060807651343,-2.481661728144658
0.0,2846.105681183094,-2.4550019334815105
0.0,2834.7957669007014,-2.4767894497455636
0.0,2832.671497059746,-2.4565330835690764
0.0,2834.7956237527633,-2.48202064121842
0.0,2833.3798525016123,-2.4723455539463473
0.0,2834.795482192561,-2.4569121292408624
0.0,2833.379719583771,-2.477562864811122
0.0,2846.105681183094,-2.4550019334815105
0.0,2831.963745609846,-2.475413382465545
0.0,2843.982157914997,-2.4800297741830795
0.0,2846.105814808308,-2.4539905420354686
0.0,2846.105814808308,-2.4539905420354686
0.0,2834.0876754645055,-2.4780079313056733
0.0,2846.1056891027715,-2.461917937752481
0.0,2843.2740672677005,-2.48276208753186
0.0,2845.3980788536705,-2.484522547128212
0.0,2845.3980966322506,-2.4779111816034316
0.0,2834.795622684195,-2.47367798585209
0.0,2834.795765732445,-2.4770337417853767
0.0,2846.105680594968,-2.45741192688029
0.0,2846.1060807651343,-2.481661728144658
0.0,2845.397667924911,-2.4615859756753453
0.0,2846.1060882439288,-2.4760407852893
0.0,2834.087809674766,-2.4745857096798565
0.0,2846.81403705155,-2.479275777587303
0.0,2832.671868518432,-2.4739432272485384
0.0,2846.105814808308,-2.4539905420354686
0.0,2846.105828299888,-2.461076919807551
0.0,2846.105697530314,-2.4793822505544933
0.0,2832.6717063918645,-2.477412187545733
0.0,2834.087809701157,-2.4745675018459554
0.0,2831.9639239648395,-2.4727905054284465
0.0,2843.982162626653,-2.4720051487970034
0.0,2843.274079144098,-2.482297426157893
0.0,2829.1321012311814,-2.462234208514313
0.0,2848.2295558098062,-2.480970482317717
0.0,2848.22995202132,-2.483813721695117
0.0,2848.2299523637685,-2.488327571843483
0.0,2845.398072314086,-2.4844736699822967
0.0,2843.2742007154525,-2.4778078262834713
0.0,2834.795748966373,-2.469406547736643
0.0,2834.7955001268892,-2.464295031249783
0.0,2831.9638071299055,-2.4825389057006824
0.0,2832.6717750231323,-2.4764082951601187
0.0,2829.8400524072135,-2.468208370552068
0.0,2834.7957620610296,-2.484120917777096
0.0,2833.3798651141274,-2.473431140028853
0.0,2829.8400464952856,-2.465947390878296
0.0,2834.087538810418,-2.4689126248629343
0.0,2845.3980770226626,-2.476448207815225
0.0,2829.8400524072135,-2.468208370552068
0.0,2833.379840795963,-2.479993628407718
0.0,2834.795779516296,-2.477875872609065
0.0,2843.2740791410183,-2.4822965893768973
0.0,2834.7957620610296,-2.484120917777096
0.0,2834.0878223167515,-2.475653924709457
0.0,2832.671881164384,-2.4750124533280555
0.0,2834.795779516296,-2.477875872609065
0.0,2834.087669232882,-2.4849532193199613
0.0,2834.795779516296,-2.477875872609065
0.0,2829.840052359159,-2.4661228138987097
0.0,2833.379865117207,-2.4734319768098487
0.0,2832.6715016383696,-2.451047120017644
0.0,2831.256247507095,-2.478899481993749
0.0,2834.0875623463194,-2.4607082670616087
0.0,2834.7957795396073,-2.4778568279941684
0.0,2842.5662804760573,-2.4700916050345985
0.0,2834.0876857301073,-2.4772581938955325
0.0,2843.274237675602,-2.4723135529342066
0.0,2845.397693489187,-2.474063378227026
0.0,2845.398084952992,-2.4855410482309015
0.0,2842.5662804760573,-2.4700916050345985
0.0,2842.5662804993685,-2.470072560419701
0.0,2833.379840795963,-2.479993628407718
0.0,2842.5662804760573,-2.4700916050345985
0.0,2834.0878223167515,-2.475653924709457
0.0,2833.3798542064437,-2.462513551198106
0.0,2843.2742202132886,-2.4785567502713253
0.0,2843.274071210689,-2.473203748961221
0.0,2843.2742133543584,-2.478875204532076
0.0,2833.3794658505503,-2.463243466834818
0.0,2834.7957620610296,-2.484120917777096
0.0,2834.0876894222215,-2.480852190959335
0.0,2832.6717637244674,-2.4680795204018695
0.0,2842.566256154814,-2.476653256632468
0.0,2845.398084952992,-2.4855410482309015
0.0,2834.7957620610296,-2.484120917777096
0.0,2834.795761605279,-2.4704739259852477
0.0,2834.7961773103198,-2.4916231856379767
0.0,2828.424140399151,-2.4644399931104592
0.0,2832.671883599498,-2.4777725172891056
0.0,2832.6717637244674,-2.4680795204018695
0.0,2847.5219998991906,-2.4780619539429014
0.0,2842.5662804729777,-2.470090768253603
0.0,2830.547885045594,-2.4771573467538968
0.0,2833.379726134542,-2.463683865364044
0.0,2832.671759969342,-2.4765164041652916
0.0,2834.0877992371015,-2.4796430176896473
0.0,2842.566236096491,-2.4740959415000585
0.0,2829.839636359798,-2.450134203787499
0.0,2843.9820469268266,-2.479841876088866
0.0,2843.274214602999,-2.4763044937453094
0.0,2834.0876684803757,-2.4804453342942523
0.0,2833.3797171649194,-2.478737341014983
0.0,2842.5662805766733,-2.4677453048917517
0.0,2833.379842041524,-2.477422080839956
0.0,2831.2559704428904,-2.4707562371411305
0.0,2834.79576285084,-2.4679023784174854
0.0,2847.5220081426082,-2.479995403998666
0.0,2832.671763710553,-2.483449815928658
0.0,2828.424455905931,-2.4772932420985008
0.0,2843.2742145999196,-2.4763036569643138
0.0,2842.566257400375,-2.4740817090647056
0.0,2842.565997301916,-2.447217506025974
0.0,2842.566257400375,-2.4740817090647056
0.0,2830.5483221942295,-2.483963472298944
0.0,2842.5662639663497,-2.474112378376719
0.0,2834.087674368431,-2.480960299964508
0.0,2843.2742145999196,-2.4763036569643138
0.0,2833.3797907494313,-2.4711526030925697
0.0,2831.2559704428904,-2.4707562371411305
0.0,2848.2299578038737,-2.484486872292275
0.0,2833.3802455598393,-2.484620166293178
0.0,2833.379842041524,-2.477422080839956
0.0,2834.0877992410688,-2.479644028739564
0.0,2833.3797440688704,-2.4710667673729647
0.0,2843.274214602999,-2.4763044937453094
0.0,2847.5220081426082,-2.479995403998666
0.0,2845.398086201633,-2.4829703374441348
0.0,2843.2742145999196,-2.4763036569643138
0.0,2843.9821718025437,-2.4785264416449175
0.0,2846.814043404784,-2.4800429764930576
0.0,2843.274211892988,-2.4763054653774867
0.0,2834.7957633065907,-2.4815493702093336
0.0,2848.229965342153,-2.482217351898274
0.0,2834.795635306107,-2.490114822846488
0.0,2834.0878224173675,-2.473307624566611
0.0,2829.8400560438013,-2.466312341341914
0.0,2846.8137843163086,-2.465361526534777
0.0,2842.566257400375,-2.4740817090647056
0.0,2842.5661375284235,-2.464389548958465
0.0,2842.5661483435474,-2.4690227098695807
0.0,2843.274221010146,-2.462340058742627
0.0,2834.7957564406133,-2.481865976639173
0.0,2833.379865217823,-2.471085676667003
0.0,2833.3796254567583,-2.4822779150708927
0.0,2848.2299523645715,-2.4816534158421173
0.0,2842.5662638106014,-2.460118110843018
0.0,2834.79576285084,-2.4679023784174854
0.0,2818.529772742114,-2.458540092307687
0.0,2842.5662638106014,-2.460118110843018
0.0,2846.814051849146,-2.4823795067251093
0.0,2833.380114531586,-2.4895594554011264
0.0,2846.106088636816,-2.4674502381980603
0.0,2847.522000604329,-2.4822649243926667
0.0,2848.2299523645715,-2.4816534158421173
0.0,2834.7956470312483,-2.4785427547848435
0.0,2833.3797314639028,-2.4743431510254403
0.0,2844.6901289990087,-2.480747552763531
0.0,2828.424145277198,-2.4574407130469424
0.0,2834.795635306107,-2.490114822846488
0.0,2846.814050943063,-2.4777734560990567
0.0,2842.5661229321076,-2.482339463126439
0.0,2847.521995188338,-2.4794124233276116
0.0,2832.6718914079547,-2.4752308022523613
0.0,2834.0877992410688,-2.479644028739564
0.0,2843.2742145999196,-2.4763036569643138
0.0,2831.963927642435,-2.4729781850407386
0.0,2847.521741657234,-2.4670757545667246
0.0,2834.0877992410688,-2.479644028739564
0.0,2834.7957807587777,-2.475303488260308
0.0,2831.2559704428904,-2.4707562371411305
0.0,2829.8400560438013,-2.466312341341914
0.0,2834.0877992410688,-2.479644028739564
0.0,2832.671508591823,-2.4579746575850736
0.0,2843.274213350391,-2.4788741934821594
0.0,2846.106093400073,-2.482728095343346
0.0,2842.5658972381575,-2.4678112906634384
0.0,2833.379735316608,-2.4751082064694883
0.0,2834.7957795396073,-2.4778568279941684
0.0,2834.0878223097047,-2.4756520768785446
0.0,2846.10609340404,-2.4827291063932626
0.0,2832.671870480284,-2.4750177384912497
0.0,2834.0878223097047,-2.4756520768785446
0.0,2832.6717486568537,-2.476690491400867
0.0,2848.2298163046316,-2.4788016644520297
0.0,2846.105971758615,-2.490082510698796
0.0,2848.230342118452,-2.4901068264827937
0.0,2848.229962006485,-2.4877603464216294
0.0,2845.398067189967,-2.4751128395216995
0.0,2848.2295527953856,-2.4734544325782255
0.0,2848.2299529681245,-2.4882489931793077
0.0,2847.5215964786125,-2.4758575799195657
0.0,2845.397856652607,-2.463437243018836
0.0,2834.7955364618347,-2.463614822759366
0.0,2834.087562496218,-2.453765680811024
0.0,2834.087695295738,-2.48361840274607
0.0,2834.7954044145013,-2.466168365759076
0.0,2834.7957793559467,-2.4829175162820603
0.0,2843.274237515253,-2.477355196607201
0.0,2848.937945484309,-2.4854728058757893
0.0,2842.566168050308,-2.470175866295799
0.0,2834.7957793559467,-2.4829175162820603
0.0,2845.3978431610276,-2.456350865246754
0.0,2833.379740088187,-2.4797909027577036
0.0,2846.8139419654794,-2.4756554882271806
0.0,2834.795627526891,-2.47326489588632
0.0,2848.2301360594092,-2.477494356514961
0.0,2842.566304640919,-2.46857260815964
0.0,2834.7958025362127,-2.476582123159023
0.0,2845.398101213915,-2.4749110031063655
0.0,2842.5662871856525,-2.474817653327671
0.0,2819.945710060504,-2.464036538799708
0.0,2848.2297217760793,-2.4703502531591375
0.0,2843.981941158559,-2.450668899687191
0.0,2834.795404254924,-2.4634418891776635
0.0,2848.229988284764,-2.483250857976181
0.0,2845.397855713397,-2.4691070630201093
0.0,2843.9819413143077,-2.464663167220892
0.0,2844.6898985138523,-2.4668851151205002
0.0,2842.5659222132663,-2.453428705099757
0.0,2844.68976473289,-2.453902239032841
0.0,2834.795389462728,-2.470165101478586
0.0,2834.0874565439276,-2.4613997429832564
0.0,2845.3978431610276,-2.456350865246754
0.0,2848.2299753071834,-2.4826869219200245
0.0,2843.982186814826,-2.4704671073071482
0.0,2848.937932506728,-2.4849088698196327
0.0,2834.087829023267,-2.4803791362215337
0.0,2847.5220240640524,-2.476542957067943
0.0,2833.3797376658595,-2.469471978675225
0.0,2834.795803704469,-2.47633783111921
0.0,2843.9818090436593,-2.4619684380832716
0.0,2845.3977219324347,-2.45612418693245
0.0,2844.6898994530625,-2.461215295119227
0.0,2844.689898358104,-2.452890847586799
0.0,2843.982186814826,-2.4704671073071482
0.0,2843.9818134684688,-2.4617502091160715
0.0,2833.379477093599,-2.4630286694915418
0.0,2847.521766011165,-2.4579828192083313
0.0,2844.689767575335,-2.4526996022495178
0.0,2831.9639481297013,-2.471271508553488
0.0,2844.689898358104,-2.452890847586799
0.0,2848.2297086571175,-2.470294036970641
0.0,2844.6897816525275,-2.476651723226638
0.0,2843.981808628304,-2.4600047386656607
0.0,2844.689898358104,-2.452890847586799
0.0,2847.5218923563825,-2.4739398683022213
0.0,2834.0877127510043,-2.4773733575780392
0.0,2832.671905329246,-2.473493456453097
0.0,2843.981941158559,-2.450668899687191
0.0,2847.5220240640524,-2.476542957067943
0.0,2834.7954089479545,-2.461227520122727
0.0,2842.566287208964,-2.4747986087127734
0.0,2843.9819287355476,-2.4519251772814377
0.0,2844.689898358104,-2.452890847586799
0.0,2834.795803704469,-2.47633783111921
0.0,2833.379746977476,-2.4794552517129684
0.0,2844.6898994530625,-2.461215295119227
0.0,2843.981942253518,-2.458993347219619
0.0,2832.671797869184,-2.4731124168801033
0.0,2834.087701025863,-2.488945425639683
0.0,2847.5216461013624,-2.4665908939980556
0.0,2844.689898358104,-2.452890847586799
0.0,2834.087829023267,-2.4803791362215337
0.0,2844.689769755194,-2.469623769183052
0.0,2848.2299753071834,-2.4826869219200245
0.0,2844.6898994266717,-2.461233502953129
0.0,2845.3978555576487,-2.455112795486408
0.0,2843.981942253518,-2.458993347219619
0.0,2845.397855713397,-2.4691070630201093
0.0,2845.397856652607,-2.463437243018836
0.0,2843.981942253518,-2.458993347219619
0.0,2843.981942227127,-2.45901155505352
0.0,2842.5659099077156,-2.4534432525482597
0.0,2843.27423751922,-2.4773562076571176
0.0,2843.981941158559,-2.450668899687191
0.0,2843.981941158559,-2.450668899687191
0.0,2844.689885961483,-2.454128917347145
0.0,2843.981807533345,-2.4516802911332327
0.0,2845.397856652607,-2.463437243018836
0.0,2833.3798718501134,-2.4781389804880245
0.0,2834.795787057433,-2.4771191388234692
0.0,2847.5220068695467,-2.4840969349588176
0.0,2831.255976711188,-2.472589084488277
0.0,2842.566142312505,-2.484904372801016
0.0,2848.229837883808,-2.487289640038878
0.0,2846.1061009178984,-2.4819904061726468
0.0,2833.3798726279856,-2.4726924398082373
0.0,2847.522015316988,-2.486434301971864
0.0,2843.981928761938,-2.4519069694475366
0.0,2832.6715311214457,-2.4589271377729496
0.0,2843.273984114763,-2.462441219321284
0.0,2847.5220259815965,-2.4729284768561794
0.0,2843.274106379574,-2.4829645505422686
0.0,2834.7956708519077,-2.479787234400117
0.0,2846.813678135418,-2.462114005583038
0.0,2847.5216461013624,-2.4665908939980556
0.0,2843.981942253518,-2.458993347219619
0.0,2843.981941158559,-2.450668899687191
0.0,2842.566286729902,-2.4611706615358218
0.0,2842.56602675947,-2.4462250038879736
0.0,2834.087845336668,-2.474360175259415
0.0,2843.981941158559,-2.450668899687191
0.0,2845.3978555576487,-2.455112795486408
0.0,2844.689898358104,-2.452890847586799
0.0,2845.397856652607,-2.463437243018836
0.0,2834.0878465049245,-2.4741158832196017
0.0,2834.0877278292974,-2.4831220990294947
0.0,2845.3979820211766,-2.4906726923188884
0.0,2845.3977258434475,-2.463264205515456
0.0,2834.0878464816133,-2.4741349278344984
0.0,2845.3981031314593,-2.471296522894602
0.0,2843.9818105082277,-2.4644909664985075
0.0,2845.3977258698383,-2.463245997681555
0.0,2834.087701025863,-2.488945425639683
0.0,2843.981941158559,-2.450668899687191
0.0,2832.67190776128,-2.4762526836331515
0.0,2843.274244385197,-2.477039601227279
0.0,2845.3978431610276,-2.456350865246754
0.0,2844.689885961483,-2.454128917347145
0.0,2845.3978555576487,-2.455112795486408
0.0,2842.5662636726393,-2.4759155674617688
0.0,2833.380128029887,-2.4738284552480225
0.0,2843.273681764419,-2.4710308516707578
0.0,2834.795787057433,-2.4771191388234692
0.0,2834.087829857888,-2.474897190923861
0.0,2833.3794603647125,-2.475600666175164
0.0,2834.0876961039685,-2.4781546652822986
0.0,2834.087829857888,-2.474897190923861
0.0,2833.379753982717,-2.481681458834146
0.0,2833.379750341135,-2.472900625770028
0.0,2828.423754607341,-2.4600514509323848
0.0,2833.379727179283,-2.487504785444334
0.0,2834.795787057433,-2.4771191388234692
0.0,2834.0874474069246,-2.4597723324788756
0.0,2834.087685641382,-2.4717857270303876
0.0,2832.67189749808,-2.463088600949625
0.0,2834.0878123793104,-2.4811612807067887
0.0,2842.566287993883,-2.4693539158638993
0.0,2833.379604716275,-2.4604251165682856
0.0,2832.671915435488,-2.4704723397395414
0.0,2834.0874351013736,-2.4597868799273783
0.0,2834.0874351013736,-2.4597868799273783
0.0,2834.7955035277882,-2.4703968835918433
0.0,2834.087829834577,-2.4749162355387577
0.0,2842.5662700828657,-2.461951969240081
0.0,2847.5218680592207,-2.482767978742317
0.0,2844.6901427764583,-2.4769422604713345
0.0,2842.5662879908036,-2.4693530790829037
0.0,2842.5661304891714,-2.4788724504915205
0.0,2832.6718986194296,-2.471394840648151
0.0,2846.1060929915366,-2.472898576806887
0.0,2843.9821780717284,-2.480359463260985
0.0,2847.5220153209552,-2.4864353130217807
0.0,2845.3980845404885,-2.475710518644526
0.0,2846.8140572122484,-2.479606477715125
0.0,2848.2299716377283,-2.4840321656804405
0.0,2843.2740831179444,-2.4707399492202367
0.0,2834.087695656444,-2.4775570822736723
0.0,2829.1319739737955,-2.4715317579435236
0.0,2834.7956541325448,-2.4823346018573327
0.0,2846.81405812141,-2.4842133651221725
0.0,2834.0878298314974,-2.474915398757762
0.0,2842.5661631212456,-2.4706701870888432
0.0,2833.3798726583436,-2.472675243024253
0.0,2845.398086461112,-2.472096875213758
0.0,2834.0878055133335,-2.481477887136627
0.0,2834.7953864396313,-2.464467488921736
0.0,2846.81405812141,-2.4842133651221725
0.0,2834.087829834577,-2.4749162355387577
0.0,2846.1059686229355,-2.473554523660654
0.0,2832.671770025927,-2.483260924302436
0.0,2843.2742277381612,-2.4778209089315384
0.0,2846.1059667085256,-2.4854128020673847
0.0,2829.131986467285,-2.47491225981536
0.0,2846.8140496739693,-2.481875998109126
0.0,2834.795404606469,-2.461994280378484
0.0,2848.229964076138,-2.486320730689338
0.0,2834.0876843788274,-2.489726733343942
0.0,2832.6717787599014,-2.460678481379194
0.0,2848.230373140159,-2.4829301220876174
0.0,2842.566283727661,-2.4541957935559795
0.0,2833.379753982717,-2.481681458834146
0.0,2829.8400598840317,-2.465386972558922
0.0,2843.274220872184,-2.478137515361377
0.0,2842.566288017194,-2.4693348712490018
0.0,2842.566288017194,-2.4693348712490018
0.0,2834.0878298314974,-2.474915398757762
0.0,2842.5662700828657,-2.461951969240081
0.0,2846.814050217472,-2.475102316872594
0.0,2834.087829857888,-2.474897190923861
0.0,2832.671515073507,-2.4479455346707377
0.0,2848.229958660147,-2.483468229624284
0.0,2820.653646957215,-2.4714865715142276
0.0,2842.5661294623787,-2.4793377890875856
0.0004921259842519,2833.380970661736,-2.764803876284097
0.0,2834.0878055133335,-2.481477887136627
0.0,2846.1061009218656,-2.4819914172225634
0.0,2842.566287993883,-2.4693539158638993
0.0,2847.52200930817,-2.4737279923943407
0.0,2846.1060924744247,-2.479654050209517
0.0,2834.087829857888,-2.474897190923861
0.0,2833.3794603647125,-2.475600666175164
0.0,2833.3797272325182,-2.4854847200329564
0.0,2842.566287993883,-2.4693539158638993
0.0,2832.6718911142443,-2.477033991337411
0.0,2843.2742409272055,-2.4564177414555886
0.0,2847.5220280829785,-2.47405404209673
0.0,2834.7954000844265,-2.4567113132376344
0.0,2843.2742409272055,-2.4564177414555886
0.0,2843.981941158559,-2.450668899687191
0.0,2833.3798892820687,-2.4719129799348902
0.0,2843.2742618404636,-2.470794556059248
0.0,2844.689885961483,-2.454128917347145
0.0,2833.379506854416,-2.456769076875008
0.0,2833.3797438795546,-2.484703412328697
0.0,2843.9818103757902,-2.4504776543499096
0.0,2848.2299882614534,-2.483269902591078
0.0,2833.3797706561436,-2.4808819432959854
0.0,2834.0878465049245,-2.4741158832196017
0.0,2833.3798892820687,-2.4719129799348902
0.0,2832.6719309142677,-2.469935324075095
0.0,2833.3798881371235,-2.4721382273598067
0.0,2844.689898358104,-2.452890847586799
0.0,2845.3978431610276,-2.456350865246754
0.0,2844.68976473289,-2.453902239032841
0.0,2834.7958025362127,-2.476582123159023
0.0,2843.274106379574,-2.4829645505422686
0.0,2832.671930937579,-2.4699162794601977
0.0,2843.981941158559,-2.450668899687191
0.0,2831.963816986976,-2.4768790146576434
0.0,2834.0874342931434,-2.46525061739115
0.0,2845.3981155280803,-2.470058453134256
0.0,2844.689898358104,-2.452890847586799
0.0,2844.689885961483,-2.454128917347145
0.0,2832.671514671754,-2.459968753801385
0.0,2833.37988930538,-2.4718939353199936
0.0,2833.3794818891165,-2.465422840251679
0.0,2845.397703681914,-2.4584005809530556
0.0,2834.087845336668,-2.474360175259415
0.0,2843.981928761938,-2.4519069694475366
0.0,2832.6715303428673,-2.4592715003176906
0.0,2847.521631597742,-2.460277396039356
0.0,2832.671927935338,-2.4629414114803554
0.0,2831.963828333534,-2.4761287496683284
0.0,2847.5216293837098,-2.452019342674531
0.0,2842.566283727661,-2.4541957935559795
0.0,2834.087842334427,-2.4673853072795726
0.0,2834.7957827678997,-2.461980061130447
0.0,2832.67180165316,-2.4672128495958026
0.0,2847.5220229793554,-2.465953608876337
0.0,2843.2742410829537,-2.47041200898929
0.0,2843.274234516979,-2.4703813396772754
0.0,2842.566283727661,-2.4541957935559795
0.0,2834.7954000844265,-2.4567113132376344
0.0,2842.565884278116,-2.441299851614433
0.0,2842.566283727661,-2.4541957935559795
0.0,2834.7957827678997,-2.461980061130447
0.0,2842.565884278116,-2.441299851614433
0.0,2846.106108580266,-2.461509713077121
0.0,2844.689898358104,-2.452890847586799
0.0,2842.5662871856525,-2.474817653327671
0.0,2834.7956605829213,-2.4815508147581644
0.0,2834.795648599221,-2.483719832886665
0.0,2845.3978431610276,-2.456350865246754
0.0,2831.9638152351713,-2.476469774803366
0.0,2843.981941158559,-2.450668899687191
0.0,2845.3978555576487,-2.455112795486408
0.0,2834.0878465049245,-2.4741158832196017
0.0,2844.690019623346,-2.473364220944342
0.0,2844.689898358104,-2.452890847586799
0.0,2846.1058516120756,-2.453538923409115
0.0,2847.521760068231,-2.460631340516772
0.0,2843.981941158559,-2.450668899687191
0.0,2847.5220310852196,-2.481028910076572
0.0,2844.68976473289,-2.453902239032841
0.0,2843.981807533345,-2.4516802911332327
0.0,2834.795403451614,-2.4678433828139017
0.0,2843.273865400614,-2.457991416278947
0.0,2842.566304640919,-2.46857260815964
0.0,2833.3798881371235,-2.4721382273598067
0.0,2832.6717891120443,-2.4852406916091434
0.0,2844.689898358104,-2.452890847586799
0.0,2845.3977221562664,-2.45663449250405
0.0,2834.0874640306492,-2.459010069389513
0.0,2843.981941158559,-2.450668899687191
0.0,2842.5663046378395,-2.4685717713786444
0.0,2829.8401021394,-2.461028487861764
0.0,2842.566303495974,-2.4687978555845556
0.0,2843.9819268180036,-2.455539657493201
0.0,2831.9638108814975,-2.475218361206948
0.0,2844.6898994530625,-2.461215295119227
0.0,2833.37986235333,-2.4841221842813814
0.0,2844.690149284423,-2.4874658640388576
0.0,2842.566271146205,-2.4807511431941167
0.0,2843.9821776413555,-2.4760839907437555
0.0,2820.6540871697985,-2.4834998724553756
0.0,2829.839448993962,-2.4684245956771793
0.0,2829.8404947761533,-2.477401975389782
0.0,2846.1060999479905,-2.484489625941865
0.0,2833.3797371381183,-2.493079522945359
0.0,2834.7957765966703,-2.4745718125468965
0.0,2834.0878193971257,-2.4723498646472883
0.0,2831.9639330853106,-2.47671112113877
0.0,2832.6718961967836,-2.481194048712151
0.0,2834.795803681158,-2.4763568757341066
0.0,2843.9818088521356,-2.460515044237261
0.0,2834.7958036780783,-2.476356038953112
0.0,2834.0878465049245,-2.4741158832196017
0.0,2844.6897525601007,-2.455650614364787
0.0,2833.3797555514598,-2.475151409678431
0.0,2845.3977219324347,-2.45612418693245
0.0004921259842519,2834.796900539605,-2.768710756418867
0.0,2830.5478857330995,-2.4786058289237323
0.0,2830.5480181160733,-2.473259772810062
0.0,2829.840066851768,-2.473279759969328
0.0,2830.5479489914546,-2.473305952731021
0.0,2844.690148714275,-2.4884584115093658
0.0,2833.3797383853516,-2.4948332994931066
0.0,2831.255981227546,-2.477742700383442
0.0,2833.379768170874,-2.4801427815273085
0.0,2847.5222015344466,-2.48756200132727
0.0,2830.548026593477,-2.473435302353936
0.0,2831.255981186538,-2.4756589915609952
0.0,2845.397962578681,-2.4777329162983373
0.0,2829.840066787449,-2.471215095761778
0.0,2845.3979745015977,-2.4919477534880023
0.0,2829.839948138213,-2.48020310373777
0.0,2831.2555827294814,-2.4713487129448595
0.0,2834.0876782034106,-2.4907273951843045
0.0,2834.7957764822727,-2.489211351809253
0.0,2831.255981186538,-2.4756589915609952
0.0,2830.5480240280012,-2.475520752483834
0.0,2816.4058957322004,-2.455405544730036
0.0,2856.7083102327806,-2.492027006083374
0.0,2830.547892885276,-2.4811282585879892
0.0,2832.671895585627,-2.4801028873602124
0.0,2833.3798557904342,-2.4840923517503626
0.0,2834.0876793050184,-2.4912553636182304
0.0,2830.5479309646507,-2.472325829282693
0.0,2832.671804905863,-2.4853006077839384
0.0,2848.229971549704,-2.491156306421686
0.0,2834.7960531857834,-2.5013330661037205
0.0,2842.5662786249995,-2.475130200338759
0.0,2829.839948655125,-2.48123062167864
0.0,2833.3798557904342,-2.4840923517503626
0.0,2834.795776752419,-2.4885660800805978
0.0,2831.256379958507,-2.481867242483337
0.0,2828.4244677312167,-2.4806486313286067
0.0,2843.9820547876807,-2.485997181329017
0.0,2842.5662780354933,-2.4804154921493806
0.0,2834.087812982932,-2.4863124518190585
0.0,2830.547907447311,-2.4849539320563414
0.0,2830.5476437543557,-2.472924245780769
0.0,2833.379726461065,-2.4930866559394653
0.0,2844.690149310814,-2.4874476562049557
0.0,2831.9639413882655,-2.4796476191701498
0.0,2829.840379356046,-2.4857616822033464
0.0004921259842519,2828.425257049732,-2.756219735821301
0.0,2848.229966110402,-2.4883228499715284
0.0,2833.379878963653,-2.477755110796414
0.0,2844.690149310814,-2.4874476562049557
0.0,2834.795776752419,-2.4885660800805978
0.0,2830.547869801223,-2.4774761743041616
0.0,2845.3980999443834,-2.4896389347925503
0.0,2831.963965709509,-2.4730859675722803
0.0,2832.671786504549,-2.4908882443577642
0.0004921259842519,2832.6728855660563,-2.770321687506461
0.0,2834.0878129868993,-2.486313462868975
0.0,2848.2298404069784,-2.4967638125258413
0.0,2830.5480186862214,-2.4722672253395537
0.0,2843.274235211727,-2.4826564846638863
0.0,2834.795770186444,-2.488535410768584
0.0,2834.7956360098337,-2.493336190777004
0.0,2834.795770186444,-2.488535410768584
0.0,2843.2742349117248,-2.4830037604057393
0.0,2831.9638245533315,-2.4893960194423856
0.0,2844.6898825370017,-2.474953237709175
0.0,2846.814072160951,-2.489079610166534
0.0,2848.229979087983,-2.488886786027685
0.0,2843.2742349117248,-2.4830037604057393
0.0,2831.255473971906,-2.467357661504182
0.0,2833.3797029635684,-2.488904752552828
0.0,2848.229979087983,-2.488886786027685
0.0,2843.2742123583607,-2.48298461058945
0.0,2846.814064685814,-2.484442053447473
0.0,2843.982198579421,-2.4722858443660494
0.0,2831.9638228745707,-2.466586687526971
0.0,2847.5216235298103,-2.4530576669347908
0.0,2834.7957827678997,-2.461980061130447
0.0,2847.5220205213886,-2.4763426071056283
0.0,2834.087448746169,-2.4520307042432767
0.0,2833.3798851348824,-2.4651633593799644
0.0,2833.3798851348824,-2.4651633593799644
0.0,2832.671927935338,-2.4629414114803554
0.0,2847.5220229793554,-2.465953608876337
0.0,2846.105706868073,-2.453341219814208
0.0,2844.6897605477043,-2.4447587753663527
0.0,2832.671927935338,-2.4629414114803554
0.0,2843.9822160346876,-2.4660407991980184
0.0,2834.087825568355,-2.459758113230839
0.0,2834.0874523244283,-2.456404693244088
0.0,2845.397966504004,-2.4653330463608016
0.0,2842.5661667398126,-2.465080461963151
0.0,2842.566283727661,-2.4541957935559795
0.0,2847.5216235298103,-2.4530576669347908
0.0,2834.795800702228,-2.4693629631393677
0.0,2847.52202896575,-2.478679137337679
0.0,2834.087448746169,-2.4520307042432767
0.0,2843.2742409272055,-2.4564177414555886
0.0,2843.274109542366,-2.4816235863538143
0.0,2843.982073438722,-2.494232760896236
0.0,2848.2298479452575,-2.4944942921318405
0.0,2834.087842334427,-2.4673853072795726
0.0,2829.8400676579063,-2.457453526023495
0.0,2842.566301661989,-2.4615786955649
0.0,2834.0877097487632,-2.470398489598197
0.0,2842.566283727661,-2.4541957935559795
0.0,2847.521629883556,-2.458831767092429
0.0,2834.7957827678997,-2.461980061130447
0.0,2834.7953839569936,-2.4654385429472647
0.0,2834.087842334427,-2.4673853072795726
0.0,2834.7957995339716,-2.469607255179181
0.0,2842.5661499737407,-2.457453267914417
0.0,2845.3978477731557,-2.4575197439141503
0.0,2845.398100129218,-2.4643216549147597
0.0,2842.566300493733,-2.4618229876047133
0.0,2842.566283727661,-2.4541957935559795
0.0,2843.2738414776604,-2.443521799514042
0.0,2842.566283727661,-2.4541957935559795
0.0,2846.813805809379,-2.448786003328881
0.0,2843.274124621803,-2.4672402361432315
0.0,2834.795800702228,-2.4693629631393677
0.0,2845.398098211674,-2.467936135126523
0.0,2842.566283883409,-2.4681900610896808
0.0,2843.9821917165236,-2.4726032875768835
0.0,2842.565884278116,-2.441299851614433
0.0,2833.3798851348824,-2.4651633593799644
0.0,2846.813805809379,-2.448786003328881
0.0,2843.2742409272055,-2.4564177414555886
0.0,2833.3798851348824,-2.4651633593799644
0.0,2832.671911169266,-2.4553142174316216
0.0,2847.5220229793554,-2.465953608876337
0.0,2829.8399548263546,-2.4686388702621906
0.0,2848.229718632457,-2.4638831050469556
0.0,2833.3798851348824,-2.4651633593799644
0.0,2832.671927935338,-2.4629414114803554
0.0,2847.5220229793554,-2.465953608876337
0.0,2842.565884278116,-2.441299851614433
0.0,2846.8140717662054,-2.476457189438071
0.0,2834.0877097487632,-2.470398489598197
0.0,2834.7957827678997,-2.461980061130447
0.0,2834.7957995339716,-2.469607255179181
0.0,2846.813805809379,-2.448786003328881
0.0,2834.087693516575,-2.4750831430954987
0.0,2847.5220280829785,-2.47405404209673
0.0,2847.5220229793554,-2.465953608876337
0.0,2847.5220229793554,-2.465953608876337
0.0,2842.566283727661,-2.4541957935559795
0.0,2834.0878434762926,-2.4671592230736605
0.0,2845.398100129218,-2.4643216549147597
0.0,2848.2297056548764,-2.463319168990799
0.0,2834.087842334427,-2.4673853072795726
0.0,2834.087842334427,-2.4673853072795726
0.0,2847.5220280829785,-2.47405404209673
0.0,2834.087688015403,-2.479329217556681
0.0,2833.3797513809623,-2.468420833738402
0.0,2834.795782923648,-2.4759743286641482
0.0,2847.5216235298103,-2.4530576669347908
0.0,2833.3798851348824,-2.4651633593799644
0.0,2834.795666948308,-2.472620437497805
0.0,2847.5220280829785,-2.47405404209673
0.0,2834.795776357673,-2.4759436593521347
0.0,2834.7957827678997,-2.461980061130447
0.0,2834.7954000844265,-2.4567113132376344
0.0,2842.565884278116,-2.441299851614433
0.0,2847.5220280829785,-2.47405404209673
0.0,2847.5220210618113,-2.4695680890881007
0.0,2833.3797433093478,-2.4804877715289093
0.0,2842.5659010441877,-2.448927045663167
0.0,2834.7957827678997,-2.461980061130447
0.0,2834.087825568355,-2.459758113230839
0.0,2831.255606829554,-2.4624499270468885
0.0,2834.7955162592143,-2.4490794563134033
0.0,2842.566283727661,-2.4541957935559795
0.0,2845.398112525839,-2.463083585154414
0.0,2843.2742409272055,-2.4564177414555886
0.0,2834.087442884882,-2.454489365338026
0.0,2845.398112525839,-2.463083585154414
0.0,2832.671927935338,-2.4629414114803554
0.0,2834.795776357673,-2.4759436593521347
0.0,2834.087842334427,-2.4673853072795726
0.0,2834.0874249736435,-2.4491133340883318
0.0,2834.087842334427,-2.4673853072795726
0.0,2834.795776357673,-2.4759436593521347
0.0,2845.398113620798,-2.471408032686842
0.0,2843.2741073019915,-2.4574291329016305
0.0,2834.7957995339716,-2.469607255179181
0.0,2834.087842334427,-2.4673853072795726
0.0,2834.0877097487632,-2.470398489598197
0.0,2843.98219812675,-2.4586396893551967
0.0,2847.5217630089237,-2.451007951228489
0.0,2834.7957995339716,-2.469607255179181
0.0,2817.821714301812,-2.458663717943252
0.0,2834.087842334427,-2.4673853072795726
0.0,2834.087842334427,-2.4673853072795726
0.0,2834.7957832469615,-2.4756080083073986
0.0,2847.5220229793554,-2.465953608876337
0.0,2834.087842334427,-2.4673853072795726
0.0,2843.2742409272055,-2.4564177414555886
0.0,2834.7956659087577,-2.4706186466252227
0.0,2847.5220229793554,-2.465953608876337
0.0,2847.5220229793554,-2.465953608876337
0.0,2830.5478994785244,-2.467553872703739
0.0,2834.795782923648,-2.4759743286641482
0.0,2847.5220229793554,-2.465953608876337
0.0,2847.5217630089237,-2.451007951228489
0.0,2843.274234516979,-2.4703813396772754
0.0,2848.2299801789,-2.4681755567759462
0.0,2834.087442884882,-2.454489365338026
0.0,2847.5218893541414,-2.466965000322379
0.0,2834.087442884882,-2.454489365338026
0.0,2834.795776357673,-2.4759436593521347
0.0,2834.795659522739,-2.4856920596243706
0.0,2834.795800702228,-2.4693629631393677
0.0,2834.7956657800514,-2.4728647295376183
0.0,2834.7956677843868,-2.4745802740041425
0.0,2834.795800702228,-2.4693629631393677
0.0,2832.671528485793,-2.450045469538809
0.0,2834.0878435026834,-2.4671410152397595
0.0,2845.398112525839,-2.463083585154414
0.0,2845.3979789006253,-2.464094976600456
0.0,2834.7957827678997,-2.461980061130447
0.0,2847.5217630089237,-2.451007951228489
0.0,2834.7957827678997,-2.461980061130447
0.0,2842.566283727661,-2.4541957935559795
0.0,2834.087825568355,-2.459758113230839
0.0,2847.5220229793554,-2.465953608876337
0.0,2846.1061209768873,-2.460271643316775
0.0,2834.087843479372,-2.467160059854656
0.0,2834.7954059457134,-2.454252652142885
0.0,2842.566301661989,-2.4615786955649
0.0,2834.087825568355,-2.459758113230839
0.0,2843.2742409272055,-2.4564177414555886
0.0,2834.087842334427,-2.4673853072795726
0.0,2842.565884278116,-2.441299851614433
0.0,2834.795800702228,-2.4693629631393677
0.0,2845.398100129218,-2.4643216549147597
0.0,2845.398100129218,-2.4643216549147597
0.0,2834.7957995339716,-2.469607255179181
0.0,2843.274100303639,-2.4738027245220966
0.0,2843.2738512821584,-2.468101862087111
0.0,2847.5220280829785,-2.47405404209673
0.0,2847.5220280829785,-2.47405404209673
0.0,2834.0878191581282,-2.4737217114525256
0.0,2832.6717791407164,-2.474458662149485
0.0,2834.795800675837,-2.4693811709732696
0.0,2842.565884278116,-2.441299851614433
0.0,2831.963815747935,-2.4753118469551225
0.0,2834.7957995339716,-2.469607255179181
0.0,2847.5216235298103,-2.4530576669347908
0.0,2834.7957995339716,-2.469607255179181
0.0,2847.5220229793554,-2.465953608876337
0.0,2834.795401252683,-2.4564670211978212
0.0,2834.7957995339716,-2.469607255179181
0.0,2845.398106115613,-2.4770471833761007
0.0,2819.237691330572,-2.4548960001839557
0.0,2843.2741919594355,-2.4704097709951203
0.0,2833.3798851348824,-2.4651633593799644
0.0,2847.5220229793554,-2.465953608876337
0.0,2845.3977059454464,-2.452797382111733
0.0,2846.1057120950295,-2.447733067019747
0.0,2846.8140717662054,-2.476457189438071
0.0,2834.7957995339716,-2.469607255179181
0.0,2834.795666948308,-2.472620437497805
0.0,2834.7957995339716,-2.469607255179181
0.0,2834.0878435026834,-2.4671410152397595
0.0,2848.2299801789,-2.4681755567759462
0.0,2847.5217630089237,-2.451007951228489
0.0,2834.7957827678997,-2.461980061130447
0.0,2834.795800702228,-2.4693629631393677
0.0,2846.8140717662054,-2.476457189438071
0.0,2833.3798851348824,-2.4651633593799644
0.0,2834.795666948308,-2.472620437497805
0.0,2834.7957827678997,-2.461980061130447
0.0,2847.522015079007,-2.473508313874475
0.0,2834.0877202930833,-2.475100133530886
0.0,2843.274258835143,-2.4638188512984103
0.0,2834.087825568355,-2.459758113230839
0.0,2830.548030769379,-2.461936453596876
0.0,2844.6898751614076,-2.451825061673228
0.0,2834.7957995339716,-2.469607255179181
0.0,2834.0877097487632,-2.470398489598197
0.0,2846.8140717662054,-2.476457189438071
0.0,2848.229580729355,-2.4552796148344
0.0,2848.2299861652946,-2.4809010852372873
0.0,2834.7954000844265,-2.4567113132376344
0.0,2847.5217564706704,-2.4530530040592935
0.0,2846.8140717662054,-2.476457189438071
0.0,2847.5216235298103,-2.4530576669347908
0.0,2842.566301631631,-2.4615958923488854
0.0,2842.5660172189755,-2.441295188738936
0.0,2847.5220229793554,-2.465953608876337
0.0,2842.5659010441877,-2.448927045663167
0.0,2847.5220229793554,-2.465953608876337
0.0,2842.5662841834114,-2.4678427853478286
0.0,2834.087819154161,-2.473720700402609
0.0,2848.229580729355,-2.4552796148344
0.0,2834.7957827678997,-2.461980061130447
0.0,2829.8400759639403,-2.4603908608358704
0.0,2834.7957995339716,-2.469607255179181
0.0,2847.5220229793554,-2.465953608876337
0.0,2847.5216293837098,-2.452019342674531
0.0,2834.795782923648,-2.4759743286641482
0.0,2834.795800702228,-2.4693629631393677
0.0,2845.398106115613,-2.4770471833761007
0.0,2829.132116322235,-2.4554070011443
0.0,2847.5220229793554,-2.465953608876337
0.0,2834.0875758257416,-2.454484702462529
0.0,2842.5662773134673,-2.4681583807277505
0.0,2834.7954000844265,-2.4567113132376344
0.0,2843.2742345200586,-2.470382176458271
0.0,2847.52202896575,-2.478679137337679
0.0,2834.7957827678997,-2.461980061130447
0.0,2834.087842334427,-2.4673853072795726
0.0,2847.5220229793554,-2.465953608876337
0.0,2832.671904759039,-2.4692778156533093
0.0,2847.5220229793554,-2.465953608876337
0.0,2834.7957827678997,-2.461980061130447
0.0,2845.397966504004,-2.4653330463608016
0.0,2834.7957827678997,-2.461980061130447
0.0,2847.5217564706704,-2.4530530040592935
0.0,2834.087842334427,-2.4673853072795726
0.0,2847.5217630089237,-2.451007951228489
0.0,2834.087825568355,-2.459758113230839
0.0,2834.087842334427,-2.4673853072795726
0.0,2842.566180527483,-2.469827541772215
0.0,2834.0878435026834,-2.4671410152397595
0.0,2834.7956421810627,-2.4807444393605547
0.0,2847.5220229793554,-2.465953608876337
0.0,2845.398112525839,-2.463083585154414
0.0,2843.9821917125564,-2.472602276526967
0.0,2833.379886272781,-2.4649362641241357
0.0,2842.566283727661,-2.4541957935559795
0.0,2834.0875590596697,-2.446857508413795
0.0,2833.379753378251,-2.470134530374014
0.0,2847.5220229793554,-2.465953608876337
0.0,2834.7957995339716,-2.469607255179181
0.0,2834.087842334427,-2.4673853072795726
0.0,2845.3979789006253,-2.464094976600456
0.0,2848.2299801789,-2.4681755567759462
0.0,2834.0874254527052,-2.4627412812652834
0.0,2834.087819154161,-2.473720700402609
0.0,2842.566301631631,-2.4615958923488854
0.0,2834.7957995339716,-2.469607255179181
0.0,2848.2299785178348,-2.4898793334981932
0.0,2834.7957770950898,-2.4839070153837346
0.0,2846.8139463755915,-2.4990294963010204
0.0,2848.2299655402535,-2.4893153974420366
0.0004921259842519,2832.6730191973525,-2.768654343627158
0.0,2842.5662948973004,-2.4751820390667554
0.0,2847.522013780011,-2.489926905992586
0.0,2846.814065024828,-2.4900414883250286
0.0,2831.963815240802,-2.4879047219592803
0.0,2848.2299785178348,-2.4898793334981932
0.0,2847.52202131829,-2.487657385598585
0.0,2832.6721799270936,-2.488969266250832
0.0,2831.9638130517337,-2.471477348427391
0.0,2843.274234315186,-2.4840145157101485
0.0,2834.087819282728,-2.4869894039096447
0.0,2846.106508557411,-2.4898522153906115
0.0,2833.3798620831835,-2.4847674560100366
0.0,2832.6717859344008,-2.4918807918282724
0.0,2832.671895626635,-2.4821865961826592
0.0,2832.671694389109,-2.4691825030074943
0.0,2834.795661043009,-2.4881645728911
0.0,2846.814065024828,-2.4900414883250286
0.0,2846.1061143648676,-2.487868417571335
0.0,2848.2299655402535,-2.4893153974420366
0.0,2848.229845247307,-2.499286164132665
0.0,2832.671786994039,-2.4813455349906306
0.0,2834.795776003211,-2.4755834046323013
0.0,2830.5484354723512,-2.480628967752679
0.0,2833.379694166894,-2.4724823635449615
0.0,2834.0878193060394,-2.486970359294748
0.0,2847.52202131829,-2.487657385598585
0.0,2834.0877187277574,-2.4907352032227505
0.0,2834.0878124167507,-2.4873060103394833
0.0,2848.2299655402535,-2.4893153974420366
0.0,2843.2742346415785,-2.4836490321343945
0.0,2834.0876892304623,-2.4952460840157134
0.0,2834.7957761558796,-2.489576835385008
0.0,2847.5216289481878,-2.4796203032181405
0.0,2846.8139233939187,-2.490661004341734
0.0,2833.3797303445685,-2.486400333664819
0.0,2846.1061143648676,-2.487868417571335
0.0,2831.255590042244,-2.467004530556858
0.0,2842.566270576057,-2.481743690664625
0.0,2843.2741004282384,-2.4870704169792157
0.0,2834.7957761558796,-2.489576835385008
0.0,2847.5220137729643,-2.4899250581616736
0.0,2832.6717632366144,-2.4875308044654174
0.0,2834.0878188269776,-2.4733424121177965
0.0,2834.0876836580924,-2.490044664402035
0.0,2843.2741004282384,-2.4870704169792157
0.0,2842.566277442034,-2.4814270842347863
0.0,2834.087693639758,-2.4859382977656717
0.0,2845.3980833106693,-2.4854766196385762
0.0,2846.1061078252833,-2.4878195404254195
0.0,2834.7957939608505,-2.4829472620263253
0.0,2848.2299655402535,-2.4893153974420366
0.0,2834.0876845872467,-2.4767820047965188
0.0,2848.2299709795557,-2.492148853892194
0.0,2843.2741004282384,-2.4870704169792157
0.0,2834.087819282728,-2.4869894039096447
0.0,2830.5476340259966,-2.4607209034250417
0.0,2830.54763488522,-2.470981306269814
0.0,2843.2741004282384,-2.4870704169792157
0.0,2833.37974536184,-2.4833231908504256
0.0,2846.1061143648676,-2.487868417571335
0.0,2829.8399613037654,-2.474740475283543
0.0,2843.2742505240385,-2.4826560657301977
0.0,2832.6717677450524,-2.4827472272031432
0.0,2834.0878420241183,-2.485677983244697
0.0,2833.3794834564205,-2.462758582371947
0.0,2842.566300183424,-2.4801156635698387
0.0,2834.7953896700315,-2.4806453256012437
0.0,2832.671918375072,-2.480877023348624
0.0,2843.2742425967886,-2.473564062095517
0.0,2833.3797508233465,-2.4887652675010106
0.0,2834.087707491432,-2.4894666994961847
0.0,2846.1061371133046,-2.4865588447372997
0.0,2834.0877112937833,-2.486462092015401
0.0,2833.3794870878464,-2.4794829799021425
0.0,2834.7958167092875,-2.48163768919229
0.0,2834.08771029255,-2.487312708730392
0.0,2842.5662438672484,-2.4665260330622054
0.0,2834.087716388195,-2.4846287249316363
0.0,2834.087842031165,-2.4856798310756094
0.0,2834.0877241400417,-2.4823199246823062
0.0,2830.5475760053905,-2.456880395753557
0.0,2834.7958167092875,-2.48163768919229
0.0,2834.087842031165,-2.4856798310756094
0.0,2833.3794888793277,-2.4767503447878028
0.0,2834.0877009518476,-2.489417822350269
0.0,2834.0877168321344,-2.4873615858763074
0.0,2834.087452714224,-2.4708715790604625
0.0,2845.3981286622566,-2.4893707865749386
0.0,2834.0877073356837,-2.4754724319624835
0.0,2831.963836955469,-2.486179101116848
0.0,2829.8397012140017,-2.454603393631432
0.0,2834.7957923647323,-2.488218385405057
0.0,2831.9638450777525,-2.4667014746437808
0.0,2843.9818114087507,-2.46335855238829
0.0,2834.0874770354676,-2.464309927462593
0.0,2832.6718127693134,-2.4808408404214184
0.0,2842.5658996190705,-2.4694536876433464
0.0,2829.839958792328,-2.4710445233013614
0.0,2829.83995719392,-2.47733528786386
0.0,2846.1057481209677,-2.4826971562430935
0.0,2846.1061305737203,-2.486509967591384
0.0,2842.566175957041,-2.476111238366274
0.0,2834.087859509743,-2.479415741292682
0.0,2833.379756831137,-2.4920233358131547
0.0,2846.1061305737203,-2.486509967591384
0.0,2844.6900379319723,-2.4746580603253694
0.0,2829.1320172663554,-2.4742639159197495
0.0,2843.274123173596,-2.485760007364185
0.0,2834.7957989043166,-2.4882672625509725
0.0,2830.5480467764382,-2.4742111796497985
0.0,2833.3794955146795,-2.4686496311608543
0.0,2830.5480467354305,-2.4721274708273517
0.0,2831.9639552635995,-2.476394095775243
0.0,2834.08745859734,-2.4723652801113882
0.0,2834.0877084385706,-2.483034374949985
0.0,2843.2742425967886,-2.473564062095517
0.0,2832.671502456001,-2.474547920351621
0.0,2828.424164259679,-2.463744424569165
0.0,2834.7955506349094,-2.468670388792633
0.0,2834.0878351651877,-2.485996437505448
0.0,2848.2296050578375,-2.4857273580677535
0.0,2842.5659159060806,-2.4634529345151286
0.0,2829.1321323363413,-2.4676835750281345
0.0,2833.379755671746,-2.483980827736718
0.0,2846.8140793258235,-2.486394548477947
0.0,2834.7954099137687,-2.4730935269600716
0.0,2834.7957998435268,-2.4825974425496993
0.0,2833.37975963259,-2.4851396379766992
0.0,2848.2299961859594,-2.4804502828288686
0.0,2834.0877408605065,-2.4884037492686737
0.0,2834.7954342583234,-2.4665128307473045
0.0,2829.8399672829964,-2.472195569881068
0.0,2845.3981296014667,-2.4837009665736653
0.0,2842.5659177395073,-2.4649926529557655
0.0,2833.379766940497,-2.480097976782698
0.0,2831.256003934975,-2.47434941872696
0.0,2843.2742425967886,-2.473564062095517
0.0,2848.2299883120018,-2.4879867799931046
0.0,2847.5220449728095,-2.4909538633906014
0.0,2833.379486129213,-2.478453161986261
0.0,2834.7956586828514,-2.4931602861543123
0.0,2832.672187298811,-2.492019349813998
0.0,2842.566299867158,-2.4804838317575006
0.0,2846.106122126279,-2.4841726005783378
0.0,2846.1061305737203,-2.486509967591384
0.0,2848.2299882886905,-2.4880058246080012
0.0,2834.7956674920947,-2.489534656630001
0.0,2829.83970712593,-2.456864373305204
0.0,2832.671538310287,-2.4631972507806266
0.0,2833.3797530930055,-2.4850907608307837
0.0,2834.0874472979617,-2.47055047546423
0.0,2818.529808666233,-2.464892501073571
0.0,2834.0877073387633,-2.475473268743479
0.0,2831.255879752845,-2.4839563164362444
0.0,2845.3981296014667,-2.4837009665736653
0.0,2834.087457746775,-2.469015254189988
0.0,2834.0878594864316,-2.4794347859075785
0.0,2843.982080992117,-2.482679292400265
0.0,2834.0878420544764,-2.4856607864607128
0.0,2833.379495360222,-2.4659682475048434
0.0,2834.0874420756613,-2.469712507673682
0.0,2834.79579922763,-2.487900942194223
0.0,2846.106138052515,-2.4808890247360265
0.0,2833.379902286887,-2.4772128380079703
0.0,2843.274257063623,-2.482704942876113
0.0,2831.256003934975,-2.47434941872696
0.0,2846.105749060178,-2.4770273362418203
0.0,2829.839924509894,-2.4681096840369197
0.0,2834.795497869902,-2.4630462631750927
0.0,2848.2295693565966,-2.471239355684634
0.0,2832.6717805083276,-2.468892744867458
0.0,2834.0880777387038,-2.4805603004127112
0.0,2829.8396913229453,-2.448450128934679
0.0,2848.2299276636513,-2.4839278821868125
0.0,2831.2559969002896,-2.463630346729568
0.0,2846.813931826272,-2.475777832293861
0.0,2834.087825698468,-2.4725181383280015
0.0,2848.229564490728,-2.4701085629929396
0.0,2833.3794773206682,-2.459559868432722
0.0,2828.424148558299,-2.456651226808333
0.0,2844.689738231273,-2.471353999447045
0.0,2833.379852211913,-2.476296943556611
0.0,2834.087825698468,-2.4725181383280015
0.0004921259842519,2828.4252465850022,-2.7487608154532803
0.0,2831.963806197604,-2.469635809752953
0.0,2845.3978228295878,-2.4697871294751463
0.0,2832.671894533307,-2.4604470484800505
0.0,2833.3798684989233,-2.4702961904283933
0.0,2848.2295774683093,-2.4706724990490962
0.0,2843.9820651085283,-2.487167075686714
0.0,2834.7957661319406,-2.467112892178876
0.0,2843.981914840725,-2.4513796354542423
0.0,2847.521615844554,-2.470035322328734
0.0,2834.7957828980125,-2.4747400862276097
0.0,2830.5478817094386,-2.4703316319365287
0.0,2846.814049143852,-2.468864492025158
0.0,2842.5662838577737,-2.466955818653142
0.0,2833.3798684989233,-2.4702961904283933
0.0,2834.087542438079,-2.4664923268635857
0.0,2845.3976850904783,-2.4592923201175783
0.0,2842.5662850027193,-2.4667305712282266
0.0,2833.3798684989233,-2.4702961904283933
0.0,2843.9817640032884,-2.474237308051327
0.0,2844.6899707741595,-2.4828098982364075
0.0,2843.9820539594243,-2.479181161363411
0.0,2848.229573124616,-2.482078098106139
0.0,2845.398084033845,-2.4852838350010114
0.0,2848.229927666731,-2.483928718967808
0.0,2848.9375097018,-2.4753846175421184
0.0,2845.397960656247,-2.494982521346336
0.0,2845.397935576066,-2.4809882874611393
0.0,2844.69011235734,-2.473918321708899
0.0,2848.229674568041,-2.467201425693663
0.0,2848.2299436571993,-2.4839180362530784
0.0,2843.982036504158,-2.485426206531442
0.0,2847.5218841552014,-2.4668716268172175
0.0,2846.813800386607,-2.448182324252119
0.0,2843.2742355044334,-2.4558140623788267
0.0,2843.2741192254216,-2.4666183492325686
0.0,2834.0878380799113,-2.4665373361629976
0.0,2846.8140663434333,-2.475853510361309
0.0,2848.229966858859,-2.475127419478317
0.0,2847.5220226368956,-2.4734694076348656
0.0,2834.08770522735,-2.469986739443905
0.0,2848.22997983644,-2.4756913555344737
0.0,2847.5220175565833,-2.4653499297995753
0.0,2834.795777500876,-2.4753706495873864
0.0,2834.087527430595,-2.446223960525293
0.0,2848.9376705506106,-2.4649936540021415
0.0,2831.963763746879,-2.4648621680486587
0.0,2833.3798409795304,-2.4643420447209223
0.0,2842.566278304889,-2.4535921144792177
0.0,2844.6898689392915,-2.452717623200769
0.0,2834.0876870272014,-2.470900266531326
0.0,2848.229979859751,-2.475672310919577
0.0,2847.5216314819513,-2.4627140410242965
0.0,2834.795511931401,-2.4568002247690695
0.0,2834.7957709349007,-2.475339980275373
0.0,2834.7954005229412,-2.453648973066123
0.0,2848.229979859751,-2.475672310919577
0.0,2834.7953769081246,-2.4651669987474767
0.0,2833.3801395351516,-2.483693739811292
0.0,2848.9376712349645,-2.463986925431597
0.0,2834.795795279456,-2.468759284062606
0.0,2843.2742356601816,-2.469808329912528
0.0,2832.672207273308,-2.4856064234195134
0.0,2832.671923680822,-2.4620934403637804
0.0,2832.6716389726816,-2.4422161198590793
0.0,2831.9642367902256,-2.483393349821462
0.0,2832.6719225125657,-2.4623377324035935
0.0,2846.813800386607,-2.448182324252119
0.0,2846.1061082347264,-2.4690246750546527
0.0,2832.672329418577,-2.4758536366456596
0.0,2847.5220226602064,-2.473450363019968
0.0,2834.795664518763,-2.469560589617294
0.0,2834.7953778453743,-2.459056050443606
0.0,2848.22996688217,-2.4751083748634204
0.0,2834.08770462908,-2.471490760630391
0.0,2845.3979679162644,-2.4686487272747053
0.0,2848.22996688217,-2.4751083748634204
0.0,2842.566296239217,-2.4609750164881383
0.0,2846.813675165178,-2.4651171883656375
0.0,2848.229979859751,-2.475672310919577
0.0,2834.7956397921753,-2.480947486379528
0.0,2848.9376575730294,-2.464429717945985
0.0,2848.229713351066,-2.4627717061025334
0.0,2847.5220150986165,-2.4757389280288664
0.0,2834.795648000279,-2.476699603505173
0.0,2848.229700373485,-2.4622077700463767
0.0,2843.982193772546,-2.466378665644764
0.0,2848.937800214218,-2.4751035800850922
0.0,2832.671905746494,-2.4547105383548598
0.0,2834.0874481189144,-2.4538211959266523
0.0,2832.6717640516713,-2.4693643126774
0.0,2833.3798629460384,-2.456932486254469
0.0,2834.0876237176653,-2.4779561180035863
0.0,2848.22971403542,-2.4617649775319888
0.0,2834.08770522735,-2.469986739443905
0.0,2847.522023542978,-2.4780754582609172
0.0,2848.229974756128,-2.4675718776991844
0.0,2834.7955112707496,-2.4484090816540283
0.0,2834.795795279456,-2.468759284062606
0.0,2833.3802611245474,-2.464152329262215
0.0,2834.087693863405,-2.463425872269524
0.0,2845.397717159365,-2.4740586747111397
0.0,2829.8400705380886,-2.459786344978114
0.0,2833.3798797121103,-2.4645596803032026
0.0,2844.6901355893574,-2.4651105081501523
0.0,2843.2742534387617,-2.4631969643877474
0.0,2846.813800386607,-2.448182324252119
0.0,2834.0878380799113,-2.4665373361629976
0.0,2834.0878380799113,-2.4665373361629976
0.0,2834.7957773451276,-2.461376382053685
0.0,2834.0874556289473,-2.451412477718012
0.0,2834.795412828492,-2.4536344256176204
0.0,2842.566296239217,-2.4609750164881383
0.0,2834.087820145583,-2.459154434154077
0.0,2846.814065460662,-2.47122841512036
0.0,2848.229708247443,-2.4546712728821407
0.0,2834.7953861668725,-2.4506400600580136
0.0,2847.5220175565833,-2.4653499297995753
0.0,2832.6718993393465,-2.468674973357543
0.0,2847.522481966299,-2.480610339625654
0.0,2833.3797366638605,-2.461203924369916
0.0,2833.3798629460384,-2.456932486254469
0.0,2834.7957773451276,-2.461376382053685
0.0,2834.0876851991143,-2.478723797172469
0.0,2844.6901499035225,-2.460257958178043
0.0,2834.7956624268945,-2.472208687343513
0.0,2834.7957773451276,-2.461376382053685
0.0,2829.8400578378005,-2.4681834834058494
0.0,2848.2299503451713,-2.4722909662388566
0.0,2848.2298167199574,-2.4733023576848985
0.0,2848.2299503451713,-2.4722909662388566
0.0,2843.274227859549,-2.4681603449672327
0.0,2845.3980702954896,-2.46843706437767
0.0,2848.2299503451713,-2.4722909662388566
0.0,2848.2299503451713,-2.4722909662388566
0.0,2846.1059885802847,-2.4945852054876423
0.0,2834.087701770763,-2.4792542650355456
0.0,2848.229578413242,-2.4760923545316964
0.0,2848.229565435661,-2.4755284184755397
0.0,2831.2559722778974,-2.4747110880275134
0.0,2834.795652093361,-2.4851329605351715
0.0,2845.3980895154245,-2.4829929825000825
0.0,2829.8400578307537,-2.468181635574938
0.0,2848.229578413242,-2.4760923545316964
0.0,2846.81405516205,-2.482401977512136
0.0,2843.274081067746,-2.4735354490172474
0.0,2847.5220123919526,-2.484606728627759
0.0,2833.3792470436683,-2.461170298850874
0.0,2848.229956590605,-2.486283785086108
0.0,2848.229956590605,-2.486283785086108
0.0,2848.2296979791886,-2.4658276384899316
0.0,2843.9822003396944,-2.476592474679131
0.0,2832.6719066177384,-2.481883694088311
0.0,2847.521999387981,-2.484061000405504
0.0,2845.3980826921106,-2.4671989946173243
0.0,2842.5662538939323,-2.45831120301889
0.0,2847.52199824925,-2.47816945155964
0.0,2844.6897163998105,-2.4537267348013723
0.0,2848.2299503451713,-2.4722909662388566
0.0,2847.5219931456268,-2.4700690183392475
0.0,2844.689991867352,-2.465988438163757
0.0,2845.3980826921106,-2.4671989946173243
0.0,2843.98216938798,-2.471079546350535
0.0,2844.690125492566,-2.4649770467177152
0.0,2843.9821682930215,-2.462755098818107
0.0,2848.2295508956263,-2.45939502429731
0.0,2844.690125492566,-2.4649770467177152
0.0,2834.795752934171,-2.4660954705933573
0.0,2845.3980826921106,-2.4671989946173243
0.0,2844.690126587525,-2.4733014942501432
0.0,2843.9817867778047,-2.4572420588854813
0.0,2843.9821684487697,-2.4767493663518083
0.0,2843.9817867778047,-2.4572420588854813
0.0,2847.5219931456268,-2.4700690183392475
0.0,2848.2299554487945,-2.4803913994592492
0.0,2848.229816143727,-2.474950857588668
